year,state,state_po,state_fips,state_cen,state_ic,candidate,party_detailed,writein,candidatevotes,totalvotes,version,party_simplified,flag_zero_votes
1976,ALABAMA,AL,1,63,41,"BUBAR, BENJAMIN ""BEN""",PROHIBITION,FALSE,6669,1182850,20210113,OTHER,FALSE
1976,ALABAMA,AL,1,63,41,"CARTER, JIMMY",DEMOCRAT,FALSE,659170,1182850,20210113,DEMOCRAT,FALSE
1976,ALABAMA,AL,1,63,41,"FORD, GERALD",REPUBLICAN,FALSE,504070,1182850,20210113,REPUBLICAN,FALSE
1976,ALABAMA,AL,1,63,41,"HALL, GUS",COMMUNIST PARTY USE,FALSE,1954,1182850,20210113,OTHER,FALSE
1976,ALABAMA,AL,1,63,41,"MACBRIDE, ROGER",LIBERTARIAN,FALSE,1481,1182850,20210113,LIBERTARIAN,FALSE
1976,ALABAMA,AL,1,63,41,"MADDOX, LESTER",AMERICAN INDEPENDENT PARTY,FALSE,9198,1182850,20210113,OTHER,FALSE
1976,ALABAMA,AL,1,63,41,UNKNOWN/SCATTERING,UNKNOWN,TRUE,308,1182850,20210113,OTHER,FALSE
1976,ALASKA,AK,2,94,81,"CARTER, JIMMY",DEMOCRAT,FALSE,44058,123574,20210113,DEMOCRAT,FALSE
1976,ALASKA,AK,2,94,81,"FORD, GERALD",REPUBLICAN,FALSE,71555,123574,20210113,REPUBLICAN,FALSE
1976,ALASKA,AK,2,94,81,"MACBRIDE, ROGER",LIBERTARIAN,FALSE,6785,123574,20210113,LIBERTARIAN,FALSE
1976,ALASKA,AK,2,94,81,UNKNOWN/SCATTERING,UNKNOWN,TRUE,1176,123574,20210113,OTHER,FALSE
1976,ARIZONA,AZ,4,86,61,"ANDERSON, THOMAS J.",AMERICAN,FALSE,564,742719,20210113,OTHER,FALSE
1976,ARIZONA,AZ,4,86,61,"CAMEJO, PETER",SOCIALIST WORKERS,FALSE,928,742719,20210113,OTHER,FALSE
1976,ARIZONA,AZ,4,86,61,"CARTER, JIMMY",DEMOCRAT,FALSE,295602,742719,20210113,DEMOCRAT,FALSE
1976,ARIZONA,AZ,4,86,61,"FORD, GERALD",REPUBLICAN,FALSE,418642,742719,20210113,REPUBLICAN,FALSE
1976,ARIZONA,AZ,4,86,61,"MACBRIDE, ROGER",LIBERTARIAN,FALSE,7647,742719,20210113,LIBERTARIAN,FALSE
1976,ARIZONA,AZ,4,86,61,"MADDOX, LESTER",AMERICAN INDEPENDENT PARTY,FALSE,85,742719,20210113,OTHER,FALSE
1976,ARIZONA,AZ,4,86,61,"MCCARTHY, EUGENE ""GENE""",INDEPENDENT,FALSE,19229,742719,20210113,OTHER,FALSE
1976,ARIZONA,AZ,4,86,61,UNKNOWN/SCATTERING,UNKNOWN,TRUE,22,742719,20210113,OTHER,FALSE
1976,ARKANSAS,AR,5,71,42,"CARTER, JIMMY",DEMOCRAT,FALSE,498604,767535,20210113,DEMOCRAT,FALSE
1976,ARKANSAS,AR,5,71,42,"FORD, GERALD",REPUBLICAN,FALSE,267903,767535,20210113,REPUBLICAN,FALSE
1976,ARKANSAS,AR,5,71,42,"MADDOX, LESTER",AMERICAN INDEPENDENT PARTY,FALSE,389,767535,20210113,OTHER,FALSE
1976,ARKANSAS,AR,5,71,42,UNKNOWN/SCATTERING,INDEPENDENT,FALSE,639,767535,20210113,OTHER,FALSE
1976,CALIFORNIA,CA,6,93,71,"CAMEJO, PETER",INDEPENDENT,FALSE,17259,7803770,20210113,OTHER,FALSE
1976,CALIFORNIA,CA,6,93,71,"CARTER, JIMMY",DEMOCRAT,FALSE,3742284,7803770,20210113,DEMOCRAT,FALSE
1976,CALIFORNIA,CA,6,93,71,"FORD, GERALD",REPUBLICAN,FALSE,3882244,7803770,20210113,REPUBLICAN,FALSE
1976,CALIFORNIA,CA,6,93,71,"HALL, GUS",INDEPENDENT,FALSE,12766,7803770,20210113,OTHER,FALSE
1976,CALIFORNIA,CA,6,93,71,"MACBRIDE, ROGER",INDEPENDENT,FALSE,56388,7803770,20210113,OTHER,FALSE
1976,CALIFORNIA,CA,6,93,71,"MADDOX, LESTER",AMERICAN INDEPENDENT PARTY,FALSE,51098,7803770,20210113,OTHER,FALSE
1976,CALIFORNIA,CA,6,93,71,"WRIGHT, MARGARET",PEACE & FREEDOM,FALSE,41731,7803770,20210113,OTHER,FALSE
1976,COLORADO,CO,8,84,62,"BUBAR, BENJAMIN ""BEN""",PROHIBITION,FALSE,2886,1081440,20210113,OTHER,FALSE
1976,COLORADO,CO,8,84,62,"CAMEJO, PETER",SOCIALIST WORKERS,FALSE,1122,1081440,20210113,OTHER,FALSE
1976,COLORADO,CO,8,84,62,"CARTER, JIMMY",DEMOCRAT,FALSE,460801,1081440,20210113,DEMOCRAT,FALSE
1976,COLORADO,CO,8,84,62,"FORD, GERALD",REPUBLICAN,FALSE,584278,1081440,20210113,REPUBLICAN,FALSE
1976,COLORADO,CO,8,84,62,"HALL, GUS",COMMUNIST PARTY USE,FALSE,403,1081440,20210113,OTHER,FALSE
1976,COLORADO,CO,8,84,62,"LAROUCHE, LYNDON, JR.",U.S. LABOR,FALSE,565,1081440,20210113,OTHER,FALSE
1976,COLORADO,CO,8,84,62,"MACBRIDE, ROGER",LIBERTARIAN,FALSE,5338,1081440,20210113,LIBERTARIAN,FALSE
1976,COLORADO,CO,8,84,62,"MCCARTHY, EUGENE ""GENE""",INDEPENDENT,FALSE,26047,1081440,20210113,OTHER,FALSE
1976,CONNECTICUT,CT,9,16,1,"CARTER, JIMMY",DEMOCRAT,FALSE,647895,1386355,20210113,DEMOCRAT,FALSE
1976,CONNECTICUT,CT,9,16,1,"FORD, GERALD",REPUBLICAN,FALSE,719261,1386355,20210113,REPUBLICAN,FALSE
1976,CONNECTICUT,CT,9,16,1,"LAROUCHE, LYNDON, JR.",U.S. LABOR,FALSE,1789,1386355,20210113,OTHER,FALSE
1976,CONNECTICUT,CT,9,16,1,"MADDOX, LESTER",AMERICAN INDEPENDENT PARTY,FALSE,7101,1386355,20210113,OTHER,FALSE
1976,CONNECTICUT,CT,9,16,1,SCATTERING,UNKNOWN,FALSE,10309,1386355,20210113,OTHER,FALSE
1976,DELAWARE,DE,10,51,11,"ANDERSON, THOMAS J.",AMERICAN,FALSE,645,235642,20210113,OTHER,FALSE
1976,DELAWARE,DE,10,51,11,"BUBAR, BENJAMIN ""BEN""",PROHIBITION,FALSE,103,235642,20210113,OTHER,FALSE
1976,DELAWARE,DE,10,51,11,"CARTER, JIMMY",DEMOCRAT,FALSE,122461,235642,20210113,DEMOCRAT,FALSE
1976,DELAWARE,DE,10,51,11,"FORD, GERALD",REPUBLICAN,FALSE,109780,235642,20210113,REPUBLICAN,FALSE
1976,DELAWARE,DE,10,51,11,"LAROUCHE, LYNDON, JR.",U.S. LABOR,FALSE,135,235642,20210113,OTHER,FALSE
1976,DELAWARE,DE,10,51,11,UNKNOWN/SCATTERING,NO PARTY AFFILIATION,FALSE,2432,235642,20210113,OTHER,FALSE
1976,DELAWARE,DE,10,51,11,UNKNOWN/SCATTERING,SOCIALIST LABOR,FALSE,86,235642,20210113,OTHER,FALSE
1976,DISTRICT OF COLUMBIA,DC,11,53,55,"CARTER, JIMMY",DEMOCRAT,FALSE,137818,168830,20210113,DEMOCRAT,FALSE
1976,DISTRICT OF COLUMBIA,DC,11,53,55,"FORD, GERALD",REPUBLICAN,FALSE,27873,168830,20210113,REPUBLICAN,FALSE
1976,DISTRICT OF COLUMBIA,DC,11,53,55,OTHER,UNKNOWN,FALSE,1656,168830,20210113,OTHER,FALSE
1976,DISTRICT OF COLUMBIA,DC,11,53,55,UNKNOWN/SCATTERING,INDEPENDENT,FALSE,1195,168830,20210113,OTHER,FALSE
1976,DISTRICT OF COLUMBIA,DC,11,53,55,UNKNOWN/SCATTERING,UNKNOWN,TRUE,288,168830,20210113,OTHER,FALSE
1976,FLORIDA,FL,12,59,43,"ANDERSON, THOMAS J.",AMERICAN,FALSE,21325,3150631,20210113,OTHER,FALSE
1976,FLORIDA,FL,12,59,43,"CARTER, JIMMY",DEMOCRAT,FALSE,1636000,3150631,20210113,DEMOCRAT,FALSE
1976,FLORIDA,FL,12,59,43,"FORD, GERALD",REPUBLICAN,FALSE,1469531,3150631,20210113,REPUBLICAN,FALSE
1976,FLORIDA,FL,12,59,43,"MCCARTHY, EUGENE ""GENE""",INDEPENDENT,FALSE,23643,3150631,20210113,OTHER,FALSE
1976,FLORIDA,FL,12,59,43,UNKNOWN/SCATTERING,UNKNOWN,TRUE,132,3150631,20210113,OTHER,FALSE
1976,GEORGIA,GA,13,58,44,"CARTER, JIMMY",DEMOCRAT,FALSE,979409,1463152,20210113,DEMOCRAT,FALSE
1976,GEORGIA,GA,13,58,44,"FORD, GERALD",REPUBLICAN,FALSE,483743,1463152,20210113,REPUBLICAN,FALSE
1976,HAWAII,HI,15,95,82,"CARTER, JIMMY",DEMOCRAT,FALSE,147375,291301,20210113,DEMOCRAT,FALSE
1976,HAWAII,HI,15,95,82,"FORD, GERALD",REPUBLICAN,FALSE,140003,291301,20210113,REPUBLICAN,FALSE
1976,HAWAII,HI,15,95,82,"MACBRIDE, ROGER",LIBERTARIAN,FALSE,3923,291301,20210113,LIBERTARIAN,FALSE
1976,IDAHO,ID,16,82,63,"CARTER, JIMMY",DEMOCRAT,FALSE,126549,340932,20210113,DEMOCRAT,FALSE
1976,IDAHO,ID,16,82,63,"FORD, GERALD",REPUBLICAN,FALSE,204151,340932,20210113,REPUBLICAN,FALSE
1976,IDAHO,ID,16,82,63,"LAROUCHE, LYNDON, JR.",U.S. LABOR,FALSE,739,340932,20210113,OTHER,FALSE
1976,IDAHO,ID,16,82,63,"MACBRIDE, ROGER",LIBERTARIAN,FALSE,3558,340932,20210113,LIBERTARIAN,FALSE
1976,IDAHO,ID,16,82,63,"MADDOX, LESTER",AMERICAN,FALSE,5935,340932,20210113,OTHER,FALSE
1976,ILLINOIS,IL,17,33,21,"CAMEJO, PETER",SOCIALIST WORKERS,FALSE,3615,4721282,20210113,OTHER,FALSE
1976,ILLINOIS,IL,17,33,21,"CARTER, JIMMY",DEMOCRAT,FALSE,2271295,4721282,20210113,DEMOCRAT,FALSE
1976,ILLINOIS,IL,17,33,21,"FORD, GERALD",REPUBLICAN,FALSE,2364269,4721282,20210113,REPUBLICAN,FALSE
1976,ILLINOIS,IL,17,33,21,"HALL, GUS",COMMUNIST PARTY USE,FALSE,9250,4721282,20210113,OTHER,FALSE
1976,ILLINOIS,IL,17,33,21,"JULIUS ""JULES"", LEVIN",SOCIALIST LABOR,FALSE,2422,4721282,20210113,OTHER,FALSE
1976,ILLINOIS,IL,17,33,21,"LAROUCHE, LYNDON, JR.",U.S. LABOR,FALSE,2018,4721282,20210113,OTHER,FALSE
1976,ILLINOIS,IL,17,33,21,"MACBRIDE, ROGER",LIBERTARIAN,FALSE,8057,4721282,20210113,LIBERTARIAN,FALSE
1976,ILLINOIS,IL,17,33,21,"MCCARTHY, EUGENE ""GENE""",INDEPENDENT,FALSE,55939,4721282,20210113,OTHER,FALSE
1976,ILLINOIS,IL,17,33,21,UNKNOWN/SCATTERING,UNKNOWN,TRUE,4417,4721282,20210113,OTHER,FALSE
1976,INDIANA,IN,18,32,22,"ANDERSON, THOMAS J.",AMERICAN,FALSE,14048,2220362,20210113,OTHER,FALSE
1976,INDIANA,IN,18,32,22,"CAMEJO, PETER",SOCIALIST WORKERS,FALSE,5695,2220362,20210113,OTHER,FALSE
1976,INDIANA,IN,18,32,22,"CARTER, JIMMY",DEMOCRAT,FALSE,1014714,2220362,20210113,DEMOCRAT,FALSE
1976,INDIANA,IN,18,32,22,"FORD, GERALD",REPUBLICAN,FALSE,1183958,2220362,20210113,REPUBLICAN,FALSE
1976,INDIANA,IN,18,32,22,"LAROUCHE, LYNDON, JR.",U.S. LABOR,FALSE,1947,2220362,20210113,OTHER,FALSE
1976,IOWA,IA,19,42,31,"ANDERSON, THOMAS J.",AMERICAN PARTY OF IOWA,FALSE,3041,1279303,20210113,OTHER,FALSE
1976,IOWA,IA,19,42,31,"CAMEJO, PETER",SOCIALIST WORKERS,FALSE,262,1279303,20210113,OTHER,FALSE
1976,IOWA,IA,19,42,31,"CARTER, JIMMY",DEMOCRAT,FALSE,619931,1279303,20210113,DEMOCRAT,FALSE
1976,IOWA,IA,19,42,31,"FORD, GERALD",REPUBLICAN,FALSE,632864,1279303,20210113,REPUBLICAN,FALSE
1976,IOWA,IA,19,42,31,"HALL, GUS",COMMUNIST PARTY USE,FALSE,551,1279303,20210113,OTHER,FALSE
1976,IOWA,IA,19,42,31,"JULIUS ""JULES"", LEVIN",SOCIALIST LABOR,FALSE,160,1279303,20210113,OTHER,FALSE
1976,IOWA,IA,19,42,31,"LAROUCHE, LYNDON, JR.",U.S. LABOR,FALSE,241,1279303,20210113,OTHER,FALSE
1976,IOWA,IA,19,42,31,"MACBRIDE, ROGER",LIBERTARIAN,FALSE,1454,1279303,20210113,LIBERTARIAN,FALSE
1976,IOWA,IA,19,42,31,"MCCARTHY, EUGENE ""GENE""",INDEPENDENT,FALSE,20057,1279303,20210113,OTHER,FALSE
1976,IOWA,IA,19,42,31,SCATTERING,UNKNOWN,FALSE,509,1279303,20210113,OTHER,FALSE
1976,IOWA,IA,19,42,31,"ZEIDLER, FRANK",SOCIALIST U.S.A.,FALSE,233,1279303,20210113,OTHER,FALSE
1976,KANSAS,KS,20,47,32,"ANDERSON, THOMAS J.",AMERICAN,FALSE,4724,957845,20210113,OTHER,FALSE
1976,KANSAS,KS,20,47,32,"BUBAR, BENJAMIN ""BEN""",PROHIBITION,FALSE,1403,957845,20210113,OTHER,FALSE
1976,KANSAS,KS,20,47,32,"CARTER, JIMMY",DEMOCRAT,FALSE,430421,957845,20210113,DEMOCRAT,FALSE
1976,KANSAS,KS,20,47,32,"FORD, GERALD",REPUBLICAN,FALSE,502752,957845,20210113,REPUBLICAN,FALSE
1976,KANSAS,KS,20,47,32,"MACBRIDE, ROGER",INDEPENDENT,FALSE,3242,957845,20210113,OTHER,FALSE
1976,KANSAS,KS,20,47,32,"MADDOX, LESTER",CONSERVATIVE,FALSE,2118,957845,20210113,OTHER,FALSE
1976,KANSAS,KS,20,47,32,"MCCARTHY, EUGENE ""GENE""",INDEPENDENT,FALSE,13185,957845,20210113,OTHER,FALSE
1976,KENTUCKY,KY,21,61,51,"ANDERSON, THOMAS J.",AMERICAN,FALSE,8308,1167142,20210113,OTHER,FALSE
1976,KENTUCKY,KY,21,61,51,"CAMEJO, PETER",SOCIALIST WORKERS,FALSE,350,1167142,20210113,OTHER,FALSE
1976,KENTUCKY,KY,21,61,51,"CARTER, JIMMY",DEMOCRAT,FALSE,615717,1167142,20210113,DEMOCRAT,FALSE
1976,KENTUCKY,KY,21,61,51,"FORD, GERALD",REPUBLICAN,FALSE,531852,1167142,20210113,REPUBLICAN,FALSE
1976,KENTUCKY,KY,21,61,51,"HALL, GUS",COMMUNIST PARTY USE,FALSE,426,1167142,20210113,OTHER,FALSE
1976,KENTUCKY,KY,21,61,51,"LAROUCHE, LYNDON, JR.",U.S. LABOR,FALSE,510,1167142,20210113,OTHER,FALSE
1976,KENTUCKY,KY,21,61,51,"MACBRIDE, ROGER",LIBERTARIAN,FALSE,814,1167142,20210113,LIBERTARIAN,FALSE
1976,KENTUCKY,KY,21,61,51,"MADDOX, LESTER",AMERICAN INDEPENDENT PARTY,FALSE,2328,1167142,20210113,OTHER,FALSE
1976,KENTUCKY,KY,21,61,51,"MCCARTHY, EUGENE ""GENE""",INDEPENDENT,FALSE,6837,1167142,20210113,OTHER,FALSE
1976,LOUISIANA,LA,22,72,45,"CAMEJO, PETER",SOCIALIST WORKERS,FALSE,1473,1277383,20210113,OTHER,FALSE
1976,LOUISIANA,LA,22,72,45,"CARTER, JIMMY",DEMOCRAT,FALSE,661365,1277383,20210113,DEMOCRAT,FALSE
1976,LOUISIANA,LA,22,72,45,"FORD, GERALD",REPUBLICAN,FALSE,587446,1277383,20210113,REPUBLICAN,FALSE
1976,LOUISIANA,LA,22,72,45,"HALL, GUS",COMMUNIST PARTY USE,FALSE,7417,1277383,20210113,OTHER,FALSE
1976,LOUISIANA,LA,22,72,45,"MACBRIDE, ROGER",LIBERTARIAN,FALSE,3134,1277383,20210113,LIBERTARIAN,FALSE
1976,LOUISIANA,LA,22,72,45,"MADDOX, LESTER",AMERICAN INDEPENDENT PARTY,FALSE,10058,1277383,20210113,OTHER,FALSE
1976,LOUISIANA,LA,22,72,45,"MCCARTHY, EUGENE ""GENE""",INDEPENDENT,FALSE,6490,1277383,20210113,OTHER,FALSE
1976,MAINE,ME,23,11,2,"BUBAR, BENJAMIN ""BEN""",PROHIBITION,FALSE,3495,482968,20210113,OTHER,FALSE
1976,MAINE,ME,23,11,2,"CARTER, JIMMY",DEMOCRAT,FALSE,232279,482968,20210113,DEMOCRAT,FALSE
1976,MAINE,ME,23,11,2,"FORD, GERALD",REPUBLICAN,FALSE,236320,482968,20210113,REPUBLICAN,FALSE
1976,MAINE,ME,23,11,2,"MCCARTHY, EUGENE ""GENE""",INDEPENDENT,FALSE,10874,482968,20210113,OTHER,FALSE
1976,MARYLAND,MD,24,52,52,"CARTER, JIMMY",DEMOCRAT,FALSE,759612,1432273,20210113,DEMOCRAT,FALSE
1976,MARYLAND,MD,24,52,52,"FORD, GERALD",REPUBLICAN,FALSE,672661,1432273,20210113,REPUBLICAN,FALSE
1976,MASSACHUSETTS,MA,25,14,3,"ANDERSON, THOMAS J.",AMERICAN,FALSE,7555,2547558,20210113,OTHER,FALSE
1976,MASSACHUSETTS,MA,25,14,3,"CAMEJO, PETER",SOCIALIST WORKERS,FALSE,8138,2547558,20210113,OTHER,FALSE
1976,MASSACHUSETTS,MA,25,14,3,"CARTER, JIMMY",DEMOCRAT,FALSE,1429475,2547558,20210113,DEMOCRAT,FALSE
1976,MASSACHUSETTS,MA,25,14,3,"FORD, GERALD",REPUBLICAN,FALSE,1030276,2547558,20210113,REPUBLICAN,FALSE
1976,MASSACHUSETTS,MA,25,14,3,"JULIUS ""JULES"", LEVIN",SOCIALIST LABOR,FALSE,19,2547558,20210113,OTHER,FALSE
1976,MASSACHUSETTS,MA,25,14,3,"LAROUCHE, LYNDON, JR.",U.S. LABOR,FALSE,4922,2547558,20210113,OTHER,FALSE
1976,MASSACHUSETTS,MA,25,14,3,"MACBRIDE, ROGER",LIBERTARIAN,FALSE,135,2547558,20210113,LIBERTARIAN,FALSE
1976,MASSACHUSETTS,MA,25,14,3,"MCCARTHY, EUGENE ""GENE""",INDEPENDENT,FALSE,65637,2547558,20210113,OTHER,FALSE
1976,MASSACHUSETTS,MA,25,14,3,SCATTERING,UNKNOWN,FALSE,1401,2547558,20210113,OTHER,FALSE
1976,MICHIGAN,MI,26,34,23,"CAMEJO, PETER",SOCIALIST WORKERS,FALSE,1804,3651590,20210113,OTHER,FALSE
1976,MICHIGAN,MI,26,34,23,"CARTER, JIMMY",DEMOCRAT,FALSE,1696714,3651590,20210113,DEMOCRAT,FALSE
1976,MICHIGAN,MI,26,34,23,"FORD, GERALD",REPUBLICAN,FALSE,1893742,3651590,20210113,REPUBLICAN,FALSE
1976,MICHIGAN,MI,26,34,23,"JULIUS ""JULES"", LEVIN",SOCIALIST LABOR,FALSE,1148,3651590,20210113,OTHER,FALSE
1976,MICHIGAN,MI,26,34,23,"LAROUCHE, LYNDON, JR.",U.S. LABOR,FALSE,1366,3651590,20210113,OTHER,FALSE
1976,MICHIGAN,MI,26,34,23,"MACBRIDE, ROGER",LIBERTARIAN,FALSE,5407,3651590,20210113,LIBERTARIAN,FALSE
1976,MICHIGAN,MI,26,34,23,"MCCARTHY, EUGENE ""GENE""",INDEPENDENT,FALSE,47905,3651590,20210113,OTHER,FALSE
1976,MICHIGAN,MI,26,34,23,"WRIGHT, MARGARET",HUMAN RIGHTS,FALSE,3504,3651590,20210113,OTHER,FALSE
1976,MINNESOTA,MN,27,41,33,"ANDERSON, THOMAS J.",AMERICAN,FALSE,13592,1949931,20210113,OTHER,FALSE
1976,MINNESOTA,MN,27,41,33,"CAMEJO, PETER",SOCIALIST WORKERS,FALSE,4149,1949931,20210113,OTHER,FALSE
1976,MINNESOTA,MN,27,41,33,"CARTER, JIMMY",DEMOCRAT,FALSE,1070440,1949931,20210113,DEMOCRAT,FALSE
1976,MINNESOTA,MN,27,41,33,"FORD, GERALD",REPUBLICAN,FALSE,819395,1949931,20210113,REPUBLICAN,FALSE
1976,MINNESOTA,MN,27,41,33,"HALL, GUS",COMMUNIST PARTY USE,FALSE,1092,1949931,20210113,OTHER,FALSE
1976,MINNESOTA,MN,27,41,33,"JULIUS ""JULES"", LEVIN",INDUSTRIAL GOVERNMENT PARTY,FALSE,370,1949931,20210113,OTHER,FALSE
1976,MINNESOTA,MN,27,41,33,"LAROUCHE, LYNDON, JR.",INTERNATIONAL DEVELOPMENT BANK,FALSE,543,1949931,20210113,OTHER,FALSE
1976,MINNESOTA,MN,27,41,33,"MACBRIDE, ROGER",LIBERTARIAN,FALSE,3529,1949931,20210113,LIBERTARIAN,FALSE
1976,MINNESOTA,MN,27,41,33,"MCCARTHY, EUGENE ""GENE""",MCCARTHY '76,FALSE,35490,1949931,20210113,OTHER,FALSE
1976,MINNESOTA,MN,27,41,33,"WRIGHT, MARGARET",PEOPLE'S,FALSE,635,1949931,20210113,OTHER,FALSE
1976,MINNESOTA,MN,27,41,33,"ZEIDLER, FRANK",SOCIALIST,FALSE,354,1949931,20210113,OTHER,FALSE
1976,MINNESOTA,MN,27,41,33,UNKNOWN/SCATTERING,UNKNOWN,TRUE,342,1949931,20210113,OTHER,FALSE
1976,MISSISSIPPI,MS,28,64,46,"ANDERSON, THOMAS J.",AMERICAN,FALSE,6678,768390,20210113,OTHER,FALSE
1976,MISSISSIPPI,MS,28,64,46,"CAMEJO, PETER",SOCIALIST WORKERS,FALSE,2805,768390,20210113,OTHER,FALSE
1976,MISSISSIPPI,MS,28,64,46,"CARTER, JIMMY",DEMOCRAT,FALSE,381329,768390,20210113,DEMOCRAT,FALSE
1976,MISSISSIPPI,MS,28,64,46,"FORD, GERALD",REPUBLICAN,FALSE,366846,768390,20210113,REPUBLICAN,FALSE
1976,MISSISSIPPI,MS,28,64,46,"MACBRIDE, ROGER",LIBERTARIAN,FALSE,2609,768390,20210113,LIBERTARIAN,FALSE
1976,MISSISSIPPI,MS,28,64,46,"MADDOX, LESTER",AMERICAN INDEPENDENT PARTY,FALSE,4049,768390,20210113,OTHER,FALSE
1976,MISSISSIPPI,MS,28,64,46,"MCCARTHY, EUGENE ""GENE""",INDEPENDENT,FALSE,4074,768390,20210113,OTHER,FALSE
1976,MISSOURI,MO,29,43,34,"CARTER, JIMMY",DEMOCRAT,FALSE,998387,1953600,20210113,DEMOCRAT,FALSE
1976,MISSOURI,MO,29,43,34,"FORD, GERALD",REPUBLICAN,FALSE,927443,1953600,20210113,REPUBLICAN,FALSE
1976,MISSOURI,MO,29,43,34,"MCCARTHY, EUGENE ""GENE""",INDEPENDENT,FALSE,24029,1953600,20210113,OTHER,FALSE
1976,MISSOURI,MO,29,43,34,OTHER,UNKNOWN,FALSE,3741,1953600,20210113,OTHER,FALSE
1976,MONTANA,MT,30,81,64,"ANDERSON, THOMAS J.",AMERICAN,FALSE,5772,328734,20210113,OTHER,FALSE
1976,MONTANA,MT,30,81,64,"CARTER, JIMMY",DEMOCRAT,FALSE,149259,328734,20210113,DEMOCRAT,FALSE
1976,MONTANA,MT,30,81,64,"FORD, GERALD",REPUBLICAN,FALSE,173703,328734,20210113,REPUBLICAN,FALSE
1976,NEBRASKA,NE,31,46,35,"CARTER, JIMMY",DEMOCRAT,FALSE,233293,606749,20210113,DEMOCRAT,FALSE
1976,NEBRASKA,NE,31,46,35,"FORD, GERALD",REPUBLICAN,FALSE,359219,606749,20210113,REPUBLICAN,FALSE
1976,NEBRASKA,NE,31,46,35,"MACBRIDE, ROGER",LIBERTARIAN,FALSE,1476,606749,20210113,LIBERTARIAN,FALSE
1976,NEBRASKA,NE,31,46,35,"MADDOX, LESTER",AMERICAN INDEPENDENT PARTY,FALSE,3378,606749,20210113,OTHER,FALSE
1976,NEBRASKA,NE,31,46,35,"MCCARTHY, EUGENE ""GENE""",INDEPENDENT,FALSE,9383,606749,20210113,OTHER,FALSE
1976,NEVADA,NV,32,88,65,"CARTER, JIMMY",DEMOCRAT,FALSE,92479,201876,20210113,DEMOCRAT,FALSE
1976,NEVADA,NV,32,88,65,"FORD, GERALD",REPUBLICAN,FALSE,101273,201876,20210113,REPUBLICAN,FALSE
1976,NEVADA,NV,32,88,65,"MACBRIDE, ROGER",LIBERTARIAN,FALSE,1519,201876,20210113,LIBERTARIAN,FALSE
1976,NEVADA,NV,32,88,65,"MADDOX, LESTER",AMERICAN INDEPENDENT PARTY,FALSE,1497,201876,20210113,OTHER,FALSE
1976,NEVADA,NV,32,88,65,OTHER,UNKNOWN,FALSE,5108,201876,20210113,OTHER,FALSE
1976,NEW HAMPSHIRE,NH,33,12,4,"CAMEJO, PETER",SOCIALIST WORKERS,FALSE,161,339627,20210113,OTHER,FALSE
1976,NEW HAMPSHIRE,NH,33,12,4,"CARTER, JIMMY",DEMOCRAT,FALSE,147645,339627,20210113,DEMOCRAT,FALSE
1976,NEW HAMPSHIRE,NH,33,12,4,"FORD, GERALD",REPUBLICAN,FALSE,185935,339627,20210113,REPUBLICAN,FALSE
1976,NEW HAMPSHIRE,NH,33,12,4,"JULIUS ""JULES"", LEVIN",SOCIALIST LABOR,FALSE,66,339627,20210113,OTHER,FALSE
1976,NEW HAMPSHIRE,NH,33,12,4,"LAROUCHE, LYNDON, JR.",U.S. LABOR,FALSE,186,339627,20210113,OTHER,FALSE
1976,NEW HAMPSHIRE,NH,33,12,4,"MACBRIDE, ROGER",LIBERTARIAN,FALSE,936,339627,20210113,LIBERTARIAN,FALSE
1976,NEW HAMPSHIRE,NH,33,12,4,"MCCARTHY, EUGENE ""GENE""",INDEPENDENT,FALSE,4095,339627,20210113,OTHER,FALSE
1976,NEW HAMPSHIRE,NH,33,12,4,SCATTERING,UNKNOWN,FALSE,603,339627,20210113,OTHER,FALSE
1976,NEW JERSEY,NJ,34,22,12,"BUBAR, BENJAMIN ""BEN""",PROHIBITION,FALSE,554,3014472,20210113,OTHER,FALSE
1976,NEW JERSEY,NJ,34,22,12,"CAMEJO, PETER",SOCIALIST WORKERS,FALSE,1184,3014472,20210113,OTHER,FALSE
1976,NEW JERSEY,NJ,34,22,12,"CARTER, JIMMY",DEMOCRAT,FALSE,1444653,3014472,20210113,DEMOCRAT,FALSE
1976,NEW JERSEY,NJ,34,22,12,"FORD, GERALD",REPUBLICAN,FALSE,1509688,3014472,20210113,REPUBLICAN,FALSE
1976,NEW JERSEY,NJ,34,22,12,"HALL, GUS",COMMUNIST PARTY USE,FALSE,1662,3014472,20210113,OTHER,FALSE
1976,NEW JERSEY,NJ,34,22,12,"JULIUS ""JULES"", LEVIN",SOCIALIST LABOR,FALSE,3686,3014472,20210113,OTHER,FALSE
1976,NEW JERSEY,NJ,34,22,12,"LAROUCHE, LYNDON, JR.",U.S. LABOR,FALSE,1650,3014472,20210113,OTHER,FALSE
1976,NEW JERSEY,NJ,34,22,12,"MACBRIDE, ROGER",LIBERTARIAN,FALSE,9449,3014472,20210113,LIBERTARIAN,FALSE
1976,NEW JERSEY,NJ,34,22,12,"MADDOX, LESTER",AMERICAN INDEPENDENT PARTY,FALSE,7716,3014472,20210113,OTHER,FALSE
1976,NEW JERSEY,NJ,34,22,12,"MCCARTHY, EUGENE ""GENE""",INDEPENDENT,FALSE,32717,3014472,20210113,OTHER,FALSE
1976,NEW JERSEY,NJ,34,22,12,"WRIGHT, MARGARET",PEACE & FREEDOM,FALSE,1044,3014472,20210113,OTHER,FALSE
1976,NEW JERSEY,NJ,34,22,12,"ZEIDLER, FRANK",SOCIALIST,FALSE,469,3014472,20210113,OTHER,FALSE
1976,NEW MEXICO,NM,35,85,66,"BUBAR, BENJAMIN ""BEN""",PROHIBITION,FALSE,211,416590,20210113,OTHER,FALSE
1976,NEW MEXICO,NM,35,85,66,"CAMEJO, PETER",SOCIALIST WORKERS,FALSE,2462,416590,20210113,OTHER,FALSE
1976,NEW MEXICO,NM,35,85,66,"CARTER, JIMMY",DEMOCRAT,FALSE,201148,416590,20210113,DEMOCRAT,FALSE
1976,NEW MEXICO,NM,35,85,66,"FORD, GERALD",REPUBLICAN,FALSE,211419,416590,20210113,REPUBLICAN,FALSE
1976,NEW MEXICO,NM,35,85,66,"MACBRIDE, ROGER",LIBERTARIAN,FALSE,1110,416590,20210113,LIBERTARIAN,FALSE
1976,NEW MEXICO,NM,35,85,66,"ZEIDLER, FRANK",SOCIALIST,FALSE,240,416590,20210113,OTHER,FALSE
1976,NEW YORK,NY,36,21,13,"CAMEJO, PETER",SOCIALIST WORKERS,FALSE,6996,6668262,20210113,OTHER,FALSE
1976,NEW YORK,NY,36,21,13,"CARTER, JIMMY",DEMOCRAT,FALSE,3244165,6668262,20210113,DEMOCRAT,FALSE
1976,NEW YORK,NY,36,21,13,"CARTER, JIMMY",LIBERAL PARTY,FALSE,145393,6668262,20210113,OTHER,FALSE
1976,NEW YORK,NY,36,21,13,"FORD, GERALD",REPUBLICAN,FALSE,2825913,6668262,20210113,REPUBLICAN,FALSE
1976,NEW YORK,NY,36,21,13,"FORD, GERALD",CONSERVATIVE,FALSE,274878,6668262,20210113,OTHER,FALSE
1976,NEW YORK,NY,36,21,13,"HALL, GUS",COMMUNIST PARTY USE,FALSE,10270,6668262,20210113,OTHER,FALSE
1976,NEW YORK,NY,36,21,13,"LAROUCHE, LYNDON, JR.",LABOR,FALSE,5413,6668262,20210113,OTHER,FALSE
1976,NEW YORK,NY,36,21,13,"MACBRIDE, ROGER",FREE LIBERTARIAN,FALSE,12197,6668262,20210113,OTHER,FALSE
1976,NEW YORK,NY,36,21,13,OTHER,UNKNOWN,FALSE,143037,6668262,20210113,OTHER,FALSE
1976,NORTH CAROLINA,NC,37,56,47,"ANDERSON, THOMAS J.",AMERICAN,FALSE,5607,1677906,20210113,OTHER,FALSE
1976,NORTH CAROLINA,NC,37,56,47,"CARTER, JIMMY",DEMOCRAT,FALSE,927365,1677906,20210113,DEMOCRAT,FALSE
1976,NORTH CAROLINA,NC,37,56,47,"FORD, GERALD",REPUBLICAN,FALSE,741960,1677906,20210113,REPUBLICAN,FALSE
1976,NORTH CAROLINA,NC,37,56,47,"LAROUCHE, LYNDON, JR.",U.S. LABOR,FALSE,755,1677906,20210113,OTHER,FALSE
1976,NORTH CAROLINA,NC,37,56,47,"MACBRIDE, ROGER",LIBERTARIAN,FALSE,2219,1677906,20210113,LIBERTARIAN,FALSE
1976,NORTH DAKOTA,ND,38,44,36,"ANDERSON, THOMAS J.",AMERICAN,FALSE,3698,297308,20210113,OTHER,FALSE
1976,NORTH DAKOTA,ND,38,44,36,"BUBAR, BENJAMIN ""BEN""",PROHIBITION,FALSE,63,297308,20210113,OTHER,FALSE
1976,NORTH DAKOTA,ND,38,44,36,"CAMEJO, PETER",SOCIALIST WORKERS,FALSE,43,297308,20210113,OTHER,FALSE
1976,NORTH DAKOTA,ND,38,44,36,"CARTER, JIMMY",DEMOCRAT,FALSE,136078,297308,20210113,DEMOCRAT,FALSE
1976,NORTH DAKOTA,ND,38,44,36,"FORD, GERALD",REPUBLICAN,FALSE,153684,297308,20210113,REPUBLICAN,FALSE
1976,NORTH DAKOTA,ND,38,44,36,"HALL, GUS",COMMUNIST PARTY USE,FALSE,85,297308,20210113,OTHER,FALSE
1976,NORTH DAKOTA,ND,38,44,36,"LAROUCHE, LYNDON, JR.",U.S. LABOR,FALSE,142,297308,20210113,OTHER,FALSE
1976,NORTH DAKOTA,ND,38,44,36,"MACBRIDE, ROGER",LIBERTARIAN,FALSE,256,297308,20210113,LIBERTARIAN,FALSE
1976,NORTH DAKOTA,ND,38,44,36,"MADDOX, LESTER",AMERICAN INDEPENDENT PARTY,FALSE,269,297308,20210113,OTHER,FALSE
1976,NORTH DAKOTA,ND,38,44,36,"MCCARTHY, EUGENE ""GENE""",INDEPENDENT,FALSE,2952,297308,20210113,OTHER,FALSE
1976,NORTH DAKOTA,ND,38,44,36,"ZEIDLER, FRANK",SOCIALIST,FALSE,38,297308,20210113,OTHER,FALSE
1976,OHIO,OH,39,31,24,"BUBAR, BENJAMIN ""BEN""",PROHIBITION,FALSE,62,4110456,20210113,OTHER,FALSE
1976,OHIO,OH,39,31,24,"CAMEJO, PETER",SOCIALIST WORKERS,FALSE,4833,4110456,20210113,OTHER,FALSE
1976,OHIO,OH,39,31,24,"CARTER, JIMMY",DEMOCRAT,FALSE,2009959,4110456,20210113,DEMOCRAT,FALSE
1976,OHIO,OH,39,31,24,"FORD, GERALD",REPUBLICAN,FALSE,2000626,4110456,20210113,REPUBLICAN,FALSE
1976,OHIO,OH,39,31,24,"HALL, GUS",COMMUNIST PARTY USE,FALSE,7817,4110456,20210113,OTHER,FALSE
1976,OHIO,OH,39,31,24,"JULIUS ""JULES"", LEVIN",SOCIALIST LABOR,FALSE,68,4110456,20210113,OTHER,FALSE
1976,OHIO,OH,39,31,24,"LAROUCHE, LYNDON, JR.",U.S. LABOR,FALSE,4364,4110456,20210113,OTHER,FALSE
1976,OHIO,OH,39,31,24,"MACBRIDE, ROGER",LIBERTARIAN,FALSE,8952,4110456,20210113,LIBERTARIAN,FALSE
1976,OHIO,OH,39,31,24,"MADDOX, LESTER",AMERICAN INDEPENDENT PARTY,FALSE,15508,4110456,20210113,OTHER,FALSE
1976,OHIO,OH,39,31,24,"MCCARTHY, EUGENE ""GENE""",INDEPENDENT,FALSE,58267,4110456,20210113,OTHER,FALSE
1976,OKLAHOMA,OK,40,73,53,"CARTER, JIMMY",DEMOCRAT,FALSE,532442,1092251,20210113,DEMOCRAT,FALSE
1976,OKLAHOMA,OK,40,73,53,"FORD, GERALD",REPUBLICAN,FALSE,545708,1092251,20210113,REPUBLICAN,FALSE
1976,OKLAHOMA,OK,40,73,53,"MCCARTHY, EUGENE ""GENE""",INDEPENDENT,FALSE,14101,1092251,20210113,OTHER,FALSE
1976,OREGON,OR,41,92,72,"ANDERSON, THOMAS J.",AMERICAN,FALSE,1035,1029876,20210113,OTHER,FALSE
1976,OREGON,OR,41,92,72,"CARTER, JIMMY",DEMOCRAT,FALSE,490407,1029876,20210113,DEMOCRAT,FALSE
1976,OREGON,OR,41,92,72,"FORD, GERALD",REPUBLICAN,FALSE,492120,1029876,20210113,REPUBLICAN,FALSE
1976,OREGON,OR,41,92,72,"MCCARTHY, EUGENE ""GENE""",INDEPENDENT,FALSE,40207,1029876,20210113,OTHER,FALSE
1976,OREGON,OR,41,92,72,UNKNOWN/SCATTERING,UNKNOWN,TRUE,6107,1029876,20210113,OTHER,FALSE
1976,PENNSYLVANIA,PA,42,23,14,"CAMEJO, PETER",SOCIALIST WORKERS,FALSE,3009,4620787,20210113,OTHER,FALSE
1976,PENNSYLVANIA,PA,42,23,14,"CARTER, JIMMY",DEMOCRAT,FALSE,2328677,4620787,20210113,DEMOCRAT,FALSE
1976,PENNSYLVANIA,PA,42,23,14,"FORD, GERALD",REPUBLICAN,FALSE,2205604,4620787,20210113,REPUBLICAN,FALSE
1976,PENNSYLVANIA,PA,42,23,14,"HALL, GUS",COMMUNIST PARTY USE,FALSE,1891,4620787,20210113,OTHER,FALSE
1976,PENNSYLVANIA,PA,42,23,14,"LAROUCHE, LYNDON, JR.",U.S. LABOR,FALSE,2744,4620787,20210113,OTHER,FALSE
1976,PENNSYLVANIA,PA,42,23,14,"MADDOX, LESTER",CONSTITUTION PARTY,FALSE,25344,4620787,20210113,OTHER,FALSE
1976,PENNSYLVANIA,PA,42,23,14,"MCCARTHY, EUGENE ""GENE""",MCCARTHY '76,FALSE,50584,4620787,20210113,OTHER,FALSE
1976,PENNSYLVANIA,PA,42,23,14,OTHER,UNKNOWN,FALSE,2934,4620787,20210113,OTHER,FALSE
1976,RHODE ISLAND,RI,44,15,5,"CAMEJO, PETER",SOCIALIST WORKERS,FALSE,462,410584,20210113,OTHER,FALSE
1976,RHODE ISLAND,RI,44,15,5,"CARTER, JIMMY",DEMOCRAT,FALSE,227636,410584,20210113,DEMOCRAT,FALSE
1976,RHODE ISLAND,RI,44,15,5,"FORD, GERALD",REPUBLICAN,FALSE,181249,410584,20210113,REPUBLICAN,FALSE
1976,RHODE ISLAND,RI,44,15,5,"HALL, GUS",COMMUNIST PARTY USE,FALSE,334,410584,20210113,OTHER,FALSE
1976,RHODE ISLAND,RI,44,15,5,"JULIUS ""JULES"", LEVIN",SOCIALIST LABOR,FALSE,188,410584,20210113,OTHER,FALSE
1976,RHODE ISLAND,RI,44,15,5,"MACBRIDE, ROGER",LIBERTARIAN,FALSE,715,410584,20210113,LIBERTARIAN,FALSE
1976,SOUTH CAROLINA,SC,45,57,48,"ANDERSON, THOMAS J.",AMERICAN,FALSE,2996,802583,20210113,OTHER,FALSE
1976,SOUTH CAROLINA,SC,45,57,48,"CARTER, JIMMY",DEMOCRAT,FALSE,450807,802583,20210113,DEMOCRAT,FALSE
1976,SOUTH CAROLINA,SC,45,57,48,"FORD, GERALD",REPUBLICAN,FALSE,346149,802583,20210113,REPUBLICAN,FALSE
1976,SOUTH CAROLINA,SC,45,57,48,"MADDOX, LESTER",AMERICAN INDEPENDENT PARTY,FALSE,1950,802583,20210113,OTHER,FALSE
1976,SOUTH CAROLINA,SC,45,57,48,UNKNOWN/SCATTERING,UNKNOWN,TRUE,681,802583,20210113,OTHER,FALSE
1976,SOUTH DAKOTA,SD,46,45,37,"CAMEJO, PETER",SOCIALIST WORKERS,FALSE,168,300678,20210113,OTHER,FALSE
1976,SOUTH DAKOTA,SD,46,45,37,"CARTER, JIMMY",DEMOCRAT,FALSE,147068,300678,20210113,DEMOCRAT,FALSE
1976,SOUTH DAKOTA,SD,46,45,37,"FORD, GERALD",REPUBLICAN,FALSE,151505,300678,20210113,REPUBLICAN,FALSE
1976,SOUTH DAKOTA,SD,46,45,37,"HALL, GUS",COMMUNIST PARTY USE,FALSE,318,300678,20210113,OTHER,FALSE
1976,SOUTH DAKOTA,SD,46,45,37,"MACBRIDE, ROGER",LIBERTARIAN,FALSE,1619,300678,20210113,LIBERTARIAN,FALSE
1976,TENNESSEE,TN,47,62,54,"ANDERSON, THOMAS J.",INDEPENDENT,FALSE,5769,1476346,20210113,OTHER,FALSE
1976,TENNESSEE,TN,47,62,54,"BUBAR, BENJAMIN ""BEN""",INDEPENDENT,FALSE,442,1476346,20210113,OTHER,FALSE
1976,TENNESSEE,TN,47,62,54,"CARTER, JIMMY",DEMOCRAT,FALSE,825879,1476346,20210113,DEMOCRAT,FALSE
1976,TENNESSEE,TN,47,62,54,"FORD, GERALD",REPUBLICAN,FALSE,633969,1476346,20210113,REPUBLICAN,FALSE
1976,TENNESSEE,TN,47,62,54,"HALL, GUS",INDEPENDENT,FALSE,547,1476346,20210113,OTHER,FALSE
1976,TENNESSEE,TN,47,62,54,"LAROUCHE, LYNDON, JR.",INDEPENDENT,FALSE,512,1476346,20210113,OTHER,FALSE
1976,TENNESSEE,TN,47,62,54,"MACBRIDE, ROGER",INDEPENDENT,FALSE,1375,1476346,20210113,OTHER,FALSE
1976,TENNESSEE,TN,47,62,54,"MADDOX, LESTER",INDEPENDENT,FALSE,2303,1476346,20210113,OTHER,FALSE
1976,TENNESSEE,TN,47,62,54,"MCCARTHY, EUGENE ""GENE""",INDEPENDENT,FALSE,5004,1476346,20210113,OTHER,FALSE
1976,TENNESSEE,TN,47,62,54,UNKNOWN/SCATTERING,INDEPENDENT,FALSE,316,1476346,20210113,OTHER,FALSE
1976,TENNESSEE,TN,47,62,54,UNKNOWN/SCATTERING,UNKNOWN,TRUE,230,1476346,20210113,OTHER,FALSE
1976,TEXAS,TX,48,74,49,"ANDERSON, THOMAS J.",AMERICAN,FALSE,11442,4071884,20210113,OTHER,FALSE
1976,TEXAS,TX,48,74,49,"CAMEJO, PETER",SOCIALIST WORKERS,FALSE,1723,4071884,20210113,OTHER,FALSE
1976,TEXAS,TX,48,74,49,"CARTER, JIMMY",DEMOCRAT,FALSE,2082319,4071884,20210113,DEMOCRAT,FALSE
1976,TEXAS,TX,48,74,49,"FORD, GERALD",REPUBLICAN,FALSE,1953300,4071884,20210113,REPUBLICAN,FALSE
1976,TEXAS,TX,48,74,49,"MCCARTHY, EUGENE ""GENE""",INDEPENDENT,FALSE,20118,4071884,20210113,OTHER,FALSE
1976,TEXAS,TX,48,74,49,UNKNOWN/SCATTERING,UNKNOWN,TRUE,2982,4071884,20210113,OTHER,FALSE
1976,UTAH,UT,49,87,67,"ANDERSON, THOMAS J.",AMERICAN,FALSE,13304,541218,20210113,OTHER,FALSE
1976,UTAH,UT,49,87,67,"CAMEJO, PETER",INDEPENDENT,FALSE,268,541218,20210113,OTHER,FALSE
1976,UTAH,UT,49,87,67,"CARTER, JIMMY",DEMOCRAT,FALSE,182110,541218,20210113,DEMOCRAT,FALSE
1976,UTAH,UT,49,87,67,"FORD, GERALD",REPUBLICAN,FALSE,337908,541218,20210113,REPUBLICAN,FALSE
1976,UTAH,UT,49,87,67,"HALL, GUS",INDEPENDENT,FALSE,121,541218,20210113,OTHER,FALSE
1976,UTAH,UT,49,87,67,"MACBRIDE, ROGER",LIBERAL PARTY,FALSE,2438,541218,20210113,OTHER,FALSE
1976,UTAH,UT,49,87,67,"MADDOX, LESTER",CONCERNED CITIZENS,FALSE,1162,541218,20210113,OTHER,FALSE
1976,UTAH,UT,49,87,67,"MCCARTHY, EUGENE ""GENE""",INDEPENDENT,FALSE,3907,541218,20210113,OTHER,FALSE
1976,VERMONT,VT,50,13,6,"CAMEJO, PETER",SOCIALIST WORKERS,FALSE,430,183902,20210113,OTHER,FALSE
1976,VERMONT,VT,50,13,6,"CARTER, JIMMY",DEMOCRAT,FALSE,77798,183902,20210113,DEMOCRAT,FALSE
1976,VERMONT,VT,50,13,6,"FORD, GERALD",REPUBLICAN,FALSE,100387,183902,20210113,REPUBLICAN,FALSE
1976,VERMONT,VT,50,13,6,"LAROUCHE, LYNDON, JR.",U.S. LABOR,FALSE,196,183902,20210113,OTHER,FALSE
1976,VERMONT,VT,50,13,6,"MCCARTHY, EUGENE ""GENE""",INDEPENDENT,FALSE,4001,183902,20210113,OTHER,FALSE
1976,VERMONT,VT,50,13,6,OTHER,UNKNOWN,FALSE,1090,183902,20210113,OTHER,FALSE
1976,VIRGINIA,VA,51,54,40,"ANDERSON, THOMAS J.",AMERICAN,FALSE,16686,1697094,20210113,OTHER,FALSE
1976,VIRGINIA,VA,51,54,40,"CAMEJO, PETER",SOCIALIST WORKERS,FALSE,17802,1697094,20210113,OTHER,FALSE
1976,VIRGINIA,VA,51,54,40,"CARTER, JIMMY",DEMOCRAT,FALSE,813896,1697094,20210113,DEMOCRAT,FALSE
1976,VIRGINIA,VA,51,54,40,"FORD, GERALD",REPUBLICAN,FALSE,836554,1697094,20210113,REPUBLICAN,FALSE
1976,VIRGINIA,VA,51,54,40,"LAROUCHE, LYNDON, JR.",U.S. LABOR,FALSE,7508,1697094,20210113,OTHER,FALSE
1976,VIRGINIA,VA,51,54,40,"MACBRIDE, ROGER",LIBERTARIAN,FALSE,4648,1697094,20210113,LIBERTARIAN,FALSE
1976,WASHINGTON,WA,53,91,73,"ANDERSON, THOMAS J.",CONSTITUTION PARTY,FALSE,1046,1555534,20210113,OTHER,FALSE
1976,WASHINGTON,WA,53,91,73,"CAMEJO, PETER",SOCIALIST WORKERS,FALSE,905,1555534,20210113,OTHER,FALSE
1976,WASHINGTON,WA,53,91,73,"CARTER, JIMMY",DEMOCRAT,FALSE,717323,1555534,20210113,DEMOCRAT,FALSE
1976,WASHINGTON,WA,53,91,73,"FORD, GERALD",REPUBLICAN,FALSE,777732,1555534,20210113,REPUBLICAN,FALSE
1976,WASHINGTON,WA,53,91,73,"HALL, GUS",COMMUNIST PARTY USE,FALSE,817,1555534,20210113,OTHER,FALSE
1976,WASHINGTON,WA,53,91,73,"JULIUS ""JULES"", LEVIN",SOCIALIST LABOR,FALSE,713,1555534,20210113,OTHER,FALSE
1976,WASHINGTON,WA,53,91,73,"LAROUCHE, LYNDON, JR.",U.S. LABOR,FALSE,903,1555534,20210113,OTHER,FALSE
1976,WASHINGTON,WA,53,91,73,"MACBRIDE, ROGER",LIBERTARIAN,FALSE,5042,1555534,20210113,LIBERTARIAN,FALSE
1976,WASHINGTON,WA,53,91,73,"MADDOX, LESTER",AMERICAN INDEPENDENT PARTY,FALSE,8585,1555534,20210113,OTHER,FALSE
1976,WASHINGTON,WA,53,91,73,"MCCARTHY, EUGENE ""GENE""",INDEPENDENT,FALSE,36986,1555534,20210113,OTHER,FALSE
1976,WASHINGTON,WA,53,91,73,OTHER,UNKNOWN,FALSE,5482,1555534,20210113,OTHER,FALSE
1976,WEST VIRGINIA,WV,54,55,56,"CARTER, JIMMY",DEMOCRAT,FALSE,435864,750590,20210113,DEMOCRAT,FALSE
1976,WEST VIRGINIA,WV,54,55,56,"FORD, GERALD",REPUBLICAN,FALSE,314726,750590,20210113,REPUBLICAN,FALSE
1976,WISCONSIN,WI,55,35,25,"CAMEJO, PETER",SOCIALIST WORKERS,FALSE,1691,2101336,20210113,OTHER,FALSE
1976,WISCONSIN,WI,55,35,25,"CARTER, JIMMY",DEMOCRAT,FALSE,1040232,2101336,20210113,DEMOCRAT,FALSE
1976,WISCONSIN,WI,55,35,25,"FORD, GERALD",REPUBLICAN,FALSE,1004987,2101336,20210113,REPUBLICAN,FALSE
1976,WISCONSIN,WI,55,35,25,"JULIUS ""JULES"", LEVIN",SOCIALIST LABOR,FALSE,389,2101336,20210113,OTHER,FALSE
1976,WISCONSIN,WI,55,35,25,"MACBRIDE, ROGER",LIBERTARIAN,FALSE,3814,2101336,20210113,LIBERTARIAN,FALSE
1976,WISCONSIN,WI,55,35,25,"MADDOX, LESTER",AMERICAN INDEPENDENT PARTY,FALSE,8552,2101336,20210113,OTHER,FALSE
1976,WISCONSIN,WI,55,35,25,"MCCARTHY, EUGENE ""GENE""",INDEPENDENT,FALSE,34943,2101336,20210113,OTHER,FALSE
1976,WISCONSIN,WI,55,35,25,OTHER,UNKNOWN,FALSE,2430,2101336,20210113,OTHER,FALSE
1976,WISCONSIN,WI,55,35,25,"ZEIDLER, FRANK",SOCIALIST,FALSE,4298,2101336,20210113,OTHER,FALSE
1976,WYOMING,WY,56,83,68,"CARTER, JIMMY",DEMOCRAT,FALSE,62239,156343,20210113,DEMOCRAT,FALSE
1976,WYOMING,WY,56,83,68,"FORD, GERALD",REPUBLICAN,FALSE,92717,156343,20210113,REPUBLICAN,FALSE
1976,WYOMING,WY,56,83,68,UNKNOWN/SCATTERING,UNKNOWN,TRUE,1387,156343,20210113,OTHER,FALSE
1980,ALABAMA,AL,1,63,41,"ANDERSON, JOHN B.",INDEPENDENT,FALSE,16481,1341929,20210113,OTHER,FALSE
1980,ALABAMA,AL,1,63,41,"BUBAR, BENJAMIN ""BEN""",STATESMAN,FALSE,1743,1341929,20210113,OTHER,FALSE
1980,ALABAMA,AL,1,63,41,"CARTER, JIMMY",DEMOCRAT,FALSE,636730,1341929,20210113,DEMOCRAT,FALSE
1980,ALABAMA,AL,1,63,41,"CLARK, EDWARD ""ED""",LIBERTARIAN,FALSE,13318,1341929,20210113,LIBERTARIAN,FALSE
1980,ALABAMA,AL,1,63,41,"COMMONER, BARRY",CITIZENS,FALSE,517,1341929,20210113,OTHER,FALSE
1980,ALABAMA,AL,1,63,41,"DEBERRY, CLIFTON",SOCIALIST WORKERS,FALSE,1303,1341929,20210113,OTHER,FALSE
1980,ALABAMA,AL,1,63,41,"HALL, GUS",COMMUNIST PARTY USE,FALSE,1629,1341929,20210113,OTHER,FALSE
1980,ALABAMA,AL,1,63,41,"MCREYNOLDS, DAVID",SOCIALIST,FALSE,1006,1341929,20210113,OTHER,FALSE
1980,ALABAMA,AL,1,63,41,"RARICK, JOHN",CONSERVATIVE,FALSE,15010,1341929,20210113,OTHER,FALSE
1980,ALABAMA,AL,1,63,41,"REAGAN, RONALD",REPUBLICAN,FALSE,654192,1341929,20210113,REPUBLICAN,FALSE
1980,ALASKA,AK,2,94,81,"ANDERSON, JOHN B.",INDEPENDENT,FALSE,11155,158445,20210113,OTHER,FALSE
1980,ALASKA,AK,2,94,81,"CARTER, JIMMY",DEMOCRAT,FALSE,41842,158445,20210113,DEMOCRAT,FALSE
1980,ALASKA,AK,2,94,81,"CLARK, EDWARD ""ED""",LIBERTARIAN,FALSE,18479,158445,20210113,LIBERTARIAN,FALSE
1980,ALASKA,AK,2,94,81,"REAGAN, RONALD",REPUBLICAN,FALSE,86112,158445,20210113,REPUBLICAN,FALSE
1980,ALASKA,AK,2,94,81,UNKNOWN/SCATTERING,UNKNOWN,TRUE,857,158445,20210113,OTHER,FALSE
1980,ARIZONA,AZ,4,86,61,"ANDERSON, JOHN B.",INDEPENDENT,FALSE,76952,873945,20210113,OTHER,FALSE
1980,ARIZONA,AZ,4,86,61,"CARTER, JIMMY",DEMOCRAT,FALSE,246843,873945,20210113,DEMOCRAT,FALSE
1980,ARIZONA,AZ,4,86,61,"CLARK, EDWARD ""ED""",LIBERTARIAN,FALSE,18784,873945,20210113,LIBERTARIAN,FALSE
1980,ARIZONA,AZ,4,86,61,"COMMONER, BARRY",CITIZENS,FALSE,551,873945,20210113,OTHER,FALSE
1980,ARIZONA,AZ,4,86,61,"DEBERRY, CLIFTON",SOCIALIST WORKERS,FALSE,1100,873945,20210113,OTHER,FALSE
1980,ARIZONA,AZ,4,86,61,"GRISWOLD, DEIRDRE",WORKERS WORLD,FALSE,2,873945,20210113,OTHER,FALSE
1980,ARIZONA,AZ,4,86,61,"HALL, GUS",COMMUNIST PARTY USE,FALSE,25,873945,20210113,OTHER,FALSE
1980,ARIZONA,AZ,4,86,61,"REAGAN, RONALD",REPUBLICAN,FALSE,529688,873945,20210113,REPUBLICAN,FALSE
1980,ARKANSAS,AR,5,71,42,"ANDERSON, JOHN B.",INDEPENDENT,FALSE,22468,837582,20210113,OTHER,FALSE
1980,ARKANSAS,AR,5,71,42,"BUBAR, BENJAMIN ""BEN""",STATESMAN,FALSE,1350,837582,20210113,OTHER,FALSE
1980,ARKANSAS,AR,5,71,42,"CARTER, JIMMY",DEMOCRAT,FALSE,398041,837582,20210113,DEMOCRAT,FALSE
1980,ARKANSAS,AR,5,71,42,"CLARK, EDWARD ""ED""",LIBERTARIAN,FALSE,8970,837582,20210113,LIBERTARIAN,FALSE
1980,ARKANSAS,AR,5,71,42,"COMMONER, BARRY",CITIZENS,FALSE,2345,837582,20210113,OTHER,FALSE
1980,ARKANSAS,AR,5,71,42,"HALL, GUS",COMMUNIST PARTY USE,FALSE,1244,837582,20210113,OTHER,FALSE
1980,ARKANSAS,AR,5,71,42,"REAGAN, RONALD",REPUBLICAN,FALSE,403164,837582,20210113,REPUBLICAN,FALSE
1980,CALIFORNIA,CA,6,93,71,"ANDERSON, JOHN B.",INDEPENDENT,FALSE,739618,8582938,20210113,OTHER,FALSE
1980,CALIFORNIA,CA,6,93,71,"CARTER, JIMMY",DEMOCRAT,FALSE,3082943,8582938,20210113,DEMOCRAT,FALSE
1980,CALIFORNIA,CA,6,93,71,"CLARK, EDWARD ""ED""",LIBERTARIAN,FALSE,148390,8582938,20210113,LIBERTARIAN,FALSE
1980,CALIFORNIA,CA,6,93,71,"COMMONER, BARRY",CITIZENS,FALSE,61046,8582938,20210113,OTHER,FALSE
1980,CALIFORNIA,CA,6,93,71,"RARICK, JOHN",AMERICAN INDEPENDENT PARTY,FALSE,9841,8582938,20210113,OTHER,FALSE
1980,CALIFORNIA,CA,6,93,71,"REAGAN, RONALD",REPUBLICAN,FALSE,4522994,8582938,20210113,REPUBLICAN,FALSE
1980,CALIFORNIA,CA,6,93,71,"SMITH, MAUREEN",PEACE & FREEDOM,FALSE,18106,8582938,20210113,OTHER,FALSE
1980,COLORADO,CO,8,84,62,"ANDERSON, JOHN B.",NATIONAL UNITY CAMPAIGN,FALSE,130633,1184450,20210113,OTHER,FALSE
1980,COLORADO,CO,8,84,62,"BUBAR, BENJAMIN ""BEN""",STATESMAN,FALSE,1180,1184450,20210113,OTHER,FALSE
1980,COLORADO,CO,8,84,62,"CARTER, JIMMY",DEMOCRAT,FALSE,368009,1184450,20210113,DEMOCRAT,FALSE
1980,COLORADO,CO,8,84,62,"CLARK, EDWARD ""ED""",LIBERTARIAN,FALSE,25744,1184450,20210113,LIBERTARIAN,FALSE
1980,COLORADO,CO,8,84,62,"COMMONER, BARRY",CITIZENS,FALSE,5614,1184450,20210113,OTHER,FALSE
1980,COLORADO,CO,8,84,62,"HALL, GUS",COMMUNIST PARTY USE,FALSE,487,1184450,20210113,OTHER,FALSE
1980,COLORADO,CO,8,84,62,"PULLEY, ANDREW",SOCIALIST WORKERS,FALSE,519,1184450,20210113,OTHER,FALSE
1980,COLORADO,CO,8,84,62,"REAGAN, RONALD",REPUBLICAN,FALSE,652264,1184450,20210113,REPUBLICAN,FALSE
1980,CONNECTICUT,CT,9,16,1,"ANDERSON, JOHN B.",ANDERSON COALITION,FALSE,171807,1406285,20210113,OTHER,FALSE
1980,CONNECTICUT,CT,9,16,1,"CARTER, JIMMY",DEMOCRAT,FALSE,541732,1406285,20210113,DEMOCRAT,FALSE
1980,CONNECTICUT,CT,9,16,1,"CLARK, EDWARD ""ED""",LIBERTARIAN,FALSE,8570,1406285,20210113,LIBERTARIAN,FALSE
1980,CONNECTICUT,CT,9,16,1,"COMMONER, BARRY",CITIZENS,FALSE,6130,1406285,20210113,OTHER,FALSE
1980,CONNECTICUT,CT,9,16,1,"REAGAN, RONALD",REPUBLICAN,FALSE,677210,1406285,20210113,REPUBLICAN,FALSE
1980,CONNECTICUT,CT,9,16,1,UNKNOWN/SCATTERING,UNKNOWN,TRUE,836,1406285,20210113,OTHER,FALSE
1980,DELAWARE,DE,10,51,11,"ANDERSON, JOHN B.",INDEPENDENT,FALSE,16288,235668,20210113,OTHER,FALSE
1980,DELAWARE,DE,10,51,11,"CARTER, JIMMY",DEMOCRAT,FALSE,105754,235668,20210113,DEMOCRAT,FALSE
1980,DELAWARE,DE,10,51,11,"CLARK, EDWARD ""ED""",LIBERTARIAN,FALSE,1974,235668,20210113,LIBERTARIAN,FALSE
1980,DELAWARE,DE,10,51,11,"GREAVES, PERCY L, JR.",AMERICAN,FALSE,400,235668,20210113,OTHER,FALSE
1980,DELAWARE,DE,10,51,11,"REAGAN, RONALD",REPUBLICAN,FALSE,111252,235668,20210113,REPUBLICAN,FALSE
1980,DISTRICT OF COLUMBIA,DC,11,53,55,"ANDERSON, JOHN B.",INDEPENDENT,FALSE,16131,173889,20210113,OTHER,FALSE
1980,DISTRICT OF COLUMBIA,DC,11,53,55,"CARTER, JIMMY",DEMOCRAT,FALSE,130231,173889,20210113,DEMOCRAT,FALSE
1980,DISTRICT OF COLUMBIA,DC,11,53,55,"CLARK, EDWARD ""ED""",LIBERTARIAN,FALSE,1104,173889,20210113,LIBERTARIAN,FALSE
1980,DISTRICT OF COLUMBIA,DC,11,53,55,"COMMONER, BARRY",CITIZENS,FALSE,1826,173889,20210113,OTHER,FALSE
1980,DISTRICT OF COLUMBIA,DC,11,53,55,"DEBERRY, CLIFTON",SOCIALIST WORKERS,FALSE,173,173889,20210113,OTHER,FALSE
1980,DISTRICT OF COLUMBIA,DC,11,53,55,"GRISWOLD, DEIRDRE",WORKERS WORLD,FALSE,52,173889,20210113,OTHER,FALSE
1980,DISTRICT OF COLUMBIA,DC,11,53,55,"HALL, GUS",COMMUNIST PARTY USE,FALSE,369,173889,20210113,OTHER,FALSE
1980,DISTRICT OF COLUMBIA,DC,11,53,55,"REAGAN, RONALD",REPUBLICAN,FALSE,23313,173889,20210113,REPUBLICAN,FALSE
1980,DISTRICT OF COLUMBIA,DC,11,53,55,UNKNOWN/SCATTERING,UNKNOWN,TRUE,690,173889,20210113,OTHER,FALSE
1980,FLORIDA,FL,12,59,43,"ANDERSON, JOHN B.",INDEPENDENT,FALSE,189692,3686927,20210113,OTHER,FALSE
1980,FLORIDA,FL,12,59,43,"CARTER, JIMMY",DEMOCRAT,FALSE,1419475,3686927,20210113,DEMOCRAT,FALSE
1980,FLORIDA,FL,12,59,43,"CLARK, EDWARD ""ED""",LIBERTARIAN,FALSE,30524,3686927,20210113,LIBERTARIAN,FALSE
1980,FLORIDA,FL,12,59,43,"REAGAN, RONALD",REPUBLICAN,FALSE,2046951,3686927,20210113,REPUBLICAN,FALSE
1980,FLORIDA,FL,12,59,43,UNKNOWN/SCATTERING,UNKNOWN,TRUE,285,3686927,20210113,OTHER,FALSE
1980,GEORGIA,GA,13,58,44,"ANDERSON, JOHN B.",INDEPENDENT,FALSE,36055,1596805,20210113,OTHER,FALSE
1980,GEORGIA,GA,13,58,44,"CARTER, JIMMY",DEMOCRAT,FALSE,890955,1596805,20210113,DEMOCRAT,FALSE
1980,GEORGIA,GA,13,58,44,"CLARK, EDWARD ""ED""",LIBERTARIAN,FALSE,15627,1596805,20210113,LIBERTARIAN,FALSE
1980,GEORGIA,GA,13,58,44,"REAGAN, RONALD",REPUBLICAN,FALSE,654168,1596805,20210113,REPUBLICAN,FALSE
1980,HAWAII,HI,15,95,82,"ANDERSON, JOHN B.",INDEPENDENT,FALSE,32021,303287,20210113,OTHER,FALSE
1980,HAWAII,HI,15,95,82,"CARTER, JIMMY",DEMOCRAT,FALSE,135879,303287,20210113,DEMOCRAT,FALSE
1980,HAWAII,HI,15,95,82,"CLARK, EDWARD ""ED""",LIBERTARIAN,FALSE,3269,303287,20210113,LIBERTARIAN,FALSE
1980,HAWAII,HI,15,95,82,"COMMONER, BARRY",CITIZENS,FALSE,1548,303287,20210113,OTHER,FALSE
1980,HAWAII,HI,15,95,82,"HALL, GUS",COMMUNIST PARTY USE,FALSE,458,303287,20210113,OTHER,FALSE
1980,HAWAII,HI,15,95,82,"REAGAN, RONALD",REPUBLICAN,FALSE,130112,303287,20210113,REPUBLICAN,FALSE
1980,IDAHO,ID,16,82,63,"ANDERSON, JOHN B.",INDEPENDENT,FALSE,27058,437431,20210113,OTHER,FALSE
1980,IDAHO,ID,16,82,63,"CARTER, JIMMY",DEMOCRAT,FALSE,110192,437431,20210113,DEMOCRAT,FALSE
1980,IDAHO,ID,16,82,63,"CLARK, EDWARD ""ED""",LIBERTARIAN,FALSE,8425,437431,20210113,LIBERTARIAN,FALSE
1980,IDAHO,ID,16,82,63,"RARICK, JOHN",AMERICAN INDEPENDENT PARTY,FALSE,1057,437431,20210113,OTHER,FALSE
1980,IDAHO,ID,16,82,63,"REAGAN, RONALD",REPUBLICAN,FALSE,290699,437431,20210113,REPUBLICAN,FALSE
1980,ILLINOIS,IL,17,33,21,"ANDERSON, JOHN B.",INDEPENDENT,FALSE,346754,4749721,20210113,OTHER,FALSE
1980,ILLINOIS,IL,17,33,21,"CARTER, JIMMY",DEMOCRAT,FALSE,1981413,4749721,20210113,DEMOCRAT,FALSE
1980,ILLINOIS,IL,17,33,21,"CLARK, EDWARD ""ED""",LIBERTARIAN,FALSE,38939,4749721,20210113,LIBERTARIAN,FALSE
1980,ILLINOIS,IL,17,33,21,"COMMONER, BARRY",CITIZENS,FALSE,10692,4749721,20210113,OTHER,FALSE
1980,ILLINOIS,IL,17,33,21,"DEBERRY, CLIFTON",SOCIALIST WORKERS,FALSE,1302,4749721,20210113,OTHER,FALSE
1980,ILLINOIS,IL,17,33,21,"GRISWOLD, DEIRDRE",WORKERS WORLD,FALSE,2257,4749721,20210113,OTHER,FALSE
1980,ILLINOIS,IL,17,33,21,"HALL, GUS",COMMUNIST PARTY USE,FALSE,9711,4749721,20210113,OTHER,FALSE
1980,ILLINOIS,IL,17,33,21,"REAGAN, RONALD",REPUBLICAN,FALSE,2358049,4749721,20210113,REPUBLICAN,FALSE
1980,ILLINOIS,IL,17,33,21,UNKNOWN/SCATTERING,UNKNOWN,TRUE,604,4749721,20210113,OTHER,FALSE
1980,INDIANA,IN,18,32,22,"ANDERSON, JOHN B.",INDEPENDENT,FALSE,111639,2242033,20210113,OTHER,FALSE
1980,INDIANA,IN,18,32,22,"CARTER, JIMMY",DEMOCRAT,FALSE,844197,2242033,20210113,DEMOCRAT,FALSE
1980,INDIANA,IN,18,32,22,"CLARK, EDWARD ""ED""",LIBERTARIAN,FALSE,19627,2242033,20210113,LIBERTARIAN,FALSE
1980,INDIANA,IN,18,32,22,"COMMONER, BARRY",CITIZENS,FALSE,4852,2242033,20210113,OTHER,FALSE
1980,INDIANA,IN,18,32,22,"DEBERRY, CLIFTON",SOCIALIST WORKERS,FALSE,610,2242033,20210113,OTHER,FALSE
1980,INDIANA,IN,18,32,22,"GREAVES, PERCY L, JR.",AMERICAN,FALSE,4750,2242033,20210113,OTHER,FALSE
1980,INDIANA,IN,18,32,22,"HALL, GUS",COMMUNIST PARTY USE,FALSE,702,2242033,20210113,OTHER,FALSE
1980,INDIANA,IN,18,32,22,"REAGAN, RONALD",REPUBLICAN,FALSE,1255656,2242033,20210113,REPUBLICAN,FALSE
1980,IOWA,IA,19,42,31,"ANDERSON, JOHN B.",NOMINATED BY PETITION,FALSE,115633,1317661,20210113,OTHER,FALSE
1980,IOWA,IA,19,42,31,"BUBAR, BENJAMIN ""BEN""",STATESMAN,FALSE,150,1317661,20210113,OTHER,FALSE
1980,IOWA,IA,19,42,31,"CARTER, JIMMY",DEMOCRAT,FALSE,508672,1317661,20210113,DEMOCRAT,FALSE
1980,IOWA,IA,19,42,31,"CLARK, EDWARD ""ED""",LIBERTARIAN,FALSE,13123,1317661,20210113,LIBERTARIAN,FALSE
1980,IOWA,IA,19,42,31,"COMMONER, BARRY",CITIZENS,FALSE,2273,1317661,20210113,OTHER,FALSE
1980,IOWA,IA,19,42,31,"DEBERRY, CLIFTON",SOCIALIST WORKERS,FALSE,244,1317661,20210113,OTHER,FALSE
1980,IOWA,IA,19,42,31,"GREAVES, PERCY L, JR.",AMERICAN,FALSE,189,1317661,20210113,OTHER,FALSE
1980,IOWA,IA,19,42,31,"HALL, GUS",COMMUNIST PARTY USE,FALSE,298,1317661,20210113,OTHER,FALSE
1980,IOWA,IA,19,42,31,"MCREYNOLDS, DAVID",SOCIALIST,FALSE,534,1317661,20210113,OTHER,FALSE
1980,IOWA,IA,19,42,31,"REAGAN, RONALD",REPUBLICAN,FALSE,676026,1317661,20210113,REPUBLICAN,FALSE
1980,IOWA,IA,19,42,31,UNKNOWN/SCATTERING,UNKNOWN,TRUE,519,1317661,20210113,OTHER,FALSE
1980,KANSAS,KS,20,47,32,"ANDERSON, JOHN B.",INDEPENDENT,FALSE,68231,979795,20210113,OTHER,FALSE
1980,KANSAS,KS,20,47,32,"BUBAR, BENJAMIN ""BEN""",STATESMAN,FALSE,821,979795,20210113,OTHER,FALSE
1980,KANSAS,KS,20,47,32,"CARTER, JIMMY",DEMOCRAT,FALSE,326150,979795,20210113,DEMOCRAT,FALSE
1980,KANSAS,KS,20,47,32,"CLARK, EDWARD ""ED""",LIBERTARIAN,FALSE,14470,979795,20210113,LIBERTARIAN,FALSE
1980,KANSAS,KS,20,47,32,"HALL, GUS",COMMUNIST PARTY USE,FALSE,967,979795,20210113,OTHER,FALSE
1980,KANSAS,KS,20,47,32,"RARICK, JOHN",AMERICAN INDEPENDENT PARTY,FALSE,789,979795,20210113,OTHER,FALSE
1980,KANSAS,KS,20,47,32,"REAGAN, RONALD",REPUBLICAN,FALSE,566812,979795,20210113,REPUBLICAN,FALSE
1980,KANSAS,KS,20,47,32,"SHELTON, FRANK, JR.",AMERICAN,FALSE,1555,979795,20210113,OTHER,FALSE
1980,KENTUCKY,KY,21,61,51,"ANDERSON, JOHN B.",INDEPENDENT,FALSE,31127,1295627,20210113,OTHER,FALSE
1980,KENTUCKY,KY,21,61,51,"CARTER, JIMMY",DEMOCRAT,FALSE,617417,1295627,20210113,DEMOCRAT,FALSE
1980,KENTUCKY,KY,21,61,51,"CLARK, EDWARD ""ED""",LIBERTARIAN,FALSE,5531,1295627,20210113,LIBERTARIAN,FALSE
1980,KENTUCKY,KY,21,61,51,"COMMONER, BARRY",CITIZENS,FALSE,1304,1295627,20210113,OTHER,FALSE
1980,KENTUCKY,KY,21,61,51,"HALL, GUS",COMMUNIST PARTY USE,FALSE,348,1295627,20210113,OTHER,FALSE
1980,KENTUCKY,KY,21,61,51,"MCCORMACK, ELLEN",RESPECT FOR LIFE,FALSE,4233,1295627,20210113,OTHER,FALSE
1980,KENTUCKY,KY,21,61,51,"PULLEY, ANDREW",SOCIALIST WORKERS,FALSE,393,1295627,20210113,OTHER,FALSE
1980,KENTUCKY,KY,21,61,51,"REAGAN, RONALD",REPUBLICAN,FALSE,635274,1295627,20210113,REPUBLICAN,FALSE
1980,LOUISIANA,LA,22,72,45,"ANDERSON, JOHN B.",INDEPENDENT,FALSE,26345,1548591,20210113,OTHER,FALSE
1980,LOUISIANA,LA,22,72,45,"CARTER, JIMMY",DEMOCRAT,FALSE,708453,1548591,20210113,DEMOCRAT,FALSE
1980,LOUISIANA,LA,22,72,45,"CLARK, EDWARD ""ED""",LIBERTARIAN,FALSE,8240,1548591,20210113,LIBERTARIAN,FALSE
1980,LOUISIANA,LA,22,72,45,"COMMONER, BARRY",CITIZENS,FALSE,1584,1548591,20210113,OTHER,FALSE
1980,LOUISIANA,LA,22,72,45,"DEBERRY, CLIFTON",SOCIALIST WORKERS,FALSE,783,1548591,20210113,OTHER,FALSE
1980,LOUISIANA,LA,22,72,45,"RARICK, JOHN",AMERICAN INDEPENDENT PARTY,FALSE,10333,1548591,20210113,OTHER,FALSE
1980,LOUISIANA,LA,22,72,45,"REAGAN, RONALD",REPUBLICAN,FALSE,792853,1548591,20210113,REPUBLICAN,FALSE
1980,MAINE,ME,23,11,2,"ANDERSON, JOHN B.",INDEPENDENT,FALSE,53327,523011,20210113,OTHER,FALSE
1980,MAINE,ME,23,11,2,"CARTER, JIMMY",DEMOCRAT,FALSE,220974,523011,20210113,DEMOCRAT,FALSE
1980,MAINE,ME,23,11,2,"CLARK, EDWARD ""ED""",LIBERTARIAN,FALSE,5119,523011,20210113,LIBERTARIAN,FALSE
1980,MAINE,ME,23,11,2,"COMMONER, BARRY",CITIZENS,FALSE,4394,523011,20210113,OTHER,FALSE
1980,MAINE,ME,23,11,2,"HALL, GUS",COMMUNIST PARTY USE,FALSE,591,523011,20210113,OTHER,FALSE
1980,MAINE,ME,23,11,2,"REAGAN, RONALD",REPUBLICAN,FALSE,238522,523011,20210113,REPUBLICAN,FALSE
1980,MAINE,ME,23,11,2,UNKNOWN/SCATTERING,UNKNOWN,TRUE,84,523011,20210113,OTHER,FALSE
1980,MARYLAND,MD,24,52,52,"ANDERSON, JOHN B.",INDEPENDENT,FALSE,119537,1540496,20210113,OTHER,FALSE
1980,MARYLAND,MD,24,52,52,"CARTER, JIMMY",DEMOCRAT,FALSE,726161,1540496,20210113,DEMOCRAT,FALSE
1980,MARYLAND,MD,24,52,52,"CLARK, EDWARD ""ED""",LIBERTARIAN,FALSE,14192,1540496,20210113,LIBERTARIAN,FALSE
1980,MARYLAND,MD,24,52,52,"REAGAN, RONALD",REPUBLICAN,FALSE,680606,1540496,20210113,REPUBLICAN,FALSE
1980,MASSACHUSETTS,MA,25,14,3,"ANDERSON, JOHN B.",INDEPENDENT,FALSE,382539,2524090,20210113,OTHER,FALSE
1980,MASSACHUSETTS,MA,25,14,3,"CARTER, JIMMY",DEMOCRAT,FALSE,1053802,2524090,20210113,DEMOCRAT,FALSE
1980,MASSACHUSETTS,MA,25,14,3,"CLARK, EDWARD ""ED""",LIBERTARIAN,FALSE,22038,2524090,20210113,LIBERTARIAN,FALSE
1980,MASSACHUSETTS,MA,25,14,3,"COMMONER, BARRY",CITIZENS,FALSE,2056,2524090,20210113,OTHER,FALSE
1980,MASSACHUSETTS,MA,25,14,3,"DEBERRY, CLIFTON",SOCIALIST WORKERS,FALSE,3735,2524090,20210113,OTHER,FALSE
1980,MASSACHUSETTS,MA,25,14,3,"REAGAN, RONALD",REPUBLICAN,FALSE,1057631,2524090,20210113,REPUBLICAN,FALSE
1980,MASSACHUSETTS,MA,25,14,3,UNKNOWN/SCATTERING,UNKNOWN,TRUE,2289,2524090,20210113,OTHER,FALSE
1980,MICHIGAN,MI,26,34,23,"ANDERSON, JOHN B.",INDEPENDENT,FALSE,275223,3909725,20210113,OTHER,FALSE
1980,MICHIGAN,MI,26,34,23,"CARTER, JIMMY",DEMOCRAT,FALSE,1661532,3909725,20210113,DEMOCRAT,FALSE
1980,MICHIGAN,MI,26,34,23,"CLARK, EDWARD ""ED""",LIBERTARIAN,FALSE,41597,3909725,20210113,LIBERTARIAN,FALSE
1980,MICHIGAN,MI,26,34,23,"COMMONER, BARRY",CITIZENS,FALSE,11930,3909725,20210113,OTHER,FALSE
1980,MICHIGAN,MI,26,34,23,"HALL, GUS",COMMUNIST PARTY USE,FALSE,3262,3909725,20210113,OTHER,FALSE
1980,MICHIGAN,MI,26,34,23,"REAGAN, RONALD",REPUBLICAN,FALSE,1915225,3909725,20210113,REPUBLICAN,FALSE
1980,MICHIGAN,MI,26,34,23,UNKNOWN/SCATTERING,UNKNOWN,TRUE,956,3909725,20210113,OTHER,FALSE
1980,MINNESOTA,MN,27,41,33,"ANDERSON, JOHN B.",INDEPENDENT,FALSE,174997,2051916,20210113,OTHER,FALSE
1980,MINNESOTA,MN,27,41,33,"CARTER, JIMMY",DEMOCRAT,FALSE,954173,2051916,20210113,DEMOCRAT,FALSE
1980,MINNESOTA,MN,27,41,33,"CLARK, EDWARD ""ED""",LIBERTARIAN,FALSE,31593,2051916,20210113,LIBERTARIAN,FALSE
1980,MINNESOTA,MN,27,41,33,"COMMONER, BARRY",CITIZENS,FALSE,8406,2051916,20210113,OTHER,FALSE
1980,MINNESOTA,MN,27,41,33,"DEBERRY, CLIFTON",SOCIALIST WORKERS,FALSE,711,2051916,20210113,OTHER,FALSE
1980,MINNESOTA,MN,27,41,33,"GRISWOLD, DEIRDRE",WORKERS WORLD,FALSE,698,2051916,20210113,OTHER,FALSE
1980,MINNESOTA,MN,27,41,33,"HALL, GUS",COMMUNIST PARTY USE,FALSE,1117,2051916,20210113,OTHER,FALSE
1980,MINNESOTA,MN,27,41,33,"MCREYNOLDS, DAVID",SOCIALIST,FALSE,536,2051916,20210113,OTHER,FALSE
1980,MINNESOTA,MN,27,41,33,"REAGAN, RONALD",REPUBLICAN,FALSE,873268,2051916,20210113,REPUBLICAN,FALSE
1980,MINNESOTA,MN,27,41,33,UNKNOWN/SCATTERING,AMERICAN,FALSE,6136,2051916,20210113,OTHER,FALSE
1980,MINNESOTA,MN,27,41,33,UNKNOWN/SCATTERING,UNKNOWN,TRUE,281,2051916,20210113,OTHER,FALSE
1980,MISSISSIPPI,MS,28,64,46,"ANDERSON, JOHN B.",INDEPENDENT,FALSE,12036,891750,20210113,OTHER,FALSE
1980,MISSISSIPPI,MS,28,64,46,"CARTER, JIMMY",DEMOCRAT,FALSE,429281,891750,20210113,DEMOCRAT,FALSE
1980,MISSISSIPPI,MS,28,64,46,"CLARK, EDWARD ""ED""",LIBERTARIAN,FALSE,4702,891750,20210113,LIBERTARIAN,FALSE
1980,MISSISSIPPI,MS,28,64,46,"GRISWOLD, DEIRDRE",WORKERS WORLD,FALSE,2402,891750,20210113,OTHER,FALSE
1980,MISSISSIPPI,MS,28,64,46,"PULLEY, ANDREW",SOCIALIST WORKERS,FALSE,2240,891750,20210113,OTHER,FALSE
1980,MISSISSIPPI,MS,28,64,46,"REAGAN, RONALD",REPUBLICAN,FALSE,441089,891750,20210113,REPUBLICAN,FALSE
1980,MISSOURI,MO,29,43,34,"ANDERSON, JOHN B.",INDEPENDENT,FALSE,77920,2099824,20210113,OTHER,FALSE
1980,MISSOURI,MO,29,43,34,"CARTER, JIMMY",DEMOCRAT,FALSE,931182,2099824,20210113,DEMOCRAT,FALSE
1980,MISSOURI,MO,29,43,34,"CLARK, EDWARD ""ED""",LIBERTARIAN,FALSE,14422,2099824,20210113,LIBERTARIAN,FALSE
1980,MISSOURI,MO,29,43,34,"DEBERRY, CLIFTON",SOCIALIST WORKERS,FALSE,1515,2099824,20210113,OTHER,FALSE
1980,MISSOURI,MO,29,43,34,"REAGAN, RONALD",REPUBLICAN,FALSE,1074181,2099824,20210113,REPUBLICAN,FALSE
1980,MISSOURI,MO,29,43,34,UNKNOWN/SCATTERING,UNKNOWN,TRUE,604,2099824,20210113,OTHER,FALSE
1980,MONTANA,MT,30,81,64,"ANDERSON, JOHN B.",INDEPENDENT,FALSE,29281,363952,20210113,OTHER,FALSE
1980,MONTANA,MT,30,81,64,"CARTER, JIMMY",DEMOCRAT,FALSE,118032,363952,20210113,DEMOCRAT,FALSE
1980,MONTANA,MT,30,81,64,"CLARK, EDWARD ""ED""",LIBERTARIAN,FALSE,9825,363952,20210113,LIBERTARIAN,FALSE
1980,MONTANA,MT,30,81,64,"REAGAN, RONALD",REPUBLICAN,FALSE,206814,363952,20210113,REPUBLICAN,FALSE
1980,NEBRASKA,NE,31,46,35,"ANDERSON, JOHN B.",INDEPENDENT,FALSE,44854,639533,20210113,OTHER,FALSE
1980,NEBRASKA,NE,31,46,35,"CARTER, JIMMY",DEMOCRAT,FALSE,166424,639533,20210113,DEMOCRAT,FALSE
1980,NEBRASKA,NE,31,46,35,"CLARK, EDWARD ""ED""",LIBERTARIAN,FALSE,9041,639533,20210113,LIBERTARIAN,FALSE
1980,NEBRASKA,NE,31,46,35,"REAGAN, RONALD",REPUBLICAN,FALSE,419214,639533,20210113,REPUBLICAN,FALSE
1980,NEVADA,NV,32,88,65,"ANDERSON, JOHN B.",INDEPENDENT,FALSE,17651,243692,20210113,OTHER,FALSE
1980,NEVADA,NV,32,88,65,"CARTER, JIMMY",DEMOCRAT,FALSE,66666,243692,20210113,DEMOCRAT,FALSE
1980,NEVADA,NV,32,88,65,"CLARK, EDWARD ""ED""",LIBERTARIAN,FALSE,4358,243692,20210113,LIBERTARIAN,FALSE
1980,NEVADA,NV,32,88,65,"REAGAN, RONALD",REPUBLICAN,FALSE,155017,243692,20210113,REPUBLICAN,FALSE
1980,NEW HAMPSHIRE,NH,33,12,4,"ANDERSON, JOHN B.",INDEPENDENT,FALSE,49693,383990,20210113,OTHER,FALSE
1980,NEW HAMPSHIRE,NH,33,12,4,"CARTER, JIMMY",DEMOCRAT,FALSE,108864,383990,20210113,DEMOCRAT,FALSE
1980,NEW HAMPSHIRE,NH,33,12,4,"CLARK, EDWARD ""ED""",LIBERTARIAN,FALSE,2064,383990,20210113,LIBERTARIAN,FALSE
1980,NEW HAMPSHIRE,NH,33,12,4,"COMMONER, BARRY",CITIZENS,FALSE,1320,383990,20210113,OTHER,FALSE
1980,NEW HAMPSHIRE,NH,33,12,4,"DEBERRY, CLIFTON",SOCIALIST WORKERS,FALSE,71,383990,20210113,OTHER,FALSE
1980,NEW HAMPSHIRE,NH,33,12,4,"GRISWOLD, DEIRDRE",WORKERS WORLD,FALSE,76,383990,20210113,OTHER,FALSE
1980,NEW HAMPSHIRE,NH,33,12,4,"HALL, GUS",COMMUNIST PARTY USE,FALSE,129,383990,20210113,OTHER,FALSE
1980,NEW HAMPSHIRE,NH,33,12,4,"REAGAN, RONALD",REPUBLICAN,FALSE,221705,383990,20210113,REPUBLICAN,FALSE
1980,NEW HAMPSHIRE,NH,33,12,4,UNKNOWN/SCATTERING,UNKNOWN,TRUE,68,383990,20210113,OTHER,FALSE
1980,NEW JERSEY,NJ,34,22,12,"ANDERSON, JOHN B.",INDEPENDENT,FALSE,234632,2975684,20210113,OTHER,FALSE
1980,NEW JERSEY,NJ,34,22,12,"CARTER, JIMMY",DEMOCRAT,FALSE,1147364,2975684,20210113,DEMOCRAT,FALSE
1980,NEW JERSEY,NJ,34,22,12,"CLARK, EDWARD ""ED""",LIBERTARIAN,FALSE,20652,2975684,20210113,LIBERTARIAN,FALSE
1980,NEW JERSEY,NJ,34,22,12,"COMMONER, BARRY",CITIZENS,FALSE,8203,2975684,20210113,OTHER,FALSE
1980,NEW JERSEY,NJ,34,22,12,"GAHRES, WILLIAM ""BILL""",DOWN WITH LAWYERS,FALSE,1718,2975684,20210113,OTHER,FALSE
1980,NEW JERSEY,NJ,34,22,12,"GRISWOLD, DEIRDRE",WORKERS WORLD,FALSE,1288,2975684,20210113,OTHER,FALSE
1980,NEW JERSEY,NJ,34,22,12,"HALL, GUS",COMMUNIST PARTY USE,FALSE,2555,2975684,20210113,OTHER,FALSE
1980,NEW JERSEY,NJ,34,22,12,"LYNEN, KURT",MIDDLE CLASS CANDIDATE,FALSE,3694,2975684,20210113,OTHER,FALSE
1980,NEW JERSEY,NJ,34,22,12,"MCCORMACK, ELLEN",RIGHT-TO-LIFE,FALSE,3927,2975684,20210113,OTHER,FALSE
1980,NEW JERSEY,NJ,34,22,12,"MCREYNOLDS, DAVID",SOCIALIST,FALSE,1973,2975684,20210113,OTHER,FALSE
1980,NEW JERSEY,NJ,34,22,12,"PULLEY, ANDREW",SOCIALIST WORKERS,FALSE,2198,2975684,20210113,OTHER,FALSE
1980,NEW JERSEY,NJ,34,22,12,"REAGAN, RONALD",REPUBLICAN,FALSE,1546557,2975684,20210113,REPUBLICAN,FALSE
1980,NEW JERSEY,NJ,34,22,12,"WENDELKEN, MARTIN E.",INDEPENDENT,FALSE,923,2975684,20210113,OTHER,FALSE
1980,NEW MEXICO,NM,35,85,66,"ANDERSON, JOHN B.",INDEPENDENT,FALSE,29459,456237,20210113,OTHER,FALSE
1980,NEW MEXICO,NM,35,85,66,"BUBAR, BENJAMIN ""BEN""",STATESMAN,FALSE,1281,456237,20210113,OTHER,FALSE
1980,NEW MEXICO,NM,35,85,66,"CARTER, JIMMY",DEMOCRAT,FALSE,167826,456237,20210113,DEMOCRAT,FALSE
1980,NEW MEXICO,NM,35,85,66,"CLARK, EDWARD ""ED""",LIBERTARIAN,FALSE,4365,456237,20210113,LIBERTARIAN,FALSE
1980,NEW MEXICO,NM,35,85,66,"COMMONER, BARRY",CITIZENS,FALSE,2202,456237,20210113,OTHER,FALSE
1980,NEW MEXICO,NM,35,85,66,"PULLEY, ANDREW",SOCIALIST WORKERS,FALSE,325,456237,20210113,OTHER,FALSE
1980,NEW MEXICO,NM,35,85,66,"REAGAN, RONALD",REPUBLICAN,FALSE,250779,456237,20210113,REPUBLICAN,FALSE
1980,NEW YORK,NY,36,21,13,"ANDERSON, JOHN B.",LIBERAL PARTY,FALSE,467801,6201959,20210113,OTHER,FALSE
1980,NEW YORK,NY,36,21,13,"CARTER, JIMMY",DEMOCRAT,FALSE,2728372,6201959,20210113,DEMOCRAT,FALSE
1980,NEW YORK,NY,36,21,13,"CLARK, EDWARD ""ED""",FREE LIBERTARIAN,FALSE,52648,6201959,20210113,OTHER,FALSE
1980,NEW YORK,NY,36,21,13,"COMMONER, BARRY",CITIZENS,FALSE,23186,6201959,20210113,OTHER,FALSE
1980,NEW YORK,NY,36,21,13,"DEBERRY, CLIFTON",SOCIALIST WORKERS,FALSE,2068,6201959,20210113,OTHER,FALSE
1980,NEW YORK,NY,36,21,13,"GRISWOLD, DEIRDRE",WORKERS WORLD,FALSE,1416,6201959,20210113,OTHER,FALSE
1980,NEW YORK,NY,36,21,13,"HALL, GUS",COMMUNIST PARTY USE,FALSE,7414,6201959,20210113,OTHER,FALSE
1980,NEW YORK,NY,36,21,13,"MCCORMACK, ELLEN",RIGHT-TO-LIFE,FALSE,24159,6201959,20210113,OTHER,FALSE
1980,NEW YORK,NY,36,21,13,"REAGAN, RONALD",REPUBLICAN,FALSE,2637700,6201959,20210113,REPUBLICAN,FALSE
1980,NEW YORK,NY,36,21,13,"REAGAN, RONALD",CONSERVATIVE,FALSE,256131,6201959,20210113,OTHER,FALSE
1980,NEW YORK,NY,36,21,13,UNKNOWN/SCATTERING,UNKNOWN,TRUE,1064,6201959,20210113,OTHER,FALSE
1980,NORTH CAROLINA,NC,37,56,47,"ANDERSON, JOHN B.",INDEPENDENT,FALSE,52800,1855833,20210113,OTHER,FALSE
1980,NORTH CAROLINA,NC,37,56,47,"CARTER, JIMMY",DEMOCRAT,FALSE,875635,1855833,20210113,DEMOCRAT,FALSE
1980,NORTH CAROLINA,NC,37,56,47,"CLARK, EDWARD ""ED""",LIBERTARIAN,FALSE,9677,1855833,20210113,LIBERTARIAN,FALSE
1980,NORTH CAROLINA,NC,37,56,47,"COMMONER, BARRY",CITIZENS,FALSE,2287,1855833,20210113,OTHER,FALSE
1980,NORTH CAROLINA,NC,37,56,47,"DEBERRY, CLIFTON",SOCIALIST WORKERS,FALSE,416,1855833,20210113,OTHER,FALSE
1980,NORTH CAROLINA,NC,37,56,47,"REAGAN, RONALD",REPUBLICAN,FALSE,915018,1855833,20210113,REPUBLICAN,FALSE
1980,NORTH DAKOTA,ND,38,44,36,"ANDERSON, JOHN B.",INDEPENDENT,FALSE,23640,301116,20210113,OTHER,FALSE
1980,NORTH DAKOTA,ND,38,44,36,"BUBAR, BENJAMIN ""BEN""",STATESMAN,FALSE,54,301116,20210113,OTHER,FALSE
1980,NORTH DAKOTA,ND,38,44,36,"CARTER, JIMMY",DEMOCRAT,FALSE,79189,301116,20210113,DEMOCRAT,FALSE
1980,NORTH DAKOTA,ND,38,44,36,"CLARK, EDWARD ""ED""",LIBERTARIAN,FALSE,3743,301116,20210113,LIBERTARIAN,FALSE
1980,NORTH DAKOTA,ND,38,44,36,"DEBERRY, CLIFTON",SOCIALIST WORKERS,FALSE,89,301116,20210113,OTHER,FALSE
1980,NORTH DAKOTA,ND,38,44,36,"GREAVES, PERCY L, JR.",AMERICAN,FALSE,235,301116,20210113,OTHER,FALSE
1980,NORTH DAKOTA,ND,38,44,36,"HALL, GUS",COMMUNIST PARTY USE,FALSE,93,301116,20210113,OTHER,FALSE
1980,NORTH DAKOTA,ND,38,44,36,"MCLAIN, HARLEY",NATURAL PEOPLE'S LEAGUE,FALSE,296,301116,20210113,OTHER,FALSE
1980,NORTH DAKOTA,ND,38,44,36,"MCREYNOLDS, DAVID",SOCIALIST,FALSE,82,301116,20210113,OTHER,FALSE
1980,NORTH DAKOTA,ND,38,44,36,"REAGAN, RONALD",REPUBLICAN,FALSE,193695,301116,20210113,REPUBLICAN,FALSE
1980,OHIO,OH,39,31,24,"ANDERSON, JOHN B.",INDEPENDENT,FALSE,254472,4283603,20210113,OTHER,FALSE
1980,OHIO,OH,39,31,24,"BUBAR, BENJAMIN ""BEN""",STATESMAN,FALSE,27,4283603,20210113,OTHER,FALSE
1980,OHIO,OH,39,31,24,"CARTER, JIMMY",DEMOCRAT,FALSE,1752414,4283603,20210113,DEMOCRAT,FALSE
1980,OHIO,OH,39,31,24,"CLARK, EDWARD ""ED""",LIBERTARIAN,FALSE,49033,4283603,20210113,LIBERTARIAN,FALSE
1980,OHIO,OH,39,31,24,"COMMONER, BARRY",CITIZENS,FALSE,8564,4283603,20210113,OTHER,FALSE
1980,OHIO,OH,39,31,24,"CONGRESS, RICHARD",SOCIALIST WORKERS,FALSE,4029,4283603,20210113,OTHER,FALSE
1980,OHIO,OH,39,31,24,"GRISWOLD, DEIRDRE",WORKERS WORLD,FALSE,3790,4283603,20210113,OTHER,FALSE
1980,OHIO,OH,39,31,24,"HALL, GUS",COMMUNIST PARTY USE,FALSE,4729,4283603,20210113,OTHER,FALSE
1980,OHIO,OH,39,31,24,"REAGAN, RONALD",REPUBLICAN,FALSE,2206545,4283603,20210113,REPUBLICAN,FALSE
1980,OKLAHOMA,OK,40,73,53,"ANDERSON, JOHN B.",INDEPENDENT,FALSE,38284,1149708,20210113,OTHER,FALSE
1980,OKLAHOMA,OK,40,73,53,"CARTER, JIMMY",DEMOCRAT,FALSE,402026,1149708,20210113,DEMOCRAT,FALSE
1980,OKLAHOMA,OK,40,73,53,"CLARK, EDWARD ""ED""",LIBERTARIAN,FALSE,13828,1149708,20210113,LIBERTARIAN,FALSE
1980,OKLAHOMA,OK,40,73,53,"REAGAN, RONALD",REPUBLICAN,FALSE,695570,1149708,20210113,REPUBLICAN,FALSE
1980,OREGON,OR,41,92,72,"ANDERSON, JOHN B.",INDEPENDENT,FALSE,112389,1181516,20210113,OTHER,FALSE
1980,OREGON,OR,41,92,72,"CARTER, JIMMY",DEMOCRAT,FALSE,456890,1181516,20210113,DEMOCRAT,FALSE
1980,OREGON,OR,41,92,72,"CLARK, EDWARD ""ED""",LIBERTARIAN,FALSE,25838,1181516,20210113,LIBERTARIAN,FALSE
1980,OREGON,OR,41,92,72,"COMMONER, BARRY",CITIZENS,FALSE,13642,1181516,20210113,OTHER,FALSE
1980,OREGON,OR,41,92,72,"REAGAN, RONALD",REPUBLICAN,FALSE,571044,1181516,20210113,REPUBLICAN,FALSE
1980,OREGON,OR,41,92,72,UNKNOWN/SCATTERING,UNKNOWN,TRUE,1713,1181516,20210113,OTHER,FALSE
1980,PENNSYLVANIA,PA,42,23,14,"ANDERSON, JOHN B.",INDEPENDENT,FALSE,292921,4561501,20210113,OTHER,FALSE
1980,PENNSYLVANIA,PA,42,23,14,"CARTER, JIMMY",DEMOCRAT,FALSE,1937540,4561501,20210113,DEMOCRAT,FALSE
1980,PENNSYLVANIA,PA,42,23,14,"CLARK, EDWARD ""ED""",LIBERTARIAN,FALSE,33263,4561501,20210113,LIBERTARIAN,FALSE
1980,PENNSYLVANIA,PA,42,23,14,"COMMONER, BARRY",CITIZENS,FALSE,10430,4561501,20210113,OTHER,FALSE
1980,PENNSYLVANIA,PA,42,23,14,"DEBERRY, CLIFTON",SOCIALIST WORKERS,FALSE,20291,4561501,20210113,OTHER,FALSE
1980,PENNSYLVANIA,PA,42,23,14,"HALL, GUS",COMMUNIST PARTY USE,FALSE,5184,4561501,20210113,OTHER,FALSE
1980,PENNSYLVANIA,PA,42,23,14,"REAGAN, RONALD",REPUBLICAN,FALSE,2261872,4561501,20210113,REPUBLICAN,FALSE
1980,RHODE ISLAND,RI,44,15,5,"ANDERSON, JOHN B.",INDEPENDENT,FALSE,59819,415967,20210113,OTHER,FALSE
1980,RHODE ISLAND,RI,44,15,5,"CARTER, JIMMY",DEMOCRAT,FALSE,198342,415967,20210113,DEMOCRAT,FALSE
1980,RHODE ISLAND,RI,44,15,5,"CLARK, EDWARD ""ED""",LIBERTARIAN,FALSE,2458,415967,20210113,LIBERTARIAN,FALSE
1980,RHODE ISLAND,RI,44,15,5,"DEBERRY, CLIFTON",SOCIALIST WORKERS,FALSE,90,415967,20210113,OTHER,FALSE
1980,RHODE ISLAND,RI,44,15,5,"GRISWOLD, DEIRDRE",WORKERS WORLD,FALSE,77,415967,20210113,OTHER,FALSE
1980,RHODE ISLAND,RI,44,15,5,"HALL, GUS",COMMUNIST PARTY USE,FALSE,218,415967,20210113,OTHER,FALSE
1980,RHODE ISLAND,RI,44,15,5,"MCREYNOLDS, DAVID",SOCIALIST,FALSE,170,415967,20210113,OTHER,FALSE
1980,RHODE ISLAND,RI,44,15,5,"REAGAN, RONALD",REPUBLICAN,FALSE,154793,415967,20210113,REPUBLICAN,FALSE
1980,SOUTH CAROLINA,SC,45,57,48,"ANDERSON, JOHN B.",INDEPENDENT,FALSE,13868,888258,20210113,OTHER,FALSE
1980,SOUTH CAROLINA,SC,45,57,48,"CARTER, JIMMY",DEMOCRAT,FALSE,428220,888258,20210113,DEMOCRAT,FALSE
1980,SOUTH CAROLINA,SC,45,57,48,"CLARK, EDWARD ""ED""",LIBERTARIAN,FALSE,4807,888258,20210113,LIBERTARIAN,FALSE
1980,SOUTH CAROLINA,SC,45,57,48,"RARICK, JOHN",AMERICAN INDEPENDENT PARTY,FALSE,2086,888258,20210113,OTHER,FALSE
1980,SOUTH CAROLINA,SC,45,57,48,"REAGAN, RONALD",REPUBLICAN,FALSE,439277,888258,20210113,REPUBLICAN,FALSE
1980,SOUTH DAKOTA,SD,46,45,37,"ANDERSON, JOHN B.",INDEPENDENT,FALSE,21431,327703,20210113,OTHER,FALSE
1980,SOUTH DAKOTA,SD,46,45,37,"CARTER, JIMMY",DEMOCRAT,FALSE,103855,327703,20210113,DEMOCRAT,FALSE
1980,SOUTH DAKOTA,SD,46,45,37,"CLARK, EDWARD ""ED""",LIBERTARIAN,FALSE,3824,327703,20210113,LIBERTARIAN,FALSE
1980,SOUTH DAKOTA,SD,46,45,37,"PULLEY, ANDREW",SOCIALIST WORKERS,FALSE,250,327703,20210113,OTHER,FALSE
1980,SOUTH DAKOTA,SD,46,45,37,"REAGAN, RONALD",REPUBLICAN,FALSE,198343,327703,20210113,REPUBLICAN,FALSE
1980,TENNESSEE,TN,47,62,54,"ANDERSON, JOHN B.",INDEPENDENT,FALSE,35991,1617616,20210113,OTHER,FALSE
1980,TENNESSEE,TN,47,62,54,"BUBAR, BENJAMIN ""BEN""",STATESMAN,FALSE,521,1617616,20210113,OTHER,FALSE
1980,TENNESSEE,TN,47,62,54,"CARTER, JIMMY",DEMOCRAT,FALSE,783051,1617616,20210113,DEMOCRAT,FALSE
1980,TENNESSEE,TN,47,62,54,"CLARK, EDWARD ""ED""",LIBERTARIAN,FALSE,7116,1617616,20210113,LIBERTARIAN,FALSE
1980,TENNESSEE,TN,47,62,54,"COMMONER, BARRY",CITIZENS,FALSE,1112,1617616,20210113,OTHER,FALSE
1980,TENNESSEE,TN,47,62,54,"DEBERRY, CLIFTON",SOCIALIST WORKERS,FALSE,490,1617616,20210113,OTHER,FALSE
1980,TENNESSEE,TN,47,62,54,"GRISWOLD, DEIRDRE",WORKERS WORLD,FALSE,400,1617616,20210113,OTHER,FALSE
1980,TENNESSEE,TN,47,62,54,"HALL, GUS",COMMUNIST PARTY USE,FALSE,503,1617616,20210113,OTHER,FALSE
1980,TENNESSEE,TN,47,62,54,"MCREYNOLDS, DAVID",SOCIALIST,FALSE,519,1617616,20210113,OTHER,FALSE
1980,TENNESSEE,TN,47,62,54,"REAGAN, RONALD",REPUBLICAN,FALSE,787761,1617616,20210113,REPUBLICAN,FALSE
1980,TENNESSEE,TN,47,62,54,UNKNOWN/SCATTERING,UNKNOWN,TRUE,152,1617616,20210113,OTHER,FALSE
1980,TEXAS,TX,48,74,49,"ANDERSON, JOHN B.",INDEPENDENT,FALSE,111613,4541636,20210113,OTHER,FALSE
1980,TEXAS,TX,48,74,49,"CARTER, JIMMY",DEMOCRAT,FALSE,1881147,4541636,20210113,DEMOCRAT,FALSE
1980,TEXAS,TX,48,74,49,"CLARK, EDWARD ""ED""",LIBERTARIAN,FALSE,37643,4541636,20210113,LIBERTARIAN,FALSE
1980,TEXAS,TX,48,74,49,"REAGAN, RONALD",REPUBLICAN,FALSE,2510705,4541636,20210113,REPUBLICAN,FALSE
1980,TEXAS,TX,48,74,49,UNKNOWN/SCATTERING,UNKNOWN,TRUE,528,4541636,20210113,OTHER,FALSE
1980,UTAH,UT,49,87,67,"ANDERSON, JOHN B.",INDEPENDENT,FALSE,30284,604152,20210113,OTHER,FALSE
1980,UTAH,UT,49,87,67,"CARTER, JIMMY",DEMOCRAT,FALSE,124266,604152,20210113,DEMOCRAT,FALSE
1980,UTAH,UT,49,87,67,"CLARK, EDWARD ""ED""",LIBERTARIAN,FALSE,7156,604152,20210113,LIBERTARIAN,FALSE
1980,UTAH,UT,49,87,67,"COMMONER, BARRY",CITIZENS,FALSE,1009,604152,20210113,OTHER,FALSE
1980,UTAH,UT,49,87,67,"DEBERRY, CLIFTON",SOCIALIST WORKERS,FALSE,124,604152,20210113,OTHER,FALSE
1980,UTAH,UT,49,87,67,"GREAVES, PERCY L, JR.",AMERICAN,FALSE,965,604152,20210113,OTHER,FALSE
1980,UTAH,UT,49,87,67,"HALL, GUS",COMMUNIST PARTY USE,FALSE,139,604152,20210113,OTHER,FALSE
1980,UTAH,UT,49,87,67,"RARICK, JOHN",AMERICAN INDEPENDENT PARTY,FALSE,522,604152,20210113,OTHER,FALSE
1980,UTAH,UT,49,87,67,"REAGAN, RONALD",REPUBLICAN,FALSE,439687,604152,20210113,REPUBLICAN,FALSE
1980,VERMONT,VT,50,13,6,"ANDERSON, JOHN B.",INDEPENDENT,FALSE,31761,213299,20210113,OTHER,FALSE
1980,VERMONT,VT,50,13,6,"CARTER, JIMMY",DEMOCRAT,FALSE,81952,213299,20210113,DEMOCRAT,FALSE
1980,VERMONT,VT,50,13,6,"CLARK, EDWARD ""ED""",LIBERTARIAN,FALSE,1900,213299,20210113,LIBERTARIAN,FALSE
1980,VERMONT,VT,50,13,6,"COMMONER, BARRY",CITIZENS,FALSE,2316,213299,20210113,OTHER,FALSE
1980,VERMONT,VT,50,13,6,"DEBERRY, CLIFTON",SOCIALIST WORKERS,FALSE,75,213299,20210113,OTHER,FALSE
1980,VERMONT,VT,50,13,6,"HALL, GUS",COMMUNIST PARTY USE,FALSE,118,213299,20210113,OTHER,FALSE
1980,VERMONT,VT,50,13,6,"MCREYNOLDS, DAVID",SOCIALIST,FALSE,136,213299,20210113,OTHER,FALSE
1980,VERMONT,VT,50,13,6,"REAGAN, RONALD",REPUBLICAN,FALSE,94628,213299,20210113,REPUBLICAN,FALSE
1980,VERMONT,VT,50,13,6,UNKNOWN/SCATTERING,UNKNOWN,TRUE,413,213299,20210113,OTHER,FALSE
1980,VIRGINIA,VA,51,54,40,"ANDERSON, JOHN B.",INDEPENDENT,FALSE,95418,1866032,20210113,OTHER,FALSE
1980,VIRGINIA,VA,51,54,40,"CARTER, JIMMY",DEMOCRAT,FALSE,752174,1866032,20210113,DEMOCRAT,FALSE
1980,VIRGINIA,VA,51,54,40,"CLARK, EDWARD ""ED""",LIBERTARIAN,FALSE,12821,1866032,20210113,LIBERTARIAN,FALSE
1980,VIRGINIA,VA,51,54,40,"COMMONER, BARRY",CITIZENS,FALSE,14024,1866032,20210113,OTHER,FALSE
1980,VIRGINIA,VA,51,54,40,"DEBERRY, CLIFTON",SOCIALIST WORKERS,FALSE,1986,1866032,20210113,OTHER,FALSE
1980,VIRGINIA,VA,51,54,40,"REAGAN, RONALD",REPUBLICAN,FALSE,989609,1866032,20210113,REPUBLICAN,FALSE
1980,WASHINGTON,WA,53,91,73,"ANDERSON, JOHN B.",INDEPENDENT,FALSE,185073,1742394,20210113,OTHER,FALSE
1980,WASHINGTON,WA,53,91,73,"CARTER, JIMMY",DEMOCRAT,FALSE,650193,1742394,20210113,DEMOCRAT,FALSE
1980,WASHINGTON,WA,53,91,73,"CLARK, EDWARD ""ED""",LIBERTARIAN,FALSE,29213,1742394,20210113,LIBERTARIAN,FALSE
1980,WASHINGTON,WA,53,91,73,"COMMONER, BARRY",CITIZENS,FALSE,9403,1742394,20210113,OTHER,FALSE
1980,WASHINGTON,WA,53,91,73,"DEBERRY, CLIFTON",SOCIALIST WORKERS,FALSE,1137,1742394,20210113,OTHER,FALSE
1980,WASHINGTON,WA,53,91,73,"GRISWOLD, DEIRDRE",WORKERS WORLD,FALSE,341,1742394,20210113,OTHER,FALSE
1980,WASHINGTON,WA,53,91,73,"HALL, GUS",COMMUNIST PARTY USE,FALSE,834,1742394,20210113,OTHER,FALSE
1980,WASHINGTON,WA,53,91,73,"MCREYNOLDS, DAVID",SOCIALIST,FALSE,956,1742394,20210113,OTHER,FALSE
1980,WASHINGTON,WA,53,91,73,"REAGAN, RONALD",REPUBLICAN,FALSE,865244,1742394,20210113,REPUBLICAN,FALSE
1980,WEST VIRGINIA,WV,54,55,56,"ANDERSON, JOHN B.",INDEPENDENT,FALSE,31691,737715,20210113,OTHER,FALSE
1980,WEST VIRGINIA,WV,54,55,56,"CARTER, JIMMY",DEMOCRAT,FALSE,367462,737715,20210113,DEMOCRAT,FALSE
1980,WEST VIRGINIA,WV,54,55,56,"CLARK, EDWARD ""ED""",LIBERTARIAN,FALSE,4356,737715,20210113,LIBERTARIAN,FALSE
1980,WEST VIRGINIA,WV,54,55,56,"REAGAN, RONALD",REPUBLICAN,FALSE,334206,737715,20210113,REPUBLICAN,FALSE
1980,WISCONSIN,WI,55,35,25,"ANDERSON, JOHN B.",INDEPENDENT,FALSE,160657,2273221,20210113,OTHER,FALSE
1980,WISCONSIN,WI,55,35,25,"CARTER, JIMMY",DEMOCRAT,FALSE,981584,2273221,20210113,DEMOCRAT,FALSE
1980,WISCONSIN,WI,55,35,25,"CLARK, EDWARD ""ED""",LIBERTARIAN,FALSE,29135,2273221,20210113,LIBERTARIAN,FALSE
1980,WISCONSIN,WI,55,35,25,"COMMONER, BARRY",CITIZENS,FALSE,7767,2273221,20210113,OTHER,FALSE
1980,WISCONSIN,WI,55,35,25,"DEBERRY, CLIFTON",SOCIALIST WORKERS,FALSE,383,2273221,20210113,OTHER,FALSE
1980,WISCONSIN,WI,55,35,25,"GRISWOLD, DEIRDRE",WORKERS WORLD,FALSE,414,2273221,20210113,OTHER,FALSE
1980,WISCONSIN,WI,55,35,25,"HALL, GUS",COMMUNIST PARTY USE,FALSE,772,2273221,20210113,OTHER,FALSE
1980,WISCONSIN,WI,55,35,25,"MCREYNOLDS, DAVID",SOCIALIST,FALSE,808,2273221,20210113,OTHER,FALSE
1980,WISCONSIN,WI,55,35,25,"RARICK, JOHN",AMERICAN INDEPENDENT PARTY,FALSE,1519,2273221,20210113,OTHER,FALSE
1980,WISCONSIN,WI,55,35,25,"REAGAN, RONALD",REPUBLICAN,FALSE,1088845,2273221,20210113,REPUBLICAN,FALSE
1980,WISCONSIN,WI,55,35,25,UNKNOWN/SCATTERING,UNKNOWN,TRUE,1337,2273221,20210113,OTHER,FALSE
1980,WYOMING,WY,56,83,68,"ANDERSON, JOHN B.",INDEPENDENT,FALSE,12072,176713,20210113,OTHER,FALSE
1980,WYOMING,WY,56,83,68,"CARTER, JIMMY",DEMOCRAT,FALSE,49427,176713,20210113,DEMOCRAT,FALSE
1980,WYOMING,WY,56,83,68,"CLARK, EDWARD ""ED""",LIBERTARIAN,FALSE,4514,176713,20210113,LIBERTARIAN,FALSE
1980,WYOMING,WY,56,83,68,"REAGAN, RONALD",REPUBLICAN,FALSE,110700,176713,20210113,REPUBLICAN,FALSE
1984,ALABAMA,AL,1,63,41,"BERGLAND, DAVID",LIBERTARIAN,FALSE,9504,1441713,20210113,LIBERTARIAN,FALSE
1984,ALABAMA,AL,1,63,41,"HALL, GUS",COMMUNIST PARTY USE,FALSE,4671,1441713,20210113,OTHER,FALSE
1984,ALABAMA,AL,1,63,41,"MASON, MELVIN",SOCIALIST WORKERS,FALSE,730,1441713,20210113,OTHER,FALSE
1984,ALABAMA,AL,1,63,41,"MONDALE, WALTER",DEMOCRAT,FALSE,551899,1441713,20210113,DEMOCRAT,FALSE
1984,ALABAMA,AL,1,63,41,"REAGAN, RONALD",REPUBLICAN,FALSE,872849,1441713,20210113,REPUBLICAN,FALSE
1984,ALABAMA,AL,1,63,41,"RICHARDS, BOB",POPULIST,FALSE,1401,1441713,20210113,OTHER,FALSE
1984,ALABAMA,AL,1,63,41,"SERRETTE, DENNIS",ALLIANCE,FALSE,659,1441713,20210113,OTHER,FALSE
1984,ALASKA,AK,2,94,81,"BERGLAND, DAVID",LIBERTARIAN,FALSE,6378,207605,20210113,LIBERTARIAN,FALSE
1984,ALASKA,AK,2,94,81,"MONDALE, WALTER",DEMOCRAT,FALSE,62007,207605,20210113,DEMOCRAT,FALSE
1984,ALASKA,AK,2,94,81,OTHER,UNKNOWN,FALSE,843,207605,20210113,OTHER,FALSE
1984,ALASKA,AK,2,94,81,"REAGAN, RONALD",REPUBLICAN,FALSE,138377,207605,20210113,REPUBLICAN,FALSE
1984,ARIZONA,AZ,4,86,61,"BERGLAND, DAVID",LIBERTARIAN,FALSE,10585,1025897,20210113,LIBERTARIAN,FALSE
1984,ARIZONA,AZ,4,86,61,"MONDALE, WALTER",DEMOCRAT,FALSE,333854,1025897,20210113,DEMOCRAT,FALSE
1984,ARIZONA,AZ,4,86,61,OTHER,UNKNOWN,FALSE,42,1025897,20210113,OTHER,FALSE
1984,ARIZONA,AZ,4,86,61,"REAGAN, RONALD",REPUBLICAN,FALSE,681416,1025897,20210113,REPUBLICAN,FALSE
1984,ARKANSAS,AR,5,71,42,"BERGLAND, DAVID",LIBERTARIAN,FALSE,2221,884406,20210113,LIBERTARIAN,FALSE
1984,ARKANSAS,AR,5,71,42,"DODGE, EARL",PROHIBITION,FALSE,842,884406,20210113,OTHER,FALSE
1984,ARKANSAS,AR,5,71,42,"HALL, GUS",COMMUNIST PARTY USE,FALSE,1499,884406,20210113,OTHER,FALSE
1984,ARKANSAS,AR,5,71,42,"JOHNSON, SONIA",CITIZENS,FALSE,960,884406,20210113,OTHER,FALSE
1984,ARKANSAS,AR,5,71,42,"LAROUCHE, LYNDON, JR.",INDEPENDENT,FALSE,1890,884406,20210113,OTHER,FALSE
1984,ARKANSAS,AR,5,71,42,"LOWERY, ARTHUR",UNITED SOVEREIGN CITIZENS,FALSE,822,884406,20210113,OTHER,FALSE
1984,ARKANSAS,AR,5,71,42,"MONDALE, WALTER",DEMOCRAT,FALSE,338646,884406,20210113,DEMOCRAT,FALSE
1984,ARKANSAS,AR,5,71,42,"REAGAN, RONALD",REPUBLICAN,FALSE,534774,884406,20210113,REPUBLICAN,FALSE
1984,ARKANSAS,AR,5,71,42,"RICHARDS, BOB",POPULIST,FALSE,1461,884406,20210113,OTHER,FALSE
1984,ARKANSAS,AR,5,71,42,"SERRETTE, DENNIS",ALLIANCE,FALSE,1291,884406,20210113,OTHER,FALSE
1984,CALIFORNIA,CA,6,93,71,"BERGLAND, DAVID",LIBERTARIAN,FALSE,49951,9505041,20210113,LIBERTARIAN,FALSE
1984,CALIFORNIA,CA,6,93,71,"JOHNSON, SONIA",CITIZENS,FALSE,26297,9505041,20210113,OTHER,FALSE
1984,CALIFORNIA,CA,6,93,71,"MONDALE, WALTER",DEMOCRAT,FALSE,3922519,9505041,20210113,DEMOCRAT,FALSE
1984,CALIFORNIA,CA,6,93,71,"REAGAN, RONALD",REPUBLICAN,FALSE,5467009,9505041,20210113,REPUBLICAN,FALSE
1984,CALIFORNIA,CA,6,93,71,"RICHARDS, BOB",POPULIST,FALSE,39265,9505041,20210113,OTHER,FALSE
1984,COLORADO,CO,8,84,62,"BERGLAND, DAVID",LIBERTARIAN,FALSE,11257,1295380,20210113,LIBERTARIAN,FALSE
1984,COLORADO,CO,8,84,62,"DODGE, EARL",PROHIBITION,FALSE,858,1295380,20210113,OTHER,FALSE
1984,COLORADO,CO,8,84,62,"LAROUCHE, LYNDON, JR.",INDEPENDENT,FALSE,4662,1295380,20210113,OTHER,FALSE
1984,COLORADO,CO,8,84,62,"MASON, MELVIN",SOCIALIST WORKERS,FALSE,810,1295380,20210113,OTHER,FALSE
1984,COLORADO,CO,8,84,62,"MONDALE, WALTER",DEMOCRAT,FALSE,454975,1295380,20210113,DEMOCRAT,FALSE
1984,COLORADO,CO,8,84,62,OTHER,UNKNOWN,FALSE,23,1295380,20210113,OTHER,FALSE
1984,COLORADO,CO,8,84,62,"REAGAN, RONALD",REPUBLICAN,FALSE,821817,1295380,20210113,REPUBLICAN,FALSE
1984,COLORADO,CO,8,84,62,"SERRETTE, DENNIS",ALLIANCE,FALSE,978,1295380,20210113,OTHER,FALSE
1984,CONNECTICUT,CT,9,16,1,"HALL, GUS",COMMUNIST PARTY USE,FALSE,4826,1466900,20210113,OTHER,FALSE
1984,CONNECTICUT,CT,9,16,1,"MONDALE, WALTER",DEMOCRAT,FALSE,569597,1466900,20210113,DEMOCRAT,FALSE
1984,CONNECTICUT,CT,9,16,1,OTHER,UNKNOWN,FALSE,226,1466900,20210113,OTHER,FALSE
1984,CONNECTICUT,CT,9,16,1,"REAGAN, RONALD",REPUBLICAN,FALSE,890877,1466900,20210113,REPUBLICAN,FALSE
1984,CONNECTICUT,CT,9,16,1,"SERRETTE, DENNIS",ALLIANCE,FALSE,1374,1466900,20210113,OTHER,FALSE
1984,DELAWARE,DE,10,51,11,"BERGLAND, DAVID",LIBERTARIAN,FALSE,268,254572,20210113,LIBERTARIAN,FALSE
1984,DELAWARE,DE,10,51,11,"DENNIS, DELMAR",AMERICAN,FALSE,269,254572,20210113,OTHER,FALSE
1984,DELAWARE,DE,10,51,11,"JOHNSON, SONIA",CITIZENS,FALSE,121,254572,20210113,OTHER,FALSE
1984,DELAWARE,DE,10,51,11,"MONDALE, WALTER",DEMOCRAT,FALSE,101656,254572,20210113,DEMOCRAT,FALSE
1984,DELAWARE,DE,10,51,11,"REAGAN, RONALD",REPUBLICAN,FALSE,152190,254572,20210113,REPUBLICAN,FALSE
1984,DELAWARE,DE,10,51,11,"SERRETTE, DENNIS",ALLIANCE,FALSE,68,254572,20210113,OTHER,FALSE
1984,DISTRICT OF COLUMBIA,DC,11,53,55,"BERGLAND, DAVID",LIBERTARIAN,FALSE,279,211288,20210113,LIBERTARIAN,FALSE
1984,DISTRICT OF COLUMBIA,DC,11,53,55,"HALL, GUS",COMMUNIST PARTY USE,FALSE,257,211288,20210113,OTHER,FALSE
1984,DISTRICT OF COLUMBIA,DC,11,53,55,"HOLMES, LARRY",WORKERS WORLD,FALSE,107,211288,20210113,OTHER,FALSE
1984,DISTRICT OF COLUMBIA,DC,11,53,55,"LAROUCHE, LYNDON, JR.",INDEPENDENT,FALSE,127,211288,20210113,OTHER,FALSE
1984,DISTRICT OF COLUMBIA,DC,11,53,55,"MASON, MELVIN",SOCIALIST WORKERS,FALSE,127,211288,20210113,OTHER,FALSE
1984,DISTRICT OF COLUMBIA,DC,11,53,55,"MONDALE, WALTER",DEMOCRAT,FALSE,180408,211288,20210113,DEMOCRAT,FALSE
1984,DISTRICT OF COLUMBIA,DC,11,53,55,OTHER,UNKNOWN,FALSE,809,211288,20210113,OTHER,FALSE
1984,DISTRICT OF COLUMBIA,DC,11,53,55,"REAGAN, RONALD",REPUBLICAN,FALSE,29009,211288,20210113,REPUBLICAN,FALSE
1984,DISTRICT OF COLUMBIA,DC,11,53,55,"SERRETTE, DENNIS",ALLIANCE,FALSE,165,211288,20210113,OTHER,FALSE
1984,FLORIDA,FL,12,59,43,"MONDALE, WALTER",DEMOCRAT,FALSE,1448816,4180051,20210113,DEMOCRAT,FALSE
1984,FLORIDA,FL,12,59,43,OTHER,UNKNOWN,FALSE,885,4180051,20210113,OTHER,FALSE
1984,FLORIDA,FL,12,59,43,"REAGAN, RONALD",REPUBLICAN,FALSE,2730350,4180051,20210113,REPUBLICAN,FALSE
1984,GEORGIA,GA,13,58,44,"MONDALE, WALTER",DEMOCRAT,FALSE,706628,1776103,20210113,DEMOCRAT,FALSE
1984,GEORGIA,GA,13,58,44,OTHER,UNKNOWN,FALSE,753,1776103,20210113,OTHER,FALSE
1984,GEORGIA,GA,13,58,44,"REAGAN, RONALD",REPUBLICAN,FALSE,1068722,1776103,20210113,REPUBLICAN,FALSE
1984,HAWAII,HI,15,95,82,"BERGLAND, DAVID",LIBERTARIAN,FALSE,2167,335846,20210113,LIBERTARIAN,FALSE
1984,HAWAII,HI,15,95,82,"HALL, GUS",COMMUNIST PARTY USE,FALSE,821,335846,20210113,OTHER,FALSE
1984,HAWAII,HI,15,95,82,"LAROUCHE, LYNDON, JR.",INDEPENDENT,FALSE,654,335846,20210113,OTHER,FALSE
1984,HAWAII,HI,15,95,82,"MONDALE, WALTER",DEMOCRAT,FALSE,147154,335846,20210113,DEMOCRAT,FALSE
1984,HAWAII,HI,15,95,82,"REAGAN, RONALD",REPUBLICAN,FALSE,185050,335846,20210113,REPUBLICAN,FALSE
1984,IDAHO,ID,16,82,63,"BERGLAND, DAVID",LIBERTARIAN,FALSE,2823,411144,20210113,LIBERTARIAN,FALSE
1984,IDAHO,ID,16,82,63,"MONDALE, WALTER",DEMOCRAT,FALSE,108510,411144,20210113,DEMOCRAT,FALSE
1984,IDAHO,ID,16,82,63,"REAGAN, RONALD",REPUBLICAN,FALSE,297523,411144,20210113,REPUBLICAN,FALSE
1984,IDAHO,ID,16,82,63,"RICHARDS, BOB",POPULIST,FALSE,2288,411144,20210113,OTHER,FALSE
1984,ILLINOIS,IL,17,33,21,"BERGLAND, DAVID",LIBERTARIAN,FALSE,10086,4819088,20210113,LIBERTARIAN,FALSE
1984,ILLINOIS,IL,17,33,21,"HALL, GUS",COMMUNIST PARTY USE,FALSE,4672,4819088,20210113,OTHER,FALSE
1984,ILLINOIS,IL,17,33,21,"JOHNSON, SONIA",CITIZENS,FALSE,2716,4819088,20210113,OTHER,FALSE
1984,ILLINOIS,IL,17,33,21,"MASON, MELVIN",SOCIALIST WORKERS,FALSE,2132,4819088,20210113,OTHER,FALSE
1984,ILLINOIS,IL,17,33,21,"MONDALE, WALTER",DEMOCRAT,FALSE,2086499,4819088,20210113,DEMOCRAT,FALSE
1984,ILLINOIS,IL,17,33,21,OTHER,UNKNOWN,FALSE,862,4819088,20210113,OTHER,FALSE
1984,ILLINOIS,IL,17,33,21,"REAGAN, RONALD",REPUBLICAN,FALSE,2707103,4819088,20210113,REPUBLICAN,FALSE
1984,ILLINOIS,IL,17,33,21,"SERRETTE, DENNIS",ALLIANCE,FALSE,2386,4819088,20210113,OTHER,FALSE
1984,ILLINOIS,IL,17,33,21,"WINN, EDWARD",WORKERS LEAGUE,FALSE,2632,4819088,20210113,OTHER,FALSE
1984,INDIANA,IN,18,32,22,"BERGLAND, DAVID",LIBERTARIAN,FALSE,6741,2233069,20210113,LIBERTARIAN,FALSE
1984,INDIANA,IN,18,32,22,"DENNIS, DELMAR",AMERICAN,FALSE,7617,2233069,20210113,OTHER,FALSE
1984,INDIANA,IN,18,32,22,"MONDALE, WALTER",DEMOCRAT,FALSE,841481,2233069,20210113,DEMOCRAT,FALSE
1984,INDIANA,IN,18,32,22,"REAGAN, RONALD",REPUBLICAN,FALSE,1377230,2233069,20210113,REPUBLICAN,FALSE
1984,IOWA,IA,19,42,31,"BAKER, GERALD",BIG DEAL PARTY,FALSE,892,1319805,20210113,OTHER,FALSE
1984,IOWA,IA,19,42,31,"BERGLAND, DAVID",LIBERTARIAN,FALSE,1844,1319805,20210113,LIBERTARIAN,FALSE
1984,IOWA,IA,19,42,31,"HALL, GUS",COMMUNIST PARTY USE,FALSE,286,1319805,20210113,OTHER,FALSE
1984,IOWA,IA,19,42,31,"LAROUCHE, LYNDON, JR.",INDEPENDENT,FALSE,6248,1319805,20210113,OTHER,FALSE
1984,IOWA,IA,19,42,31,"MASON, MELVIN",SOCIALIST WORKERS,FALSE,313,1319805,20210113,OTHER,FALSE
1984,IOWA,IA,19,42,31,"MONDALE, WALTER",DEMOCRAT,FALSE,605620,1319805,20210113,DEMOCRAT,FALSE
1984,IOWA,IA,19,42,31,OTHER,UNKNOWN,FALSE,1051,1319805,20210113,OTHER,FALSE
1984,IOWA,IA,19,42,31,"REAGAN, RONALD",REPUBLICAN,FALSE,703088,1319805,20210113,REPUBLICAN,FALSE
1984,IOWA,IA,19,42,31,"SERRETTE, DENNIS",ALLIANCE,FALSE,463,1319805,20210113,OTHER,FALSE
1984,KANSAS,KS,20,47,32,"BERGLAND, DAVID",LIBERTARIAN,FALSE,3329,1021991,20210113,LIBERTARIAN,FALSE
1984,KANSAS,KS,20,47,32,"DODGE, EARL",PROHIBITION,FALSE,2109,1021991,20210113,OTHER,FALSE
1984,KANSAS,KS,20,47,32,"MONDALE, WALTER",DEMOCRAT,FALSE,333149,1021991,20210113,DEMOCRAT,FALSE
1984,KANSAS,KS,20,47,32,"REAGAN, RONALD",REPUBLICAN,FALSE,677296,1021991,20210113,REPUBLICAN,FALSE
1984,KANSAS,KS,20,47,32,"RICHARDS, BOB",POPULIST,FALSE,3564,1021991,20210113,OTHER,FALSE
1984,KANSAS,KS,20,47,32,"SERRETTE, DENNIS",ALLIANCE,FALSE,2544,1021991,20210113,OTHER,FALSE
1984,KENTUCKY,KY,21,61,51,"ANDERSON, JOHN B.",NATIONAL UNITY,FALSE,1479,1369345,20210113,OTHER,FALSE
1984,KENTUCKY,KY,21,61,51,"DENNIS, DELMAR",AMERICAN,FALSE,428,1369345,20210113,OTHER,FALSE
1984,KENTUCKY,KY,21,61,51,"HALL, GUS",COMMUNIST PARTY USE,FALSE,328,1369345,20210113,OTHER,FALSE
1984,KENTUCKY,KY,21,61,51,"JOHNSON, SONIA",CITIZENS,FALSE,599,1369345,20210113,OTHER,FALSE
1984,KENTUCKY,KY,21,61,51,"LAROUCHE, LYNDON, JR.",INDEPENDENT,FALSE,1776,1369345,20210113,OTHER,FALSE
1984,KENTUCKY,KY,21,61,51,"MASON, MELVIN",SOCIALIST WORKERS,FALSE,3129,1369345,20210113,OTHER,FALSE
1984,KENTUCKY,KY,21,61,51,"MONDALE, WALTER",DEMOCRAT,FALSE,539539,1369345,20210113,DEMOCRAT,FALSE
1984,KENTUCKY,KY,21,61,51,"REAGAN, RONALD",REPUBLICAN,FALSE,821702,1369345,20210113,REPUBLICAN,FALSE
1984,KENTUCKY,KY,21,61,51,"SERRETTE, DENNIS",ALLIANCE,FALSE,365,1369345,20210113,OTHER,FALSE
1984,LOUISIANA,LA,22,72,45,"BERGLAND, DAVID",LIBERTARIAN,FALSE,1876,1706822,20210113,LIBERTARIAN,FALSE
1984,LOUISIANA,LA,22,72,45,"JOHNSON, SONIA",CITIZENS,FALSE,9502,1706822,20210113,OTHER,FALSE
1984,LOUISIANA,LA,22,72,45,"LAROUCHE, LYNDON, JR.",INDEPENDENT,FALSE,3552,1706822,20210113,OTHER,FALSE
1984,LOUISIANA,LA,22,72,45,"MASON, MELVIN",SOCIALIST WORKERS,FALSE,1164,1706822,20210113,OTHER,FALSE
1984,LOUISIANA,LA,22,72,45,"MONDALE, WALTER",DEMOCRAT,FALSE,651586,1706822,20210113,DEMOCRAT,FALSE
1984,LOUISIANA,LA,22,72,45,"REAGAN, RONALD",REPUBLICAN,FALSE,1037299,1706822,20210113,REPUBLICAN,FALSE
1984,LOUISIANA,LA,22,72,45,"RICHARDS, BOB",POPULIST,FALSE,1310,1706822,20210113,OTHER,FALSE
1984,LOUISIANA,LA,22,72,45,"SERRETTE, DENNIS",ALLIANCE,FALSE,533,1706822,20210113,OTHER,FALSE
1984,MAINE,ME,23,11,2,"HALL, GUS",COMMUNIST PARTY USE,FALSE,1292,553144,20210113,OTHER,FALSE
1984,MAINE,ME,23,11,2,"MONDALE, WALTER",DEMOCRAT,FALSE,214515,553144,20210113,DEMOCRAT,FALSE
1984,MAINE,ME,23,11,2,OTHER,UNKNOWN,FALSE,82,553144,20210113,OTHER,FALSE
1984,MAINE,ME,23,11,2,"REAGAN, RONALD",REPUBLICAN,FALSE,336500,553144,20210113,REPUBLICAN,FALSE
1984,MAINE,ME,23,11,2,"SERRETTE, DENNIS",ALLIANCE,FALSE,755,553144,20210113,OTHER,FALSE
1984,MARYLAND,MD,24,52,52,"BERGLAND, DAVID",LIBERTARIAN,FALSE,5721,1675873,20210113,LIBERTARIAN,FALSE
1984,MARYLAND,MD,24,52,52,"HALL, GUS",COMMUNIST PARTY USE,FALSE,898,1675873,20210113,OTHER,FALSE
1984,MARYLAND,MD,24,52,52,"HOLMES, LARRY",WORKERS WORLD,FALSE,745,1675873,20210113,OTHER,FALSE
1984,MARYLAND,MD,24,52,52,"MONDALE, WALTER",DEMOCRAT,FALSE,787935,1675873,20210113,DEMOCRAT,FALSE
1984,MARYLAND,MD,24,52,52,"REAGAN, RONALD",REPUBLICAN,FALSE,879918,1675873,20210113,REPUBLICAN,FALSE
1984,MARYLAND,MD,24,52,52,"SERRETTE, DENNIS",ALLIANCE,FALSE,656,1675873,20210113,OTHER,FALSE
1984,MASSACHUSETTS,MA,25,14,3,"MONDALE, WALTER",DEMOCRAT,FALSE,1239606,2559383,20210113,DEMOCRAT,FALSE
1984,MASSACHUSETTS,MA,25,14,3,OTHER,UNKNOWN,FALSE,843,2559383,20210113,OTHER,FALSE
1984,MASSACHUSETTS,MA,25,14,3,"REAGAN, RONALD",REPUBLICAN,FALSE,1310936,2559383,20210113,REPUBLICAN,FALSE
1984,MASSACHUSETTS,MA,25,14,3,"SERRETTE, DENNIS",ALLIANCE,FALSE,7998,2559383,20210113,OTHER,FALSE
1984,MICHIGAN,MI,26,34,23,"BERGLAND, DAVID",LIBERTARIAN,FALSE,10055,3801658,20210113,LIBERTARIAN,FALSE
1984,MICHIGAN,MI,26,34,23,"HALL, GUS",COMMUNIST PARTY USE,FALSE,1048,3801658,20210113,OTHER,FALSE
1984,MICHIGAN,MI,26,34,23,"HOLMES, LARRY",WORKERS WORLD,FALSE,1416,3801658,20210113,OTHER,FALSE
1984,MICHIGAN,MI,26,34,23,"JOHNSON, SONIA",CITIZENS,FALSE,1191,3801658,20210113,OTHER,FALSE
1984,MICHIGAN,MI,26,34,23,"LAROUCHE, LYNDON, JR.",INDEPENDENT,FALSE,3862,3801658,20210113,OTHER,FALSE
1984,MICHIGAN,MI,26,34,23,"MASON, MELVIN",SOCIALIST WORKERS,FALSE,1049,3801658,20210113,OTHER,FALSE
1984,MICHIGAN,MI,26,34,23,"MONDALE, WALTER",DEMOCRAT,FALSE,1529638,3801658,20210113,DEMOCRAT,FALSE
1984,MICHIGAN,MI,26,34,23,OTHER,UNKNOWN,FALSE,602,3801658,20210113,OTHER,FALSE
1984,MICHIGAN,MI,26,34,23,"REAGAN, RONALD",REPUBLICAN,FALSE,2251571,3801658,20210113,REPUBLICAN,FALSE
1984,MICHIGAN,MI,26,34,23,"SERRETTE, DENNIS",ALLIANCE,FALSE,665,3801658,20210113,OTHER,FALSE
1984,MICHIGAN,MI,26,34,23,"WINN, EDWARD",WORKERS LEAGUE,FALSE,561,3801658,20210113,OTHER,FALSE
1984,MINNESOTA,MN,27,41,33,"BERGLAND, DAVID",LIBERTARIAN,FALSE,2996,2084449,20210113,LIBERTARIAN,FALSE
1984,MINNESOTA,MN,27,41,33,"HALL, GUS",COMMUNIST PARTY USE,FALSE,630,2084449,20210113,OTHER,FALSE
1984,MINNESOTA,MN,27,41,33,"JOHNSON, SONIA",CITIZENS,FALSE,1219,2084449,20210113,OTHER,FALSE
1984,MINNESOTA,MN,27,41,33,"LAROUCHE, LYNDON, JR.",INDEPENDENT,FALSE,3865,2084449,20210113,OTHER,FALSE
1984,MINNESOTA,MN,27,41,33,"MASON, MELVIN",SOCIALIST WORKERS,FALSE,3180,2084449,20210113,OTHER,FALSE
1984,MINNESOTA,MN,27,41,33,"MONDALE, WALTER",DEMOCRAT,FALSE,1036364,2084449,20210113,DEMOCRAT,FALSE
1984,MINNESOTA,MN,27,41,33,OTHER,UNKNOWN,FALSE,723,2084449,20210113,OTHER,FALSE
1984,MINNESOTA,MN,27,41,33,"REAGAN, RONALD",REPUBLICAN,FALSE,1032603,2084449,20210113,REPUBLICAN,FALSE
1984,MINNESOTA,MN,27,41,33,"RICHARDS, BOB",POPULIST,FALSE,2377,2084449,20210113,OTHER,FALSE
1984,MINNESOTA,MN,27,41,33,"SERRETTE, DENNIS",ALLIANCE,FALSE,232,2084449,20210113,OTHER,FALSE
1984,MINNESOTA,MN,27,41,33,"WINN, EDWARD",WORKERS LEAGUE,FALSE,260,2084449,20210113,OTHER,FALSE
1984,MISSISSIPPI,MS,28,64,46,"BERGLAND, DAVID",LIBERTARIAN,FALSE,2336,941104,20210113,LIBERTARIAN,FALSE
1984,MISSISSIPPI,MS,28,64,46,"HOLMES, LARRY",WORKERS WORLD,FALSE,1169,941104,20210113,OTHER,FALSE
1984,MISSISSIPPI,MS,28,64,46,"LAROUCHE, LYNDON, JR.",INDEPENDENT,FALSE,1001,941104,20210113,OTHER,FALSE
1984,MISSISSIPPI,MS,28,64,46,"MASON, MELVIN",SOCIALIST WORKERS,FALSE,1032,941104,20210113,OTHER,FALSE
1984,MISSISSIPPI,MS,28,64,46,"MONDALE, WALTER",DEMOCRAT,FALSE,352192,941104,20210113,DEMOCRAT,FALSE
1984,MISSISSIPPI,MS,28,64,46,"REAGAN, RONALD",REPUBLICAN,FALSE,582377,941104,20210113,REPUBLICAN,FALSE
1984,MISSISSIPPI,MS,28,64,46,"RICHARDS, BOB",POPULIST,FALSE,641,941104,20210113,OTHER,FALSE
1984,MISSISSIPPI,MS,28,64,46,"SERRETTE, DENNIS",ALLIANCE,FALSE,356,941104,20210113,OTHER,FALSE
1984,MISSOURI,MO,29,43,34,"MONDALE, WALTER",DEMOCRAT,FALSE,848583,2122771,20210113,DEMOCRAT,FALSE
1984,MISSOURI,MO,29,43,34,"REAGAN, RONALD",REPUBLICAN,FALSE,1274188,2122771,20210113,REPUBLICAN,FALSE
1984,MONTANA,MT,30,81,64,"BERGLAND, DAVID",LIBERTARIAN,FALSE,5185,384377,20210113,LIBERTARIAN,FALSE
1984,MONTANA,MT,30,81,64,"MONDALE, WALTER",DEMOCRAT,FALSE,146742,384377,20210113,DEMOCRAT,FALSE
1984,MONTANA,MT,30,81,64,"REAGAN, RONALD",REPUBLICAN,FALSE,232450,384377,20210113,REPUBLICAN,FALSE
1984,NEBRASKA,NE,31,46,35,"BERGLAND, DAVID",LIBERTARIAN,FALSE,2079,652090,20210113,LIBERTARIAN,FALSE
1984,NEBRASKA,NE,31,46,35,"MASON, MELVIN",SOCIALIST WORKERS,FALSE,1066,652090,20210113,OTHER,FALSE
1984,NEBRASKA,NE,31,46,35,"MONDALE, WALTER",DEMOCRAT,FALSE,187866,652090,20210113,DEMOCRAT,FALSE
1984,NEBRASKA,NE,31,46,35,"REAGAN, RONALD",REPUBLICAN,FALSE,460054,652090,20210113,REPUBLICAN,FALSE
1984,NEBRASKA,NE,31,46,35,"SERRETTE, DENNIS",ALLIANCE,FALSE,1025,652090,20210113,OTHER,FALSE
1984,NEVADA,NV,32,88,65,"BERGLAND, DAVID",LIBERTARIAN,FALSE,2292,282717,20210113,LIBERTARIAN,FALSE
1984,NEVADA,NV,32,88,65,"MONDALE, WALTER",DEMOCRAT,FALSE,91655,282717,20210113,DEMOCRAT,FALSE
1984,NEVADA,NV,32,88,65,"REAGAN, RONALD",REPUBLICAN,FALSE,188770,282717,20210113,REPUBLICAN,FALSE
1984,NEW HAMPSHIRE,NH,33,12,4,"BERGLAND, DAVID",LIBERTARIAN,FALSE,735,388904,20210113,LIBERTARIAN,FALSE
1984,NEW HAMPSHIRE,NH,33,12,4,"LAROUCHE, LYNDON, JR.",INDEPENDENT,FALSE,467,388904,20210113,OTHER,FALSE
1984,NEW HAMPSHIRE,NH,33,12,4,"MONDALE, WALTER",DEMOCRAT,FALSE,120347,388904,20210113,DEMOCRAT,FALSE
1984,NEW HAMPSHIRE,NH,33,12,4,"REAGAN, RONALD",REPUBLICAN,FALSE,267050,388904,20210113,REPUBLICAN,FALSE
1984,NEW HAMPSHIRE,NH,33,12,4,"SERRETTE, DENNIS",ALLIANCE,FALSE,305,388904,20210113,OTHER,FALSE
1984,NEW JERSEY,NJ,34,22,12,"BERGLAND, DAVID",LIBERTARIAN,FALSE,6416,3217862,20210113,LIBERTARIAN,FALSE
1984,NEW JERSEY,NJ,34,22,12,"HALL, GUS",COMMUNIST PARTY USE,FALSE,1564,3217862,20210113,OTHER,FALSE
1984,NEW JERSEY,NJ,34,22,12,"HOLMES, LARRY",WORKERS WORLD,FALSE,8404,3217862,20210113,OTHER,FALSE
1984,NEW JERSEY,NJ,34,22,12,"JOHNSON, SONIA",CITIZENS,FALSE,1247,3217862,20210113,OTHER,FALSE
1984,NEW JERSEY,NJ,34,22,12,"MASON, MELVIN",SOCIALIST WORKERS,FALSE,1264,3217862,20210113,OTHER,FALSE
1984,NEW JERSEY,NJ,34,22,12,"MONDALE, WALTER",DEMOCRAT,FALSE,1261323,3217862,20210113,DEMOCRAT,FALSE
1984,NEW JERSEY,NJ,34,22,12,"REAGAN, RONALD",REPUBLICAN,FALSE,1933630,3217862,20210113,REPUBLICAN,FALSE
1984,NEW JERSEY,NJ,34,22,12,"SERRETTE, DENNIS",ALLIANCE,FALSE,2293,3217862,20210113,OTHER,FALSE
1984,NEW JERSEY,NJ,34,22,12,"WINN, EDWARD",WORKERS LEAGUE,FALSE,1721,3217862,20210113,OTHER,FALSE
1984,NEW MEXICO,NM,35,85,66,"BERGLAND, DAVID",LIBERTARIAN,FALSE,4459,514370,20210113,LIBERTARIAN,FALSE
1984,NEW MEXICO,NM,35,85,66,"DODGE, EARL",PROHIBITION,FALSE,206,514370,20210113,OTHER,FALSE
1984,NEW MEXICO,NM,35,85,66,"JOHNSON, SONIA",CITIZENS,FALSE,455,514370,20210113,OTHER,FALSE
1984,NEW MEXICO,NM,35,85,66,"MASON, MELVIN",SOCIALIST WORKERS,FALSE,224,514370,20210113,OTHER,FALSE
1984,NEW MEXICO,NM,35,85,66,"MONDALE, WALTER",DEMOCRAT,FALSE,201769,514370,20210113,DEMOCRAT,FALSE
1984,NEW MEXICO,NM,35,85,66,OTHER,UNKNOWN,FALSE,1,514370,20210113,OTHER,FALSE
1984,NEW MEXICO,NM,35,85,66,"REAGAN, RONALD",REPUBLICAN,FALSE,307101,514370,20210113,REPUBLICAN,FALSE
1984,NEW MEXICO,NM,35,85,66,"SERRETTE, DENNIS",ALLIANCE,FALSE,155,514370,20210113,OTHER,FALSE
1984,NEW YORK,NY,36,21,13,"BERGLAND, DAVID",LIBERTARIAN,FALSE,11949,6806810,20210113,LIBERTARIAN,FALSE
1984,NEW YORK,NY,36,21,13,"HALL, GUS",COMMUNIST PARTY USE,FALSE,4226,6806810,20210113,OTHER,FALSE
1984,NEW YORK,NY,36,21,13,"HOLMES, LARRY",WORKERS WORLD,FALSE,2226,6806810,20210113,OTHER,FALSE
1984,NEW YORK,NY,36,21,13,"MONDALE, WALTER",DEMOCRAT,FALSE,3001285,6806810,20210113,DEMOCRAT,FALSE
1984,NEW YORK,NY,36,21,13,"MONDALE, WALTER",LIBERAL PARTY,FALSE,118324,6806810,20210113,OTHER,FALSE
1984,NEW YORK,NY,36,21,13,OTHER,UNKNOWN,FALSE,837,6806810,20210113,OTHER,FALSE
1984,NEW YORK,NY,36,21,13,"REAGAN, RONALD",REPUBLICAN,FALSE,3376519,6806810,20210113,REPUBLICAN,FALSE
1984,NEW YORK,NY,36,21,13,"REAGAN, RONALD",CONSERVATIVE,FALSE,288244,6806810,20210113,OTHER,FALSE
1984,NEW YORK,NY,36,21,13,"SERRETTE, DENNIS",ALLIANCE,FALSE,3200,6806810,20210113,OTHER,FALSE
1984,NORTH CAROLINA,NC,37,56,47,"BERGLAND, DAVID",LIBERTARIAN,FALSE,3794,2175361,20210113,LIBERTARIAN,FALSE
1984,NORTH CAROLINA,NC,37,56,47,"MASON, MELVIN",SOCIALIST WORKERS,FALSE,799,2175361,20210113,OTHER,FALSE
1984,NORTH CAROLINA,NC,37,56,47,"MONDALE, WALTER",DEMOCRAT,FALSE,824287,2175361,20210113,DEMOCRAT,FALSE
1984,NORTH CAROLINA,NC,37,56,47,"REAGAN, RONALD",REPUBLICAN,FALSE,1346481,2175361,20210113,REPUBLICAN,FALSE
1984,NORTH DAKOTA,ND,38,44,36,"BERGLAND, DAVID",LIBERTARIAN,FALSE,703,308971,20210113,LIBERTARIAN,FALSE
1984,NORTH DAKOTA,ND,38,44,36,"DODGE, EARL",PROHIBITION,FALSE,220,308971,20210113,OTHER,FALSE
1984,NORTH DAKOTA,ND,38,44,36,"HALL, GUS",COMMUNIST PARTY USE,FALSE,169,308971,20210113,OTHER,FALSE
1984,NORTH DAKOTA,ND,38,44,36,"JOHNSON, SONIA",CITIZENS,FALSE,368,308971,20210113,OTHER,FALSE
1984,NORTH DAKOTA,ND,38,44,36,"LAROUCHE, LYNDON, JR.",INDEPENDENT,FALSE,1278,308971,20210113,OTHER,FALSE
1984,NORTH DAKOTA,ND,38,44,36,"MASON, MELVIN",SOCIALIST WORKERS,FALSE,239,308971,20210113,OTHER,FALSE
1984,NORTH DAKOTA,ND,38,44,36,"MONDALE, WALTER",DEMOCRAT,FALSE,104429,308971,20210113,DEMOCRAT,FALSE
1984,NORTH DAKOTA,ND,38,44,36,"REAGAN, RONALD",REPUBLICAN,FALSE,200336,308971,20210113,REPUBLICAN,FALSE
1984,NORTH DAKOTA,ND,38,44,36,"RICHARDS, BOB",POPULIST,FALSE,1077,308971,20210113,OTHER,FALSE
1984,NORTH DAKOTA,ND,38,44,36,"SERRETTE, DENNIS",ALLIANCE,FALSE,152,308971,20210113,OTHER,FALSE
1984,OHIO,OH,39,31,24,"BERGLAND, DAVID",LIBERTARIAN,FALSE,5886,4563235,20210113,LIBERTARIAN,FALSE
1984,OHIO,OH,39,31,24,"HALL, GUS",COMMUNIST PARTY USE,FALSE,4438,4563235,20210113,OTHER,FALSE
1984,OHIO,OH,39,31,24,"HOLMES, LARRY",WORKERS WORLD,FALSE,2565,4563235,20210113,OTHER,FALSE
1984,OHIO,OH,39,31,24,"LAROUCHE, LYNDON, JR.",INDEPENDENT,FALSE,10693,4563235,20210113,OTHER,FALSE
1984,OHIO,OH,39,31,24,"MASON, MELVIN",SOCIALIST WORKERS,FALSE,4344,4563235,20210113,OTHER,FALSE
1984,OHIO,OH,39,31,24,"MONDALE, WALTER",DEMOCRAT,FALSE,1825440,4563235,20210113,DEMOCRAT,FALSE
1984,OHIO,OH,39,31,24,"REAGAN, RONALD",REPUBLICAN,FALSE,2678559,4563235,20210113,REPUBLICAN,FALSE
1984,OHIO,OH,39,31,24,"SERRETTE, DENNIS",ALLIANCE,FALSE,24180,4563235,20210113,OTHER,FALSE
1984,OHIO,OH,39,31,24,"WINN, EDWARD",WORKERS LEAGUE,FALSE,7130,4563235,20210113,OTHER,FALSE
1984,OKLAHOMA,OK,40,73,53,"BERGLAND, DAVID",LIBERTARIAN,FALSE,9066,1255676,20210113,LIBERTARIAN,FALSE
1984,OKLAHOMA,OK,40,73,53,"MONDALE, WALTER",DEMOCRAT,FALSE,385080,1255676,20210113,DEMOCRAT,FALSE
1984,OKLAHOMA,OK,40,73,53,"REAGAN, RONALD",REPUBLICAN,FALSE,861530,1255676,20210113,REPUBLICAN,FALSE
1984,OREGON,OR,41,92,72,"MONDALE, WALTER",DEMOCRAT,FALSE,536479,1226527,20210113,DEMOCRAT,FALSE
1984,OREGON,OR,41,92,72,OTHER,UNKNOWN,FALSE,4348,1226527,20210113,OTHER,FALSE
1984,OREGON,OR,41,92,72,"REAGAN, RONALD",REPUBLICAN,FALSE,685700,1226527,20210113,REPUBLICAN,FALSE
1984,PENNSYLVANIA,PA,42,23,14,"BERGLAND, DAVID",LIBERTARIAN,FALSE,6982,4844903,20210113,LIBERTARIAN,FALSE
1984,PENNSYLVANIA,PA,42,23,14,"HALL, GUS",COMMUNIST PARTY USE,FALSE,1780,4844903,20210113,OTHER,FALSE
1984,PENNSYLVANIA,PA,42,23,14,"JOHNSON, SONIA",CITIZENS,FALSE,21628,4844903,20210113,OTHER,FALSE
1984,PENNSYLVANIA,PA,42,23,14,"MONDALE, WALTER",DEMOCRAT,FALSE,2228131,4844903,20210113,DEMOCRAT,FALSE
1984,PENNSYLVANIA,PA,42,23,14,"REAGAN, RONALD",REPUBLICAN,FALSE,2584323,4844903,20210113,REPUBLICAN,FALSE
1984,PENNSYLVANIA,PA,42,23,14,"WINN, EDWARD",WORKERS LEAGUE,FALSE,2059,4844903,20210113,OTHER,FALSE
1984,RHODE ISLAND,RI,44,15,5,"BERGLAND, DAVID",LIBERTARIAN,FALSE,277,410489,20210113,LIBERTARIAN,FALSE
1984,RHODE ISLAND,RI,44,15,5,"HALL, GUS",COMMUNIST PARTY USE,FALSE,75,410489,20210113,OTHER,FALSE
1984,RHODE ISLAND,RI,44,15,5,"HOLMES, LARRY",WORKERS WORLD,FALSE,91,410489,20210113,OTHER,FALSE
1984,RHODE ISLAND,RI,44,15,5,"JOHNSON, SONIA",CITIZENS,FALSE,240,410489,20210113,OTHER,FALSE
1984,RHODE ISLAND,RI,44,15,5,"MASON, MELVIN",SOCIALIST WORKERS,FALSE,61,410489,20210113,OTHER,FALSE
1984,RHODE ISLAND,RI,44,15,5,"MONDALE, WALTER",DEMOCRAT,FALSE,197106,410489,20210113,DEMOCRAT,FALSE
1984,RHODE ISLAND,RI,44,15,5,"REAGAN, RONALD",REPUBLICAN,FALSE,212080,410489,20210113,REPUBLICAN,FALSE
1984,RHODE ISLAND,RI,44,15,5,"RICHARDS, BOB",POPULIST,FALSE,510,410489,20210113,OTHER,FALSE
1984,RHODE ISLAND,RI,44,15,5,"SERRETTE, DENNIS",ALLIANCE,FALSE,49,410489,20210113,OTHER,FALSE
1984,SOUTH CAROLINA,SC,45,57,48,"BERGLAND, DAVID",LIBERTARIAN,FALSE,4359,968529,20210113,LIBERTARIAN,FALSE
1984,SOUTH CAROLINA,SC,45,57,48,"DENNIS, DELMAR",AMERICAN,FALSE,3490,968529,20210113,OTHER,FALSE
1984,SOUTH CAROLINA,SC,45,57,48,"MONDALE, WALTER",DEMOCRAT,FALSE,344459,968529,20210113,DEMOCRAT,FALSE
1984,SOUTH CAROLINA,SC,45,57,48,"REAGAN, RONALD",REPUBLICAN,FALSE,615539,968529,20210113,REPUBLICAN,FALSE
1984,SOUTH CAROLINA,SC,45,57,48,"SERRETTE, DENNIS",ALLIANCE,FALSE,682,968529,20210113,OTHER,FALSE
1984,SOUTH DAKOTA,SD,46,45,37,"MASON, MELVIN",SOCIALIST WORKERS,FALSE,337,317867,20210113,OTHER,FALSE
1984,SOUTH DAKOTA,SD,46,45,37,"MONDALE, WALTER",DEMOCRAT,FALSE,116113,317867,20210113,DEMOCRAT,FALSE
1984,SOUTH DAKOTA,SD,46,45,37,"REAGAN, RONALD",REPUBLICAN,FALSE,200267,317867,20210113,REPUBLICAN,FALSE
1984,SOUTH DAKOTA,SD,46,45,37,"SERRETTE, DENNIS",ALLIANCE,FALSE,1150,317867,20210113,OTHER,FALSE
1984,TENNESSEE,TN,47,62,54,"BERGLAND, DAVID",LIBERTARIAN,FALSE,3072,1711993,20210113,LIBERTARIAN,FALSE
1984,TENNESSEE,TN,47,62,54,"HALL, GUS",COMMUNIST PARTY USE,FALSE,1036,1711993,20210113,OTHER,FALSE
1984,TENNESSEE,TN,47,62,54,"JOHNSON, SONIA",CITIZENS,FALSE,978,1711993,20210113,OTHER,FALSE
1984,TENNESSEE,TN,47,62,54,"LAROUCHE, LYNDON, JR.",INDEPENDENT,FALSE,1852,1711993,20210113,OTHER,FALSE
1984,TENNESSEE,TN,47,62,54,"MASON, MELVIN",SOCIALIST WORKERS,FALSE,715,1711993,20210113,OTHER,FALSE
1984,TENNESSEE,TN,47,62,54,"MONDALE, WALTER",DEMOCRAT,FALSE,711714,1711993,20210113,DEMOCRAT,FALSE
1984,TENNESSEE,TN,47,62,54,OTHER,UNKNOWN,FALSE,127,1711993,20210113,OTHER,FALSE
1984,TENNESSEE,TN,47,62,54,"REAGAN, RONALD",REPUBLICAN,FALSE,990212,1711993,20210113,REPUBLICAN,FALSE
1984,TENNESSEE,TN,47,62,54,"RICHARDS, BOB",POPULIST,FALSE,1763,1711993,20210113,OTHER,FALSE
1984,TENNESSEE,TN,47,62,54,"SERRETTE, DENNIS",ALLIANCE,FALSE,524,1711993,20210113,OTHER,FALSE
1984,TEXAS,TX,48,74,49,"LAROUCHE, LYNDON, JR.",INDEPENDENT,FALSE,14613,5397571,20210113,OTHER,FALSE
1984,TEXAS,TX,48,74,49,"MONDALE, WALTER",DEMOCRAT,FALSE,1949276,5397571,20210113,DEMOCRAT,FALSE
1984,TEXAS,TX,48,74,49,OTHER,UNKNOWN,FALSE,254,5397571,20210113,OTHER,FALSE
1984,TEXAS,TX,48,74,49,"REAGAN, RONALD",REPUBLICAN,FALSE,3433428,5397571,20210113,REPUBLICAN,FALSE
1984,UTAH,UT,49,87,67,"BERGLAND, DAVID",LIBERTARIAN,FALSE,2447,629656,20210113,LIBERTARIAN,FALSE
1984,UTAH,UT,49,87,67,"DENNIS, DELMAR",AMERICAN,FALSE,1345,629656,20210113,OTHER,FALSE
1984,UTAH,UT,49,87,67,"HALL, GUS",COMMUNIST PARTY USE,FALSE,184,629656,20210113,OTHER,FALSE
1984,UTAH,UT,49,87,67,"JOHNSON, SONIA",CITIZENS,FALSE,844,629656,20210113,OTHER,FALSE
1984,UTAH,UT,49,87,67,"MASON, MELVIN",SOCIALIST WORKERS,FALSE,142,629656,20210113,OTHER,FALSE
1984,UTAH,UT,49,87,67,"MONDALE, WALTER",DEMOCRAT,FALSE,155369,629656,20210113,DEMOCRAT,FALSE
1984,UTAH,UT,49,87,67,"REAGAN, RONALD",REPUBLICAN,FALSE,469105,629656,20210113,REPUBLICAN,FALSE
1984,UTAH,UT,49,87,67,"SERRETTE, DENNIS",ALLIANCE,FALSE,220,629656,20210113,OTHER,FALSE
1984,VERMONT,VT,50,13,6,"BERGLAND, DAVID",LIBERTARIAN,FALSE,1002,234561,20210113,LIBERTARIAN,FALSE
1984,VERMONT,VT,50,13,6,"HALL, GUS",COMMUNIST PARTY USE,FALSE,115,234561,20210113,OTHER,FALSE
1984,VERMONT,VT,50,13,6,"JOHNSON, SONIA",CITIZENS,FALSE,264,234561,20210113,OTHER,FALSE
1984,VERMONT,VT,50,13,6,"LAROUCHE, LYNDON, JR.",INDEPENDENT,FALSE,423,234561,20210113,OTHER,FALSE
1984,VERMONT,VT,50,13,6,"MASON, MELVIN",SOCIALIST WORKERS,FALSE,127,234561,20210113,OTHER,FALSE
1984,VERMONT,VT,50,13,6,"MONDALE, WALTER",DEMOCRAT,FALSE,95730,234561,20210113,DEMOCRAT,FALSE
1984,VERMONT,VT,50,13,6,OTHER,UNKNOWN,FALSE,712,234561,20210113,OTHER,FALSE
1984,VERMONT,VT,50,13,6,"REAGAN, RONALD",REPUBLICAN,FALSE,135865,234561,20210113,REPUBLICAN,FALSE
1984,VERMONT,VT,50,13,6,"SERRETTE, DENNIS",ALLIANCE,FALSE,323,234561,20210113,OTHER,FALSE
1984,VIRGINIA,VA,51,54,40,"LAROUCHE, LYNDON, JR.",INDEPENDENT,FALSE,13307,2146635,20210113,OTHER,FALSE
1984,VIRGINIA,VA,51,54,40,"MONDALE, WALTER",DEMOCRAT,FALSE,796250,2146635,20210113,DEMOCRAT,FALSE
1984,VIRGINIA,VA,51,54,40,"REAGAN, RONALD",REPUBLICAN,FALSE,1337078,2146635,20210113,REPUBLICAN,FALSE
1984,WASHINGTON,WA,53,91,73,"BERGLAND, DAVID",LIBERTARIAN,FALSE,8844,1874910,20210113,LIBERTARIAN,FALSE
1984,WASHINGTON,WA,53,91,73,"HALL, GUS",COMMUNIST PARTY USE,FALSE,814,1874910,20210113,OTHER,FALSE
1984,WASHINGTON,WA,53,91,73,"HOLMES, LARRY",WORKERS WORLD,FALSE,641,1874910,20210113,OTHER,FALSE
1984,WASHINGTON,WA,53,91,73,"JOHNSON, SONIA",CITIZENS,FALSE,1891,1874910,20210113,OTHER,FALSE
1984,WASHINGTON,WA,53,91,73,"LAROUCHE, LYNDON, JR.",INDEPENDENT,FALSE,4712,1874910,20210113,OTHER,FALSE
1984,WASHINGTON,WA,53,91,73,"MASON, MELVIN",SOCIALIST WORKERS,FALSE,608,1874910,20210113,OTHER,FALSE
1984,WASHINGTON,WA,53,91,73,"MONDALE, WALTER",DEMOCRAT,FALSE,798352,1874910,20210113,DEMOCRAT,FALSE
1984,WASHINGTON,WA,53,91,73,"REAGAN, RONALD",REPUBLICAN,FALSE,1051670,1874910,20210113,REPUBLICAN,FALSE
1984,WASHINGTON,WA,53,91,73,"RICHARDS, BOB",POPULIST,FALSE,5724,1874910,20210113,OTHER,FALSE
1984,WASHINGTON,WA,53,91,73,"SERRETTE, DENNIS",ALLIANCE,FALSE,1654,1874910,20210113,OTHER,FALSE
1984,WEST VIRGINIA,WV,54,55,56,"MASON, MELVIN",SOCIALIST WORKERS,FALSE,645,735742,20210113,OTHER,FALSE
1984,WEST VIRGINIA,WV,54,55,56,"MONDALE, WALTER",DEMOCRAT,FALSE,328125,735742,20210113,DEMOCRAT,FALSE
1984,WEST VIRGINIA,WV,54,55,56,"REAGAN, RONALD",REPUBLICAN,FALSE,405483,735742,20210113,REPUBLICAN,FALSE
1984,WEST VIRGINIA,WV,54,55,56,"RICHARDS, BOB",POPULIST,FALSE,996,735742,20210113,OTHER,FALSE
1984,WEST VIRGINIA,WV,54,55,56,"SERRETTE, DENNIS",ALLIANCE,FALSE,493,735742,20210113,OTHER,FALSE
1984,WISCONSIN,WI,55,35,25,"BERGLAND, DAVID",LIBERTARIAN,FALSE,4883,2211689,20210113,LIBERTARIAN,FALSE
1984,WISCONSIN,WI,55,35,25,"HALL, GUS",COMMUNIST PARTY USE,FALSE,596,2211689,20210113,OTHER,FALSE
1984,WISCONSIN,WI,55,35,25,"HOLMES, LARRY",WORKERS WORLD,FALSE,619,2211689,20210113,OTHER,FALSE
1984,WISCONSIN,WI,55,35,25,"JOHNSON, SONIA",CITIZENS,FALSE,1456,2211689,20210113,OTHER,FALSE
1984,WISCONSIN,WI,55,35,25,"LAROUCHE, LYNDON, JR.",INDEPENDENT,FALSE,3791,2211689,20210113,OTHER,FALSE
1984,WISCONSIN,WI,55,35,25,"MASON, MELVIN",SOCIALIST WORKERS,FALSE,444,2211689,20210113,OTHER,FALSE
1984,WISCONSIN,WI,55,35,25,"MONDALE, WALTER",DEMOCRAT,FALSE,995740,2211689,20210113,DEMOCRAT,FALSE
1984,WISCONSIN,WI,55,35,25,OTHER,UNKNOWN,FALSE,706,2211689,20210113,OTHER,FALSE
1984,WISCONSIN,WI,55,35,25,"REAGAN, RONALD",REPUBLICAN,FALSE,1198584,2211689,20210113,REPUBLICAN,FALSE
1984,WISCONSIN,WI,55,35,25,"RICHARDS, BOB",POPULIST,FALSE,3864,2211689,20210113,OTHER,FALSE
1984,WISCONSIN,WI,55,35,25,"SERRETTE, DENNIS",ALLIANCE,FALSE,1006,2211689,20210113,OTHER,FALSE
1984,WYOMING,WY,56,83,68,"BERGLAND, DAVID",LIBERTARIAN,FALSE,2357,188968,20210113,LIBERTARIAN,FALSE
1984,WYOMING,WY,56,83,68,"MONDALE, WALTER",DEMOCRAT,FALSE,53370,188968,20210113,DEMOCRAT,FALSE
1984,WYOMING,WY,56,83,68,"REAGAN, RONALD",REPUBLICAN,FALSE,133241,188968,20210113,REPUBLICAN,FALSE
1988,ALABAMA,AL,1,63,41,"BUSH, GEORGE H.W.",REPUBLICAN,FALSE,815576,1378476,20210113,REPUBLICAN,FALSE
1988,ALABAMA,AL,1,63,41,"DUKAKIS, MICHAEL",DEMOCRAT,FALSE,549506,1378476,20210113,DEMOCRAT,FALSE
1988,ALABAMA,AL,1,63,41,"PAUL, RONALD ""RON""",LIBERTARIAN,FALSE,8460,1378476,20210113,LIBERTARIAN,FALSE
1988,ALABAMA,AL,1,63,41,"WINN, EDWARD",INDEPENDENT,FALSE,4428,1378476,20210113,OTHER,FALSE
1988,ALABAMA,AL,1,63,41,UNKNOWN/SCATTERING,UNKNOWN,TRUE,506,1378476,20210113,OTHER,FALSE
1988,ALASKA,AK,2,94,81,"BUSH, GEORGE H.W.",REPUBLICAN,FALSE,119251,200116,20210113,REPUBLICAN,FALSE
1988,ALASKA,AK,2,94,81,"DUKAKIS, MICHAEL",DEMOCRAT,FALSE,72584,200116,20210113,DEMOCRAT,FALSE
1988,ALASKA,AK,2,94,81,"FULANI, LENORA",NEW ALLIANCE,FALSE,1024,200116,20210113,OTHER,FALSE
1988,ALASKA,AK,2,94,81,"LAROUCHE, LYNDON, JR.",NATIONAL ECONOMIC RECOVERY,FALSE,816,200116,20210113,OTHER,FALSE
1988,ALASKA,AK,2,94,81,"PAUL, RONALD ""RON""",LIBERTARIAN,FALSE,5484,200116,20210113,LIBERTARIAN,FALSE
1988,ALASKA,AK,2,94,81,UNKNOWN/SCATTERING,UNKNOWN,TRUE,957,200116,20210113,OTHER,FALSE
1988,ARIZONA,AZ,4,86,61,"BUSH, GEORGE H.W.",REPUBLICAN,FALSE,702541,1171873,20210113,REPUBLICAN,FALSE
1988,ARIZONA,AZ,4,86,61,"DUKAKIS, MICHAEL",DEMOCRAT,FALSE,454029,1171873,20210113,DEMOCRAT,FALSE
1988,ARIZONA,AZ,4,86,61,"FULANI, LENORA",NEW ALLIANCE,FALSE,1662,1171873,20210113,OTHER,FALSE
1988,ARIZONA,AZ,4,86,61,"PAUL, RONALD ""RON""",LIBERTARIAN,FALSE,13351,1171873,20210113,LIBERTARIAN,FALSE
1988,ARIZONA,AZ,4,86,61,UNKNOWN/SCATTERING,UNKNOWN,TRUE,290,1171873,20210113,OTHER,FALSE
1988,ARKANSAS,AR,5,71,42,"BUSH, GEORGE H.W.",REPUBLICAN,FALSE,466578,827738,20210113,REPUBLICAN,FALSE
1988,ARKANSAS,AR,5,71,42,"DODGE, EARL",POPULIST,FALSE,5146,827738,20210113,OTHER,FALSE
1988,ARKANSAS,AR,5,71,42,"DODGE, EARL",PROHIBITION,FALSE,1319,827738,20210113,OTHER,FALSE
1988,ARKANSAS,AR,5,71,42,"DUKAKIS, MICHAEL",DEMOCRAT,FALSE,349237,827738,20210113,DEMOCRAT,FALSE
1988,ARKANSAS,AR,5,71,42,"FULANI, LENORA",NEW ALLIANCE,FALSE,2161,827738,20210113,OTHER,FALSE
1988,ARKANSAS,AR,5,71,42,"PAUL, RONALD ""RON""",LIBERTARIAN,FALSE,3297,827738,20210113,LIBERTARIAN,FALSE
1988,CALIFORNIA,CA,6,93,71,"BUSH, GEORGE H.W.",REPUBLICAN,FALSE,5054917,9887065,20210113,REPUBLICAN,FALSE
1988,CALIFORNIA,CA,6,93,71,"DUKAKIS, MICHAEL",DEMOCRAT,FALSE,4702233,9887065,20210113,DEMOCRAT,FALSE
1988,CALIFORNIA,CA,6,93,71,"FULANI, LENORA",INDEPENDENT,FALSE,58999,9887065,20210113,OTHER,FALSE
1988,CALIFORNIA,CA,6,93,71,"PAUL, RONALD ""RON""",LIBERTARIAN,FALSE,70105,9887065,20210113,LIBERTARIAN,FALSE
1988,CALIFORNIA,CA,6,93,71,UNKNOWN/SCATTERING,UNKNOWN,TRUE,811,9887065,20210113,OTHER,FALSE
1988,COLORADO,CO,8,84,62,"BUSH, GEORGE H.W.",REPUBLICAN,FALSE,728177,1372394,20210113,REPUBLICAN,FALSE
1988,COLORADO,CO,8,84,62,"DODGE, EARL",PROHIBITION,FALSE,4604,1372394,20210113,OTHER,FALSE
1988,COLORADO,CO,8,84,62,"DUKAKIS, MICHAEL",DEMOCRAT,FALSE,621453,1372394,20210113,DEMOCRAT,FALSE
1988,COLORADO,CO,8,84,62,"FULANI, LENORA",NEW ALLIANCE,FALSE,2539,1372394,20210113,OTHER,FALSE
1988,COLORADO,CO,8,84,62,"PAUL, RONALD ""RON""",LIBERTARIAN,FALSE,15482,1372394,20210113,LIBERTARIAN,FALSE
1988,COLORADO,CO,8,84,62,UNKNOWN/SCATTERING,UNKNOWN,TRUE,139,1372394,20210113,OTHER,FALSE
1988,CONNECTICUT,CT,9,16,1,"BUSH, GEORGE H.W.",REPUBLICAN,FALSE,750241,1443394,20210113,REPUBLICAN,FALSE
1988,CONNECTICUT,CT,9,16,1,"DUKAKIS, MICHAEL",DEMOCRAT,FALSE,676584,1443394,20210113,DEMOCRAT,FALSE
1988,CONNECTICUT,CT,9,16,1,"FULANI, LENORA",NEW ALLIANCE,FALSE,2491,1443394,20210113,OTHER,FALSE
1988,CONNECTICUT,CT,9,16,1,"PAUL, RONALD ""RON""",LIBERTARIAN,FALSE,14071,1443394,20210113,LIBERTARIAN,FALSE
1988,CONNECTICUT,CT,9,16,1,UNKNOWN/SCATTERING,UNKNOWN,TRUE,7,1443394,20210113,OTHER,FALSE
1988,DELAWARE,DE,10,51,11,"BUSH, GEORGE H.W.",REPUBLICAN,FALSE,139639,249891,20210113,REPUBLICAN,FALSE
1988,DELAWARE,DE,10,51,11,"DUKAKIS, MICHAEL",DEMOCRAT,FALSE,108647,249891,20210113,DEMOCRAT,FALSE
1988,DELAWARE,DE,10,51,11,"FULANI, LENORA",NEW ALLIANCE,FALSE,443,249891,20210113,OTHER,FALSE
1988,DELAWARE,DE,10,51,11,"PAUL, RONALD ""RON""",LIBERTARIAN,FALSE,1162,249891,20210113,LIBERTARIAN,FALSE
1988,DISTRICT OF COLUMBIA,DC,11,53,55,"BUSH, GEORGE H.W.",REPUBLICAN,FALSE,27590,192877,20210113,REPUBLICAN,FALSE
1988,DISTRICT OF COLUMBIA,DC,11,53,55,"DUKAKIS, MICHAEL",DEMOCRAT,FALSE,159407,192877,20210113,DEMOCRAT,FALSE
1988,DISTRICT OF COLUMBIA,DC,11,53,55,"KENOYER, WILLA",SOCIALIST,FALSE,142,192877,20210113,OTHER,FALSE
1988,DISTRICT OF COLUMBIA,DC,11,53,55,"PAUL, RONALD ""RON""",LIBERTARIAN,FALSE,554,192877,20210113,LIBERTARIAN,FALSE
1988,DISTRICT OF COLUMBIA,DC,11,53,55,"WARREN, JAMES ""MAC""",SOCIALIST WORKERS,FALSE,123,192877,20210113,OTHER,FALSE
1988,DISTRICT OF COLUMBIA,DC,11,53,55,"WINN, EDWARD",WORKERS LEAGUE,FALSE,208,192877,20210113,OTHER,FALSE
1988,DISTRICT OF COLUMBIA,DC,11,53,55,UNKNOWN/SCATTERING,INDEPENDENT,FALSE,3064,192877,20210113,OTHER,FALSE
1988,DISTRICT OF COLUMBIA,DC,11,53,55,UNKNOWN/SCATTERING,UNKNOWN,TRUE,1553,192877,20210113,OTHER,FALSE
1988,DISTRICT OF COLUMBIA,DC,11,53,55,UNKNOWN/SCATTERING,THIRD WORLD ASSEMBLY,FALSE,236,192877,20210113,OTHER,FALSE
1988,FLORIDA,FL,12,59,43,"BUSH, GEORGE H.W.",REPUBLICAN,FALSE,2618885,4302313,20210113,REPUBLICAN,FALSE
1988,FLORIDA,FL,12,59,43,"DUKAKIS, MICHAEL",DEMOCRAT,FALSE,1656701,4302313,20210113,DEMOCRAT,FALSE
1988,FLORIDA,FL,12,59,43,"FULANI, LENORA",NEW ALLIANCE,FALSE,6655,4302313,20210113,OTHER,FALSE
1988,FLORIDA,FL,12,59,43,"PAUL, RONALD ""RON""",LIBERTARIAN,FALSE,19796,4302313,20210113,LIBERTARIAN,FALSE
1988,FLORIDA,FL,12,59,43,UNKNOWN/SCATTERING,UNKNOWN,TRUE,276,4302313,20210113,OTHER,FALSE
1988,GEORGIA,GA,13,58,44,"BUSH, GEORGE H.W.",REPUBLICAN,FALSE,1081331,1809672,20210113,REPUBLICAN,FALSE
1988,GEORGIA,GA,13,58,44,"DUKAKIS, MICHAEL",DEMOCRAT,FALSE,714792,1809672,20210113,DEMOCRAT,FALSE
1988,GEORGIA,GA,13,58,44,"FULANI, LENORA",NEW ALLIANCE,FALSE,5099,1809672,20210113,OTHER,FALSE
1988,GEORGIA,GA,13,58,44,"PAUL, RONALD ""RON""",LIBERTARIAN,FALSE,8435,1809672,20210113,LIBERTARIAN,FALSE
1988,GEORGIA,GA,13,58,44,UNKNOWN/SCATTERING,UNKNOWN,TRUE,15,1809672,20210113,OTHER,FALSE
1988,HAWAII,HI,15,95,82,"BUSH, GEORGE H.W.",REPUBLICAN,FALSE,158625,354461,20210113,REPUBLICAN,FALSE
1988,HAWAII,HI,15,95,82,"DUKAKIS, MICHAEL",DEMOCRAT,FALSE,192364,354461,20210113,DEMOCRAT,FALSE
1988,HAWAII,HI,15,95,82,"FULANI, LENORA",NO PARTY AFFILIATION,FALSE,1003,354461,20210113,OTHER,FALSE
1988,HAWAII,HI,15,95,82,"LAROUCHE, LYNDON, JR.",NATIONAL ECONOMIC RECOVERY,FALSE,470,354461,20210113,OTHER,FALSE
1988,HAWAII,HI,15,95,82,"PAUL, RONALD ""RON""",LIBERTARIAN,FALSE,1999,354461,20210113,LIBERTARIAN,FALSE
1988,IDAHO,ID,16,82,63,"BUSH, GEORGE H.W.",REPUBLICAN,FALSE,253881,408968,20210113,REPUBLICAN,FALSE
1988,IDAHO,ID,16,82,63,"DUKAKIS, MICHAEL",DEMOCRAT,FALSE,147272,408968,20210113,DEMOCRAT,FALSE
1988,IDAHO,ID,16,82,63,"FULANI, LENORA",INDEPENDENT,FALSE,2502,408968,20210113,OTHER,FALSE
1988,IDAHO,ID,16,82,63,"PAUL, RONALD ""RON""",LIBERTARIAN,FALSE,5313,408968,20210113,LIBERTARIAN,FALSE
1988,ILLINOIS,IL,17,33,21,"BUSH, GEORGE H.W.",REPUBLICAN,FALSE,2310939,4559120,20210113,REPUBLICAN,FALSE
1988,ILLINOIS,IL,17,33,21,"DUKAKIS, MICHAEL",DEMOCRAT,FALSE,2215940,4559120,20210113,DEMOCRAT,FALSE
1988,ILLINOIS,IL,17,33,21,"FULANI, LENORA",SOLIDARITY,FALSE,10276,4559120,20210113,OTHER,FALSE
1988,ILLINOIS,IL,17,33,21,"PAUL, RONALD ""RON""",LIBERTARIAN,FALSE,14944,4559120,20210113,LIBERTARIAN,FALSE
1988,ILLINOIS,IL,17,33,21,"WINN, EDWARD",INDEPENDENT,FALSE,7021,4559120,20210113,OTHER,FALSE
1988,INDIANA,IN,18,32,22,"BUSH, GEORGE H.W.",REPUBLICAN,FALSE,1297763,2168621,20210113,REPUBLICAN,FALSE
1988,INDIANA,IN,18,32,22,"DUKAKIS, MICHAEL",DEMOCRAT,FALSE,860643,2168621,20210113,DEMOCRAT,FALSE
1988,INDIANA,IN,18,32,22,"FULANI, LENORA",NEW ALLIANCE,FALSE,10215,2168621,20210113,OTHER,FALSE
1988,IOWA,IA,19,42,31,"BUSH, GEORGE H.W.",REPUBLICAN,FALSE,545355,1225614,20210113,REPUBLICAN,FALSE
1988,IOWA,IA,19,42,31,"DUKAKIS, MICHAEL",DEMOCRAT,FALSE,670557,1225614,20210113,DEMOCRAT,FALSE
1988,IOWA,IA,19,42,31,"DUKE, DAVID",PATRIOTIC PARTY,FALSE,755,1225614,20210113,OTHER,FALSE
1988,IOWA,IA,19,42,31,"FULANI, LENORA",NEW ALLIANCE,FALSE,540,1225614,20210113,OTHER,FALSE
1988,IOWA,IA,19,42,31,"KENOYER, WILLA",SOCIALIST,FALSE,334,1225614,20210113,OTHER,FALSE
1988,IOWA,IA,19,42,31,"LAROUCHE, LYNDON, JR.",NOMINATED BY PETITION,FALSE,3526,1225614,20210113,OTHER,FALSE
1988,IOWA,IA,19,42,31,"PAUL, RONALD ""RON""",LIBERTARIAN,FALSE,2494,1225614,20210113,LIBERTARIAN,FALSE
1988,IOWA,IA,19,42,31,SCATTERING,UNKNOWN,FALSE,1613,1225614,20210113,OTHER,FALSE
1988,IOWA,IA,19,42,31,"WARREN, JAMES ""MAC""",SOCIALIST WORKERS,FALSE,205,1225614,20210113,OTHER,FALSE
1988,IOWA,IA,19,42,31,"WINN, EDWARD",WORKERS LEAGUE,FALSE,235,1225614,20210113,OTHER,FALSE
1988,KANSAS,KS,20,47,32,"BUSH, GEORGE H.W.",REPUBLICAN,FALSE,554049,993044,20210113,REPUBLICAN,FALSE
1988,KANSAS,KS,20,47,32,"DUKAKIS, MICHAEL",DEMOCRAT,FALSE,422636,993044,20210113,DEMOCRAT,FALSE
1988,KANSAS,KS,20,47,32,UNKNOWN/SCATTERING,INDEPENDENT,FALSE,16359,993044,20210113,OTHER,FALSE
1988,KENTUCKY,KY,21,61,51,"BUSH, GEORGE H.W.",REPUBLICAN,FALSE,734281,1322517,20210113,REPUBLICAN,FALSE
1988,KENTUCKY,KY,21,61,51,"DUKAKIS, MICHAEL",DEMOCRAT,FALSE,580368,1322517,20210113,DEMOCRAT,FALSE
1988,KENTUCKY,KY,21,61,51,"DUKE, DAVID",POPULIST,FALSE,4494,1322517,20210113,OTHER,FALSE
1988,KENTUCKY,KY,21,61,51,"FULANI, LENORA",NEW ALLIANCE,FALSE,1256,1322517,20210113,OTHER,FALSE
1988,KENTUCKY,KY,21,61,51,"PAUL, RONALD ""RON""",LIBERTARIAN,FALSE,2118,1322517,20210113,LIBERTARIAN,FALSE
1988,LOUISIANA,LA,22,72,45,"BUSH, GEORGE H.W.",REPUBLICAN,FALSE,883702,1628202,20210113,REPUBLICAN,FALSE
1988,LOUISIANA,LA,22,72,45,"DUKAKIS, MICHAEL",DEMOCRAT,FALSE,717460,1628202,20210113,DEMOCRAT,FALSE
1988,LOUISIANA,LA,22,72,45,"DUKE, DAVID",POPULIST,FALSE,18612,1628202,20210113,OTHER,FALSE
1988,LOUISIANA,LA,22,72,45,"FULANI, LENORA",NEW ALLIANCE,FALSE,2355,1628202,20210113,OTHER,FALSE
1988,LOUISIANA,LA,22,72,45,"LAROUCHE, LYNDON, JR.",NATIONAL ECONOMIC RECOVERY,FALSE,1958,1628202,20210113,OTHER,FALSE
1988,LOUISIANA,LA,22,72,45,"PAUL, RONALD ""RON""",LIBERTARIAN,FALSE,4115,1628202,20210113,LIBERTARIAN,FALSE
1988,MAINE,ME,23,11,2,"BUSH, GEORGE H.W.",REPUBLICAN,FALSE,307131,555035,20210113,REPUBLICAN,FALSE
1988,MAINE,ME,23,11,2,"DUKAKIS, MICHAEL",DEMOCRAT,FALSE,243569,555035,20210113,DEMOCRAT,FALSE
1988,MAINE,ME,23,11,2,"FULANI, LENORA",NEW ALLIANCE,FALSE,1405,555035,20210113,OTHER,FALSE
1988,MAINE,ME,23,11,2,"PAUL, RONALD ""RON""",LIBERTARIAN,FALSE,2700,555035,20210113,LIBERTARIAN,FALSE
1988,MAINE,ME,23,11,2,UNKNOWN/SCATTERING,OTHER,FALSE,230,555035,20210113,OTHER,FALSE
1988,MARYLAND,MD,24,52,52,"BUSH, GEORGE H.W.",REPUBLICAN,FALSE,876167,1714358,20210113,REPUBLICAN,FALSE
1988,MARYLAND,MD,24,52,52,"DUKAKIS, MICHAEL",DEMOCRAT,FALSE,826304,1714358,20210113,DEMOCRAT,FALSE
1988,MARYLAND,MD,24,52,52,"FULANI, LENORA",NEW ALLIANCE,FALSE,5115,1714358,20210113,OTHER,FALSE
1988,MARYLAND,MD,24,52,52,"PAUL, RONALD ""RON""",LIBERTARIAN,FALSE,6748,1714358,20210113,LIBERTARIAN,FALSE
1988,MARYLAND,MD,24,52,52,UNKNOWN/SCATTERING,UNKNOWN,TRUE,24,1714358,20210113,OTHER,FALSE
1988,MASSACHUSETTS,MA,25,14,3,"BUSH, GEORGE H.W.",REPUBLICAN,FALSE,1194635,2632801,20210113,REPUBLICAN,FALSE
1988,MASSACHUSETTS,MA,25,14,3,"DUKAKIS, MICHAEL",DEMOCRAT,FALSE,1401415,2632801,20210113,DEMOCRAT,FALSE
1988,MASSACHUSETTS,MA,25,14,3,"FULANI, LENORA",NEW ALLIANCE,FALSE,9561,2632801,20210113,OTHER,FALSE
1988,MASSACHUSETTS,MA,25,14,3,"PAUL, RONALD ""RON""",LIBERTARIAN,FALSE,24251,2632801,20210113,LIBERTARIAN,FALSE
1988,MASSACHUSETTS,MA,25,14,3,UNKNOWN/SCATTERING,OTHER,FALSE,2939,2632801,20210113,OTHER,FALSE
1988,MICHIGAN,MI,26,34,23,"BUSH, GEORGE H.W.",REPUBLICAN,FALSE,1965486,3669163,20210113,REPUBLICAN,FALSE
1988,MICHIGAN,MI,26,34,23,"DUKAKIS, MICHAEL",DEMOCRAT,FALSE,1675783,3669163,20210113,DEMOCRAT,FALSE
1988,MICHIGAN,MI,26,34,23,"PAUL, RONALD ""RON""",LIBERTARIAN,FALSE,18336,3669163,20210113,LIBERTARIAN,FALSE
1988,MICHIGAN,MI,26,34,23,"WINN, EDWARD",WORKERS LEAGUE,FALSE,1958,3669163,20210113,OTHER,FALSE
1988,MICHIGAN,MI,26,34,23,UNKNOWN/SCATTERING,OTHER,FALSE,7600,3669163,20210113,OTHER,FALSE
1988,MINNESOTA,MN,27,41,33,"BUSH, GEORGE H.W.",REPUBLICAN,FALSE,962337,2096790,20210113,REPUBLICAN,FALSE
1988,MINNESOTA,MN,27,41,33,"DENNIS, DELMAR",AMERICAN,FALSE,1298,2096790,20210113,OTHER,FALSE
1988,MINNESOTA,MN,27,41,33,"DUKAKIS, MICHAEL",DEMOCRAT,FALSE,1109471,2096790,20210113,DEMOCRAT,FALSE
1988,MINNESOTA,MN,27,41,33,"DUKE, DAVID",POPULIST,FALSE,1529,2096790,20210113,OTHER,FALSE
1988,MINNESOTA,MN,27,41,33,"FULANI, LENORA",NEW ALLIANCE,FALSE,1734,2096790,20210113,OTHER,FALSE
1988,MINNESOTA,MN,27,41,33,"HERER, JACK",GRASSROOTS,FALSE,1949,2096790,20210113,OTHER,FALSE
1988,MINNESOTA,MN,27,41,33,"LAROUCHE, LYNDON, JR.",NATIONAL ECONOMIC RECOVERY,FALSE,1702,2096790,20210113,OTHER,FALSE
1988,MINNESOTA,MN,27,41,33,"MCCARTHY, EUGENE ""GENE""",PROGRESSIVE,FALSE,5403,2096790,20210113,OTHER,FALSE
1988,MINNESOTA,MN,27,41,33,"PAUL, RONALD ""RON""",LIBERTARIAN,FALSE,5109,2096790,20210113,LIBERTARIAN,FALSE
1988,MINNESOTA,MN,27,41,33,"WARREN, JAMES ""MAC""",SOCIALIST WORKERS,FALSE,2155,2096790,20210113,OTHER,FALSE
1988,MINNESOTA,MN,27,41,33,"WINN, EDWARD",WORKERS LEAGUE,FALSE,489,2096790,20210113,OTHER,FALSE
1988,MINNESOTA,MN,27,41,33,UNKNOWN/SCATTERING,UNKNOWN,TRUE,3614,2096790,20210113,OTHER,FALSE
1988,MISSISSIPPI,MS,28,64,46,"BUSH, GEORGE H.W.",REPUBLICAN,FALSE,557890,931527,20210113,REPUBLICAN,FALSE
1988,MISSISSIPPI,MS,28,64,46,"DUKAKIS, MICHAEL",DEMOCRAT,FALSE,363921,931527,20210113,DEMOCRAT,FALSE
1988,MISSISSIPPI,MS,28,64,46,"PAUL, RONALD ""RON""",LIBERTARIAN,FALSE,3329,931527,20210113,LIBERTARIAN,FALSE
1988,MISSISSIPPI,MS,28,64,46,UNKNOWN/SCATTERING,INDEPENDENT,FALSE,6387,931527,20210113,OTHER,FALSE
1988,MISSOURI,MO,29,43,34,"BUSH, GEORGE H.W.",REPUBLICAN,FALSE,1084953,2093228,20210113,REPUBLICAN,FALSE
1988,MISSOURI,MO,29,43,34,"DUKAKIS, MICHAEL",DEMOCRAT,FALSE,1001619,2093228,20210113,DEMOCRAT,FALSE
1988,MISSOURI,MO,29,43,34,"FULANI, LENORA",NEW ALLIANCE,FALSE,6656,2093228,20210113,OTHER,FALSE
1988,MONTANA,MT,30,81,64,"BUSH, GEORGE H.W.",REPUBLICAN,FALSE,190412,365674,20210113,REPUBLICAN,FALSE
1988,MONTANA,MT,30,81,64,"DUKAKIS, MICHAEL",DEMOCRAT,FALSE,168936,365674,20210113,DEMOCRAT,FALSE
1988,MONTANA,MT,30,81,64,"FULANI, LENORA",NEW ALLIANCE,FALSE,1279,365674,20210113,OTHER,FALSE
1988,MONTANA,MT,30,81,64,"PAUL, RONALD ""RON""",LIBERTARIAN,FALSE,5047,365674,20210113,LIBERTARIAN,FALSE
1988,NEBRASKA,NE,31,46,35,"BUSH, GEORGE H.W.",REPUBLICAN,FALSE,397956,661465,20210113,REPUBLICAN,FALSE
1988,NEBRASKA,NE,31,46,35,"DUKAKIS, MICHAEL",DEMOCRAT,FALSE,259235,661465,20210113,DEMOCRAT,FALSE
1988,NEBRASKA,NE,31,46,35,"FULANI, LENORA",NEW ALLIANCE,FALSE,1740,661465,20210113,OTHER,FALSE
1988,NEBRASKA,NE,31,46,35,"PAUL, RONALD ""RON""",LIBERTARIAN,FALSE,2534,661465,20210113,LIBERTARIAN,FALSE
1988,NEVADA,NV,32,88,65,"BUSH, GEORGE H.W.",REPUBLICAN,FALSE,206040,343133,20210113,REPUBLICAN,FALSE
1988,NEVADA,NV,32,88,65,"DUKAKIS, MICHAEL",DEMOCRAT,FALSE,132738,343133,20210113,DEMOCRAT,FALSE
1988,NEVADA,NV,32,88,65,"FULANI, LENORA",NEW ALLIANCE,FALSE,835,343133,20210113,OTHER,FALSE
1988,NEVADA,NV,32,88,65,"PAUL, RONALD ""RON""",LIBERTARIAN,FALSE,3520,343133,20210113,LIBERTARIAN,FALSE
1988,NEW HAMPSHIRE,NH,33,12,4,"BUSH, GEORGE H.W.",REPUBLICAN,FALSE,281537,450525,20210113,REPUBLICAN,FALSE
1988,NEW HAMPSHIRE,NH,33,12,4,"DUKAKIS, MICHAEL",DEMOCRAT,FALSE,163696,450525,20210113,DEMOCRAT,FALSE
1988,NEW HAMPSHIRE,NH,33,12,4,"FULANI, LENORA",NEW ALLIANCE,FALSE,790,450525,20210113,OTHER,FALSE
1988,NEW HAMPSHIRE,NH,33,12,4,"PAUL, RONALD ""RON""",LIBERTARIAN,FALSE,4502,450525,20210113,LIBERTARIAN,FALSE
1988,NEW JERSEY,NJ,34,22,12,"BUSH, GEORGE H.W.",REPUBLICAN,FALSE,1743192,3099553,20210113,REPUBLICAN,FALSE
1988,NEW JERSEY,NJ,34,22,12,"DUKAKIS, MICHAEL",DEMOCRAT,FALSE,1320352,3099553,20210113,DEMOCRAT,FALSE
1988,NEW JERSEY,NJ,34,22,12,"DUKE, DAVID",POPULIST,FALSE,2446,3099553,20210113,OTHER,FALSE
1988,NEW JERSEY,NJ,34,22,12,"FULANI, LENORA",NEW ALLIANCE,FALSE,5139,3099553,20210113,OTHER,FALSE
1988,NEW JERSEY,NJ,34,22,12,"HERBERG G., LEWIN",PEACE & FREEDOM,FALSE,9953,3099553,20210113,OTHER,FALSE
1988,NEW JERSEY,NJ,34,22,12,"HOLMES, LARRY",WORKERS WORLD,FALSE,1020,3099553,20210113,OTHER,FALSE
1988,NEW JERSEY,NJ,34,22,12,"KENOYER, WILLA",SOCIALIST,FALSE,2587,3099553,20210113,OTHER,FALSE
1988,NEW JERSEY,NJ,34,22,12,"MCCARTHY, EUGENE ""GENE""",CONSUMER,FALSE,3454,3099553,20210113,OTHER,FALSE
1988,NEW JERSEY,NJ,34,22,12,"PAUL, RONALD ""RON""",LIBERTARIAN,FALSE,8421,3099553,20210113,LIBERTARIAN,FALSE
1988,NEW JERSEY,NJ,34,22,12,"WARREN, JAMES ""MAC""",SOCIALIST WORKERS,FALSE,2298,3099553,20210113,OTHER,FALSE
1988,NEW JERSEY,NJ,34,22,12,"WINN, EDWARD",WORKERS LEAGUE,FALSE,691,3099553,20210113,OTHER,FALSE
1988,NEW MEXICO,NM,35,85,66,"BUSH, GEORGE H.W.",REPUBLICAN,FALSE,270341,521387,20210113,REPUBLICAN,FALSE
1988,NEW MEXICO,NM,35,85,66,"DODGE, EARL",PROHIBITION,FALSE,249,521387,20210113,OTHER,FALSE
1988,NEW MEXICO,NM,35,85,66,"DUKAKIS, MICHAEL",DEMOCRAT,FALSE,244497,521387,20210113,DEMOCRAT,FALSE
1988,NEW MEXICO,NM,35,85,66,"FULANI, LENORA",NEW ALLIANCE,FALSE,2237,521387,20210113,OTHER,FALSE
1988,NEW MEXICO,NM,35,85,66,"HOLMES, LARRY",WORKERS WORLD,FALSE,258,521387,20210113,OTHER,FALSE
1988,NEW MEXICO,NM,35,85,66,"PAUL, RONALD ""RON""",LIBERTARIAN,FALSE,3368,521387,20210113,LIBERTARIAN,FALSE
1988,NEW MEXICO,NM,35,85,66,"WARREN, JAMES ""MAC""",SOCIALIST WORKERS,FALSE,344,521387,20210113,OTHER,FALSE
1988,NEW MEXICO,NM,35,85,66,UNKNOWN/SCATTERING,WRITE-IN,TRUE,93,521387,20210113,OTHER,FALSE
1988,NEW YORK,NY,36,21,13,"BUSH, GEORGE H.W.",REPUBLICAN,FALSE,2838414,6485683,20210113,REPUBLICAN,FALSE
1988,NEW YORK,NY,36,21,13,"BUSH, GEORGE H.W.",CONSERVATIVE,FALSE,243457,6485683,20210113,OTHER,FALSE
1988,NEW YORK,NY,36,21,13,"DUKAKIS, MICHAEL",DEMOCRAT,FALSE,3255487,6485683,20210113,DEMOCRAT,FALSE
1988,NEW YORK,NY,36,21,13,"DUKAKIS, MICHAEL",LIBERAL PARTY,FALSE,92395,6485683,20210113,OTHER,FALSE
1988,NEW YORK,NY,36,21,13,"FULANI, LENORA",NEW ALLIANCE,FALSE,15845,6485683,20210113,OTHER,FALSE
1988,NEW YORK,NY,36,21,13,"HOLMES, LARRY",WORKERS WORLD,FALSE,4179,6485683,20210113,OTHER,FALSE
1988,NEW YORK,NY,36,21,13,"MARRA, WILLIAM A.",RIGHT-TO-LIFE,FALSE,20497,6485683,20210113,OTHER,FALSE
1988,NEW YORK,NY,36,21,13,"PAUL, RONALD ""RON""",LIBERTARIAN,FALSE,12109,6485683,20210113,LIBERTARIAN,FALSE
1988,NEW YORK,NY,36,21,13,"WARREN, JAMES ""MAC""",SOCIALIST WORKERS,FALSE,3287,6485683,20210113,OTHER,FALSE
1988,NEW YORK,NY,36,21,13,UNKNOWN/SCATTERING,OTHER,FALSE,13,6485683,20210113,OTHER,FALSE
1988,NORTH CAROLINA,NC,37,56,47,"BUSH, GEORGE H.W.",REPUBLICAN,FALSE,1237258,2134370,20210113,REPUBLICAN,FALSE
1988,NORTH CAROLINA,NC,37,56,47,"DUKAKIS, MICHAEL",DEMOCRAT,FALSE,890167,2134370,20210113,DEMOCRAT,FALSE
1988,NORTH CAROLINA,NC,37,56,47,"FULANI, LENORA",NEW ALLIANCE,FALSE,5682,2134370,20210113,OTHER,FALSE
1988,NORTH CAROLINA,NC,37,56,47,"PAUL, RONALD ""RON""",UNKNOWN,TRUE,1263,2134370,20210113,OTHER,FALSE
1988,NORTH DAKOTA,ND,38,44,36,"BUSH, GEORGE H.W.",REPUBLICAN,FALSE,166559,297261,20210113,REPUBLICAN,FALSE
1988,NORTH DAKOTA,ND,38,44,36,"DUKAKIS, MICHAEL",DEMOCRAT,FALSE,127739,297261,20210113,DEMOCRAT,FALSE
1988,NORTH DAKOTA,ND,38,44,36,"FULANI, LENORA",NEW ALLIANCE,FALSE,396,297261,20210113,OTHER,FALSE
1988,NORTH DAKOTA,ND,38,44,36,"LAROUCHE, LYNDON, JR.",NATIONAL ECONOMIC RECOVERY,FALSE,905,297261,20210113,OTHER,FALSE
1988,NORTH DAKOTA,ND,38,44,36,"PAUL, RONALD ""RON""",LIBERTARIAN,FALSE,1315,297261,20210113,LIBERTARIAN,FALSE
1988,NORTH DAKOTA,ND,38,44,36,"WARREN, JAMES ""MAC""",SOCIALIST WORKERS,FALSE,347,297261,20210113,OTHER,FALSE
1988,OHIO,OH,39,31,24,"BUSH, GEORGE H.W.",REPUBLICAN,FALSE,2416549,4393585,20210113,REPUBLICAN,FALSE
1988,OHIO,OH,39,31,24,"DUKAKIS, MICHAEL",DEMOCRAT,FALSE,1939629,4393585,20210113,DEMOCRAT,FALSE
1988,OHIO,OH,39,31,24,"FULANI, LENORA",NEW ALLIANCE,FALSE,12017,4393585,20210113,OTHER,FALSE
1988,OHIO,OH,39,31,24,"PAUL, RONALD ""RON""",LIBERTARIAN,FALSE,11926,4393585,20210113,LIBERTARIAN,FALSE
1988,OHIO,OH,39,31,24,"WINN, EDWARD",WORKERS LEAGUE,FALSE,5401,4393585,20210113,OTHER,FALSE
1988,OHIO,OH,39,31,24,UNKNOWN/SCATTERING,INDEPENDENT,FALSE,7713,4393585,20210113,OTHER,FALSE
1988,OHIO,OH,39,31,24,UNKNOWN/SCATTERING,UNKNOWN,TRUE,350,4393585,20210113,OTHER,FALSE
1988,OKLAHOMA,OK,40,73,53,"BUSH, GEORGE H.W.",REPUBLICAN,FALSE,678367,1171036,20210113,REPUBLICAN,FALSE
1988,OKLAHOMA,OK,40,73,53,"DUKAKIS, MICHAEL",DEMOCRAT,FALSE,483423,1171036,20210113,DEMOCRAT,FALSE
1988,OKLAHOMA,OK,40,73,53,"FULANI, LENORA",NEW ALLIANCE,FALSE,2985,1171036,20210113,OTHER,FALSE
1988,OKLAHOMA,OK,40,73,53,"PAUL, RONALD ""RON""",LIBERTARIAN,FALSE,6261,1171036,20210113,LIBERTARIAN,FALSE
1988,OREGON,OR,41,92,72,"BUSH, GEORGE H.W.",REPUBLICAN,FALSE,560126,1201694,20210113,REPUBLICAN,FALSE
1988,OREGON,OR,41,92,72,"DUKAKIS, MICHAEL",DEMOCRAT,FALSE,616206,1201694,20210113,DEMOCRAT,FALSE
1988,OREGON,OR,41,92,72,"FULANI, LENORA",INDEPENDENT,FALSE,6487,1201694,20210113,OTHER,FALSE
1988,OREGON,OR,41,92,72,"PAUL, RONALD ""RON""",LIBERTARIAN,FALSE,14811,1201694,20210113,LIBERTARIAN,FALSE
1988,OREGON,OR,41,92,72,UNKNOWN/SCATTERING,OTHER,FALSE,4064,1201694,20210113,OTHER,FALSE
1988,PENNSYLVANIA,PA,42,23,14,"BUSH, GEORGE H.W.",REPUBLICAN,FALSE,2300087,4536251,20210113,REPUBLICAN,FALSE
1988,PENNSYLVANIA,PA,42,23,14,"DUKAKIS, MICHAEL",DEMOCRAT,FALSE,2194944,4536251,20210113,DEMOCRAT,FALSE
1988,PENNSYLVANIA,PA,42,23,14,"DUKE, DAVID",POPULIST,FALSE,3444,4536251,20210113,OTHER,FALSE
1988,PENNSYLVANIA,PA,42,23,14,"FULANI, LENORA",NEW ALLIANCE,FALSE,4379,4536251,20210113,OTHER,FALSE
1988,PENNSYLVANIA,PA,42,23,14,"MCCARTHY, EUGENE ""GENE""",CONSUMER,FALSE,19158,4536251,20210113,OTHER,FALSE
1988,PENNSYLVANIA,PA,42,23,14,"PAUL, RONALD ""RON""",LIBERTARIAN,FALSE,12051,4536251,20210113,LIBERTARIAN,FALSE
1988,PENNSYLVANIA,PA,42,23,14,"WINN, EDWARD",WORKERS LEAGUE,FALSE,2188,4536251,20210113,OTHER,FALSE
1988,RHODE ISLAND,RI,44,15,5,"BUSH, GEORGE H.W.",REPUBLICAN,FALSE,177761,404622,20210113,REPUBLICAN,FALSE
1988,RHODE ISLAND,RI,44,15,5,"DUKAKIS, MICHAEL",DEMOCRAT,FALSE,225123,404622,20210113,DEMOCRAT,FALSE
1988,RHODE ISLAND,RI,44,15,5,"DUKE, DAVID",POPULIST,FALSE,159,404622,20210113,OTHER,FALSE
1988,RHODE ISLAND,RI,44,15,5,"FULANI, LENORA",NEW ALLIANCE,FALSE,280,404622,20210113,OTHER,FALSE
1988,RHODE ISLAND,RI,44,15,5,"HERBERG G., LEWIN",PEACE & FREEDOM,FALSE,195,404622,20210113,OTHER,FALSE
1988,RHODE ISLAND,RI,44,15,5,"KENOYER, WILLA",SOCIALIST,FALSE,96,404622,20210113,OTHER,FALSE
1988,RHODE ISLAND,RI,44,15,5,"PAUL, RONALD ""RON""",LIBERTARIAN,FALSE,825,404622,20210113,LIBERTARIAN,FALSE
1988,RHODE ISLAND,RI,44,15,5,"WARREN, JAMES ""MAC""",SOCIALIST WORKERS,FALSE,130,404622,20210113,OTHER,FALSE
1988,RHODE ISLAND,RI,44,15,5,UNKNOWN/SCATTERING,UNKNOWN,TRUE,53,404622,20210113,OTHER,FALSE
1988,SOUTH CAROLINA,SC,45,57,48,"BUSH, GEORGE H.W.",REPUBLICAN,FALSE,606443,986009,20210113,REPUBLICAN,FALSE
1988,SOUTH CAROLINA,SC,45,57,48,"DUKAKIS, MICHAEL",DEMOCRAT,FALSE,370554,986009,20210113,DEMOCRAT,FALSE
1988,SOUTH CAROLINA,SC,45,57,48,"FULANI, LENORA",UNITED CITIZENS,FALSE,4077,986009,20210113,OTHER,FALSE
1988,SOUTH CAROLINA,SC,45,57,48,"PAUL, RONALD ""RON""",LIBERTARIAN,FALSE,4935,986009,20210113,LIBERTARIAN,FALSE
1988,SOUTH DAKOTA,SD,46,45,37,"BUSH, GEORGE H.W.",REPUBLICAN,FALSE,165415,312991,20210113,REPUBLICAN,FALSE
1988,SOUTH DAKOTA,SD,46,45,37,"DUKAKIS, MICHAEL",DEMOCRAT,FALSE,145560,312991,20210113,DEMOCRAT,FALSE
1988,SOUTH DAKOTA,SD,46,45,37,UNKNOWN/SCATTERING,INDEPENDENT,FALSE,2016,312991,20210113,OTHER,FALSE
1988,TENNESSEE,TN,47,62,54,"BUSH, GEORGE H.W.",REPUBLICAN,FALSE,947233,1636250,20210113,REPUBLICAN,FALSE
1988,TENNESSEE,TN,47,62,54,"DUKAKIS, MICHAEL",DEMOCRAT,FALSE,679794,1636250,20210113,DEMOCRAT,FALSE
1988,TENNESSEE,TN,47,62,54,UNKNOWN/SCATTERING,INDEPENDENT,FALSE,8938,1636250,20210113,OTHER,FALSE
1988,TENNESSEE,TN,47,62,54,UNKNOWN/SCATTERING,UNKNOWN,TRUE,285,1636250,20210113,OTHER,FALSE
1988,TEXAS,TX,48,74,49,"BUSH, GEORGE H.W.",REPUBLICAN,FALSE,3036829,5427410,20210113,REPUBLICAN,FALSE
1988,TEXAS,TX,48,74,49,"DUKAKIS, MICHAEL",DEMOCRAT,FALSE,2352748,5427410,20210113,DEMOCRAT,FALSE
1988,TEXAS,TX,48,74,49,"FULANI, LENORA",NEW ALLIANCE,FALSE,7208,5427410,20210113,OTHER,FALSE
1988,TEXAS,TX,48,74,49,"PAUL, RONALD ""RON""",LIBERTARIAN,FALSE,30355,5427410,20210113,LIBERTARIAN,FALSE
1988,TEXAS,TX,48,74,49,UNKNOWN/SCATTERING,UNKNOWN,TRUE,270,5427410,20210113,OTHER,FALSE
1988,UTAH,UT,49,87,67,"BUSH, GEORGE H.W.",REPUBLICAN,FALSE,428442,647008,20210113,REPUBLICAN,FALSE
1988,UTAH,UT,49,87,67,"DENNIS, DELMAR",AMERICAN,FALSE,2158,647008,20210113,OTHER,FALSE
1988,UTAH,UT,49,87,67,"DUKAKIS, MICHAEL",DEMOCRAT,FALSE,207343,647008,20210113,DEMOCRAT,FALSE
1988,UTAH,UT,49,87,67,"FULANI, LENORA",NEW ALLIANCE,FALSE,455,647008,20210113,OTHER,FALSE
1988,UTAH,UT,49,87,67,"KENOYER, WILLA",SOCIALIST,FALSE,129,647008,20210113,OTHER,FALSE
1988,UTAH,UT,49,87,67,"LAROUCHE, LYNDON, JR.",NATIONAL ECONOMIC RECOVERY,FALSE,427,647008,20210113,OTHER,FALSE
1988,UTAH,UT,49,87,67,"PAUL, RONALD ""RON""",LIBERTARIAN,FALSE,7473,647008,20210113,LIBERTARIAN,FALSE
1988,UTAH,UT,49,87,67,"WARREN, JAMES ""MAC""",SOCIALIST WORKERS,FALSE,209,647008,20210113,OTHER,FALSE
1988,UTAH,UT,49,87,67,"YOUNGKEIT, LOUIE G.",INDEPENDENT,FALSE,372,647008,20210113,OTHER,FALSE
1988,VERMONT,VT,50,13,6,"BUSH, GEORGE H.W.",REPUBLICAN,FALSE,124331,243328,20210113,REPUBLICAN,FALSE
1988,VERMONT,VT,50,13,6,"DUKAKIS, MICHAEL",DEMOCRAT,FALSE,115775,243328,20210113,DEMOCRAT,FALSE
1988,VERMONT,VT,50,13,6,"DUKE, DAVID",POPULIST,FALSE,189,243328,20210113,OTHER,FALSE
1988,VERMONT,VT,50,13,6,"FULANI, LENORA",NEW ALLIANCE,FALSE,205,243328,20210113,OTHER,FALSE
1988,VERMONT,VT,50,13,6,"HERBERG G., LEWIN",PEACE & FREEDOM,FALSE,164,243328,20210113,OTHER,FALSE
1988,VERMONT,VT,50,13,6,"KENOYER, WILLA",LIBERTY UNION PARTY,FALSE,142,243328,20210113,OTHER,FALSE
1988,VERMONT,VT,50,13,6,"LAROUCHE, LYNDON, JR.",INDEPENDENT,FALSE,275,243328,20210113,OTHER,FALSE
1988,VERMONT,VT,50,13,6,"PAUL, RONALD ""RON""",LIBERTARIAN,FALSE,1000,243328,20210113,LIBERTARIAN,FALSE
1988,VERMONT,VT,50,13,6,SCATTERING,UNKNOWN,FALSE,1134,243328,20210113,OTHER,FALSE
1988,VERMONT,VT,50,13,6,"WARREN, JAMES ""MAC""",SOCIALIST WORKERS,FALSE,113,243328,20210113,OTHER,FALSE
1988,VIRGINIA,VA,51,54,40,"BUSH, GEORGE H.W.",REPUBLICAN,FALSE,1309162,2191609,20210113,REPUBLICAN,FALSE
1988,VIRGINIA,VA,51,54,40,"DUKAKIS, MICHAEL",DEMOCRAT,FALSE,859799,2191609,20210113,DEMOCRAT,FALSE
1988,VIRGINIA,VA,51,54,40,"FULANI, LENORA",INDEPENDENT,FALSE,14312,2191609,20210113,OTHER,FALSE
1988,VIRGINIA,VA,51,54,40,"PAUL, RONALD ""RON""",LIBERTARIAN,FALSE,8336,2191609,20210113,LIBERTARIAN,FALSE
1988,WASHINGTON,WA,53,91,73,"BUSH, GEORGE H.W.",REPUBLICAN,FALSE,903835,1865253,20210113,REPUBLICAN,FALSE
1988,WASHINGTON,WA,53,91,73,"DUKAKIS, MICHAEL",DEMOCRAT,FALSE,933516,1865253,20210113,DEMOCRAT,FALSE
1988,WASHINGTON,WA,53,91,73,"FULANI, LENORA",NEW ALLIANCE,FALSE,3520,1865253,20210113,OTHER,FALSE
1988,WASHINGTON,WA,53,91,73,"HOLMES, LARRY",WORKERS WORLD,FALSE,1440,1865253,20210113,OTHER,FALSE
1988,WASHINGTON,WA,53,91,73,"LAROUCHE, LYNDON, JR.",INDEPENDENT,FALSE,4412,1865253,20210113,OTHER,FALSE
1988,WASHINGTON,WA,53,91,73,"PAUL, RONALD ""RON""",LIBERTARIAN,FALSE,17240,1865253,20210113,LIBERTARIAN,FALSE
1988,WASHINGTON,WA,53,91,73,"WARREN, JAMES ""MAC""",SOCIALIST WORKERS,FALSE,1290,1865253,20210113,OTHER,FALSE
1988,WEST VIRGINIA,WV,54,55,56,"BUSH, GEORGE H.W.",REPUBLICAN,FALSE,310065,653311,20210113,REPUBLICAN,FALSE
1988,WEST VIRGINIA,WV,54,55,56,"DUKAKIS, MICHAEL",DEMOCRAT,FALSE,341016,653311,20210113,DEMOCRAT,FALSE
1988,WEST VIRGINIA,WV,54,55,56,"FULANI, LENORA",NEW ALLIANCE,FALSE,2230,653311,20210113,OTHER,FALSE
1988,WISCONSIN,WI,55,35,25,"BUSH, GEORGE H.W.",REPUBLICAN,FALSE,1047499,2191608,20210113,REPUBLICAN,FALSE
1988,WISCONSIN,WI,55,35,25,"DUKAKIS, MICHAEL",DEMOCRAT,FALSE,1126794,2191608,20210113,DEMOCRAT,FALSE
1988,WISCONSIN,WI,55,35,25,SCATTERING,UNKNOWN,FALSE,2273,2191608,20210113,OTHER,FALSE
1988,WISCONSIN,WI,55,35,25,UNKNOWN/SCATTERING,INDEPENDENT,FALSE,15042,2191608,20210113,OTHER,FALSE
1988,WYOMING,WY,56,83,68,"BUSH, GEORGE H.W.",REPUBLICAN,FALSE,106867,176551,20210113,REPUBLICAN,FALSE
1988,WYOMING,WY,56,83,68,"DUKAKIS, MICHAEL",DEMOCRAT,FALSE,67113,176551,20210113,DEMOCRAT,FALSE
1988,WYOMING,WY,56,83,68,"FULANI, LENORA",NEW ALLIANCE,FALSE,545,176551,20210113,OTHER,FALSE
1988,WYOMING,WY,56,83,68,"PAUL, RONALD ""RON""",LIBERTARIAN,FALSE,2026,176551,20210113,LIBERTARIAN,FALSE
1992,ALABAMA,AL,1,63,41,"BUSH, GEORGE H.W.",REPUBLICAN,FALSE,804283,1688060,20210113,REPUBLICAN,FALSE
1992,ALABAMA,AL,1,63,41,"CLINTON, BILL",DEMOCRAT,FALSE,690080,1688060,20210113,DEMOCRAT,FALSE
1992,ALABAMA,AL,1,63,41,"MARROU, ANDRE",LIBERTARIAN,FALSE,5737,1688060,20210113,LIBERTARIAN,FALSE
1992,ALABAMA,AL,1,63,41,OTHER,INDEPENDENT,FALSE,4128,1688060,20210113,OTHER,FALSE
1992,ALABAMA,AL,1,63,41,"PEROT, ROSS",INDEPENDENT,FALSE,183109,1688060,20210113,OTHER,FALSE
1992,ALABAMA,AL,1,63,41,UNKNOWN/SCATTERING,UNKNOWN,TRUE,723,1688060,20210113,OTHER,FALSE
1992,ALASKA,AK,2,94,81,"BUSH, GEORGE H.W.",REPUBLICAN,FALSE,102000,258506,20210113,REPUBLICAN,FALSE
1992,ALASKA,AK,2,94,81,"CLINTON, BILL",DEMOCRAT,FALSE,78294,258506,20210113,DEMOCRAT,FALSE
1992,ALASKA,AK,2,94,81,"FULANI, LENORA",NEW ALLIANCE,FALSE,330,258506,20210113,OTHER,FALSE
1992,ALASKA,AK,2,94,81,"GRITZ, JAMES ""BO""",AMERICA FIRST,FALSE,1379,258506,20210113,OTHER,FALSE
1992,ALASKA,AK,2,94,81,"HAGELIN, JOHN",NATURAL LAW,FALSE,433,258506,20210113,OTHER,FALSE
1992,ALASKA,AK,2,94,81,"LAROUCHE, LYNDON, JR.",INDEPENDENTS FOR ECONOMIC RECOVERY,FALSE,469,258506,20210113,OTHER,FALSE
1992,ALASKA,AK,2,94,81,"MARROU, ANDRE",LIBERTARIAN,FALSE,1378,258506,20210113,LIBERTARIAN,FALSE
1992,ALASKA,AK,2,94,81,"PEROT, ROSS",INDEPENDENT,FALSE,73481,258506,20210113,OTHER,FALSE
1992,ALASKA,AK,2,94,81,"PHILLIPS, HOWARD",TAXPAYERS PARTY,FALSE,377,258506,20210113,OTHER,FALSE
1992,ALASKA,AK,2,94,81,UNKNOWN/SCATTERING,UNKNOWN,TRUE,365,258506,20210113,OTHER,FALSE
1992,ARIZONA,AZ,4,86,61,"BUSH, GEORGE H.W.",REPUBLICAN,FALSE,572086,1486975,20210113,REPUBLICAN,FALSE
1992,ARIZONA,AZ,4,86,61,"CLINTON, BILL",DEMOCRAT,FALSE,543050,1486975,20210113,DEMOCRAT,FALSE
1992,ARIZONA,AZ,4,86,61,"FULANI, LENORA",NEW ALLIANCE,FALSE,923,1486975,20210113,OTHER,FALSE
1992,ARIZONA,AZ,4,86,61,"GRITZ, JAMES ""BO""",INDEPENDENT,FALSE,8141,1486975,20210113,OTHER,FALSE
1992,ARIZONA,AZ,4,86,61,"HAGELIN, JOHN",NATURAL LAW,FALSE,2267,1486975,20210113,OTHER,FALSE
1992,ARIZONA,AZ,4,86,61,"MARROU, ANDRE",LIBERTARIAN,FALSE,6759,1486975,20210113,LIBERTARIAN,FALSE
1992,ARIZONA,AZ,4,86,61,"PEROT, ROSS",INDEPENDENT,FALSE,353741,1486975,20210113,OTHER,FALSE
1992,ARIZONA,AZ,4,86,61,UNKNOWN/SCATTERING,UNKNOWN,TRUE,8,1486975,20210113,OTHER,FALSE
1992,ARKANSAS,AR,5,71,42,"BUSH, GEORGE H.W.",REPUBLICAN,FALSE,337324,950653,20210113,REPUBLICAN,FALSE
1992,ARKANSAS,AR,5,71,42,"CLINTON, BILL",DEMOCRAT,FALSE,505823,950653,20210113,DEMOCRAT,FALSE
1992,ARKANSAS,AR,5,71,42,OTHER,INDEPENDENT,FALSE,8374,950653,20210113,OTHER,FALSE
1992,ARKANSAS,AR,5,71,42,"PEROT, ROSS",INDEPENDENT,FALSE,99132,950653,20210113,OTHER,FALSE
1992,CALIFORNIA,CA,6,93,71,"BUSH, GEORGE H.W.",REPUBLICAN,FALSE,3630574,11131721,20210113,REPUBLICAN,FALSE
1992,CALIFORNIA,CA,6,93,71,"CLINTON, BILL",DEMOCRAT,FALSE,5121325,11131721,20210113,DEMOCRAT,FALSE
1992,CALIFORNIA,CA,6,93,71,"DANIELS, RON",PEACE & FREEDOM,FALSE,18597,11131721,20210113,OTHER,FALSE
1992,CALIFORNIA,CA,6,93,71,"MARROU, ANDRE",LIBERTARIAN,FALSE,48139,11131721,20210113,LIBERTARIAN,FALSE
1992,CALIFORNIA,CA,6,93,71,"PEROT, ROSS",INDEPENDENT,FALSE,2296006,11131721,20210113,OTHER,FALSE
1992,CALIFORNIA,CA,6,93,71,"PHILLIPS, HOWARD",AMERICAN INDEPENDENT PARTY,FALSE,12711,11131721,20210113,OTHER,FALSE
1992,CALIFORNIA,CA,6,93,71,UNKNOWN/SCATTERING,UNKNOWN,TRUE,4369,11131721,20210113,OTHER,FALSE
1992,COLORADO,CO,8,84,62,"BUSH, GEORGE H.W.",REPUBLICAN,FALSE,562850,1569180,20210113,REPUBLICAN,FALSE
1992,COLORADO,CO,8,84,62,"CLINTON, BILL",DEMOCRAT,FALSE,629681,1569180,20210113,DEMOCRAT,FALSE
1992,COLORADO,CO,8,84,62,"FULANI, LENORA",NEW ALLIANCE,FALSE,1608,1569180,20210113,OTHER,FALSE
1992,COLORADO,CO,8,84,62,"GRITZ, JAMES ""BO""",DEMOCRAT/REPUBLICAN,FALSE,274,1569180,20210113,OTHER,FALSE
1992,COLORADO,CO,8,84,62,"HAGELIN, JOHN",NATURAL LAW,FALSE,47,1569180,20210113,OTHER,FALSE
1992,COLORADO,CO,8,84,62,"MARROU, ANDRE",LIBERTARIAN,FALSE,8669,1569180,20210113,LIBERTARIAN,FALSE
1992,COLORADO,CO,8,84,62,"PEROT, ROSS",INDEPENDENT,FALSE,366010,1569180,20210113,OTHER,FALSE
1992,COLORADO,CO,8,84,62,PROHIBITION,PROHIBITION,FALSE,21,1569180,20210113,OTHER,FALSE
1992,COLORADO,CO,8,84,62,UNAFFILIATED,UNAFFILIATED,FALSE,20,1569180,20210113,OTHER,FALSE
1992,CONNECTICUT,CT,9,16,1,"BUSH, GEORGE H.W.",REPUBLICAN,FALSE,578313,1616156,20210113,REPUBLICAN,FALSE
1992,CONNECTICUT,CT,9,16,1,"CLINTON, BILL",DEMOCRAT,FALSE,682318,1616156,20210113,DEMOCRAT,FALSE
1992,CONNECTICUT,CT,9,16,1,"FULANI, LENORA",NEW ALLIANCE,FALSE,1363,1616156,20210113,OTHER,FALSE
1992,CONNECTICUT,CT,9,16,1,"MARROU, ANDRE",LIBERTARIAN,FALSE,5391,1616156,20210113,LIBERTARIAN,FALSE
1992,CONNECTICUT,CT,9,16,1,"PEROT, ROSS",INDEPENDENT,FALSE,348771,1616156,20210113,OTHER,FALSE
1992,DELAWARE,DE,10,51,11,"BUSH, GEORGE H.W.",REPUBLICAN,FALSE,102313,289620,20210113,REPUBLICAN,FALSE
1992,DELAWARE,DE,10,51,11,"CLINTON, BILL",DEMOCRAT,FALSE,126054,289620,20210113,DEMOCRAT,FALSE
1992,DELAWARE,DE,10,51,11,"FULANI, LENORA",NEW ALLIANCE,FALSE,1105,289620,20210113,OTHER,FALSE
1992,DELAWARE,DE,10,51,11,"MARROU, ANDRE",LIBERTARIAN,FALSE,935,289620,20210113,LIBERTARIAN,FALSE
1992,DELAWARE,DE,10,51,11,"PEROT, ROSS",INDEPENDENT,FALSE,59213,289620,20210113,OTHER,FALSE
1992,DISTRICT OF COLUMBIA,DC,11,53,55,"BUSH, GEORGE H.W.",REPUBLICAN,FALSE,20698,227572,20210113,REPUBLICAN,FALSE
1992,DISTRICT OF COLUMBIA,DC,11,53,55,"CLINTON, BILL",DEMOCRAT,FALSE,192619,227572,20210113,DEMOCRAT,FALSE
1992,DISTRICT OF COLUMBIA,DC,11,53,55,"DANIELS, RONALD",INDEPENDENT,FALSE,1446,227572,20210113,OTHER,FALSE
1992,DISTRICT OF COLUMBIA,DC,11,53,55,"FULANI, LENORA",NEW ALLIANCE,FALSE,1459,227572,20210113,OTHER,FALSE
1992,DISTRICT OF COLUMBIA,DC,11,53,55,"HAGELIN, JOHN",NATURAL LAW,FALSE,230,227572,20210113,OTHER,FALSE
1992,DISTRICT OF COLUMBIA,DC,11,53,55,"MARROU, ANDRE",LIBERTARIAN,FALSE,467,227572,20210113,LIBERTARIAN,FALSE
1992,DISTRICT OF COLUMBIA,DC,11,53,55,OTHER,SOCIALIST,FALSE,191,227572,20210113,OTHER,FALSE
1992,DISTRICT OF COLUMBIA,DC,11,53,55,OTHER,SOCIALIST WORKERS,FALSE,105,227572,20210113,OTHER,FALSE
1992,DISTRICT OF COLUMBIA,DC,11,53,55,"PEROT, ROSS",INDEPENDENT,FALSE,9681,227572,20210113,OTHER,FALSE
1992,DISTRICT OF COLUMBIA,DC,11,53,55,UNKNOWN/SCATTERING,UNKNOWN,TRUE,676,227572,20210113,OTHER,FALSE
1992,FLORIDA,FL,12,59,43,"BUSH, GEORGE H.W.",REPUBLICAN,FALSE,2173310,5313392,20210113,REPUBLICAN,FALSE
1992,FLORIDA,FL,12,59,43,"CLINTON, BILL",DEMOCRAT,FALSE,2071698,5313392,20210113,DEMOCRAT,FALSE
1992,FLORIDA,FL,12,59,43,"MARROU, ANDRE",LIBERTARIAN,FALSE,15079,5313392,20210113,LIBERTARIAN,FALSE
1992,FLORIDA,FL,12,59,43,"PEROT, ROSS",INDEPENDENT,FALSE,1053067,5313392,20210113,OTHER,FALSE
1992,FLORIDA,FL,12,59,43,UNKNOWN/SCATTERING,UNKNOWN,TRUE,238,5313392,20210113,OTHER,FALSE
1992,GEORGIA,GA,13,58,44,"BUSH, GEORGE H.W.",REPUBLICAN,FALSE,995252,2321133,20210113,REPUBLICAN,FALSE
1992,GEORGIA,GA,13,58,44,"CLINTON, BILL",DEMOCRAT,FALSE,1008966,2321133,20210113,DEMOCRAT,FALSE
1992,GEORGIA,GA,13,58,44,"MARROU, ANDRE",LIBERTARIAN,FALSE,7110,2321133,20210113,LIBERTARIAN,FALSE
1992,GEORGIA,GA,13,58,44,"PEROT, ROSS",INDEPENDENT,FALSE,309657,2321133,20210113,OTHER,FALSE
1992,GEORGIA,GA,13,58,44,UNKNOWN/SCATTERING,UNKNOWN,TRUE,148,2321133,20210113,OTHER,FALSE
1992,HAWAII,HI,15,95,82,"BUSH, GEORGE H.W.",REPUBLICAN,FALSE,136822,372842,20210113,REPUBLICAN,FALSE
1992,HAWAII,HI,15,95,82,"CLINTON, BILL",DEMOCRAT,FALSE,179310,372842,20210113,DEMOCRAT,FALSE
1992,HAWAII,HI,15,95,82,"FULANI, LENORA",NEW ALLIANCE,FALSE,720,372842,20210113,OTHER,FALSE
1992,HAWAII,HI,15,95,82,"GRITZ, JAMES ""BO""",INDEPENDENT,FALSE,1452,372842,20210113,OTHER,FALSE
1992,HAWAII,HI,15,95,82,"HAGELIN, JOHN",NATURAL LAW,FALSE,416,372842,20210113,OTHER,FALSE
1992,HAWAII,HI,15,95,82,"MARROU, ANDRE",LIBERTARIAN,FALSE,1119,372842,20210113,LIBERTARIAN,FALSE
1992,HAWAII,HI,15,95,82,"PEROT, ROSS",INDEPENDENT,FALSE,53003,372842,20210113,OTHER,FALSE
1992,IDAHO,ID,16,82,63,"BUSH, GEORGE H.W.",REPUBLICAN,FALSE,202645,482114,20210113,REPUBLICAN,FALSE
1992,IDAHO,ID,16,82,63,"CLINTON, BILL",DEMOCRAT,FALSE,137013,482114,20210113,DEMOCRAT,FALSE
1992,IDAHO,ID,16,82,63,"GRITZ, JAMES ""BO""",INDEPENDENT,FALSE,10894,482114,20210113,OTHER,FALSE
1992,IDAHO,ID,16,82,63,"MARROU, ANDRE",LIBERTARIAN,FALSE,1167,482114,20210113,LIBERTARIAN,FALSE
1992,IDAHO,ID,16,82,63,"PEROT, ROSS",INDEPENDENT,FALSE,130395,482114,20210113,OTHER,FALSE
1992,ILLINOIS,IL,17,33,21,"BUSH, GEORGE H.W.",REPUBLICAN,FALSE,1734096,5050157,20210113,REPUBLICAN,FALSE
1992,ILLINOIS,IL,17,33,21,"CLINTON, BILL",DEMOCRAT,FALSE,2453350,5050157,20210113,DEMOCRAT,FALSE
1992,ILLINOIS,IL,17,33,21,"FULANI, LENORA",NEW ALLIANCE,FALSE,5267,5050157,20210113,OTHER,FALSE
1992,ILLINOIS,IL,17,33,21,"GRITZ, JAMES ""BO""",POPULIST,FALSE,3577,5050157,20210113,OTHER,FALSE
1992,ILLINOIS,IL,17,33,21,"HAGELIN, JOHN",NATURAL LAW,FALSE,2751,5050157,20210113,OTHER,FALSE
1992,ILLINOIS,IL,17,33,21,"MARROU, ANDRE",LIBERTARIAN,FALSE,9218,5050157,20210113,LIBERTARIAN,FALSE
1992,ILLINOIS,IL,17,33,21,"PEROT, ROSS",INDEPENDENT,FALSE,840515,5050157,20210113,OTHER,FALSE
1992,ILLINOIS,IL,17,33,21,"WARREN, JAMES ""MAC""",SOCIALIST WORKERS,FALSE,1361,5050157,20210113,OTHER,FALSE
1992,ILLINOIS,IL,17,33,21,UNKNOWN/SCATTERING,UNKNOWN,TRUE,22,5050157,20210113,OTHER,FALSE
1992,INDIANA,IN,18,32,22,"BUSH, GEORGE H.W.",REPUBLICAN,FALSE,989375,2305871,20210113,REPUBLICAN,FALSE
1992,INDIANA,IN,18,32,22,"CLINTON, BILL",DEMOCRAT,FALSE,848420,2305871,20210113,DEMOCRAT,FALSE
1992,INDIANA,IN,18,32,22,"FULANI, LENORA",NEW ALLIANCE,FALSE,2583,2305871,20210113,OTHER,FALSE
1992,INDIANA,IN,18,32,22,"MARROU, ANDRE",LIBERTARIAN,FALSE,7936,2305871,20210113,LIBERTARIAN,FALSE
1992,INDIANA,IN,18,32,22,"PEROT, ROSS",INDEPENDENT,FALSE,455934,2305871,20210113,OTHER,FALSE
1992,INDIANA,IN,18,32,22,UNKNOWN/SCATTERING,UNKNOWN,TRUE,1623,2305871,20210113,OTHER,FALSE
1992,IOWA,IA,19,42,31,BLANK VOTE/SCATTERING,UNKNOWN,FALSE,741,1354607,20210113,OTHER,FALSE
1992,IOWA,IA,19,42,31,"BUSH, GEORGE H.W.",REPUBLICAN,FALSE,504891,1354607,20210113,REPUBLICAN,FALSE
1992,IOWA,IA,19,42,31,"CLINTON, BILL",DEMOCRAT,FALSE,586353,1354607,20210113,DEMOCRAT,FALSE
1992,IOWA,IA,19,42,31,"FULANI, LENORA",NEW ALLIANCE,FALSE,197,1354607,20210113,OTHER,FALSE
1992,IOWA,IA,19,42,31,"GRITZ, JAMES ""BO""",AMERICA FIRST,FALSE,1177,1354607,20210113,OTHER,FALSE
1992,IOWA,IA,19,42,31,"HAGELIN, JOHN",NATURAL LAW,FALSE,3079,1354607,20210113,OTHER,FALSE
1992,IOWA,IA,19,42,31,"HERER, JACK",GRASSROOTS,FALSE,669,1354607,20210113,OTHER,FALSE
1992,IOWA,IA,19,42,31,"LAROUCHE, LYNDON, JR.",INDEPENDENTS FOR ECONOMIC RECOVERY,FALSE,238,1354607,20210113,OTHER,FALSE
1992,IOWA,IA,19,42,31,"MARROU, ANDRE",LIBERTARIAN,FALSE,1076,1354607,20210113,LIBERTARIAN,FALSE
1992,IOWA,IA,19,42,31,OTHER,UNKNOWN,FALSE,1753,1354607,20210113,OTHER,FALSE
1992,IOWA,IA,19,42,31,OTHER,CAMPAIGN FOR A NEW TOMORROW,FALSE,212,1354607,20210113,OTHER,FALSE
1992,IOWA,IA,19,42,31,"PEROT, ROSS",INDEPENDENT,FALSE,253468,1354607,20210113,OTHER,FALSE
1992,IOWA,IA,19,42,31,"PHILLIPS, HOWARD",TAXPAYERS PARTY,FALSE,480,1354607,20210113,OTHER,FALSE
1992,IOWA,IA,19,42,31,"WARREN, JAMES ""MAC""",SOCIALIST WORKERS,FALSE,273,1354607,20210113,OTHER,FALSE
1992,KANSAS,KS,20,47,32,"BUSH, GEORGE H.W.",REPUBLICAN,FALSE,449951,1157236,20210113,REPUBLICAN,FALSE
1992,KANSAS,KS,20,47,32,"CLINTON, BILL",DEMOCRAT,FALSE,390434,1157236,20210113,DEMOCRAT,FALSE
1992,KANSAS,KS,20,47,32,"MARROU, ANDRE",LIBERTARIAN,FALSE,4314,1157236,20210113,LIBERTARIAN,FALSE
1992,KANSAS,KS,20,47,32,"PEROT, ROSS",INDEPENDENT,FALSE,312358,1157236,20210113,OTHER,FALSE
1992,KANSAS,KS,20,47,32,UNKNOWN/SCATTERING,UNKNOWN,TRUE,179,1157236,20210113,OTHER,FALSE
1992,KENTUCKY,KY,21,61,51,"BUSH, GEORGE H.W.",REPUBLICAN,FALSE,617178,1492900,20210113,REPUBLICAN,FALSE
1992,KENTUCKY,KY,21,61,51,"CLINTON, BILL",DEMOCRAT,FALSE,665104,1492900,20210113,DEMOCRAT,FALSE
1992,KENTUCKY,KY,21,61,51,"FULANI, LENORA",NEW ALLIANCE,FALSE,430,1492900,20210113,OTHER,FALSE
1992,KENTUCKY,KY,21,61,51,"HAGELIN, JOHN",NATURAL LAW,FALSE,695,1492900,20210113,OTHER,FALSE
1992,KENTUCKY,KY,21,61,51,"MARROU, ANDRE",LIBERTARIAN,FALSE,4513,1492900,20210113,LIBERTARIAN,FALSE
1992,KENTUCKY,KY,21,61,51,"PEROT, ROSS",INDEPENDENT,FALSE,203944,1492900,20210113,OTHER,FALSE
1992,KENTUCKY,KY,21,61,51,"PHILLIPS, HOWARD",TAXPAYERS PARTY,FALSE,989,1492900,20210113,OTHER,FALSE
1992,KENTUCKY,KY,21,61,51,UNKNOWN/SCATTERING,UNKNOWN,TRUE,47,1492900,20210113,OTHER,FALSE
1992,LOUISIANA,LA,22,72,45,"BUSH, GEORGE H.W.",REPUBLICAN,FALSE,733386,1790017,20210113,REPUBLICAN,FALSE
1992,LOUISIANA,LA,22,72,45,"CLINTON, BILL",DEMOCRAT,FALSE,815971,1790017,20210113,DEMOCRAT,FALSE
1992,LOUISIANA,LA,22,72,45,"FULANI, LENORA",MORE PERFECT DEMOCRACY,FALSE,1434,1790017,20210113,OTHER,FALSE
1992,LOUISIANA,LA,22,72,45,"GRITZ, JAMES ""BO""",AMERICA FIRST,FALSE,18545,1790017,20210113,OTHER,FALSE
1992,LOUISIANA,LA,22,72,45,"HAGELIN, JOHN",NATURAL LAW,FALSE,889,1790017,20210113,OTHER,FALSE
1992,LOUISIANA,LA,22,72,45,"LAROUCHE, LYNDON, JR.","JUSTICE, INDUSTRY, AND AGRICULTURE",FALSE,1136,1790017,20210113,OTHER,FALSE
1992,LOUISIANA,LA,22,72,45,"MARROU, ANDRE",LIBERTARIAN,FALSE,3155,1790017,20210113,LIBERTARIAN,FALSE
1992,LOUISIANA,LA,22,72,45,OTHER,EQUAL JUSTICE AND OPPORTUNITY,FALSE,1663,1790017,20210113,OTHER,FALSE
1992,LOUISIANA,LA,22,72,45,"PEROT, ROSS",INDEPENDENT,FALSE,211478,1790017,20210113,OTHER,FALSE
1992,LOUISIANA,LA,22,72,45,"PHILLIPS, HOWARD",TAXPAYERS PARTY,FALSE,1552,1790017,20210113,OTHER,FALSE
1992,LOUISIANA,LA,22,72,45,"YIAMOUYIANNIS, JOHN",INDEPENDENT,FALSE,808,1790017,20210113,OTHER,FALSE
1992,MAINE,ME,23,11,2,"BUSH, GEORGE H.W.",REPUBLICAN,FALSE,206504,679499,20210113,REPUBLICAN,FALSE
1992,MAINE,ME,23,11,2,"CLINTON, BILL",DEMOCRAT,FALSE,263420,679499,20210113,DEMOCRAT,FALSE
1992,MAINE,ME,23,11,2,"FULANI, LENORA",NEW ALLIANCE,FALSE,519,679499,20210113,OTHER,FALSE
1992,MAINE,ME,23,11,2,"MARROU, ANDRE",LIBERTARIAN,FALSE,1681,679499,20210113,LIBERTARIAN,FALSE
1992,MAINE,ME,23,11,2,OTHER,UNKNOWN,FALSE,91,679499,20210113,OTHER,FALSE
1992,MAINE,ME,23,11,2,"PEROT, ROSS",INDEPENDENT,FALSE,206820,679499,20210113,OTHER,FALSE
1992,MAINE,ME,23,11,2,"PHILLIPS, HOWARD",TAXPAYERS PARTY,FALSE,464,679499,20210113,OTHER,FALSE
1992,MARYLAND,MD,24,52,52,"BUSH, GEORGE H.W.",REPUBLICAN,FALSE,707094,1984580,20210113,REPUBLICAN,FALSE
1992,MARYLAND,MD,24,52,52,"CLINTON, BILL",DEMOCRAT,FALSE,988571,1984580,20210113,DEMOCRAT,FALSE
1992,MARYLAND,MD,24,52,52,"FULANI, LENORA",NEW ALLIANCE,FALSE,2786,1984580,20210113,OTHER,FALSE
1992,MARYLAND,MD,24,52,52,"MARROU, ANDRE",LIBERTARIAN,FALSE,4715,1984580,20210113,LIBERTARIAN,FALSE
1992,MARYLAND,MD,24,52,52,"PEROT, ROSS",INDEPENDENT,FALSE,281414,1984580,20210113,OTHER,FALSE
1992,MASSACHUSETTS,MA,25,14,3,"BRISBEN, J. QUINN",SOCIALIST PARTY USA,FALSE,13,2773664,20210113,OTHER,FALSE
1992,MASSACHUSETTS,MA,25,14,3,"BUSH, GEORGE H.W.",REPUBLICAN,FALSE,805039,2773664,20210113,REPUBLICAN,FALSE
1992,MASSACHUSETTS,MA,25,14,3,"CLINTON, BILL",DEMOCRAT,FALSE,1318639,2773664,20210113,DEMOCRAT,FALSE
1992,MASSACHUSETTS,MA,25,14,3,"DODGE, EARL",PROHIBITION,FALSE,2,2773664,20210113,OTHER,FALSE
1992,MASSACHUSETTS,MA,25,14,3,"FULANI, LENORA",NEW ALLIANCE,FALSE,3172,2773664,20210113,OTHER,FALSE
1992,MASSACHUSETTS,MA,25,14,3,"HAGELIN, JOHN",NATURAL LAW,FALSE,1812,2773664,20210113,OTHER,FALSE
1992,MASSACHUSETTS,MA,25,14,3,"LAROUCHE, LYNDON, JR.",LAROUCHE FOR PRESIDENT PARTY,FALSE,1027,2773664,20210113,OTHER,FALSE
1992,MASSACHUSETTS,MA,25,14,3,"MARROU, ANDRE",LIBERTARIAN,FALSE,9021,2773664,20210113,LIBERTARIAN,FALSE
1992,MASSACHUSETTS,MA,25,14,3,OTHER,INDEPENDENT VOTERS,FALSE,2218,2773664,20210113,OTHER,FALSE
1992,MASSACHUSETTS,MA,25,14,3,OTHER,UNKNOWN,FALSE,1990,2773664,20210113,OTHER,FALSE
1992,MASSACHUSETTS,MA,25,14,3,"PEROT, ROSS",INDEPENDENT,FALSE,630731,2773664,20210113,OTHER,FALSE
1992,MICHIGAN,MI,26,34,23,"BUSH, GEORGE H.W.",REPUBLICAN,FALSE,1554940,4274673,20210113,REPUBLICAN,FALSE
1992,MICHIGAN,MI,26,34,23,"CLINTON, BILL",DEMOCRAT,FALSE,1871182,4274673,20210113,DEMOCRAT,FALSE
1992,MICHIGAN,MI,26,34,23,"HAGELIN, JOHN",NATURAL LAW,FALSE,2954,4274673,20210113,OTHER,FALSE
1992,MICHIGAN,MI,26,34,23,"HALYARD, HELEN",WORKERS WORLD,FALSE,1432,4274673,20210113,OTHER,FALSE
1992,MICHIGAN,MI,26,34,23,"MARROU, ANDRE",LIBERTARIAN,FALSE,10175,4274673,20210113,LIBERTARIAN,FALSE
1992,MICHIGAN,MI,26,34,23,"PEROT, ROSS",INDEPENDENT,FALSE,824813,4274673,20210113,OTHER,FALSE
1992,MICHIGAN,MI,26,34,23,"PHILLIPS, HOWARD",TISCH INDEPENDENT CITIZENS,FALSE,8263,4274673,20210113,OTHER,FALSE
1992,MICHIGAN,MI,26,34,23,UNKNOWN/SCATTERING,UNKNOWN,TRUE,914,4274673,20210113,OTHER,FALSE
1992,MINNESOTA,MN,27,41,33,"BUSH, GEORGE H.W.",REPUBLICAN,FALSE,747841,2347948,20210113,REPUBLICAN,FALSE
1992,MINNESOTA,MN,27,41,33,"CLINTON, BILL",DEMOCRAT,FALSE,1020997,2347948,20210113,DEMOCRAT,FALSE
1992,MINNESOTA,MN,27,41,33,"FULANI, LENORA",NEW ALLIANCE,FALSE,958,2347948,20210113,OTHER,FALSE
1992,MINNESOTA,MN,27,41,33,"GRITZ, JAMES ""BO""",CONSTITUTION PARTY,FALSE,3363,2347948,20210113,OTHER,FALSE
1992,MINNESOTA,MN,27,41,33,"HAGELIN, JOHN",NATURAL LAW,FALSE,1406,2347948,20210113,OTHER,FALSE
1992,MINNESOTA,MN,27,41,33,"HERER, JACK",GRASSROOTS,FALSE,2659,2347948,20210113,OTHER,FALSE
1992,MINNESOTA,MN,27,41,33,"LAROUCHE, LYNDON, JR.",INDEPENDENTS FOR ECONOMIC RECOVERY,FALSE,622,2347948,20210113,OTHER,FALSE
1992,MINNESOTA,MN,27,41,33,"MARROU, ANDRE",LIBERTARIAN,FALSE,3374,2347948,20210113,LIBERTARIAN,FALSE
1992,MINNESOTA,MN,27,41,33,"PEROT, ROSS",INDEPENDENT,FALSE,562506,2347948,20210113,OTHER,FALSE
1992,MINNESOTA,MN,27,41,33,"PHILLIPS, HOWARD",TAXPAYERS PARTY,FALSE,733,2347948,20210113,OTHER,FALSE
1992,MINNESOTA,MN,27,41,33,"WARREN, JAMES ""MAC""",SOCIALIST WORKERS,FALSE,990,2347948,20210113,OTHER,FALSE
1992,MINNESOTA,MN,27,41,33,UNKNOWN/SCATTERING,UNKNOWN,TRUE,2499,2347948,20210113,OTHER,FALSE
1992,MISSISSIPPI,MS,28,64,46,"BUSH, GEORGE H.W.",REPUBLICAN,FALSE,487793,981793,20210113,REPUBLICAN,FALSE
1992,MISSISSIPPI,MS,28,64,46,"CLINTON, BILL",DEMOCRAT,FALSE,400258,981793,20210113,DEMOCRAT,FALSE
1992,MISSISSIPPI,MS,28,64,46,"MARROU, ANDRE",LIBERTARIAN,FALSE,2154,981793,20210113,LIBERTARIAN,FALSE
1992,MISSISSIPPI,MS,28,64,46,OTHER,INDEPENDENT,FALSE,4310,981793,20210113,OTHER,FALSE
1992,MISSISSIPPI,MS,28,64,46,"PEROT, ROSS",INDEPENDENT,FALSE,85626,981793,20210113,OTHER,FALSE
1992,MISSISSIPPI,MS,28,64,46,"PHILLIPS, HOWARD",TAXPAYERS PARTY,FALSE,1652,981793,20210113,OTHER,FALSE
1992,MISSOURI,MO,29,43,34,"BUSH, GEORGE H.W.",REPUBLICAN,FALSE,811159,2391270,20210113,REPUBLICAN,FALSE
1992,MISSOURI,MO,29,43,34,"CLINTON, BILL",DEMOCRAT,FALSE,1053873,2391270,20210113,DEMOCRAT,FALSE
1992,MISSOURI,MO,29,43,34,"MARROU, ANDRE",LIBERTARIAN,FALSE,7497,2391270,20210113,LIBERTARIAN,FALSE
1992,MISSOURI,MO,29,43,34,"PEROT, ROSS",INDEPENDENT,FALSE,518741,2391270,20210113,OTHER,FALSE
1992,MONTANA,MT,30,81,64,"BUSH, GEORGE H.W.",REPUBLICAN,FALSE,144207,410583,20210113,REPUBLICAN,FALSE
1992,MONTANA,MT,30,81,64,"CLINTON, BILL",DEMOCRAT,FALSE,154507,410583,20210113,DEMOCRAT,FALSE
1992,MONTANA,MT,30,81,64,"MARROU, ANDRE",LIBERTARIAN,FALSE,986,410583,20210113,LIBERTARIAN,FALSE
1992,MONTANA,MT,30,81,64,OTHER,INDEPENDENT,FALSE,3658,410583,20210113,OTHER,FALSE
1992,MONTANA,MT,30,81,64,"PEROT, ROSS",INDEPENDENT,FALSE,107225,410583,20210113,OTHER,FALSE
1992,NEBRASKA,NE,31,46,35,"BUSH, GEORGE H.W.",REPUBLICAN,FALSE,343678,737546,20210113,REPUBLICAN,FALSE
1992,NEBRASKA,NE,31,46,35,"CLINTON, BILL",DEMOCRAT,FALSE,216864,737546,20210113,DEMOCRAT,FALSE
1992,NEBRASKA,NE,31,46,35,"MARROU, ANDRE",LIBERTARIAN,FALSE,1340,737546,20210113,LIBERTARIAN,FALSE
1992,NEBRASKA,NE,31,46,35,OTHER,INDEPENDENT,FALSE,1560,737546,20210113,OTHER,FALSE
1992,NEBRASKA,NE,31,46,35,"PEROT, ROSS",INDEPENDENT,FALSE,174104,737546,20210113,OTHER,FALSE
1992,NEVADA,NV,32,88,65,"BUSH, GEORGE H.W.",REPUBLICAN,FALSE,175828,506318,20210113,REPUBLICAN,FALSE
1992,NEVADA,NV,32,88,65,"CLINTON, BILL",DEMOCRAT,FALSE,189148,506318,20210113,DEMOCRAT,FALSE
1992,NEVADA,NV,32,88,65,"FULANI, LENORA",INDEPENDENT,FALSE,483,506318,20210113,OTHER,FALSE
1992,NEVADA,NV,32,88,65,"GRITZ, JAMES ""BO""",POPULIST,FALSE,2892,506318,20210113,OTHER,FALSE
1992,NEVADA,NV,32,88,65,"HAGELIN, JOHN",NATURAL LAW,FALSE,338,506318,20210113,OTHER,FALSE
1992,NEVADA,NV,32,88,65,"MARROU, ANDRE",LIBERTARIAN,FALSE,1835,506318,20210113,LIBERTARIAN,FALSE
1992,NEVADA,NV,32,88,65,OTHER,UNKNOWN,FALSE,2537,506318,20210113,OTHER,FALSE
1992,NEVADA,NV,32,88,65,"PEROT, ROSS",INDEPENDENT,FALSE,132580,506318,20210113,OTHER,FALSE
1992,NEVADA,NV,32,88,65,"PHILLIPS, HOWARD",INDEPENDENT AMERICAN,FALSE,677,506318,20210113,OTHER,FALSE
1992,NEW HAMPSHIRE,NH,33,12,4,"BUSH, GEORGE H.W.",REPUBLICAN,FALSE,202484,537215,20210113,REPUBLICAN,FALSE
1992,NEW HAMPSHIRE,NH,33,12,4,"CLINTON, BILL",DEMOCRAT,FALSE,209040,537215,20210113,DEMOCRAT,FALSE
1992,NEW HAMPSHIRE,NH,33,12,4,"FULANI, LENORA",NEW ALLIANCE,FALSE,512,537215,20210113,OTHER,FALSE
1992,NEW HAMPSHIRE,NH,33,12,4,"HAGELIN, JOHN",NATURAL LAW,FALSE,294,537215,20210113,OTHER,FALSE
1992,NEW HAMPSHIRE,NH,33,12,4,"MARROU, ANDRE",LIBERTARIAN,FALSE,3548,537215,20210113,LIBERTARIAN,FALSE
1992,NEW HAMPSHIRE,NH,33,12,4,"PEROT, ROSS",INDEPENDENT,FALSE,121337,537215,20210113,OTHER,FALSE
1992,NEW JERSEY,NJ,34,22,12,"BRADFORD, DREW",INDEPENDENT,FALSE,4749,3343594,20210113,OTHER,FALSE
1992,NEW JERSEY,NJ,34,22,12,"BUSH, GEORGE H.W.",REPUBLICAN,FALSE,1356865,3343594,20210113,REPUBLICAN,FALSE
1992,NEW JERSEY,NJ,34,22,12,"CLINTON, BILL",DEMOCRAT,FALSE,1436206,3343594,20210113,DEMOCRAT,FALSE
1992,NEW JERSEY,NJ,34,22,12,"DANIELS, RON",RON DANIELS INDEPENDENT,FALSE,1996,3343594,20210113,OTHER,FALSE
1992,NEW JERSEY,NJ,34,22,12,"FULANI, LENORA",NEW ALLIANCE,FALSE,3513,3343594,20210113,OTHER,FALSE
1992,NEW JERSEY,NJ,34,22,12,"GRITZ, JAMES ""BO""",AMERICA FIRST POPULIST,FALSE,1867,3343594,20210113,OTHER,FALSE
1992,NEW JERSEY,NJ,34,22,12,"HAGELIN, JOHN",NATURAL LAW,FALSE,1353,3343594,20210113,OTHER,FALSE
1992,NEW JERSEY,NJ,34,22,12,"HAYLARD, HELEN",WORKERS LEAGUE,FALSE,1618,3343594,20210113,OTHER,FALSE
1992,NEW JERSEY,NJ,34,22,12,"LAROUCHE, LYNDON, JR.",6 MILLION JOBS,FALSE,2095,3343594,20210113,OTHER,FALSE
1992,NEW JERSEY,NJ,34,22,12,"MARROU, ANDRE",LIBERTARIAN,FALSE,6822,3343594,20210113,LIBERTARIAN,FALSE
1992,NEW JERSEY,NJ,34,22,12,"PEROT, ROSS",INDEPENDENT,FALSE,521829,3343594,20210113,OTHER,FALSE
1992,NEW JERSEY,NJ,34,22,12,"PHILLIPS, HOWARD",TAXPAYERS PARTY,FALSE,2670,3343594,20210113,OTHER,FALSE
1992,NEW JERSEY,NJ,34,22,12,"WARREN, JAMES ""MAC""",SOCIALIST WORKERS,FALSE,2011,3343594,20210113,OTHER,FALSE
1992,NEW MEXICO,NM,35,85,66,"BUSH, GEORGE H.W.",REPUBLICAN,FALSE,212824,569986,20210113,REPUBLICAN,FALSE
1992,NEW MEXICO,NM,35,85,66,"CLINTON, BILL",DEMOCRAT,FALSE,261617,569986,20210113,DEMOCRAT,FALSE
1992,NEW MEXICO,NM,35,85,66,"DODGE, EARL",PROHIBITION,FALSE,120,569986,20210113,OTHER,FALSE
1992,NEW MEXICO,NM,35,85,66,"FULANI, LENORA",NEW ALLIANCE,FALSE,369,569986,20210113,OTHER,FALSE
1992,NEW MEXICO,NM,35,85,66,"HAGELIN, JOHN",NATURAL LAW,FALSE,562,569986,20210113,OTHER,FALSE
1992,NEW MEXICO,NM,35,85,66,"LA RIVA, GLORIA ESTELLA",WORKERS WORLD,FALSE,181,569986,20210113,OTHER,FALSE
1992,NEW MEXICO,NM,35,85,66,"MARROU, ANDRE",LIBERTARIAN,FALSE,1615,569986,20210113,LIBERTARIAN,FALSE
1992,NEW MEXICO,NM,35,85,66,"PEROT, ROSS",INDEPENDENT,FALSE,91895,569986,20210113,OTHER,FALSE
1992,NEW MEXICO,NM,35,85,66,"PHILLIPS, HOWARD",TAXPAYERS PARTY,FALSE,620,569986,20210113,OTHER,FALSE
1992,NEW MEXICO,NM,35,85,66,"WARREN, JAMES ""MAC""",SOCIALIST WORKERS,FALSE,183,569986,20210113,OTHER,FALSE
1992,NEW YORK,NY,36,21,13,BLANK VOTE/SCATTERING,UNKNOWN,FALSE,152951,7079432,20210113,OTHER,FALSE
1992,NEW YORK,NY,36,21,13,"BUSH, GEORGE H.W.",REPUBLICAN,FALSE,2041690,7079432,20210113,REPUBLICAN,FALSE
1992,NEW YORK,NY,36,21,13,"BUSH, GEORGE H.W.",CONSERVATIVE,FALSE,177000,7079432,20210113,OTHER,FALSE
1992,NEW YORK,NY,36,21,13,"BUSH, GEORGE H.W.",RIGHT-TO-LIFE,FALSE,127959,7079432,20210113,OTHER,FALSE
1992,NEW YORK,NY,36,21,13,"CLINTON, BILL",DEMOCRAT,FALSE,3346894,7079432,20210113,DEMOCRAT,FALSE
1992,NEW YORK,NY,36,21,13,"CLINTON, BILL",LIBERAL PARTY,FALSE,97556,7079432,20210113,OTHER,FALSE
1992,NEW YORK,NY,36,21,13,"FULANI, LENORA",NEW ALLIANCE,FALSE,11318,7079432,20210113,OTHER,FALSE
1992,NEW YORK,NY,36,21,13,"HAGELIN, JOHN",NATURAL LAW,FALSE,4420,7079432,20210113,OTHER,FALSE
1992,NEW YORK,NY,36,21,13,"MARROU, ANDRE",LIBERTARIAN,FALSE,13451,7079432,20210113,LIBERTARIAN,FALSE
1992,NEW YORK,NY,36,21,13,"PEROT, ROSS",INDEPENDENT,FALSE,1090721,7079432,20210113,OTHER,FALSE
1992,NEW YORK,NY,36,21,13,"WARREN, JAMES ""MAC""",SOCIALIST WORKERS,FALSE,15472,7079432,20210113,OTHER,FALSE
1992,NORTH CAROLINA,NC,37,56,47,"BUSH, GEORGE H.W.",REPUBLICAN,FALSE,1134661,2611850,20210113,REPUBLICAN,FALSE
1992,NORTH CAROLINA,NC,37,56,47,"CLINTON, BILL",DEMOCRAT,FALSE,1114042,2611850,20210113,DEMOCRAT,FALSE
1992,NORTH CAROLINA,NC,37,56,47,"FULANI, LENORA",NEW ALLIANCE,FALSE,59,2611850,20210113,OTHER,FALSE
1992,NORTH CAROLINA,NC,37,56,47,"HAGELIN, JOHN",NATURAL LAW,FALSE,41,2611850,20210113,OTHER,FALSE
1992,NORTH CAROLINA,NC,37,56,47,"MARROU, ANDRE",LIBERTARIAN,FALSE,5171,2611850,20210113,LIBERTARIAN,FALSE
1992,NORTH CAROLINA,NC,37,56,47,"PEROT, ROSS",INDEPENDENT,FALSE,357864,2611850,20210113,OTHER,FALSE
1992,NORTH CAROLINA,NC,37,56,47,"WARREN, JAMES ""MAC""",SOCIALIST WORKERS,FALSE,12,2611850,20210113,OTHER,FALSE
1992,NORTH DAKOTA,ND,38,44,36,"BUSH, GEORGE H.W.",REPUBLICAN,FALSE,136244,308133,20210113,REPUBLICAN,FALSE
1992,NORTH DAKOTA,ND,38,44,36,"CLINTON, BILL",DEMOCRAT,FALSE,99168,308133,20210113,DEMOCRAT,FALSE
1992,NORTH DAKOTA,ND,38,44,36,OTHER,UNKNOWN,FALSE,1637,308133,20210113,OTHER,FALSE
1992,NORTH DAKOTA,ND,38,44,36,"PEROT, ROSS",INDEPENDENT,FALSE,71084,308133,20210113,OTHER,FALSE
1992,OHIO,OH,39,31,24,"BUSH, GEORGE H.W.",REPUBLICAN,FALSE,1894310,4939967,20210113,REPUBLICAN,FALSE
1992,OHIO,OH,39,31,24,"CLINTON, BILL",DEMOCRAT,FALSE,1984942,4939967,20210113,DEMOCRAT,FALSE
1992,OHIO,OH,39,31,24,OTHER,INDEPENDENT,FALSE,24247,4939967,20210113,OTHER,FALSE
1992,OHIO,OH,39,31,24,"PEROT, ROSS",INDEPENDENT,FALSE,1036426,4939967,20210113,OTHER,FALSE
1992,OHIO,OH,39,31,24,UNKNOWN/SCATTERING,UNKNOWN,TRUE,42,4939967,20210113,OTHER,FALSE
1992,OKLAHOMA,OK,40,73,53,"BUSH, GEORGE H.W.",REPUBLICAN,FALSE,592929,1390359,20210113,REPUBLICAN,FALSE
1992,OKLAHOMA,OK,40,73,53,"CLINTON, BILL",DEMOCRAT,FALSE,473066,1390359,20210113,DEMOCRAT,FALSE
1992,OKLAHOMA,OK,40,73,53,"MARROU, ANDRE",LIBERTARIAN,FALSE,4486,1390359,20210113,LIBERTARIAN,FALSE
1992,OKLAHOMA,OK,40,73,53,"PEROT, ROSS",INDEPENDENT,FALSE,319878,1390359,20210113,OTHER,FALSE
1992,OREGON,OR,41,92,72,"BUSH, GEORGE H.W.",REPUBLICAN,FALSE,475757,1462643,20210113,REPUBLICAN,FALSE
1992,OREGON,OR,41,92,72,"CLINTON, BILL",DEMOCRAT,FALSE,621314,1462643,20210113,DEMOCRAT,FALSE
1992,OREGON,OR,41,92,72,"FULANI, LENORA",NEW ALLIANCE,FALSE,3030,1462643,20210113,OTHER,FALSE
1992,OREGON,OR,41,92,72,"MARROU, ANDRE",LIBERTARIAN,FALSE,4277,1462643,20210113,LIBERTARIAN,FALSE
1992,OREGON,OR,41,92,72,OTHER,UNKNOWN,FALSE,2609,1462643,20210113,OTHER,FALSE
1992,OREGON,OR,41,92,72,"PEROT, ROSS",INDEPENDENT,FALSE,354091,1462643,20210113,OTHER,FALSE
1992,OREGON,OR,41,92,72,UNKNOWN/SCATTERING,UNKNOWN,TRUE,1565,1462643,20210113,OTHER,FALSE
1992,PENNSYLVANIA,PA,42,23,14,"BUSH, GEORGE H.W.",REPUBLICAN,FALSE,1791841,4959810,20210113,REPUBLICAN,FALSE
1992,PENNSYLVANIA,PA,42,23,14,"CLINTON, BILL",DEMOCRAT,FALSE,2239164,4959810,20210113,DEMOCRAT,FALSE
1992,PENNSYLVANIA,PA,42,23,14,"FULANI, LENORA",NEW ALLIANCE,FALSE,4661,4959810,20210113,OTHER,FALSE
1992,PENNSYLVANIA,PA,42,23,14,"MARROU, ANDRE",LIBERTARIAN,FALSE,21477,4959810,20210113,LIBERTARIAN,FALSE
1992,PENNSYLVANIA,PA,42,23,14,"PEROT, ROSS",INDEPENDENT,FALSE,902667,4959810,20210113,OTHER,FALSE
1992,RHODE ISLAND,RI,44,15,5,"BUSH, GEORGE H.W.",REPUBLICAN,FALSE,131601,453365,20210113,REPUBLICAN,FALSE
1992,RHODE ISLAND,RI,44,15,5,"CLINTON, BILL",DEMOCRAT,FALSE,213299,453365,20210113,DEMOCRAT,FALSE
1992,RHODE ISLAND,RI,44,15,5,"FULANI, LENORA",NEW ALLIANCE,FALSE,1878,453365,20210113,OTHER,FALSE
1992,RHODE ISLAND,RI,44,15,5,"HAGELIN, JOHN",NATURAL LAW,FALSE,262,453365,20210113,OTHER,FALSE
1992,RHODE ISLAND,RI,44,15,5,"LAROUCHE, LYNDON, JR.",INDEPENDENTS FOR LAROUCHE,FALSE,494,453365,20210113,OTHER,FALSE
1992,RHODE ISLAND,RI,44,15,5,"MARROU, ANDRE",LIBERTARIAN,FALSE,571,453365,20210113,LIBERTARIAN,FALSE
1992,RHODE ISLAND,RI,44,15,5,"PEROT, ROSS",INDEPENDENT,FALSE,105045,453365,20210113,OTHER,FALSE
1992,RHODE ISLAND,RI,44,15,5,"PHILLIPS, HOWARD",TAXPAYERS PARTY,FALSE,215,453365,20210113,OTHER,FALSE
1992,SOUTH CAROLINA,SC,45,57,48,"BUSH, GEORGE H.W.",REPUBLICAN,FALSE,577507,1228912,20210113,REPUBLICAN,FALSE
1992,SOUTH CAROLINA,SC,45,57,48,"CLINTON, BILL",DEMOCRAT,FALSE,525514,1228912,20210113,DEMOCRAT,FALSE
1992,SOUTH CAROLINA,SC,45,57,48,"FULANI, LENORA",UNITED CITIZENS,FALSE,1235,1228912,20210113,OTHER,FALSE
1992,SOUTH CAROLINA,SC,45,57,48,"MARROU, ANDRE",LIBERTARIAN,FALSE,2719,1228912,20210113,LIBERTARIAN,FALSE
1992,SOUTH CAROLINA,SC,45,57,48,"PEROT, ROSS",INDEPENDENT,FALSE,119257,1228912,20210113,OTHER,FALSE
1992,SOUTH CAROLINA,SC,45,57,48,"PHILLIPS, HOWARD",AMERICAN,FALSE,2680,1228912,20210113,OTHER,FALSE
1992,SOUTH DAKOTA,SD,46,45,37,"BUSH, GEORGE H.W.",REPUBLICAN,FALSE,136718,336254,20210113,REPUBLICAN,FALSE
1992,SOUTH DAKOTA,SD,46,45,37,"CLINTON, BILL",DEMOCRAT,FALSE,124888,336254,20210113,DEMOCRAT,FALSE
1992,SOUTH DAKOTA,SD,46,45,37,"MARROU, ANDRE",LIBERTARIAN,FALSE,814,336254,20210113,LIBERTARIAN,FALSE
1992,SOUTH DAKOTA,SD,46,45,37,OTHER,INDEPENDENT,FALSE,539,336254,20210113,OTHER,FALSE
1992,SOUTH DAKOTA,SD,46,45,37,"PEROT, ROSS",INDEPENDENT,FALSE,73295,336254,20210113,OTHER,FALSE
1992,TENNESSEE,TN,47,62,54,"BUSH, GEORGE H.W.",REPUBLICAN,FALSE,841300,1982638,20210113,REPUBLICAN,FALSE
1992,TENNESSEE,TN,47,62,54,"CLINTON, BILL",DEMOCRAT,FALSE,933521,1982638,20210113,DEMOCRAT,FALSE
1992,TENNESSEE,TN,47,62,54,OTHER,INDEPENDENT,FALSE,7688,1982638,20210113,OTHER,FALSE
1992,TENNESSEE,TN,47,62,54,"PEROT, ROSS",INDEPENDENT,FALSE,199968,1982638,20210113,OTHER,FALSE
1992,TENNESSEE,TN,47,62,54,UNKNOWN/SCATTERING,UNKNOWN,TRUE,161,1982638,20210113,OTHER,FALSE
1992,TEXAS,TX,48,74,49,"BUSH, GEORGE H.W.",REPUBLICAN,FALSE,2496071,6154018,20210113,REPUBLICAN,FALSE
1992,TEXAS,TX,48,74,49,"CLINTON, BILL",DEMOCRAT,FALSE,2281815,6154018,20210113,DEMOCRAT,FALSE
1992,TEXAS,TX,48,74,49,"MARROU, ANDRE",LIBERTARIAN,FALSE,19699,6154018,20210113,LIBERTARIAN,FALSE
1992,TEXAS,TX,48,74,49,"PEROT, ROSS",INDEPENDENT,FALSE,1354781,6154018,20210113,OTHER,FALSE
1992,TEXAS,TX,48,74,49,UNKNOWN/SCATTERING,UNKNOWN,TRUE,1652,6154018,20210113,OTHER,FALSE
1992,UTAH,UT,49,87,67,"BRISBEN, J. QUINN",SOCIALIST WORKERS,FALSE,151,743998,20210113,OTHER,FALSE
1992,UTAH,UT,49,87,67,"BUSH, GEORGE H.W.",REPUBLICAN,FALSE,322632,743998,20210113,REPUBLICAN,FALSE
1992,UTAH,UT,49,87,67,"CLINTON, BILL",DEMOCRAT,FALSE,183429,743998,20210113,DEMOCRAT,FALSE
1992,UTAH,UT,49,87,67,"DANIELS, RON",CAMPAIGN FOR A NEW TOMORROW,FALSE,177,743998,20210113,OTHER,FALSE
1992,UTAH,UT,49,87,67,"FULANI, LENORA",NEW ALLIANCE,FALSE,414,743998,20210113,OTHER,FALSE
1992,UTAH,UT,49,87,67,"GRITZ, JAMES ""BO""",POPULIST,FALSE,28602,743998,20210113,OTHER,FALSE
1992,UTAH,UT,49,87,67,"HAGELIN, JOHN",NATURAL LAW,FALSE,1319,743998,20210113,OTHER,FALSE
1992,UTAH,UT,49,87,67,"LAROUCHE, LYNDON, JR.",INDEPENDENTS FOR ECONOMIC RECOVERY,FALSE,1089,743998,20210113,OTHER,FALSE
1992,UTAH,UT,49,87,67,"MARROU, ANDRE",LIBERTARIAN,FALSE,1900,743998,20210113,LIBERTARIAN,FALSE
1992,UTAH,UT,49,87,67,OTHER,AMERICAN,FALSE,292,743998,20210113,OTHER,FALSE
1992,UTAH,UT,49,87,67,"PEROT, ROSS",INDEPENDENT,FALSE,203400,743998,20210113,OTHER,FALSE
1992,UTAH,UT,49,87,67,"PHILLIPS, HOWARD",TAXPAYERS PARTY,FALSE,393,743998,20210113,OTHER,FALSE
1992,UTAH,UT,49,87,67,"WARREN, JAMES ""MAC""",SOCIALIST WORKERS,FALSE,200,743998,20210113,OTHER,FALSE
1992,VERMONT,VT,50,13,6,"BUSH, GEORGE H.W.",REPUBLICAN,FALSE,88122,289701,20210113,REPUBLICAN,FALSE
1992,VERMONT,VT,50,13,6,"CLINTON, BILL",DEMOCRAT,FALSE,133592,289701,20210113,DEMOCRAT,FALSE
1992,VERMONT,VT,50,13,6,"FULANI, LENORA",NEW ALLIANCE,FALSE,100,289701,20210113,OTHER,FALSE
1992,VERMONT,VT,50,13,6,"HAGELIN, JOHN",NATURAL LAW,FALSE,315,289701,20210113,OTHER,FALSE
1992,VERMONT,VT,50,13,6,"LAROUCHE, LYNDON, JR.",FREEDOM FOR LAROUCHE,FALSE,57,289701,20210113,OTHER,FALSE
1992,VERMONT,VT,50,13,6,"MARROU, ANDRE",LIBERTARIAN,FALSE,501,289701,20210113,LIBERTARIAN,FALSE
1992,VERMONT,VT,50,13,6,OTHER,LIBERTY UNION PARTY,FALSE,329,289701,20210113,OTHER,FALSE
1992,VERMONT,VT,50,13,6,"PEROT, ROSS",INDEPENDENT,FALSE,65991,289701,20210113,OTHER,FALSE
1992,VERMONT,VT,50,13,6,"PHILLIPS, HOWARD",TAXPAYERS PARTY,FALSE,124,289701,20210113,OTHER,FALSE
1992,VERMONT,VT,50,13,6,"WARREN, JAMES ""MAC""",SOCIALIST WORKERS,FALSE,82,289701,20210113,OTHER,FALSE
1992,VERMONT,VT,50,13,6,UNKNOWN/SCATTERING,UNKNOWN,TRUE,488,289701,20210113,OTHER,FALSE
1992,VIRGINIA,VA,51,54,40,"BUSH, GEORGE H.W.",REPUBLICAN,FALSE,1150517,2559129,20210113,REPUBLICAN,FALSE
1992,VIRGINIA,VA,51,54,40,"CLINTON, BILL",DEMOCRAT,FALSE,1038650,2559129,20210113,DEMOCRAT,FALSE
1992,VIRGINIA,VA,51,54,40,"MARROU, ANDRE",LIBERTARIAN,FALSE,5730,2559129,20210113,LIBERTARIAN,FALSE
1992,VIRGINIA,VA,51,54,40,OTHER,INDEPENDENT,FALSE,15129,2559129,20210113,OTHER,FALSE
1992,VIRGINIA,VA,51,54,40,"PEROT, ROSS",INDEPENDENT,FALSE,348639,2559129,20210113,OTHER,FALSE
1992,VIRGINIA,VA,51,54,40,UNKNOWN/SCATTERING,UNKNOWN,TRUE,464,2559129,20210113,OTHER,FALSE
1992,WASHINGTON,WA,53,91,73,"BUSH, GEORGE H.W.",REPUBLICAN,FALSE,731234,2287565,20210113,REPUBLICAN,FALSE
1992,WASHINGTON,WA,53,91,73,"CLINTON, BILL",DEMOCRAT,FALSE,993037,2287565,20210113,DEMOCRAT,FALSE
1992,WASHINGTON,WA,53,91,73,"FULANI, LENORA",NEW ALLIANCE,FALSE,1776,2287565,20210113,OTHER,FALSE
1992,WASHINGTON,WA,53,91,73,"GRITZ, JAMES ""BO""",POPULIST,FALSE,4854,2287565,20210113,OTHER,FALSE
1992,WASHINGTON,WA,53,91,73,"HAGELIN, JOHN",NATURAL LAW,FALSE,2456,2287565,20210113,OTHER,FALSE
1992,WASHINGTON,WA,53,91,73,"MARROU, ANDRE",LIBERTARIAN,FALSE,7533,2287565,20210113,LIBERTARIAN,FALSE
1992,WASHINGTON,WA,53,91,73,OTHER,INDEPENDENT,FALSE,2026,2287565,20210113,OTHER,FALSE
1992,WASHINGTON,WA,53,91,73,"PEROT, ROSS",INDEPENDENT,FALSE,541780,2287565,20210113,OTHER,FALSE
1992,WASHINGTON,WA,53,91,73,"PHILLIPS, HOWARD",TAXPAYERS PARTY,FALSE,2354,2287565,20210113,OTHER,FALSE
1992,WASHINGTON,WA,53,91,73,"WARREN, JAMES ""MAC""",SOCIALIST WORKERS,FALSE,515,2287565,20210113,OTHER,FALSE
1992,WEST VIRGINIA,WV,54,55,56,"BUSH, GEORGE H.W.",REPUBLICAN,FALSE,241974,683677,20210113,REPUBLICAN,FALSE
1992,WEST VIRGINIA,WV,54,55,56,"CLINTON, BILL",DEMOCRAT,FALSE,331001,683677,20210113,DEMOCRAT,FALSE
1992,WEST VIRGINIA,WV,54,55,56,"MARROU, ANDRE",LIBERTARIAN,FALSE,1873,683677,20210113,LIBERTARIAN,FALSE
1992,WEST VIRGINIA,WV,54,55,56,"PEROT, ROSS",INDEPENDENT,FALSE,108829,683677,20210113,OTHER,FALSE
1992,WISCONSIN,WI,55,35,25,BLANK VOTE/SCATTERING,UNKNOWN,FALSE,961,2531064,20210113,OTHER,FALSE
1992,WISCONSIN,WI,55,35,25,"BUSH, GEORGE H.W.",REPUBLICAN,FALSE,930855,2531064,20210113,REPUBLICAN,FALSE
1992,WISCONSIN,WI,55,35,25,"CLINTON, BILL",DEMOCRAT,FALSE,1041066,2531064,20210113,DEMOCRAT,FALSE
1992,WISCONSIN,WI,55,35,25,"DANIELS, RON",LABOR-FARM-LABORISTA-AGRARIO,FALSE,1833,2531064,20210113,OTHER,FALSE
1992,WISCONSIN,WI,55,35,25,"HAGELIN, JOHN",NATURAL LAW,FALSE,1070,2531064,20210113,OTHER,FALSE
1992,WISCONSIN,WI,55,35,25,"HEM, ROLAND",THIRD PARTY,FALSE,405,2531064,20210113,OTHER,FALSE
1992,WISCONSIN,WI,55,35,25,"MARROU, ANDRE",LIBERTARIAN,FALSE,2877,2531064,20210113,LIBERTARIAN,FALSE
1992,WISCONSIN,WI,55,35,25,OTHER,INDEPENDENT,FALSE,7518,2531064,20210113,OTHER,FALSE
1992,WISCONSIN,WI,55,35,25,"PEROT, ROSS",INDEPENDENT,FALSE,544479,2531064,20210113,OTHER,FALSE
1992,WYOMING,WY,56,83,68,"BUSH, GEORGE H.W.",REPUBLICAN,FALSE,79347,199884,20210113,REPUBLICAN,FALSE
1992,WYOMING,WY,56,83,68,"CLINTON, BILL",DEMOCRAT,FALSE,68160,199884,20210113,DEMOCRAT,FALSE
1992,WYOMING,WY,56,83,68,"FULANI, LENORA",INDEPENDENT,FALSE,270,199884,20210113,OTHER,FALSE
1992,WYOMING,WY,56,83,68,"MARROU, ANDRE",LIBERTARIAN,FALSE,844,199884,20210113,LIBERTARIAN,FALSE
1992,WYOMING,WY,56,83,68,"PEROT, ROSS",INDEPENDENT,FALSE,51263,199884,20210113,OTHER,FALSE
1996,ALABAMA,AL,1,63,41,"BROWNE, HARRY",LIBERTARIAN,FALSE,5290,1534349,20210113,LIBERTARIAN,FALSE
1996,ALABAMA,AL,1,63,41,"CLINTON, BILL",DEMOCRAT,FALSE,662165,1534349,20210113,DEMOCRAT,FALSE
1996,ALABAMA,AL,1,63,41,"DOLE, ROBERT",REPUBLICAN,FALSE,769044,1534349,20210113,REPUBLICAN,FALSE
1996,ALABAMA,AL,1,63,41,"HAGELIN, JOHN",NATURAL LAW,FALSE,1697,1534349,20210113,OTHER,FALSE
1996,ALABAMA,AL,1,63,41,UNKNOWN/SCATTERING,INDEPENDENT,FALSE,95030,1534349,20210113,OTHER,FALSE
1996,ALABAMA,AL,1,63,41,UNKNOWN/SCATTERING,UNKNOWN,TRUE,1123,1534349,20210113,OTHER,FALSE
1996,ALASKA,AK,2,94,81,"BROWNE, HARRY",LIBERTARIAN,FALSE,2276,241620,20210113,LIBERTARIAN,FALSE
1996,ALASKA,AK,2,94,81,"CLINTON, BILL",DEMOCRAT,FALSE,80380,241620,20210113,DEMOCRAT,FALSE
1996,ALASKA,AK,2,94,81,"DOLE, ROBERT",REPUBLICAN,FALSE,122746,241620,20210113,REPUBLICAN,FALSE
1996,ALASKA,AK,2,94,81,"HAGELIN, JOHN",NATURAL LAW,FALSE,729,241620,20210113,OTHER,FALSE
1996,ALASKA,AK,2,94,81,"NADER, RALPH",GREEN,FALSE,7597,241620,20210113,OTHER,FALSE
1996,ALASKA,AK,2,94,81,"PEROT, ROSS",REFORM PARTY,FALSE,26333,241620,20210113,OTHER,FALSE
1996,ALASKA,AK,2,94,81,"PHILLIPS, HOWARD",U.S. TAXPAYERS PARTY,FALSE,925,241620,20210113,OTHER,FALSE
1996,ALASKA,AK,2,94,81,UNKNOWN/SCATTERING,UNKNOWN,TRUE,634,241620,20210113,OTHER,FALSE
1996,ARIZONA,AZ,4,86,61,"BROWNE, HARRY",LIBERTARIAN,FALSE,14358,1404405,20210113,LIBERTARIAN,FALSE
1996,ARIZONA,AZ,4,86,61,"CLINTON, BILL",DEMOCRAT,FALSE,653288,1404405,20210113,DEMOCRAT,FALSE
1996,ARIZONA,AZ,4,86,61,"DOLE, ROBERT",REPUBLICAN,FALSE,622073,1404405,20210113,REPUBLICAN,FALSE
1996,ARIZONA,AZ,4,86,61,OTHER,UNKNOWN,FALSE,41,1404405,20210113,OTHER,FALSE
1996,ARIZONA,AZ,4,86,61,"PEROT, ROSS",REFORM PARTY,FALSE,112072,1404405,20210113,OTHER,FALSE
1996,ARIZONA,AZ,4,86,61,UNKNOWN/SCATTERING,UNKNOWN,TRUE,2573,1404405,20210113,OTHER,FALSE
1996,ARKANSAS,AR,5,71,42,"BROWNE, HARRY",LIBERTARIAN,FALSE,3076,884262,20210113,LIBERTARIAN,FALSE
1996,ARKANSAS,AR,5,71,42,"CLINTON, BILL",DEMOCRAT,FALSE,475171,884262,20210113,DEMOCRAT,FALSE
1996,ARKANSAS,AR,5,71,42,"COLLINS, CHARLES",UNAFFILIATED,FALSE,823,884262,20210113,OTHER,FALSE
1996,ARKANSAS,AR,5,71,42,"DODGE, EARL",PROHIBITION,FALSE,483,884262,20210113,OTHER,FALSE
1996,ARKANSAS,AR,5,71,42,"DOLE, ROBERT",REPUBLICAN,FALSE,325416,884262,20210113,REPUBLICAN,FALSE
1996,ARKANSAS,AR,5,71,42,"FORBES, RALPH",AMERICA FIRST,FALSE,932,884262,20210113,OTHER,FALSE
1996,ARKANSAS,AR,5,71,42,"HAGELIN, JOHN",NATURAL LAW,FALSE,729,884262,20210113,OTHER,FALSE
1996,ARKANSAS,AR,5,71,42,"HOLLIS, MARY CAL",SOCIALIST,FALSE,538,884262,20210113,OTHER,FALSE
1996,ARKANSAS,AR,5,71,42,"MASTERS, ISABELL",LOOKING BACK PARTY,FALSE,749,884262,20210113,OTHER,FALSE
1996,ARKANSAS,AR,5,71,42,"MOOREHEAD, MONICA",WORKERS WORLD,FALSE,747,884262,20210113,OTHER,FALSE
1996,ARKANSAS,AR,5,71,42,"NADER, RALPH",GREEN,FALSE,3649,884262,20210113,OTHER,FALSE
1996,ARKANSAS,AR,5,71,42,"PEROT, ROSS",REFORM PARTY,FALSE,69884,884262,20210113,OTHER,FALSE
1996,ARKANSAS,AR,5,71,42,"PHILLIPS, HOWARD",U.S. TAXPAYERS PARTY,FALSE,2065,884262,20210113,OTHER,FALSE
1996,CALIFORNIA,CA,6,93,71,"BROWNE, HARRY",LIBERTARIAN,FALSE,73600,10019469,20210113,LIBERTARIAN,FALSE
1996,CALIFORNIA,CA,6,93,71,"CLINTON, BILL",DEMOCRAT,FALSE,5119835,10019469,20210113,DEMOCRAT,FALSE
1996,CALIFORNIA,CA,6,93,71,"DOLE, ROBERT",REPUBLICAN,FALSE,3828381,10019469,20210113,REPUBLICAN,FALSE
1996,CALIFORNIA,CA,6,93,71,"FEINLAND, MARSHA",PEACE & FREEDOM,FALSE,25332,10019469,20210113,OTHER,FALSE
1996,CALIFORNIA,CA,6,93,71,"HAGELIN, JOHN",NATURAL LAW,FALSE,15403,10019469,20210113,OTHER,FALSE
1996,CALIFORNIA,CA,6,93,71,"NADER, RALPH",GREEN,FALSE,237016,10019469,20210113,OTHER,FALSE
1996,CALIFORNIA,CA,6,93,71,"PEROT, ROSS",REFORM PARTY,FALSE,697847,10019469,20210113,OTHER,FALSE
1996,CALIFORNIA,CA,6,93,71,"PHILLIPS, HOWARD",AMERICAN INDEPENDENT PARTY,FALSE,21202,10019469,20210113,OTHER,FALSE
1996,CALIFORNIA,CA,6,93,71,UNKNOWN/SCATTERING,UNKNOWN,TRUE,853,10019469,20210113,OTHER,FALSE
1996,COLORADO,CO,8,84,62,"BROWNE, HARRY",LIBERTARIAN,FALSE,12392,1510702,20210113,LIBERTARIAN,FALSE
1996,COLORADO,CO,8,84,62,"CLINTON, BILL",DEMOCRAT,FALSE,671152,1510702,20210113,DEMOCRAT,FALSE
1996,COLORADO,CO,8,84,62,"COLLINS, CHARLES",INDEPENDENT,FALSE,2809,1510702,20210113,OTHER,FALSE
1996,COLORADO,CO,8,84,62,"DODGE, EARL",PROHIBITION,FALSE,375,1510702,20210113,OTHER,FALSE
1996,COLORADO,CO,8,84,62,"DOLE, ROBERT",REPUBLICAN,FALSE,691848,1510702,20210113,REPUBLICAN,FALSE
1996,COLORADO,CO,8,84,62,"HAGELIN, JOHN",NATURAL LAW,FALSE,2545,1510702,20210113,OTHER,FALSE
1996,COLORADO,CO,8,84,62,"HARRIS, JAMES",SOCIALIST WORKERS,FALSE,244,1510702,20210113,OTHER,FALSE
1996,COLORADO,CO,8,84,62,"HOLLIS, MARY CAL",SOCIALIST,FALSE,669,1510702,20210113,OTHER,FALSE
1996,COLORADO,CO,8,84,62,"MOOREHEAD, MONICA",WORKERS WORLD,FALSE,599,1510702,20210113,OTHER,FALSE
1996,COLORADO,CO,8,84,62,"NADER, RALPH",GREEN,FALSE,25070,1510702,20210113,OTHER,FALSE
1996,COLORADO,CO,8,84,62,"PEROT, ROSS",REFORM PARTY,FALSE,99629,1510702,20210113,OTHER,FALSE
1996,COLORADO,CO,8,84,62,"PHILLIPS, HOWARD",CONSTITUTION PARTY,FALSE,2813,1510702,20210113,OTHER,FALSE
1996,COLORADO,CO,8,84,62,"TEMPLIN, DIANE",AMERICAN,FALSE,557,1510702,20210113,OTHER,FALSE
1996,CONNECTICUT,CT,9,16,1,"BROWNE, HARRY",LIBERTARIAN,FALSE,5788,1392614,20210113,LIBERTARIAN,FALSE
1996,CONNECTICUT,CT,9,16,1,"CLINTON, BILL",DEMOCRAT,FALSE,735740,1392614,20210113,DEMOCRAT,FALSE
1996,CONNECTICUT,CT,9,16,1,"DOLE, ROBERT",REPUBLICAN,FALSE,483109,1392614,20210113,REPUBLICAN,FALSE
1996,CONNECTICUT,CT,9,16,1,"HAGELIN, JOHN",NATURAL LAW,FALSE,1703,1392614,20210113,OTHER,FALSE
1996,CONNECTICUT,CT,9,16,1,"NADER, RALPH",GREEN,FALSE,24321,1392614,20210113,OTHER,FALSE
1996,CONNECTICUT,CT,9,16,1,"PEROT, ROSS",REFORM PARTY,FALSE,139523,1392614,20210113,OTHER,FALSE
1996,CONNECTICUT,CT,9,16,1,"PHILLIPS, HOWARD",CONCERNED CITIZENS,FALSE,2425,1392614,20210113,OTHER,FALSE
1996,CONNECTICUT,CT,9,16,1,UNKNOWN/SCATTERING,UNKNOWN,TRUE,5,1392614,20210113,OTHER,FALSE
1996,DELAWARE,DE,10,51,11,"BROWNE, HARRY",LIBERTARIAN,FALSE,2052,270810,20210113,LIBERTARIAN,FALSE
1996,DELAWARE,DE,10,51,11,"CLINTON, BILL",DEMOCRAT,FALSE,140355,270810,20210113,DEMOCRAT,FALSE
1996,DELAWARE,DE,10,51,11,"DOLE, ROBERT",REPUBLICAN,FALSE,99062,270810,20210113,REPUBLICAN,FALSE
1996,DELAWARE,DE,10,51,11,"HAGELIN, JOHN",NATURAL LAW,FALSE,274,270810,20210113,OTHER,FALSE
1996,DELAWARE,DE,10,51,11,"PEROT, ROSS",UNAFFILIATED,FALSE,28719,270810,20210113,OTHER,FALSE
1996,DELAWARE,DE,10,51,11,"PHILLIPS, HOWARD",U.S. TAXPAYERS PARTY,FALSE,348,270810,20210113,OTHER,FALSE
1996,DISTRICT OF COLUMBIA,DC,11,53,55,"BROWNE, HARRY",LIBERTARIAN,FALSE,588,185726,20210113,LIBERTARIAN,FALSE
1996,DISTRICT OF COLUMBIA,DC,11,53,55,"CLINTON, BILL",DEMOCRAT,FALSE,158220,185726,20210113,DEMOCRAT,FALSE
1996,DISTRICT OF COLUMBIA,DC,11,53,55,"DOLE, ROBERT",REPUBLICAN,FALSE,17339,185726,20210113,REPUBLICAN,FALSE
1996,DISTRICT OF COLUMBIA,DC,11,53,55,"HAGELIN, JOHN",NATURAL LAW,FALSE,283,185726,20210113,OTHER,FALSE
1996,DISTRICT OF COLUMBIA,DC,11,53,55,"HARRIS, JAMES",SOCIALIST WORKERS,FALSE,257,185726,20210113,OTHER,FALSE
1996,DISTRICT OF COLUMBIA,DC,11,53,55,"NADER, RALPH",GREEN,FALSE,4780,185726,20210113,OTHER,FALSE
1996,DISTRICT OF COLUMBIA,DC,11,53,55,"PEROT, ROSS",REFORM PARTY,FALSE,3611,185726,20210113,OTHER,FALSE
1996,DISTRICT OF COLUMBIA,DC,11,53,55,UNKNOWN/SCATTERING,UNKNOWN,TRUE,648,185726,20210113,OTHER,FALSE
1996,FLORIDA,FL,12,59,43,"BROWNE, HARRY",LIBERTARIAN,FALSE,23326,5303154,20210113,LIBERTARIAN,FALSE
1996,FLORIDA,FL,12,59,43,"CLINTON, BILL",DEMOCRAT,FALSE,2546870,5303154,20210113,DEMOCRAT,FALSE
1996,FLORIDA,FL,12,59,43,"DOLE, ROBERT",REPUBLICAN,FALSE,2244536,5303154,20210113,REPUBLICAN,FALSE
1996,FLORIDA,FL,12,59,43,"PEROT, ROSS",REFORM PARTY,FALSE,483870,5303154,20210113,OTHER,FALSE
1996,FLORIDA,FL,12,59,43,UNKNOWN/SCATTERING,UNKNOWN,TRUE,4552,5303154,20210113,OTHER,FALSE
1996,GEORGIA,GA,13,58,44,"BROWNE, HARRY",LIBERTARIAN,FALSE,17870,2298899,20210113,LIBERTARIAN,FALSE
1996,GEORGIA,GA,13,58,44,"CLINTON, BILL",DEMOCRAT,FALSE,1053849,2298899,20210113,DEMOCRAT,FALSE
1996,GEORGIA,GA,13,58,44,"DOLE, ROBERT",REPUBLICAN,FALSE,1080843,2298899,20210113,REPUBLICAN,FALSE
1996,GEORGIA,GA,13,58,44,"PEROT, ROSS",REFORM PARTY,FALSE,146337,2298899,20210113,OTHER,FALSE
1996,HAWAII,HI,15,95,82,"BROWNE, HARRY",LIBERTARIAN,FALSE,2493,360120,20210113,LIBERTARIAN,FALSE
1996,HAWAII,HI,15,95,82,"CLINTON, BILL",DEMOCRAT,FALSE,205012,360120,20210113,DEMOCRAT,FALSE
1996,HAWAII,HI,15,95,82,"DOLE, ROBERT",REPUBLICAN,FALSE,113943,360120,20210113,REPUBLICAN,FALSE
1996,HAWAII,HI,15,95,82,"HAGELIN, JOHN",NATURAL LAW,FALSE,570,360120,20210113,OTHER,FALSE
1996,HAWAII,HI,15,95,82,"NADER, RALPH",GREEN,FALSE,10386,360120,20210113,OTHER,FALSE
1996,HAWAII,HI,15,95,82,"PEROT, ROSS",REFORM PARTY,FALSE,27358,360120,20210113,OTHER,FALSE
1996,HAWAII,HI,15,95,82,"PHILLIPS, HOWARD",U.S. TAXPAYERS PARTY,FALSE,358,360120,20210113,OTHER,FALSE
1996,IDAHO,ID,16,82,63,"BROWNE, HARRY",LIBERTARIAN,FALSE,3325,491711,20210113,LIBERTARIAN,FALSE
1996,IDAHO,ID,16,82,63,"CLINTON, BILL",DEMOCRAT,FALSE,165443,491711,20210113,DEMOCRAT,FALSE
1996,IDAHO,ID,16,82,63,"DOLE, ROBERT",REPUBLICAN,FALSE,256595,491711,20210113,REPUBLICAN,FALSE
1996,IDAHO,ID,16,82,63,"HAGELIN, JOHN",NATURAL LAW,FALSE,1600,491711,20210113,OTHER,FALSE
1996,IDAHO,ID,16,82,63,"PEROT, ROSS",REFORM PARTY,FALSE,62518,491711,20210113,OTHER,FALSE
1996,IDAHO,ID,16,82,63,"PHILLIPS, HOWARD",U.S. TAXPAYERS PARTY,FALSE,2230,491711,20210113,OTHER,FALSE
1996,ILLINOIS,IL,17,33,21,"BROWNE, HARRY",LIBERTARIAN,FALSE,22548,4311391,20210113,LIBERTARIAN,FALSE
1996,ILLINOIS,IL,17,33,21,"CLINTON, BILL",DEMOCRAT,FALSE,2341744,4311391,20210113,DEMOCRAT,FALSE
1996,ILLINOIS,IL,17,33,21,"DOLE, ROBERT",REPUBLICAN,FALSE,1587021,4311391,20210113,REPUBLICAN,FALSE
1996,ILLINOIS,IL,17,33,21,"HAGELIN, JOHN",NATURAL LAW,FALSE,4606,4311391,20210113,OTHER,FALSE
1996,ILLINOIS,IL,17,33,21,"PEROT, ROSS",REFORM PARTY,FALSE,346408,4311391,20210113,OTHER,FALSE
1996,ILLINOIS,IL,17,33,21,"PHILLIPS, HOWARD",U.S. TAXPAYERS PARTY,FALSE,7606,4311391,20210113,OTHER,FALSE
1996,ILLINOIS,IL,17,33,21,UNKNOWN/SCATTERING,UNKNOWN,TRUE,1458,4311391,20210113,OTHER,FALSE
1996,INDIANA,IN,18,32,22,"BROWNE, HARRY",LIBERTARIAN,FALSE,15632,2135431,20210113,LIBERTARIAN,FALSE
1996,INDIANA,IN,18,32,22,"CLINTON, BILL",DEMOCRAT,FALSE,887424,2135431,20210113,DEMOCRAT,FALSE
1996,INDIANA,IN,18,32,22,"DOLE, ROBERT",REPUBLICAN,FALSE,1006693,2135431,20210113,REPUBLICAN,FALSE
1996,INDIANA,IN,18,32,22,"PEROT, ROSS",REFORM PARTY,FALSE,224299,2135431,20210113,OTHER,FALSE
1996,INDIANA,IN,18,32,22,UNKNOWN/SCATTERING,UNKNOWN,TRUE,1383,2135431,20210113,OTHER,FALSE
1996,IOWA,IA,19,42,31,"BROWNE, HARRY",LIBERTARIAN,FALSE,2315,1234075,20210113,LIBERTARIAN,FALSE
1996,IOWA,IA,19,42,31,"CLINTON, BILL",DEMOCRAT,FALSE,620258,1234075,20210113,DEMOCRAT,FALSE
1996,IOWA,IA,19,42,31,"DOLE, ROBERT",REPUBLICAN,FALSE,492644,1234075,20210113,REPUBLICAN,FALSE
1996,IOWA,IA,19,42,31,"HAGELIN, JOHN",NATURAL LAW,FALSE,3349,1234075,20210113,OTHER,FALSE
1996,IOWA,IA,19,42,31,"HARRIS, JAMES",SOCIALIST WORKERS,FALSE,331,1234075,20210113,OTHER,FALSE
1996,IOWA,IA,19,42,31,"NADER, RALPH",GREEN,FALSE,6550,1234075,20210113,OTHER,FALSE
1996,IOWA,IA,19,42,31,"PEROT, ROSS",REFORM PARTY,FALSE,105159,1234075,20210113,OTHER,FALSE
1996,IOWA,IA,19,42,31,"PHILLIPS, HOWARD",U.S. TAXPAYERS PARTY,FALSE,2229,1234075,20210113,OTHER,FALSE
1996,IOWA,IA,19,42,31,SCATTERING,UNKNOWN,FALSE,1240,1234075,20210113,OTHER,FALSE
1996,KANSAS,KS,20,47,32,"BROWNE, HARRY",LIBERTARIAN,FALSE,4557,1074300,20210113,LIBERTARIAN,FALSE
1996,KANSAS,KS,20,47,32,"CLINTON, BILL",DEMOCRAT,FALSE,387659,1074300,20210113,DEMOCRAT,FALSE
1996,KANSAS,KS,20,47,32,"DOLE, ROBERT",REPUBLICAN,FALSE,583245,1074300,20210113,REPUBLICAN,FALSE
1996,KANSAS,KS,20,47,32,"PEROT, ROSS",REFORM PARTY,FALSE,92639,1074300,20210113,OTHER,FALSE
1996,KANSAS,KS,20,47,32,UNKNOWN/SCATTERING,INDEPENDENT,FALSE,5174,1074300,20210113,OTHER,FALSE
1996,KANSAS,KS,20,47,32,UNKNOWN/SCATTERING,UNKNOWN,TRUE,1026,1074300,20210113,OTHER,FALSE
1996,KENTUCKY,KY,21,61,51,"BROWNE, HARRY",LIBERTARIAN,FALSE,4009,1388708,20210113,LIBERTARIAN,FALSE
1996,KENTUCKY,KY,21,61,51,"CLINTON, BILL",DEMOCRAT,FALSE,636614,1388708,20210113,DEMOCRAT,FALSE
1996,KENTUCKY,KY,21,61,51,"DOLE, ROBERT",REPUBLICAN,FALSE,623283,1388708,20210113,REPUBLICAN,FALSE
1996,KENTUCKY,KY,21,61,51,"HAGELIN, JOHN",NATURAL LAW,FALSE,1493,1388708,20210113,OTHER,FALSE
1996,KENTUCKY,KY,21,61,51,"PEROT, ROSS",REFORM PARTY,FALSE,120396,1388708,20210113,OTHER,FALSE
1996,KENTUCKY,KY,21,61,51,"PHILLIPS, HOWARD",U.S. TAXPAYERS PARTY,FALSE,2204,1388708,20210113,OTHER,FALSE
1996,KENTUCKY,KY,21,61,51,UNKNOWN/SCATTERING,UNKNOWN,TRUE,709,1388708,20210113,OTHER,FALSE
1996,LOUISIANA,LA,22,72,45,"BROWNE, HARRY",LIBERTARIAN,FALSE,7499,1783959,20210113,LIBERTARIAN,FALSE
1996,LOUISIANA,LA,22,72,45,"CLINTON, BILL",DEMOCRAT,FALSE,927837,1783959,20210113,DEMOCRAT,FALSE
1996,LOUISIANA,LA,22,72,45,"DOLE, ROBERT",REPUBLICAN,FALSE,712586,1783959,20210113,REPUBLICAN,FALSE
1996,LOUISIANA,LA,22,72,45,"HAGELIN, JOHN",NATURAL LAW,FALSE,2981,1783959,20210113,OTHER,FALSE
1996,LOUISIANA,LA,22,72,45,"MOOREHEAD, MONICA",WORKERS WORLD,FALSE,1678,1783959,20210113,OTHER,FALSE
1996,LOUISIANA,LA,22,72,45,"NADER, RALPH","LIBERTY, ECOLOGY, COMMUNITY",FALSE,4719,1783959,20210113,OTHER,FALSE
1996,LOUISIANA,LA,22,72,45,"PEROT, ROSS",REFORM PARTY,FALSE,123293,1783959,20210113,OTHER,FALSE
1996,LOUISIANA,LA,22,72,45,"PHILLIPS, HOWARD",U.S. TAXPAYERS PARTY,FALSE,3366,1783959,20210113,OTHER,FALSE
1996,MAINE,ME,23,11,2,"BROWNE, HARRY",LIBERTARIAN,FALSE,2996,605897,20210113,LIBERTARIAN,FALSE
1996,MAINE,ME,23,11,2,"CLINTON, BILL",DEMOCRAT,FALSE,312788,605897,20210113,DEMOCRAT,FALSE
1996,MAINE,ME,23,11,2,"DOLE, ROBERT",REPUBLICAN,FALSE,186378,605897,20210113,REPUBLICAN,FALSE
1996,MAINE,ME,23,11,2,"HAGELIN, JOHN",NATURAL LAW,FALSE,825,605897,20210113,OTHER,FALSE
1996,MAINE,ME,23,11,2,"NADER, RALPH",GREEN,FALSE,15279,605897,20210113,OTHER,FALSE
1996,MAINE,ME,23,11,2,OTHER,UNKNOWN,FALSE,144,605897,20210113,OTHER,FALSE
1996,MAINE,ME,23,11,2,"PEROT, ROSS",REFORM PARTY,FALSE,85970,605897,20210113,OTHER,FALSE
1996,MAINE,ME,23,11,2,"PHILLIPS, HOWARD",U.S. TAXPAYERS PARTY,FALSE,1517,605897,20210113,OTHER,FALSE
1996,MARYLAND,MD,24,52,52,"BROWNE, HARRY",LIBERTARIAN,FALSE,8765,1780870,20210113,LIBERTARIAN,FALSE
1996,MARYLAND,MD,24,52,52,"CLINTON, BILL",DEMOCRAT,FALSE,966207,1780870,20210113,DEMOCRAT,FALSE
1996,MARYLAND,MD,24,52,52,"DOLE, ROBERT",REPUBLICAN,FALSE,681530,1780870,20210113,REPUBLICAN,FALSE
1996,MARYLAND,MD,24,52,52,"HAGELIN, JOHN",NATURAL LAW,FALSE,2517,1780870,20210113,OTHER,FALSE
1996,MARYLAND,MD,24,52,52,"PEROT, ROSS",REFORM PARTY,FALSE,115812,1780870,20210113,OTHER,FALSE
1996,MARYLAND,MD,24,52,52,"PHILLIPS, HOWARD",U.S. TAXPAYERS PARTY,FALSE,3402,1780870,20210113,OTHER,FALSE
1996,MARYLAND,MD,24,52,52,UNKNOWN/SCATTERING,UNKNOWN,TRUE,2637,1780870,20210113,OTHER,FALSE
1996,MASSACHUSETTS,MA,25,14,3,"BROWNE, HARRY",LIBERTARIAN,FALSE,20424,2556459,20210113,LIBERTARIAN,FALSE
1996,MASSACHUSETTS,MA,25,14,3,"CLINTON, BILL",DEMOCRAT,FALSE,1571509,2556459,20210113,DEMOCRAT,FALSE
1996,MASSACHUSETTS,MA,25,14,3,"DOLE, ROBERT",REPUBLICAN,FALSE,718058,2556459,20210113,REPUBLICAN,FALSE
1996,MASSACHUSETTS,MA,25,14,3,"HAGELIN, JOHN",NATURAL LAW,FALSE,5183,2556459,20210113,OTHER,FALSE
1996,MASSACHUSETTS,MA,25,14,3,"MOOREHEAD, MONICA",WORKERS WORLD,FALSE,3276,2556459,20210113,OTHER,FALSE
1996,MASSACHUSETTS,MA,25,14,3,OTHER,UNKNOWN,FALSE,6180,2556459,20210113,OTHER,FALSE
1996,MASSACHUSETTS,MA,25,14,3,"PEROT, ROSS",REFORM PARTY,FALSE,227206,2556459,20210113,OTHER,FALSE
1996,MASSACHUSETTS,MA,25,14,3,UNKNOWN/SCATTERING,UNKNOWN,TRUE,4623,2556459,20210113,OTHER,FALSE
1996,MICHIGAN,MI,26,34,23,"BROWNE, HARRY",LIBERTARIAN,FALSE,27670,3848844,20210113,LIBERTARIAN,FALSE
1996,MICHIGAN,MI,26,34,23,"CLINTON, BILL",DEMOCRAT,FALSE,1989653,3848844,20210113,DEMOCRAT,FALSE
1996,MICHIGAN,MI,26,34,23,"DOLE, ROBERT",REPUBLICAN,FALSE,1481212,3848844,20210113,REPUBLICAN,FALSE
1996,MICHIGAN,MI,26,34,23,"HAGELIN, JOHN",NATURAL LAW,FALSE,4254,3848844,20210113,OTHER,FALSE
1996,MICHIGAN,MI,26,34,23,"MOOREHEAD, MONICA",WORKERS WORLD,FALSE,3153,3848844,20210113,OTHER,FALSE
1996,MICHIGAN,MI,26,34,23,"PEROT, ROSS",REFORM PARTY,FALSE,336670,3848844,20210113,OTHER,FALSE
1996,MICHIGAN,MI,26,34,23,"WHITE, JEROME ""JERRY""",SOCIALIST EQUALITY PARTY,FALSE,1554,3848844,20210113,OTHER,FALSE
1996,MICHIGAN,MI,26,34,23,UNKNOWN/SCATTERING,UNKNOWN,TRUE,4678,3848844,20210113,OTHER,FALSE
1996,MINNESOTA,MN,27,41,33,"BIRRENBACK, JOHN",INDEPENDENT GRASSROOTS,FALSE,787,2192492,20210113,OTHER,FALSE
1996,MINNESOTA,MN,27,41,33,"BROWNE, HARRY",LIBERTARIAN,FALSE,8271,2192492,20210113,LIBERTARIAN,FALSE
1996,MINNESOTA,MN,27,41,33,"CLINTON, BILL",DEMOCRAT,FALSE,1120380,2192492,20210113,DEMOCRAT,FALSE
1996,MINNESOTA,MN,27,41,33,"DOLE, ROBERT",REPUBLICAN,FALSE,766395,2192492,20210113,REPUBLICAN,FALSE
1996,MINNESOTA,MN,27,41,33,"HAGELIN, JOHN",NATURAL LAW,FALSE,1808,2192492,20210113,OTHER,FALSE
1996,MINNESOTA,MN,27,41,33,"HARRIS, JAMES",SOCIALIST WORKERS,FALSE,684,2192492,20210113,OTHER,FALSE
1996,MINNESOTA,MN,27,41,33,"NADER, RALPH",GREEN,FALSE,24906,2192492,20210113,OTHER,FALSE
1996,MINNESOTA,MN,27,41,33,"PERON, DENNIS",GRASSROOTS,FALSE,4898,2192492,20210113,OTHER,FALSE
1996,MINNESOTA,MN,27,41,33,"PEROT, ROSS",REFORM PARTY,FALSE,257698,2192492,20210113,OTHER,FALSE
1996,MINNESOTA,MN,27,41,33,"PHILLIPS, HOWARD",U.S. TAXPAYERS PARTY,FALSE,3415,2192492,20210113,OTHER,FALSE
1996,MINNESOTA,MN,27,41,33,"WHITE, JEROME ""JERRY""",SOCIALIST EQUALITY PARTY,FALSE,347,2192492,20210113,OTHER,FALSE
1996,MINNESOTA,MN,27,41,33,UNKNOWN/SCATTERING,UNKNOWN,TRUE,2903,2192492,20210113,OTHER,FALSE
1996,MISSISSIPPI,MS,28,64,46,"BROWNE, HARRY",LIBERTARIAN,FALSE,2809,893857,20210113,LIBERTARIAN,FALSE
1996,MISSISSIPPI,MS,28,64,46,"CLINTON, BILL",DEMOCRAT,FALSE,394022,893857,20210113,DEMOCRAT,FALSE
1996,MISSISSIPPI,MS,28,64,46,"DOLE, ROBERT",REPUBLICAN,FALSE,439838,893857,20210113,REPUBLICAN,FALSE
1996,MISSISSIPPI,MS,28,64,46,"HAGELIN, JOHN",NATURAL LAW,FALSE,1447,893857,20210113,OTHER,FALSE
1996,MISSISSIPPI,MS,28,64,46,"PHILLIPS, HOWARD",U.S. TAXPAYERS PARTY,FALSE,2314,893857,20210113,OTHER,FALSE
1996,MISSISSIPPI,MS,28,64,46,UNKNOWN/SCATTERING,INDEPENDENT,FALSE,53427,893857,20210113,OTHER,FALSE
1996,MISSOURI,MO,29,43,34,"BROWNE, HARRY",LIBERTARIAN,FALSE,10522,2158065,20210113,LIBERTARIAN,FALSE
1996,MISSOURI,MO,29,43,34,"CLINTON, BILL",DEMOCRAT,FALSE,1025935,2158065,20210113,DEMOCRAT,FALSE
1996,MISSOURI,MO,29,43,34,"DOLE, ROBERT",REPUBLICAN,FALSE,890016,2158065,20210113,REPUBLICAN,FALSE
1996,MISSOURI,MO,29,43,34,"HAGELIN, JOHN",NATURAL LAW,FALSE,2287,2158065,20210113,OTHER,FALSE
1996,MISSOURI,MO,29,43,34,"PEROT, ROSS",REFORM PARTY,FALSE,217188,2158065,20210113,OTHER,FALSE
1996,MISSOURI,MO,29,43,34,"PHILLIPS, HOWARD",U.S. TAXPAYERS PARTY,FALSE,11521,2158065,20210113,OTHER,FALSE
1996,MISSOURI,MO,29,43,34,UNKNOWN/SCATTERING,INDEPENDENT,FALSE,596,2158065,20210113,OTHER,FALSE
1996,MONTANA,MT,30,81,64,"BROWNE, HARRY",LIBERTARIAN,FALSE,2526,407083,20210113,LIBERTARIAN,FALSE
1996,MONTANA,MT,30,81,64,"CLINTON, BILL",DEMOCRAT,FALSE,167922,407083,20210113,DEMOCRAT,FALSE
1996,MONTANA,MT,30,81,64,"DOLE, ROBERT",REPUBLICAN,FALSE,179652,407083,20210113,REPUBLICAN,FALSE
1996,MONTANA,MT,30,81,64,"HAGELIN, JOHN",NATURAL LAW,FALSE,1754,407083,20210113,OTHER,FALSE
1996,MONTANA,MT,30,81,64,"PEROT, ROSS",REFORM PARTY,FALSE,55229,407083,20210113,OTHER,FALSE
1996,NEBRASKA,NE,31,46,35,"BROWNE, HARRY",LIBERTARIAN,FALSE,2792,677415,20210113,LIBERTARIAN,FALSE
1996,NEBRASKA,NE,31,46,35,"CLINTON, BILL",DEMOCRAT,FALSE,236761,677415,20210113,DEMOCRAT,FALSE
1996,NEBRASKA,NE,31,46,35,"DOLE, ROBERT",REPUBLICAN,FALSE,363467,677415,20210113,REPUBLICAN,FALSE
1996,NEBRASKA,NE,31,46,35,"HAGELIN, JOHN",NATURAL LAW,FALSE,1189,677415,20210113,OTHER,FALSE
1996,NEBRASKA,NE,31,46,35,"PEROT, ROSS",REFORM PARTY,FALSE,71278,677415,20210113,OTHER,FALSE
1996,NEBRASKA,NE,31,46,35,"PHILLIPS, HOWARD",U.S. TAXPAYERS PARTY,FALSE,1928,677415,20210113,OTHER,FALSE
1996,NEVADA,NV,32,88,65,"BROWNE, HARRY",LIBERTARIAN,FALSE,4460,464279,20210113,LIBERTARIAN,FALSE
1996,NEVADA,NV,32,88,65,"CLINTON, BILL",DEMOCRAT,FALSE,203974,464279,20210113,DEMOCRAT,FALSE
1996,NEVADA,NV,32,88,65,"DOLE, ROBERT",REPUBLICAN,FALSE,199244,464279,20210113,REPUBLICAN,FALSE
1996,NEVADA,NV,32,88,65,"HAGELIN, JOHN",NATURAL LAW,FALSE,545,464279,20210113,OTHER,FALSE
1996,NEVADA,NV,32,88,65,"NADER, RALPH",GREEN,FALSE,4730,464279,20210113,OTHER,FALSE
1996,NEVADA,NV,32,88,65,NONE OF THE ABOVE,UNKNOWN,FALSE,5608,464279,20210113,OTHER,FALSE
1996,NEVADA,NV,32,88,65,"PEROT, ROSS",REFORM PARTY,FALSE,43986,464279,20210113,OTHER,FALSE
1996,NEVADA,NV,32,88,65,"PHILLIPS, HOWARD",INDEPENDENT AMERICAN,FALSE,1732,464279,20210113,OTHER,FALSE
1996,NEW HAMPSHIRE,NH,33,12,4,"BROWNE, HARRY",LIBERTARIAN,FALSE,4214,496597,20210113,LIBERTARIAN,FALSE
1996,NEW HAMPSHIRE,NH,33,12,4,"CLINTON, BILL",DEMOCRAT,FALSE,246166,496597,20210113,DEMOCRAT,FALSE
1996,NEW HAMPSHIRE,NH,33,12,4,"DOLE, ROBERT",REPUBLICAN,FALSE,196486,496597,20210113,REPUBLICAN,FALSE
1996,NEW HAMPSHIRE,NH,33,12,4,"PEROT, ROSS",REFORM PARTY,FALSE,48387,496597,20210113,OTHER,FALSE
1996,NEW HAMPSHIRE,NH,33,12,4,"PHILLIPS, HOWARD",U.S. TAXPAYERS PARTY,FALSE,1344,496597,20210113,OTHER,FALSE
1996,NEW JERSEY,NJ,34,22,12,"CLINTON, BILL",DEMOCRAT,FALSE,1652361,3075860,20210113,DEMOCRAT,FALSE
1996,NEW JERSEY,NJ,34,22,12,"DOLE, ROBERT",REPUBLICAN,FALSE,1103099,3075860,20210113,REPUBLICAN,FALSE
1996,NEW JERSEY,NJ,34,22,12,UNKNOWN/SCATTERING,INDEPENDENT,FALSE,320400,3075860,20210113,OTHER,FALSE
1996,NEW MEXICO,NM,35,85,66,"BROWNE, HARRY",LIBERTARIAN,FALSE,2996,556074,20210113,LIBERTARIAN,FALSE
1996,NEW MEXICO,NM,35,85,66,"CLINTON, BILL",DEMOCRAT,FALSE,273495,556074,20210113,DEMOCRAT,FALSE
1996,NEW MEXICO,NM,35,85,66,"DOLE, ROBERT",REPUBLICAN,FALSE,232751,556074,20210113,REPUBLICAN,FALSE
1996,NEW MEXICO,NM,35,85,66,"HAGELIN, JOHN",NATURAL LAW,FALSE,644,556074,20210113,OTHER,FALSE
1996,NEW MEXICO,NM,35,85,66,"NADER, RALPH",GREEN,FALSE,13218,556074,20210113,OTHER,FALSE
1996,NEW MEXICO,NM,35,85,66,"PEROT, ROSS",REFORM PARTY,FALSE,32257,556074,20210113,OTHER,FALSE
1996,NEW MEXICO,NM,35,85,66,"PHILLIPS, HOWARD",U.S. TAXPAYERS PARTY,FALSE,713,556074,20210113,OTHER,FALSE
1996,NEW YORK,NY,36,21,13,BLANK VOTE/SCATTERING,UNKNOWN,FALSE,123000,6439129,20210113,OTHER,FALSE
1996,NEW YORK,NY,36,21,13,"BROWNE, HARRY",LIBERTARIAN,FALSE,12220,6439129,20210113,LIBERTARIAN,FALSE
1996,NEW YORK,NY,36,21,13,"CLINTON, BILL",DEMOCRAT,FALSE,3649630,6439129,20210113,DEMOCRAT,FALSE
1996,NEW YORK,NY,36,21,13,"CLINTON, BILL",LIBERAL PARTY,FALSE,106547,6439129,20210113,OTHER,FALSE
1996,NEW YORK,NY,36,21,13,"DOLE, ROBERT",REPUBLICAN,FALSE,1738707,6439129,20210113,REPUBLICAN,FALSE
1996,NEW YORK,NY,36,21,13,"DOLE, ROBERT",CONSERVATIVE,FALSE,183392,6439129,20210113,OTHER,FALSE
1996,NEW YORK,NY,36,21,13,"DOLE, ROBERT",FREEDOM,FALSE,11393,6439129,20210113,OTHER,FALSE
1996,NEW YORK,NY,36,21,13,"HAGELIN, JOHN",NATURAL LAW,FALSE,5011,6439129,20210113,OTHER,FALSE
1996,NEW YORK,NY,36,21,13,"HARRIS, JAMES",SOCIALIST WORKERS,FALSE,2762,6439129,20210113,OTHER,FALSE
1996,NEW YORK,NY,36,21,13,"MOOREHEAD, MONICA",WORKERS WORLD,FALSE,3473,6439129,20210113,OTHER,FALSE
1996,NEW YORK,NY,36,21,13,"NADER, RALPH",GREEN,FALSE,75956,6439129,20210113,OTHER,FALSE
1996,NEW YORK,NY,36,21,13,"PEROT, ROSS",INDEPENDENCE,FALSE,503458,6439129,20210113,OTHER,FALSE
1996,NEW YORK,NY,36,21,13,"PHILLIPS, HOWARD",RIGHT-TO-LIFE,FALSE,23580,6439129,20210113,OTHER,FALSE
1996,NORTH CAROLINA,NC,37,56,47,"BROWNE, HARRY",LIBERTARIAN,FALSE,8740,2515807,20210113,LIBERTARIAN,FALSE
1996,NORTH CAROLINA,NC,37,56,47,"CLINTON, BILL",DEMOCRAT,FALSE,1107849,2515807,20210113,DEMOCRAT,FALSE
1996,NORTH CAROLINA,NC,37,56,47,"DOLE, ROBERT",REPUBLICAN,FALSE,1225938,2515807,20210113,REPUBLICAN,FALSE
1996,NORTH CAROLINA,NC,37,56,47,"HAGELIN, JOHN",NATURAL LAW,FALSE,2771,2515807,20210113,OTHER,FALSE
1996,NORTH CAROLINA,NC,37,56,47,"PEROT, ROSS",REFORM PARTY,FALSE,168059,2515807,20210113,OTHER,FALSE
1996,NORTH CAROLINA,NC,37,56,47,UNKNOWN/SCATTERING,UNKNOWN,TRUE,2450,2515807,20210113,OTHER,FALSE
1996,NORTH DAKOTA,ND,38,44,36,"BROWNE, HARRY",LIBERTARIAN,FALSE,847,266411,20210113,LIBERTARIAN,FALSE
1996,NORTH DAKOTA,ND,38,44,36,"CLINTON, BILL",DEMOCRAT,FALSE,106905,266411,20210113,DEMOCRAT,FALSE
1996,NORTH DAKOTA,ND,38,44,36,"DOLE, ROBERT",REPUBLICAN,FALSE,125050,266411,20210113,REPUBLICAN,FALSE
1996,NORTH DAKOTA,ND,38,44,36,"HAGELIN, JOHN",NATURAL LAW,FALSE,349,266411,20210113,OTHER,FALSE
1996,NORTH DAKOTA,ND,38,44,36,"PEROT, ROSS",REFORM PARTY,FALSE,32515,266411,20210113,OTHER,FALSE
1996,NORTH DAKOTA,ND,38,44,36,"PHILLIPS, HOWARD",INDEPENDENT NOMINATION,FALSE,745,266411,20210113,OTHER,FALSE
1996,OHIO,OH,39,31,24,"BROWNE, HARRY",LIBERTARIAN,FALSE,12851,4534434,20210113,LIBERTARIAN,FALSE
1996,OHIO,OH,39,31,24,"CLINTON, BILL",DEMOCRAT,FALSE,2148222,4534434,20210113,DEMOCRAT,FALSE
1996,OHIO,OH,39,31,24,"DOLE, ROBERT",REPUBLICAN,FALSE,1859883,4534434,20210113,REPUBLICAN,FALSE
1996,OHIO,OH,39,31,24,"HAGELIN, JOHN",NATURAL LAW,FALSE,9120,4534434,20210113,OTHER,FALSE
1996,OHIO,OH,39,31,24,"MOOREHEAD, MONICA",WORKERS WORLD,FALSE,10813,4534434,20210113,OTHER,FALSE
1996,OHIO,OH,39,31,24,"NADER, RALPH",GREEN,FALSE,2962,4534434,20210113,OTHER,FALSE
1996,OHIO,OH,39,31,24,OTHER,UNKNOWN,FALSE,15,4534434,20210113,OTHER,FALSE
1996,OHIO,OH,39,31,24,"PEROT, ROSS",REFORM PARTY,FALSE,483207,4534434,20210113,OTHER,FALSE
1996,OHIO,OH,39,31,24,"PHILLIPS, HOWARD",U.S. TAXPAYERS PARTY,FALSE,7361,4534434,20210113,OTHER,FALSE
1996,OKLAHOMA,OK,40,73,53,"BROWNE, HARRY",LIBERTARIAN,FALSE,5505,1206713,20210113,LIBERTARIAN,FALSE
1996,OKLAHOMA,OK,40,73,53,"CLINTON, BILL",DEMOCRAT,FALSE,488105,1206713,20210113,DEMOCRAT,FALSE
1996,OKLAHOMA,OK,40,73,53,"DOLE, ROBERT",REPUBLICAN,FALSE,582315,1206713,20210113,REPUBLICAN,FALSE
1996,OKLAHOMA,OK,40,73,53,"PEROT, ROSS",REFORM PARTY,FALSE,130788,1206713,20210113,OTHER,FALSE
1996,OREGON,OR,41,92,72,"BROWNE, HARRY",LIBERTARIAN,FALSE,8903,1377760,20210113,LIBERTARIAN,FALSE
1996,OREGON,OR,41,92,72,"CLINTON, BILL",DEMOCRAT,FALSE,649641,1377760,20210113,DEMOCRAT,FALSE
1996,OREGON,OR,41,92,72,"DOLE, ROBERT",REPUBLICAN,FALSE,538152,1377760,20210113,REPUBLICAN,FALSE
1996,OREGON,OR,41,92,72,"HAGELIN, JOHN",NATURAL LAW,FALSE,2798,1377760,20210113,OTHER,FALSE
1996,OREGON,OR,41,92,72,"HOLLIS, MARY CAL",SOCIALIST,FALSE,1922,1377760,20210113,OTHER,FALSE
1996,OREGON,OR,41,92,72,"NADER, RALPH",GREEN,FALSE,49415,1377760,20210113,OTHER,FALSE
1996,OREGON,OR,41,92,72,OTHER,UNKNOWN,FALSE,2329,1377760,20210113,OTHER,FALSE
1996,OREGON,OR,41,92,72,"PEROT, ROSS",REFORM PARTY,FALSE,121221,1377760,20210113,OTHER,FALSE
1996,OREGON,OR,41,92,72,"PHILLIPS, HOWARD",U.S. TAXPAYERS PARTY,FALSE,3379,1377760,20210113,OTHER,FALSE
1996,PENNSYLVANIA,PA,42,23,14,"BROWNE, HARRY",LIBERTARIAN,FALSE,28000,4501307,20210113,LIBERTARIAN,FALSE
1996,PENNSYLVANIA,PA,42,23,14,"CLINTON, BILL",DEMOCRAT,FALSE,2215819,4501307,20210113,DEMOCRAT,FALSE
1996,PENNSYLVANIA,PA,42,23,14,"DOLE, ROBERT",REPUBLICAN,FALSE,1801169,4501307,20210113,REPUBLICAN,FALSE
1996,PENNSYLVANIA,PA,42,23,14,"HAGELIN, JOHN",NATURAL LAW,FALSE,5783,4501307,20210113,OTHER,FALSE
1996,PENNSYLVANIA,PA,42,23,14,"PEROT, ROSS",REFORM PARTY,FALSE,430984,4501307,20210113,OTHER,FALSE
1996,PENNSYLVANIA,PA,42,23,14,"PHILLIPS, HOWARD",CONSTITUTION PARTY,FALSE,19552,4501307,20210113,OTHER,FALSE
1996,RHODE ISLAND,RI,44,15,5,"BROWNE, HARRY",LIBERTARIAN,FALSE,1109,390247,20210113,LIBERTARIAN,FALSE
1996,RHODE ISLAND,RI,44,15,5,"CLINTON, BILL",DEMOCRAT,FALSE,233050,390247,20210113,DEMOCRAT,FALSE
1996,RHODE ISLAND,RI,44,15,5,"DOLE, ROBERT",REPUBLICAN,FALSE,104683,390247,20210113,REPUBLICAN,FALSE
1996,RHODE ISLAND,RI,44,15,5,"HAGELIN, JOHN",NATURAL LAW,FALSE,435,390247,20210113,OTHER,FALSE
1996,RHODE ISLAND,RI,44,15,5,"MOOREHEAD, MONICA",WORKERS WORLD,FALSE,186,390247,20210113,OTHER,FALSE
1996,RHODE ISLAND,RI,44,15,5,"NADER, RALPH",GREEN,FALSE,6040,390247,20210113,OTHER,FALSE
1996,RHODE ISLAND,RI,44,15,5,"PEROT, ROSS",REFORM PARTY,FALSE,43723,390247,20210113,OTHER,FALSE
1996,RHODE ISLAND,RI,44,15,5,"PHILLIPS, HOWARD",U.S. TAXPAYERS PARTY,FALSE,1021,390247,20210113,OTHER,FALSE
1996,SOUTH CAROLINA,SC,45,57,48,"BROWNE, HARRY",LIBERTARIAN,FALSE,4271,1150182,20210113,LIBERTARIAN,FALSE
1996,SOUTH CAROLINA,SC,45,57,48,"CLINTON, BILL",DEMOCRAT,FALSE,506152,1150182,20210113,DEMOCRAT,FALSE
1996,SOUTH CAROLINA,SC,45,57,48,"DOLE, ROBERT",REPUBLICAN,FALSE,573339,1150182,20210113,REPUBLICAN,FALSE
1996,SOUTH CAROLINA,SC,45,57,48,"PEROT, ROSS",PATRIOT PARTY,FALSE,36913,1150182,20210113,OTHER,FALSE
1996,SOUTH CAROLINA,SC,45,57,48,"PEROT, ROSS",REFORM PARTY,FALSE,27464,1150182,20210113,OTHER,FALSE
1996,SOUTH CAROLINA,SC,45,57,48,"PHILLIPS, HOWARD",U.S. TAXPAYERS PARTY,FALSE,2043,1150182,20210113,OTHER,FALSE
1996,SOUTH DAKOTA,SD,46,45,37,"BROWNE, HARRY",LIBERTARIAN,FALSE,1472,323826,20210113,LIBERTARIAN,FALSE
1996,SOUTH DAKOTA,SD,46,45,37,"CLINTON, BILL",DEMOCRAT,FALSE,139333,323826,20210113,DEMOCRAT,FALSE
1996,SOUTH DAKOTA,SD,46,45,37,"DOLE, ROBERT",REPUBLICAN,FALSE,150543,323826,20210113,REPUBLICAN,FALSE
1996,SOUTH DAKOTA,SD,46,45,37,UNKNOWN/SCATTERING,INDEPENDENT,FALSE,32478,323826,20210113,OTHER,FALSE
1996,TENNESSEE,TN,47,62,54,"CLINTON, BILL",DEMOCRAT,FALSE,909146,1894105,20210113,DEMOCRAT,FALSE
1996,TENNESSEE,TN,47,62,54,"DOLE, ROBERT",REPUBLICAN,FALSE,863530,1894105,20210113,REPUBLICAN,FALSE
1996,TENNESSEE,TN,47,62,54,UNKNOWN/SCATTERING,INDEPENDENT,FALSE,121239,1894105,20210113,OTHER,FALSE
1996,TENNESSEE,TN,47,62,54,UNKNOWN/SCATTERING,UNKNOWN,TRUE,190,1894105,20210113,OTHER,FALSE
1996,TEXAS,TX,48,74,49,"BROWNE, HARRY",LIBERTARIAN,FALSE,20256,5611644,20210113,LIBERTARIAN,FALSE
1996,TEXAS,TX,48,74,49,"CLINTON, BILL",DEMOCRAT,FALSE,2459683,5611644,20210113,DEMOCRAT,FALSE
1996,TEXAS,TX,48,74,49,"DOLE, ROBERT",REPUBLICAN,FALSE,2736167,5611644,20210113,REPUBLICAN,FALSE
1996,TEXAS,TX,48,74,49,"HAGELIN, JOHN",NATURAL LAW,FALSE,4422,5611644,20210113,OTHER,FALSE
1996,TEXAS,TX,48,74,49,"PEROT, ROSS",INDEPENDENT,FALSE,378537,5611644,20210113,OTHER,FALSE
1996,TEXAS,TX,48,74,49,"PHILLIPS, HOWARD",U.S. TAXPAYERS PARTY,FALSE,7472,5611644,20210113,OTHER,FALSE
1996,TEXAS,TX,48,74,49,UNKNOWN/SCATTERING,UNKNOWN,TRUE,5107,5611644,20210113,OTHER,FALSE
1996,UTAH,UT,49,87,67,"BROWNE, HARRY",LIBERTARIAN,FALSE,4129,665629,20210113,LIBERTARIAN,FALSE
1996,UTAH,UT,49,87,67,"CLINTON, BILL",DEMOCRAT,FALSE,221633,665629,20210113,DEMOCRAT,FALSE
1996,UTAH,UT,49,87,67,"CRANE, PETER",INDEPENDENT,FALSE,1101,665629,20210113,OTHER,FALSE
1996,UTAH,UT,49,87,67,"DODGE, EARL",PROHIBITION,FALSE,111,665629,20210113,OTHER,FALSE
1996,UTAH,UT,49,87,67,"DOLE, ROBERT",REPUBLICAN,FALSE,361911,665629,20210113,REPUBLICAN,FALSE
1996,UTAH,UT,49,87,67,"HAGELIN, JOHN",NATURAL LAW,FALSE,1085,665629,20210113,OTHER,FALSE
1996,UTAH,UT,49,87,67,"HARRIS, JAMES",SOCIALIST WORKERS,FALSE,235,665629,20210113,OTHER,FALSE
1996,UTAH,UT,49,87,67,"MOOREHEAD, MONICA",WORKERS WORLD,FALSE,298,665629,20210113,OTHER,FALSE
1996,UTAH,UT,49,87,67,"NADER, RALPH",GREEN,FALSE,4615,665629,20210113,OTHER,FALSE
1996,UTAH,UT,49,87,67,"PEROT, ROSS",REFORM PARTY,FALSE,66461,665629,20210113,OTHER,FALSE
1996,UTAH,UT,49,87,67,"PHILLIPS, HOWARD",U.S. TAXPAYERS PARTY,FALSE,2601,665629,20210113,OTHER,FALSE
1996,UTAH,UT,49,87,67,"TEMPLIN, DIANE",INDEPENDENT AMERICAN,FALSE,1290,665629,20210113,OTHER,FALSE
1996,UTAH,UT,49,87,67,UNKNOWN/SCATTERING,UNKNOWN,TRUE,159,665629,20210113,OTHER,FALSE
1996,VERMONT,VT,50,13,6,"BROWNE, HARRY",LIBERTARIAN,FALSE,1183,258449,20210113,LIBERTARIAN,FALSE
1996,VERMONT,VT,50,13,6,"CLINTON, BILL",DEMOCRAT,FALSE,137894,258449,20210113,DEMOCRAT,FALSE
1996,VERMONT,VT,50,13,6,"DOLE, ROBERT",REPUBLICAN,FALSE,80352,258449,20210113,REPUBLICAN,FALSE
1996,VERMONT,VT,50,13,6,"HAGELIN, JOHN",NATURAL LAW,FALSE,498,258449,20210113,OTHER,FALSE
1996,VERMONT,VT,50,13,6,"HARRIS, JAMES",SOCIALIST WORKERS,FALSE,199,258449,20210113,OTHER,FALSE
1996,VERMONT,VT,50,13,6,"HOLLIS, MARY CAL",LIBERTY UNION PARTY,FALSE,292,258449,20210113,OTHER,FALSE
1996,VERMONT,VT,50,13,6,"NADER, RALPH",GREEN,FALSE,5585,258449,20210113,OTHER,FALSE
1996,VERMONT,VT,50,13,6,"PERON, DENNIS",GRASSROOTS,FALSE,480,258449,20210113,OTHER,FALSE
1996,VERMONT,VT,50,13,6,"PEROT, ROSS",REFORM PARTY,FALSE,31024,258449,20210113,OTHER,FALSE
1996,VERMONT,VT,50,13,6,"PHILLIPS, HOWARD",U.S. TAXPAYERS PARTY,FALSE,382,258449,20210113,OTHER,FALSE
1996,VERMONT,VT,50,13,6,UNKNOWN/SCATTERING,UNKNOWN,TRUE,560,258449,20210113,OTHER,FALSE
1996,VIRGINIA,VA,51,54,40,"BROWNE, HARRY",LIBERTARIAN,FALSE,9174,2416642,20210113,LIBERTARIAN,FALSE
1996,VIRGINIA,VA,51,54,40,"CLINTON, BILL",DEMOCRAT,FALSE,1091060,2416642,20210113,DEMOCRAT,FALSE
1996,VIRGINIA,VA,51,54,40,"DOLE, ROBERT",REPUBLICAN,FALSE,1138350,2416642,20210113,REPUBLICAN,FALSE
1996,VIRGINIA,VA,51,54,40,"HAGELIN, JOHN",NATURAL LAW,FALSE,4510,2416642,20210113,OTHER,FALSE
1996,VIRGINIA,VA,51,54,40,"PEROT, ROSS",REFORM PARTY,FALSE,159861,2416642,20210113,OTHER,FALSE
1996,VIRGINIA,VA,51,54,40,"PHILLIPS, HOWARD",U.S. TAXPAYERS PARTY,FALSE,13687,2416642,20210113,OTHER,FALSE
1996,WASHINGTON,WA,53,91,73,"BROWNE, HARRY",LIBERTARIAN,FALSE,12522,2253837,20210113,LIBERTARIAN,FALSE
1996,WASHINGTON,WA,53,91,73,"CLINTON, BILL",DEMOCRAT,FALSE,1123323,2253837,20210113,DEMOCRAT,FALSE
1996,WASHINGTON,WA,53,91,73,"DOLE, ROBERT",REPUBLICAN,FALSE,840712,2253837,20210113,REPUBLICAN,FALSE
1996,WASHINGTON,WA,53,91,73,"HAGELIN, JOHN",NATURAL LAW,FALSE,6076,2253837,20210113,OTHER,FALSE
1996,WASHINGTON,WA,53,91,73,"HARRIS, JAMES",SOCIALIST WORKERS,FALSE,738,2253837,20210113,OTHER,FALSE
1996,WASHINGTON,WA,53,91,73,"MOOREHEAD, MONICA",WORKERS WORLD,FALSE,2189,2253837,20210113,OTHER,FALSE
1996,WASHINGTON,WA,53,91,73,"PEROT, ROSS",REFORM PARTY,FALSE,201003,2253837,20210113,OTHER,FALSE
1996,WASHINGTON,WA,53,91,73,"PHILLIPS, HOWARD",U.S. TAXPAYERS PARTY,FALSE,4578,2253837,20210113,OTHER,FALSE
1996,WASHINGTON,WA,53,91,73,UNKNOWN/SCATTERING,INDEPENDENT,FALSE,62696,2253837,20210113,OTHER,FALSE
1996,WEST VIRGINIA,WV,54,55,56,"BROWNE, HARRY",LIBERTARIAN,FALSE,3062,636459,20210113,LIBERTARIAN,FALSE
1996,WEST VIRGINIA,WV,54,55,56,"CLINTON, BILL",DEMOCRAT,FALSE,327812,636459,20210113,DEMOCRAT,FALSE
1996,WEST VIRGINIA,WV,54,55,56,"DOLE, ROBERT",REPUBLICAN,FALSE,233946,636459,20210113,REPUBLICAN,FALSE
1996,WEST VIRGINIA,WV,54,55,56,"PEROT, ROSS",REFORM PARTY,FALSE,71639,636459,20210113,OTHER,FALSE
1996,WISCONSIN,WI,55,35,25,"BROWNE, HARRY",LIBERTARIAN,FALSE,7929,2196169,20210113,LIBERTARIAN,FALSE
1996,WISCONSIN,WI,55,35,25,"CLINTON, BILL",DEMOCRAT,FALSE,1071971,2196169,20210113,DEMOCRAT,FALSE
1996,WISCONSIN,WI,55,35,25,"DOLE, ROBERT",REPUBLICAN,FALSE,845029,2196169,20210113,REPUBLICAN,FALSE
1996,WISCONSIN,WI,55,35,25,"PEROT, ROSS",REFORM PARTY,FALSE,227339,2196169,20210113,OTHER,FALSE
1996,WISCONSIN,WI,55,35,25,"PHILLIPS, HOWARD",U.S. TAXPAYERS PARTY,FALSE,8811,2196169,20210113,OTHER,FALSE
1996,WISCONSIN,WI,55,35,25,SCATTERING,UNKNOWN,FALSE,2324,2196169,20210113,OTHER,FALSE
1996,WISCONSIN,WI,55,35,25,UNKNOWN/SCATTERING,INDEPENDENT,FALSE,32766,2196169,20210113,OTHER,FALSE
1996,WYOMING,WY,56,83,68,"BROWNE, HARRY",LIBERTARIAN,FALSE,1739,211571,20210113,LIBERTARIAN,FALSE
1996,WYOMING,WY,56,83,68,"CLINTON, BILL",DEMOCRAT,FALSE,77934,211571,20210113,DEMOCRAT,FALSE
1996,WYOMING,WY,56,83,68,"DOLE, ROBERT",REPUBLICAN,FALSE,105388,211571,20210113,REPUBLICAN,FALSE
1996,WYOMING,WY,56,83,68,"HAGELIN, JOHN",NATURAL LAW,FALSE,582,211571,20210113,OTHER,FALSE
1996,WYOMING,WY,56,83,68,"PEROT, ROSS",INDEPENDENT,FALSE,25928,211571,20210113,OTHER,FALSE
2000,ALABAMA,AL,1,63,41,"BROWNE, HARRY",LIBERTARIAN,FALSE,5893,1666272,20210113,LIBERTARIAN,FALSE
2000,ALABAMA,AL,1,63,41,"BUSH, GEORGE W.",REPUBLICAN,FALSE,941173,1666272,20210113,REPUBLICAN,FALSE
2000,ALABAMA,AL,1,63,41,"GORE, AL",DEMOCRAT,FALSE,692611,1666272,20210113,DEMOCRAT,FALSE
2000,ALABAMA,AL,1,63,41,UNKNOWN/SCATTERING,INDEPENDENT,FALSE,25896,1666272,20210113,OTHER,FALSE
2000,ALABAMA,AL,1,63,41,UNKNOWN/SCATTERING,UNKNOWN,TRUE,699,1666272,20210113,OTHER,FALSE
2000,ALASKA,AK,2,94,81,"BROWNE, HARRY",LIBERTARIAN,FALSE,2636,285560,20210113,LIBERTARIAN,FALSE
2000,ALASKA,AK,2,94,81,"BUCHANAN, PATRICK ""PAT""",REFORM PARTY,FALSE,5192,285560,20210113,OTHER,FALSE
2000,ALASKA,AK,2,94,81,"BUSH, GEORGE W.",REPUBLICAN,FALSE,167398,285560,20210113,REPUBLICAN,FALSE
2000,ALASKA,AK,2,94,81,"GORE, AL",DEMOCRAT,FALSE,79004,285560,20210113,DEMOCRAT,FALSE
2000,ALASKA,AK,2,94,81,"HAGELIN, JOHN",NATURAL LAW,FALSE,919,285560,20210113,OTHER,FALSE
2000,ALASKA,AK,2,94,81,"NADER, RALPH",GREEN,FALSE,28747,285560,20210113,OTHER,FALSE
2000,ALASKA,AK,2,94,81,"PHILLIPS, HOWARD",CONSTITUTION PARTY,FALSE,596,285560,20210113,OTHER,FALSE
2000,ALASKA,AK,2,94,81,UNKNOWN/SCATTERING,UNKNOWN,TRUE,1068,285560,20210113,OTHER,FALSE
2000,ARIZONA,AZ,4,86,61,"BUCHANAN, PATRICK ""PAT""",REFORM PARTY,FALSE,12373,1532016,20210113,OTHER,FALSE
2000,ARIZONA,AZ,4,86,61,"BUSH, GEORGE W.",REPUBLICAN,FALSE,781652,1532016,20210113,REPUBLICAN,FALSE
2000,ARIZONA,AZ,4,86,61,"GORE, AL",DEMOCRAT,FALSE,685341,1532016,20210113,DEMOCRAT,FALSE
2000,ARIZONA,AZ,4,86,61,"HAGELIN, JOHN",NATURAL LAW,FALSE,1120,1532016,20210113,OTHER,FALSE
2000,ARIZONA,AZ,4,86,61,"L. NEIL, SMITH",LIBERTARIAN,FALSE,5775,1532016,20210113,LIBERTARIAN,FALSE
2000,ARIZONA,AZ,4,86,61,"NADER, RALPH",GREEN,FALSE,45645,1532016,20210113,OTHER,FALSE
2000,ARIZONA,AZ,4,86,61,UNKNOWN/SCATTERING,UNKNOWN,TRUE,110,1532016,20210113,OTHER,FALSE
2000,ARKANSAS,AR,5,71,42,"BROWNE, HARRY",LIBERTARIAN,FALSE,2781,921781,20210113,LIBERTARIAN,FALSE
2000,ARKANSAS,AR,5,71,42,"BUCHANAN, PATRICK ""PAT""",REFORM PARTY,FALSE,7358,921781,20210113,OTHER,FALSE
2000,ARKANSAS,AR,5,71,42,"BUSH, GEORGE W.",REPUBLICAN,FALSE,472940,921781,20210113,REPUBLICAN,FALSE
2000,ARKANSAS,AR,5,71,42,"GORE, AL",DEMOCRAT,FALSE,422768,921781,20210113,DEMOCRAT,FALSE
2000,ARKANSAS,AR,5,71,42,"HAGELIN, JOHN",NATURAL LAW,FALSE,1098,921781,20210113,OTHER,FALSE
2000,ARKANSAS,AR,5,71,42,"NADER, RALPH",GREEN,FALSE,13421,921781,20210113,OTHER,FALSE
2000,ARKANSAS,AR,5,71,42,"PHILLIPS, HOWARD",CONSTITUTION PARTY,FALSE,1415,921781,20210113,OTHER,FALSE
2000,CALIFORNIA,CA,6,93,71,"BROWNE, HARRY",LIBERTARIAN,FALSE,45520,10965822,20210113,LIBERTARIAN,FALSE
2000,CALIFORNIA,CA,6,93,71,"BUCHANAN, PATRICK ""PAT""",REFORM PARTY,FALSE,44987,10965822,20210113,OTHER,FALSE
2000,CALIFORNIA,CA,6,93,71,"BUSH, GEORGE W.",REPUBLICAN,FALSE,4567429,10965822,20210113,REPUBLICAN,FALSE
2000,CALIFORNIA,CA,6,93,71,"GORE, AL",DEMOCRAT,FALSE,5861203,10965822,20210113,DEMOCRAT,FALSE
2000,CALIFORNIA,CA,6,93,71,"HAGELIN, JOHN",NATURAL LAW,FALSE,10934,10965822,20210113,OTHER,FALSE
2000,CALIFORNIA,CA,6,93,71,"NADER, RALPH",GREEN,FALSE,418707,10965822,20210113,OTHER,FALSE
2000,CALIFORNIA,CA,6,93,71,"PHILLIPS, HOWARD",AMERICAN INDEPENDENT PARTY,FALSE,17042,10965822,20210113,OTHER,FALSE
2000,COLORADO,CO,8,84,62,"BROWNE, HARRY",LIBERTARIAN,FALSE,12799,1741368,20210113,LIBERTARIAN,FALSE
2000,COLORADO,CO,8,84,62,"BUSH, GEORGE W.",REPUBLICAN,FALSE,883748,1741368,20210113,REPUBLICAN,FALSE
2000,COLORADO,CO,8,84,62,"DODGE, EARL",PROHIBITION,FALSE,208,1741368,20210113,OTHER,FALSE
2000,COLORADO,CO,8,84,62,"GORE, AL",DEMOCRAT,FALSE,738227,1741368,20210113,DEMOCRAT,FALSE
2000,COLORADO,CO,8,84,62,"HAGELIN, JOHN",FREEDOM,FALSE,10465,1741368,20210113,OTHER,FALSE
2000,COLORADO,CO,8,84,62,"HAGELIN, JOHN",NATURAL LAW,FALSE,2240,1741368,20210113,OTHER,FALSE
2000,COLORADO,CO,8,84,62,"HARRIS, JAMES",SOCIALIST WORKERS,FALSE,216,1741368,20210113,OTHER,FALSE
2000,COLORADO,CO,8,84,62,"MCREYNOLDS, DAVID",SOCIALIST,FALSE,712,1741368,20210113,OTHER,FALSE
2000,COLORADO,CO,8,84,62,"NADER, RALPH",GREEN,FALSE,91434,1741368,20210113,OTHER,FALSE
2000,COLORADO,CO,8,84,62,"PHILLIPS, HOWARD",CONSTITUTION PARTY,FALSE,1319,1741368,20210113,OTHER,FALSE
2000,CONNECTICUT,CT,9,16,1,"BROWNE, HARRY",LIBERTARIAN,FALSE,3484,1459525,20210113,LIBERTARIAN,FALSE
2000,CONNECTICUT,CT,9,16,1,"BUCHANAN, PATRICK ""PAT""",REFORM PARTY,FALSE,4731,1459525,20210113,OTHER,FALSE
2000,CONNECTICUT,CT,9,16,1,"BUSH, GEORGE W.",REPUBLICAN,FALSE,561094,1459525,20210113,REPUBLICAN,FALSE
2000,CONNECTICUT,CT,9,16,1,"GORE, AL",DEMOCRAT,FALSE,816015,1459525,20210113,DEMOCRAT,FALSE
2000,CONNECTICUT,CT,9,16,1,"NADER, RALPH",GREEN,FALSE,64452,1459525,20210113,OTHER,FALSE
2000,CONNECTICUT,CT,9,16,1,"PHILLIPS, HOWARD",CONCERNED CITIZENS,FALSE,9695,1459525,20210113,OTHER,FALSE
2000,CONNECTICUT,CT,9,16,1,UNKNOWN/SCATTERING,UNKNOWN,TRUE,54,1459525,20210113,OTHER,FALSE
2000,DELAWARE,DE,10,51,11,"BROWNE, HARRY",LIBERTARIAN,FALSE,774,327529,20210113,LIBERTARIAN,FALSE
2000,DELAWARE,DE,10,51,11,"BUCHANAN, PATRICK ""PAT""",REFORM PARTY,FALSE,777,327529,20210113,OTHER,FALSE
2000,DELAWARE,DE,10,51,11,"BUSH, GEORGE W.",REPUBLICAN,FALSE,137288,327529,20210113,REPUBLICAN,FALSE
2000,DELAWARE,DE,10,51,11,"GORE, AL",DEMOCRAT,FALSE,180068,327529,20210113,DEMOCRAT,FALSE
2000,DELAWARE,DE,10,51,11,"HAGELIN, JOHN",NATURAL LAW,FALSE,107,327529,20210113,OTHER,FALSE
2000,DELAWARE,DE,10,51,11,"NADER, RALPH",GREEN,FALSE,8307,327529,20210113,OTHER,FALSE
2000,DELAWARE,DE,10,51,11,"PHILLIPS, HOWARD",CONSTITUTION PARTY,FALSE,208,327529,20210113,OTHER,FALSE
2000,DISTRICT OF COLUMBIA,DC,11,53,55,"BROWNE, HARRY",LIBERTARIAN,FALSE,669,201894,20210113,LIBERTARIAN,FALSE
2000,DISTRICT OF COLUMBIA,DC,11,53,55,"BUSH, GEORGE W.",REPUBLICAN,FALSE,18073,201894,20210113,REPUBLICAN,FALSE
2000,DISTRICT OF COLUMBIA,DC,11,53,55,"GORE, AL",DEMOCRAT,FALSE,171923,201894,20210113,DEMOCRAT,FALSE
2000,DISTRICT OF COLUMBIA,DC,11,53,55,"HARRIS, JAMES",SOCIALIST WORKERS,FALSE,114,201894,20210113,OTHER,FALSE
2000,DISTRICT OF COLUMBIA,DC,11,53,55,"NADER, RALPH",GREEN,FALSE,10576,201894,20210113,OTHER,FALSE
2000,DISTRICT OF COLUMBIA,DC,11,53,55,UNKNOWN/SCATTERING,UNKNOWN,TRUE,539,201894,20210113,OTHER,FALSE
2000,FLORIDA,FL,12,59,43,"BROWNE, HARRY",LIBERTARIAN,FALSE,16415,5963110,20210113,LIBERTARIAN,FALSE
2000,FLORIDA,FL,12,59,43,"BUCHANAN, PATRICK ""PAT""",REFORM PARTY,FALSE,17484,5963110,20210113,OTHER,FALSE
2000,FLORIDA,FL,12,59,43,"BUSH, GEORGE W.",REPUBLICAN,FALSE,2912790,5963110,20210113,REPUBLICAN,FALSE
2000,FLORIDA,FL,12,59,43,"GORE, AL",DEMOCRAT,FALSE,2912253,5963110,20210113,DEMOCRAT,FALSE
2000,FLORIDA,FL,12,59,43,"HAGELIN, JOHN",NATURAL LAW,FALSE,2281,5963110,20210113,OTHER,FALSE
2000,FLORIDA,FL,12,59,43,"HARRIS, JAMES",SOCIALIST WORKERS,FALSE,562,5963110,20210113,OTHER,FALSE
2000,FLORIDA,FL,12,59,43,"MCREYNOLDS, DAVID",SOCIALIST,FALSE,622,5963110,20210113,OTHER,FALSE
2000,FLORIDA,FL,12,59,43,"MOOREHEAD, MONICA",WORKERS WORLD,FALSE,1804,5963110,20210113,OTHER,FALSE
2000,FLORIDA,FL,12,59,43,"NADER, RALPH",GREEN,FALSE,97488,5963110,20210113,OTHER,FALSE
2000,FLORIDA,FL,12,59,43,"PHILLIPS, HOWARD",CONSTITUTION PARTY,FALSE,1371,5963110,20210113,OTHER,FALSE
2000,FLORIDA,FL,12,59,43,UNKNOWN/SCATTERING,UNKNOWN,TRUE,40,5963110,20210113,OTHER,FALSE
2000,GEORGIA,GA,13,58,44,"BROWNE, HARRY",LIBERTARIAN,FALSE,36332,2583208,20210113,LIBERTARIAN,FALSE
2000,GEORGIA,GA,13,58,44,"BUCHANAN, PATRICK ""PAT""",INDEPENDENT,FALSE,10926,2583208,20210113,OTHER,FALSE
2000,GEORGIA,GA,13,58,44,"BUSH, GEORGE W.",REPUBLICAN,FALSE,1419720,2583208,20210113,REPUBLICAN,FALSE
2000,GEORGIA,GA,13,58,44,"GORE, AL",DEMOCRAT,FALSE,1116230,2583208,20210113,DEMOCRAT,FALSE
2000,HAWAII,HI,15,95,82,"BROWNE, HARRY",LIBERTARIAN,FALSE,1477,367951,20210113,LIBERTARIAN,FALSE
2000,HAWAII,HI,15,95,82,"BUCHANAN, PATRICK ""PAT""",REFORM PARTY,FALSE,1071,367951,20210113,OTHER,FALSE
2000,HAWAII,HI,15,95,82,"BUSH, GEORGE W.",REPUBLICAN,FALSE,137845,367951,20210113,REPUBLICAN,FALSE
2000,HAWAII,HI,15,95,82,"GORE, AL",DEMOCRAT,FALSE,205286,367951,20210113,DEMOCRAT,FALSE
2000,HAWAII,HI,15,95,82,"HAGELIN, JOHN",NATURAL LAW,FALSE,306,367951,20210113,OTHER,FALSE
2000,HAWAII,HI,15,95,82,"NADER, RALPH",GREEN,FALSE,21623,367951,20210113,OTHER,FALSE
2000,HAWAII,HI,15,95,82,"PHILLIPS, HOWARD",CONSTITUTION PARTY,FALSE,343,367951,20210113,OTHER,FALSE
2000,IDAHO,ID,16,82,63,"BROWNE, HARRY",LIBERTARIAN,FALSE,3488,501615,20210113,LIBERTARIAN,FALSE
2000,IDAHO,ID,16,82,63,"BUCHANAN, PATRICK ""PAT""",REFORM PARTY,FALSE,7615,501615,20210113,OTHER,FALSE
2000,IDAHO,ID,16,82,63,"BUSH, GEORGE W.",REPUBLICAN,FALSE,336937,501615,20210113,REPUBLICAN,FALSE
2000,IDAHO,ID,16,82,63,"GORE, AL",DEMOCRAT,FALSE,138637,501615,20210113,DEMOCRAT,FALSE
2000,IDAHO,ID,16,82,63,"HAGELIN, JOHN",NATURAL LAW,FALSE,1177,501615,20210113,OTHER,FALSE
2000,IDAHO,ID,16,82,63,"NADER, RALPH",GREEN,TRUE,12292,501615,20210113,OTHER,FALSE
2000,IDAHO,ID,16,82,63,"PHILLIPS, HOWARD",CONSTITUTION PARTY,FALSE,1469,501615,20210113,OTHER,FALSE
2000,ILLINOIS,IL,17,33,21,"BROWNE, HARRY",LIBERTARIAN,FALSE,11623,4742108,20210113,LIBERTARIAN,FALSE
2000,ILLINOIS,IL,17,33,21,"BUCHANAN, PATRICK ""PAT""",REFORM PARTY,FALSE,2127,4742108,20210113,OTHER,FALSE
2000,ILLINOIS,IL,17,33,21,"BUSH, GEORGE W.",REPUBLICAN,FALSE,2019421,4742108,20210113,REPUBLICAN,FALSE
2000,ILLINOIS,IL,17,33,21,"GORE, AL",DEMOCRAT,FALSE,2589026,4742108,20210113,DEMOCRAT,FALSE
2000,ILLINOIS,IL,17,33,21,"NADER, RALPH",GREEN,FALSE,103759,4742108,20210113,OTHER,FALSE
2000,ILLINOIS,IL,17,33,21,UNKNOWN/SCATTERING,INDEPENDENT,FALSE,16106,4742108,20210113,OTHER,FALSE
2000,ILLINOIS,IL,17,33,21,UNKNOWN/SCATTERING,UNKNOWN,TRUE,46,4742108,20210113,OTHER,FALSE
2000,INDIANA,IN,18,32,22,"BROWNE, HARRY",LIBERTARIAN,FALSE,15530,2199302,20210113,LIBERTARIAN,FALSE
2000,INDIANA,IN,18,32,22,"BUCHANAN, PATRICK ""PAT""",INDEPENDENT,FALSE,16959,2199302,20210113,OTHER,FALSE
2000,INDIANA,IN,18,32,22,"BUSH, GEORGE W.",REPUBLICAN,FALSE,1245836,2199302,20210113,REPUBLICAN,FALSE
2000,INDIANA,IN,18,32,22,"GORE, AL",DEMOCRAT,FALSE,901980,2199302,20210113,DEMOCRAT,FALSE
2000,INDIANA,IN,18,32,22,UNKNOWN/SCATTERING,UNKNOWN,TRUE,18997,2199302,20210113,OTHER,FALSE
2000,IOWA,IA,19,42,31,"BROWNE, HARRY",LIBERTARIAN,FALSE,3209,1353022,20210113,LIBERTARIAN,FALSE
2000,IOWA,IA,19,42,31,"BUCHANAN, PATRICK ""PAT""",REFORM PARTY,FALSE,5731,1353022,20210113,OTHER,FALSE
2000,IOWA,IA,19,42,31,"BUSH, GEORGE W.",REPUBLICAN,FALSE,634373,1353022,20210113,REPUBLICAN,FALSE
2000,IOWA,IA,19,42,31,"GORE, AL",DEMOCRAT,FALSE,638517,1353022,20210113,DEMOCRAT,FALSE
2000,IOWA,IA,19,42,31,"HAGELIN, JOHN",NOMINATED BY PETITION,FALSE,2281,1353022,20210113,OTHER,FALSE
2000,IOWA,IA,19,42,31,"HARRIS, JAMES",SOCIALIST WORKERS,FALSE,190,1353022,20210113,OTHER,FALSE
2000,IOWA,IA,19,42,31,"MCREYNOLDS, DAVID",SOCIALIST,FALSE,107,1353022,20210113,OTHER,FALSE
2000,IOWA,IA,19,42,31,"NADER, RALPH",GREEN,FALSE,29374,1353022,20210113,OTHER,FALSE
2000,IOWA,IA,19,42,31,"PHILLIPS, HOWARD",CONSTITUTION PARTY,FALSE,613,1353022,20210113,OTHER,FALSE
2000,IOWA,IA,19,42,31,SCATTERING,UNKNOWN,FALSE,1168,1353022,20210113,OTHER,FALSE
2000,IOWA,IA,19,42,31,UNKNOWN/SCATTERING,INDEPENDENT,FALSE,37459,1353022,20210113,OTHER,FALSE
2000,KANSAS,KS,20,47,32,"BROWNE, HARRY",LIBERTARIAN,FALSE,4525,1072216,20210113,LIBERTARIAN,FALSE
2000,KANSAS,KS,20,47,32,"BUCHANAN, PATRICK ""PAT""",REFORM PARTY,FALSE,7370,1072216,20210113,OTHER,FALSE
2000,KANSAS,KS,20,47,32,"BUSH, GEORGE W.",REPUBLICAN,FALSE,622332,1072216,20210113,REPUBLICAN,FALSE
2000,KANSAS,KS,20,47,32,"GORE, AL",DEMOCRAT,FALSE,399276,1072216,20210113,DEMOCRAT,FALSE
2000,KANSAS,KS,20,47,32,"PHILLIPS, HOWARD",CONSTITUTION PARTY,FALSE,1254,1072216,20210113,OTHER,FALSE
2000,KANSAS,KS,20,47,32,UNKNOWN/SCATTERING,INDEPENDENT,FALSE,37459,1072216,20210113,OTHER,FALSE
2000,KENTUCKY,KY,21,61,51,"BROWNE, HARRY",LIBERTARIAN,FALSE,2885,1544106,20210113,LIBERTARIAN,FALSE
2000,KENTUCKY,KY,21,61,51,"BUCHANAN, PATRICK ""PAT""",REFORM PARTY,FALSE,4152,1544106,20210113,OTHER,FALSE
2000,KENTUCKY,KY,21,61,51,"BUSH, GEORGE W.",REPUBLICAN,FALSE,872520,1544106,20210113,REPUBLICAN,FALSE
2000,KENTUCKY,KY,21,61,51,"GORE, AL",DEMOCRAT,FALSE,638923,1544106,20210113,DEMOCRAT,FALSE
2000,KENTUCKY,KY,21,61,51,"HAGELIN, JOHN",NATURAL LAW,FALSE,1513,1544106,20210113,OTHER,FALSE
2000,KENTUCKY,KY,21,61,51,"NADER, RALPH",GREEN,FALSE,23118,1544106,20210113,OTHER,FALSE
2000,KENTUCKY,KY,21,61,51,UNKNOWN/SCATTERING,CONSTITUTION PARTY,FALSE,915,1544106,20210113,OTHER,FALSE
2000,KENTUCKY,KY,21,61,51,UNKNOWN/SCATTERING,UNKNOWN,TRUE,80,1544106,20210113,OTHER,FALSE
2000,LOUISIANA,LA,22,72,45,"BROWNE, HARRY",LIBERTARIAN,FALSE,2951,1765656,20210113,LIBERTARIAN,FALSE
2000,LOUISIANA,LA,22,72,45,"BUCHANAN, PATRICK ""PAT""",REFORM PARTY,FALSE,14356,1765656,20210113,OTHER,FALSE
2000,LOUISIANA,LA,22,72,45,"BUSH, GEORGE W.",REPUBLICAN,FALSE,927871,1765656,20210113,REPUBLICAN,FALSE
2000,LOUISIANA,LA,22,72,45,"GORE, AL",DEMOCRAT,FALSE,792344,1765656,20210113,DEMOCRAT,FALSE
2000,LOUISIANA,LA,22,72,45,"HAGELIN, JOHN",NATURAL LAW,FALSE,1075,1765656,20210113,OTHER,FALSE
2000,LOUISIANA,LA,22,72,45,"HARRIS, JAMES",SOCIALIST WORKERS,FALSE,1103,1765656,20210113,OTHER,FALSE
2000,LOUISIANA,LA,22,72,45,"NADER, RALPH",GREEN,FALSE,20473,1765656,20210113,OTHER,FALSE
2000,LOUISIANA,LA,22,72,45,"PHILLIPS, HOWARD",CONSTITUTION PARTY,FALSE,5483,1765656,20210113,OTHER,FALSE
2000,MAINE,ME,23,11,2,"BROWNE, HARRY",LIBERTARIAN,FALSE,3074,651817,20210113,LIBERTARIAN,FALSE
2000,MAINE,ME,23,11,2,"BUCHANAN, PATRICK ""PAT""",REFORM PARTY,FALSE,4443,651817,20210113,OTHER,FALSE
2000,MAINE,ME,23,11,2,"BUSH, GEORGE W.",REPUBLICAN,FALSE,286616,651817,20210113,REPUBLICAN,FALSE
2000,MAINE,ME,23,11,2,"GORE, AL",DEMOCRAT,FALSE,319951,651817,20210113,DEMOCRAT,FALSE
2000,MAINE,ME,23,11,2,"NADER, RALPH",GREEN,FALSE,37127,651817,20210113,OTHER,FALSE
2000,MAINE,ME,23,11,2,OTHER,UNKNOWN,FALSE,27,651817,20210113,OTHER,FALSE
2000,MAINE,ME,23,11,2,"PHILLIPS, HOWARD",CONSTITUTION PARTY,FALSE,579,651817,20210113,OTHER,FALSE
2000,MARYLAND,MD,24,52,52,"BROWNE, HARRY",LIBERTARIAN,FALSE,5310,2025212,20210113,LIBERTARIAN,FALSE
2000,MARYLAND,MD,24,52,52,"BUCHANAN, PATRICK ""PAT""",REFORM PARTY,FALSE,4248,2025212,20210113,OTHER,FALSE
2000,MARYLAND,MD,24,52,52,"BUSH, GEORGE W.",REPUBLICAN,FALSE,813827,2025212,20210113,REPUBLICAN,FALSE
2000,MARYLAND,MD,24,52,52,"GORE, AL",DEMOCRAT,FALSE,1144008,2025212,20210113,DEMOCRAT,FALSE
2000,MARYLAND,MD,24,52,52,"NADER, RALPH",GREEN,FALSE,53768,2025212,20210113,OTHER,FALSE
2000,MARYLAND,MD,24,52,52,OTHER,UNKNOWN,FALSE,1477,2025212,20210113,OTHER,FALSE
2000,MARYLAND,MD,24,52,52,"PHILLIPS, HOWARD",CONSTITUTION PARTY,FALSE,918,2025212,20210113,OTHER,FALSE
2000,MARYLAND,MD,24,52,52,UNKNOWN/SCATTERING,UNKNOWN,TRUE,1656,2025212,20210113,OTHER,FALSE
2000,MASSACHUSETTS,MA,25,14,3,BLANK VOTE/SCATTERING,UNKNOWN,FALSE,31022,2733964,20210113,OTHER,FALSE
2000,MASSACHUSETTS,MA,25,14,3,"BROWNE, HARRY",LIBERTARIAN,FALSE,16366,2733964,20210113,LIBERTARIAN,FALSE
2000,MASSACHUSETTS,MA,25,14,3,"BUCHANAN, PATRICK ""PAT""",REFORM PARTY,FALSE,11149,2733964,20210113,OTHER,FALSE
2000,MASSACHUSETTS,MA,25,14,3,"BUSH, GEORGE W.",REPUBLICAN,FALSE,878502,2733964,20210113,REPUBLICAN,FALSE
2000,MASSACHUSETTS,MA,25,14,3,"GORE, AL",DEMOCRAT,FALSE,1616487,2733964,20210113,DEMOCRAT,FALSE
2000,MASSACHUSETTS,MA,25,14,3,"HAGELIN, JOHN",UNENROLLED,FALSE,2884,2733964,20210113,OTHER,FALSE
2000,MASSACHUSETTS,MA,25,14,3,"NADER, RALPH",GREEN,FALSE,173564,2733964,20210113,OTHER,FALSE
2000,MASSACHUSETTS,MA,25,14,3,OTHER,UNKNOWN,FALSE,3990,2733964,20210113,OTHER,FALSE
2000,MICHIGAN,MI,26,34,23,"BROWNE, HARRY",LIBERTARIAN,FALSE,16711,4232501,20210113,LIBERTARIAN,FALSE
2000,MICHIGAN,MI,26,34,23,"BUSH, GEORGE W.",REPUBLICAN,FALSE,1953139,4232501,20210113,REPUBLICAN,FALSE
2000,MICHIGAN,MI,26,34,23,"GORE, AL",DEMOCRAT,FALSE,2170418,4232501,20210113,DEMOCRAT,FALSE
2000,MICHIGAN,MI,26,34,23,"HAGELIN, JOHN",NATURAL LAW,FALSE,2426,4232501,20210113,OTHER,FALSE
2000,MICHIGAN,MI,26,34,23,"NADER, RALPH",GREEN,FALSE,84165,4232501,20210113,OTHER,FALSE
2000,MICHIGAN,MI,26,34,23,"PHILLIPS, HOWARD",U.S. TAXPAYERS PARTY,FALSE,3791,4232501,20210113,OTHER,FALSE
2000,MICHIGAN,MI,26,34,23,UNKNOWN/SCATTERING,UNKNOWN,TRUE,1851,4232501,20210113,OTHER,FALSE
2000,MINNESOTA,MN,27,41,33,"BROWNE, HARRY",LIBERTARIAN,FALSE,5282,2438685,20210113,LIBERTARIAN,FALSE
2000,MINNESOTA,MN,27,41,33,"BUCHANAN, PATRICK ""PAT""",REFORM PARTY MINNESOTA,FALSE,22166,2438685,20210113,OTHER,FALSE
2000,MINNESOTA,MN,27,41,33,"BUCHANAN, PATRICK ""PAT""",REFORM PARTY,FALSE,2294,2438685,20210113,OTHER,FALSE
2000,MINNESOTA,MN,27,41,33,"BUSH, GEORGE W.",REPUBLICAN,FALSE,1109659,2438685,20210113,REPUBLICAN,FALSE
2000,MINNESOTA,MN,27,41,33,"GORE, AL",DEMOCRATIC-FARMER-LABOR,FALSE,1168266,2438685,20210113,DEMOCRAT,FALSE
2000,MINNESOTA,MN,27,41,33,"HARRIS, JAMES",SOCIALIST WORKERS,FALSE,1022,2438685,20210113,OTHER,FALSE
2000,MINNESOTA,MN,27,41,33,"NADER, RALPH",GREEN,FALSE,126696,2438685,20210113,OTHER,FALSE
2000,MINNESOTA,MN,27,41,33,"PHILLIPS, HOWARD",CONSTITUTION PARTY,FALSE,3272,2438685,20210113,OTHER,FALSE
2000,MINNESOTA,MN,27,41,33,UNKNOWN/SCATTERING,UNKNOWN,TRUE,28,2438685,20210113,OTHER,FALSE
2000,MISSISSIPPI,MS,28,64,46,"BROWNE, HARRY",LIBERTARIAN,FALSE,2009,994184,20210113,LIBERTARIAN,FALSE
2000,MISSISSIPPI,MS,28,64,46,"BUCHANAN, PATRICK ""PAT""",REFORM PARTY,FALSE,2265,994184,20210113,OTHER,FALSE
2000,MISSISSIPPI,MS,28,64,46,"BUSH, GEORGE W.",REPUBLICAN,FALSE,572844,994184,20210113,REPUBLICAN,FALSE
2000,MISSISSIPPI,MS,28,64,46,"GORE, AL",DEMOCRAT,FALSE,404614,994184,20210113,DEMOCRAT,FALSE
2000,MISSISSIPPI,MS,28,64,46,"HAGELIN, JOHN",NATURAL LAW,FALSE,450,994184,20210113,OTHER,FALSE
2000,MISSISSIPPI,MS,28,64,46,"PHILLIPS, HOWARD",CONSTITUTION PARTY,FALSE,3267,994184,20210113,OTHER,FALSE
2000,MISSISSIPPI,MS,28,64,46,UNKNOWN/SCATTERING,INDEPENDENT,FALSE,8735,994184,20210113,OTHER,FALSE
2000,MISSOURI,MO,29,43,34,"BROWNE, HARRY",LIBERTARIAN,FALSE,7436,2359892,20210113,LIBERTARIAN,FALSE
2000,MISSOURI,MO,29,43,34,"BUCHANAN, PATRICK ""PAT""",REFORM PARTY,FALSE,9818,2359892,20210113,OTHER,FALSE
2000,MISSOURI,MO,29,43,34,"BUSH, GEORGE W.",REPUBLICAN,FALSE,1189924,2359892,20210113,REPUBLICAN,FALSE
2000,MISSOURI,MO,29,43,34,"GORE, AL",DEMOCRAT,FALSE,1111138,2359892,20210113,DEMOCRAT,FALSE
2000,MISSOURI,MO,29,43,34,"HAGELIN, JOHN",NATURAL LAW,FALSE,1104,2359892,20210113,OTHER,FALSE
2000,MISSOURI,MO,29,43,34,"NADER, RALPH",GREEN,FALSE,38515,2359892,20210113,OTHER,FALSE
2000,MISSOURI,MO,29,43,34,"PHILLIPS, HOWARD",CONSTITUTION PARTY,FALSE,1957,2359892,20210113,OTHER,FALSE
2000,MONTANA,MT,30,81,64,"BROWNE, HARRY",LIBERTARIAN,FALSE,1718,410986,20210113,LIBERTARIAN,FALSE
2000,MONTANA,MT,30,81,64,"BUCHANAN, PATRICK ""PAT""",REFORM PARTY,FALSE,5697,410986,20210113,OTHER,FALSE
2000,MONTANA,MT,30,81,64,"BUSH, GEORGE W.",REPUBLICAN,FALSE,240178,410986,20210113,REPUBLICAN,FALSE
2000,MONTANA,MT,30,81,64,"GORE, AL",DEMOCRAT,FALSE,137126,410986,20210113,DEMOCRAT,FALSE
2000,MONTANA,MT,30,81,64,"HAGELIN, JOHN",NATURAL LAW,FALSE,675,410986,20210113,OTHER,FALSE
2000,MONTANA,MT,30,81,64,"NADER, RALPH",GREEN,FALSE,24437,410986,20210113,OTHER,FALSE
2000,MONTANA,MT,30,81,64,"PHILLIPS, HOWARD",CONSTITUTION PARTY,FALSE,1155,410986,20210113,OTHER,FALSE
2000,NEBRASKA,NE,31,46,35,"BROWNE, HARRY",LIBERTARIAN,FALSE,2245,697019,20210113,LIBERTARIAN,FALSE
2000,NEBRASKA,NE,31,46,35,"BUSH, GEORGE W.",REPUBLICAN,FALSE,433862,697019,20210113,REPUBLICAN,FALSE
2000,NEBRASKA,NE,31,46,35,"GORE, AL",DEMOCRAT,FALSE,231780,697019,20210113,DEMOCRAT,FALSE
2000,NEBRASKA,NE,31,46,35,"NADER, RALPH",GREEN,FALSE,24540,697019,20210113,OTHER,FALSE
2000,NEBRASKA,NE,31,46,35,UNKNOWN/SCATTERING,NOMINATED BY PETITION,FALSE,4114,697019,20210113,OTHER,FALSE
2000,NEBRASKA,NE,31,46,35,UNKNOWN/SCATTERING,NATURAL LAW,FALSE,478,697019,20210113,OTHER,FALSE
2000,NEVADA,NV,32,88,65,BLANK VOTE,UNKNOWN,FALSE,282,609426,20210113,OTHER,FALSE
2000,NEVADA,NV,32,88,65,"BROWNE, HARRY",LIBERTARIAN,FALSE,3311,609426,20210113,LIBERTARIAN,FALSE
2000,NEVADA,NV,32,88,65,"BUCHANAN, PATRICK ""PAT""",CITIZENS FIRST,FALSE,4747,609426,20210113,OTHER,FALSE
2000,NEVADA,NV,32,88,65,"BUSH, GEORGE W.",REPUBLICAN,FALSE,301575,609426,20210113,REPUBLICAN,FALSE
2000,NEVADA,NV,32,88,65,"GORE, AL",DEMOCRAT,FALSE,279978,609426,20210113,DEMOCRAT,FALSE
2000,NEVADA,NV,32,88,65,"HAGELIN, JOHN",NATURAL LAW,FALSE,415,609426,20210113,OTHER,FALSE
2000,NEVADA,NV,32,88,65,"NADER, RALPH",GREEN,FALSE,15008,609426,20210113,OTHER,FALSE
2000,NEVADA,NV,32,88,65,NONE OF THESE CANDIDATES,UNKNOWN,FALSE,3315,609426,20210113,OTHER,FALSE
2000,NEVADA,NV,32,88,65,OVER VOTE,UNKNOWN,FALSE,174,609426,20210113,OTHER,FALSE
2000,NEVADA,NV,32,88,65,"PHILLIPS, HOWARD",INDEPENDENT AMERICAN,FALSE,621,609426,20210113,OTHER,FALSE
2000,NEW HAMPSHIRE,NH,33,12,4,"BROWNE, HARRY",LIBERTARIAN,FALSE,2757,569081,20210113,LIBERTARIAN,FALSE
2000,NEW HAMPSHIRE,NH,33,12,4,"BUCHANAN, PATRICK ""PAT""",INDEPENDENCE,FALSE,2615,569081,20210113,OTHER,FALSE
2000,NEW HAMPSHIRE,NH,33,12,4,"BUSH, GEORGE W.",REPUBLICAN,FALSE,273559,569081,20210113,REPUBLICAN,FALSE
2000,NEW HAMPSHIRE,NH,33,12,4,"GORE, AL",DEMOCRAT,FALSE,266348,569081,20210113,DEMOCRAT,FALSE
2000,NEW HAMPSHIRE,NH,33,12,4,"NADER, RALPH",GREEN,FALSE,22198,569081,20210113,OTHER,FALSE
2000,NEW HAMPSHIRE,NH,33,12,4,UNKNOWN/SCATTERING,UNKNOWN,TRUE,1276,569081,20210113,OTHER,FALSE
2000,NEW HAMPSHIRE,NH,33,12,4,UNKNOWN/SCATTERING,CONSTITUTION PARTY,FALSE,328,569081,20210113,OTHER,FALSE
2000,NEW JERSEY,NJ,34,22,12,"BUSH, GEORGE W.",REPUBLICAN,FALSE,1284173,3187226,20210113,REPUBLICAN,FALSE
2000,NEW JERSEY,NJ,34,22,12,"GORE, AL",DEMOCRAT,FALSE,1788850,3187226,20210113,DEMOCRAT,FALSE
2000,NEW JERSEY,NJ,34,22,12,UNKNOWN/SCATTERING,INDEPENDENT,FALSE,114203,3187226,20210113,OTHER,FALSE
2000,NEW MEXICO,NM,35,85,66,"BROWNE, HARRY",LIBERTARIAN,FALSE,2058,598605,20210113,LIBERTARIAN,FALSE
2000,NEW MEXICO,NM,35,85,66,"BUCHANAN, PATRICK ""PAT""",REFORM PARTY,FALSE,1392,598605,20210113,OTHER,FALSE
2000,NEW MEXICO,NM,35,85,66,"BUSH, GEORGE W.",REPUBLICAN,FALSE,286417,598605,20210113,REPUBLICAN,FALSE
2000,NEW MEXICO,NM,35,85,66,"GORE, AL",DEMOCRAT,FALSE,286783,598605,20210113,DEMOCRAT,FALSE
2000,NEW MEXICO,NM,35,85,66,"HAGELIN, JOHN",NATURAL LAW,FALSE,361,598605,20210113,OTHER,FALSE
2000,NEW MEXICO,NM,35,85,66,"NADER, RALPH",GREEN,FALSE,21251,598605,20210113,OTHER,FALSE
2000,NEW MEXICO,NM,35,85,66,"PHILLIPS, HOWARD",CONSTITUTION PARTY,FALSE,343,598605,20210113,OTHER,FALSE
2000,NEW YORK,NY,36,21,13,BLANK VOTE/SCATTERING,UNKNOWN,FALSE,138216,6960215,20210113,OTHER,FALSE
2000,NEW YORK,NY,36,21,13,"BROWNE, HARRY",LIBERTARIAN,FALSE,7649,6960215,20210113,LIBERTARIAN,FALSE
2000,NEW YORK,NY,36,21,13,"BUCHANAN, PATRICK ""PAT""",RIGHT-TO-LIFE,FALSE,25175,6960215,20210113,OTHER,FALSE
2000,NEW YORK,NY,36,21,13,"BUCHANAN, PATRICK ""PAT""",REFORM PARTY,FALSE,6424,6960215,20210113,OTHER,FALSE
2000,NEW YORK,NY,36,21,13,"BUSH, GEORGE W.",REPUBLICAN,FALSE,2258577,6960215,20210113,REPUBLICAN,FALSE
2000,NEW YORK,NY,36,21,13,"BUSH, GEORGE W.",CONSERVATIVE,FALSE,144797,6960215,20210113,OTHER,FALSE
2000,NEW YORK,NY,36,21,13,"GORE, AL",DEMOCRAT,FALSE,3942215,6960215,20210113,DEMOCRAT,FALSE
2000,NEW YORK,NY,36,21,13,"GORE, AL",WORKING FAMILIES,FALSE,88395,6960215,20210113,OTHER,FALSE
2000,NEW YORK,NY,36,21,13,"GORE, AL",LIBERAL PARTY,FALSE,77087,6960215,20210113,OTHER,FALSE
2000,NEW YORK,NY,36,21,13,"HAGELIN, JOHN",INDEPENDENCE,FALSE,24361,6960215,20210113,OTHER,FALSE
2000,NEW YORK,NY,36,21,13,"HARRIS, JAMES",SOCIALIST WORKERS,FALSE,1789,6960215,20210113,OTHER,FALSE
2000,NEW YORK,NY,36,21,13,"NADER, RALPH",GREEN,FALSE,244030,6960215,20210113,OTHER,FALSE
2000,NEW YORK,NY,36,21,13,"PHILLIPS, HOWARD",CONSTITUTION PARTY,FALSE,1498,6960215,20210113,OTHER,FALSE
2000,NEW YORK,NY,36,21,13,UNKNOWN/SCATTERING,SOCIALIST,TRUE,2,6960215,20210113,OTHER,FALSE
2000,NORTH CAROLINA,NC,37,56,47,"BROWNE, HARRY",LIBERTARIAN,FALSE,13891,2914990,20210113,LIBERTARIAN,FALSE
2000,NORTH CAROLINA,NC,37,56,47,"BUCHANAN, PATRICK ""PAT""",REFORM PARTY,FALSE,8874,2914990,20210113,OTHER,FALSE
2000,NORTH CAROLINA,NC,37,56,47,"BUSH, GEORGE W.",REPUBLICAN,FALSE,1631163,2914990,20210113,REPUBLICAN,FALSE
2000,NORTH CAROLINA,NC,37,56,47,"GORE, AL",DEMOCRAT,FALSE,1257692,2914990,20210113,DEMOCRAT,FALSE
2000,NORTH CAROLINA,NC,37,56,47,NOT DESIGNATED,SOCIALIST,FALSE,3370,2914990,20210113,OTHER,FALSE
2000,NORTH DAKOTA,ND,38,44,36,"BUCHANAN, PATRICK ""PAT""",REFORM PARTY,FALSE,7288,288256,20210113,OTHER,FALSE
2000,NORTH DAKOTA,ND,38,44,36,"BUSH, GEORGE W.",REPUBLICAN,FALSE,174852,288256,20210113,REPUBLICAN,FALSE
2000,NORTH DAKOTA,ND,38,44,36,"GORE, AL",DEMOCRAT,FALSE,95284,288256,20210113,DEMOCRAT,FALSE
2000,NORTH DAKOTA,ND,38,44,36,"PHILLIPS, HOWARD",CONSTITUTION PARTY,FALSE,373,288256,20210113,OTHER,FALSE
2000,NORTH DAKOTA,ND,38,44,36,UNKNOWN/SCATTERING,INDEPENDENT,FALSE,10459,288256,20210113,OTHER,FALSE
2000,OHIO,OH,39,31,24,"BROWNE, HARRY",LIBERTARIAN,FALSE,13473,4701998,20210113,LIBERTARIAN,FALSE
2000,OHIO,OH,39,31,24,"BUSH, GEORGE W.",REPUBLICAN,FALSE,2350363,4701998,20210113,REPUBLICAN,FALSE
2000,OHIO,OH,39,31,24,"GORE, AL",DEMOCRAT,FALSE,2183628,4701998,20210113,DEMOCRAT,FALSE
2000,OHIO,OH,39,31,24,"HAGELIN, JOHN",NATURAL LAW,FALSE,6181,4701998,20210113,OTHER,FALSE
2000,OHIO,OH,39,31,24,NOT DESIGNATED,UNKNOWN,FALSE,148353,4701998,20210113,OTHER,FALSE
2000,OKLAHOMA,OK,40,73,53,"BROWNE, HARRY",LIBERTARIAN,FALSE,6602,1234229,20210113,LIBERTARIAN,FALSE
2000,OKLAHOMA,OK,40,73,53,"BUCHANAN, PATRICK ""PAT""",REFORM PARTY,FALSE,9014,1234229,20210113,OTHER,FALSE
2000,OKLAHOMA,OK,40,73,53,"BUSH, GEORGE W.",REPUBLICAN,FALSE,744337,1234229,20210113,REPUBLICAN,FALSE
2000,OKLAHOMA,OK,40,73,53,"GORE, AL",DEMOCRAT,FALSE,474276,1234229,20210113,DEMOCRAT,FALSE
2000,OREGON,OR,41,92,72,"BROWNE, HARRY",LIBERTARIAN,FALSE,7447,1533950,20210113,LIBERTARIAN,FALSE
2000,OREGON,OR,41,92,72,"BUCHANAN, PATRICK ""PAT""",INDEPENDENT,FALSE,7063,1533950,20210113,OTHER,FALSE
2000,OREGON,OR,41,92,72,"BUCHANAN, PATRICK ""PAT""",REFORM PARTY,FALSE,2574,1533950,20210113,OTHER,FALSE
2000,OREGON,OR,41,92,72,"BUSH, GEORGE W.",REPUBLICAN,FALSE,713577,1533950,20210113,REPUBLICAN,FALSE
2000,OREGON,OR,41,92,72,"GORE, AL",DEMOCRAT,FALSE,720342,1533950,20210113,DEMOCRAT,FALSE
2000,OREGON,OR,41,92,72,"NADER, RALPH",GREEN,FALSE,77357,1533950,20210113,OTHER,FALSE
2000,OREGON,OR,41,92,72,OTHER,UNKNOWN,FALSE,3401,1533950,20210113,OTHER,FALSE
2000,OREGON,OR,41,92,72,"PHILLIPS, HOWARD",CONSTITUTION PARTY,FALSE,2189,1533950,20210113,OTHER,FALSE
2000,PENNSYLVANIA,PA,42,23,14,"BROWNE, HARRY",LIBERTARIAN,FALSE,11248,4912185,20210113,LIBERTARIAN,FALSE
2000,PENNSYLVANIA,PA,42,23,14,"BUCHANAN, PATRICK ""PAT""",REFORM PARTY,FALSE,16023,4912185,20210113,OTHER,FALSE
2000,PENNSYLVANIA,PA,42,23,14,"BUSH, GEORGE W.",REPUBLICAN,FALSE,2281127,4912185,20210113,REPUBLICAN,FALSE
2000,PENNSYLVANIA,PA,42,23,14,"GORE, AL",DEMOCRAT,FALSE,2485967,4912185,20210113,DEMOCRAT,FALSE
2000,PENNSYLVANIA,PA,42,23,14,"NADER, RALPH",GREEN,FALSE,103392,4912185,20210113,OTHER,FALSE
2000,PENNSYLVANIA,PA,42,23,14,"PHILLIPS, HOWARD",CONSTITUTION PARTY,FALSE,14428,4912185,20210113,OTHER,FALSE
2000,RHODE ISLAND,RI,44,15,5,"BROWNE, HARRY",LIBERTARIAN,FALSE,742,409112,20210113,LIBERTARIAN,FALSE
2000,RHODE ISLAND,RI,44,15,5,"BUCHANAN, PATRICK ""PAT""",REFORM PARTY,FALSE,2273,409112,20210113,OTHER,FALSE
2000,RHODE ISLAND,RI,44,15,5,"BUSH, GEORGE W.",REPUBLICAN,FALSE,130555,409112,20210113,REPUBLICAN,FALSE
2000,RHODE ISLAND,RI,44,15,5,"GORE, AL",DEMOCRAT,FALSE,249508,409112,20210113,DEMOCRAT,FALSE
2000,RHODE ISLAND,RI,44,15,5,"HAGELIN, JOHN",NATURAL LAW,FALSE,271,409112,20210113,OTHER,FALSE
2000,RHODE ISLAND,RI,44,15,5,"MOOREHEAD, MONICA",WORKERS WORLD,FALSE,199,409112,20210113,OTHER,FALSE
2000,RHODE ISLAND,RI,44,15,5,"NADER, RALPH",GREEN,FALSE,25052,409112,20210113,OTHER,FALSE
2000,RHODE ISLAND,RI,44,15,5,"PHILLIPS, HOWARD",CONSTITUTION PARTY,FALSE,97,409112,20210113,OTHER,FALSE
2000,RHODE ISLAND,RI,44,15,5,UNKNOWN/SCATTERING,UNKNOWN,TRUE,329,409112,20210113,OTHER,FALSE
2000,RHODE ISLAND,RI,44,15,5,UNKNOWN/SCATTERING,SOCIALIST,FALSE,52,409112,20210113,OTHER,FALSE
2000,RHODE ISLAND,RI,44,15,5,UNKNOWN/SCATTERING,SOCIALIST WORKERS,FALSE,34,409112,20210113,OTHER,FALSE
2000,SOUTH CAROLINA,SC,45,57,48,"BROWNE, HARRY",LIBERTARIAN,FALSE,4760,1383902,20210113,LIBERTARIAN,FALSE
2000,SOUTH CAROLINA,SC,45,57,48,"BUCHANAN, PATRICK ""PAT""",REFORM PARTY,FALSE,3309,1383902,20210113,OTHER,FALSE
2000,SOUTH CAROLINA,SC,45,57,48,"BUSH, GEORGE W.",REPUBLICAN,FALSE,786892,1383902,20210113,REPUBLICAN,FALSE
2000,SOUTH CAROLINA,SC,45,57,48,"GORE, AL",DEMOCRAT,FALSE,566037,1383902,20210113,DEMOCRAT,FALSE
2000,SOUTH CAROLINA,SC,45,57,48,"HAGELIN, JOHN",NATURAL LAW,FALSE,943,1383902,20210113,OTHER,FALSE
2000,SOUTH CAROLINA,SC,45,57,48,"NADER, RALPH",UNITED CITIZENS,FALSE,20279,1383902,20210113,OTHER,FALSE
2000,SOUTH CAROLINA,SC,45,57,48,UNKNOWN/SCATTERING,CONSTITUTION PARTY,FALSE,1682,1383902,20210113,OTHER,FALSE
2000,SOUTH DAKOTA,SD,46,45,37,"BROWNE, HARRY",LIBERTARIAN,FALSE,1662,316269,20210113,LIBERTARIAN,FALSE
2000,SOUTH DAKOTA,SD,46,45,37,"BUCHANAN, PATRICK ""PAT""",REFORM PARTY,FALSE,3322,316269,20210113,OTHER,FALSE
2000,SOUTH DAKOTA,SD,46,45,37,"BUSH, GEORGE W.",REPUBLICAN,FALSE,190700,316269,20210113,REPUBLICAN,FALSE
2000,SOUTH DAKOTA,SD,46,45,37,"GORE, AL",DEMOCRAT,FALSE,118804,316269,20210113,DEMOCRAT,FALSE
2000,SOUTH DAKOTA,SD,46,45,37,"PHILLIPS, HOWARD",INDEPENDENT,FALSE,1781,316269,20210113,OTHER,FALSE
2000,TENNESSEE,TN,47,62,54,"BUSH, GEORGE W.",REPUBLICAN,FALSE,1061949,2076181,20210113,REPUBLICAN,FALSE
2000,TENNESSEE,TN,47,62,54,"GORE, AL",DEMOCRAT,FALSE,981720,2076181,20210113,DEMOCRAT,FALSE
2000,TENNESSEE,TN,47,62,54,UNKNOWN/SCATTERING,INDEPENDENT,FALSE,32084,2076181,20210113,OTHER,FALSE
2000,TENNESSEE,TN,47,62,54,UNKNOWN/SCATTERING,UNKNOWN,TRUE,428,2076181,20210113,OTHER,FALSE
2000,TEXAS,TX,48,74,49,"BROWNE, HARRY",LIBERTARIAN,FALSE,23160,6407637,20210113,LIBERTARIAN,FALSE
2000,TEXAS,TX,48,74,49,"BUSH, GEORGE W.",REPUBLICAN,FALSE,3799639,6407637,20210113,REPUBLICAN,FALSE
2000,TEXAS,TX,48,74,49,"GORE, AL",DEMOCRAT,FALSE,2433746,6407637,20210113,DEMOCRAT,FALSE
2000,TEXAS,TX,48,74,49,"NADER, RALPH",GREEN,FALSE,137994,6407637,20210113,OTHER,FALSE
2000,TEXAS,TX,48,74,49,UNKNOWN/SCATTERING,INDEPENDENT,FALSE,12394,6407637,20210113,OTHER,FALSE
2000,TEXAS,TX,48,74,49,UNKNOWN/SCATTERING,UNKNOWN,TRUE,704,6407637,20210113,OTHER,FALSE
2000,UTAH,UT,49,87,67,"BROWNE, HARRY",LIBERTARIAN,FALSE,3616,770754,20210113,LIBERTARIAN,FALSE
2000,UTAH,UT,49,87,67,"BUCHANAN, PATRICK ""PAT""",REFORM PARTY,FALSE,9319,770754,20210113,OTHER,FALSE
2000,UTAH,UT,49,87,67,"BUSH, GEORGE W.",REPUBLICAN,FALSE,515096,770754,20210113,REPUBLICAN,FALSE
2000,UTAH,UT,49,87,67,"GORE, AL",DEMOCRAT,FALSE,203053,770754,20210113,DEMOCRAT,FALSE
2000,UTAH,UT,49,87,67,"HAGELIN, JOHN",NATURAL LAW,FALSE,763,770754,20210113,OTHER,FALSE
2000,UTAH,UT,49,87,67,"HARRIS, JAMES",SOCIALIST WORKERS,FALSE,186,770754,20210113,OTHER,FALSE
2000,UTAH,UT,49,87,67,"NADER, RALPH",GREEN,FALSE,35850,770754,20210113,OTHER,FALSE
2000,UTAH,UT,49,87,67,"PHILLIPS, HOWARD",INDEPENDENT AMERICAN,FALSE,2709,770754,20210113,OTHER,FALSE
2000,UTAH,UT,49,87,67,UNKNOWN/SCATTERING,NO PARTY AFFILIATION,FALSE,161,770754,20210113,OTHER,FALSE
2000,UTAH,UT,49,87,67,UNKNOWN/SCATTERING,UNKNOWN,TRUE,1,770754,20210113,OTHER,FALSE
2000,VERMONT,VT,50,13,6,"BROWNE, HARRY",LIBERTARIAN,FALSE,784,294308,20210113,LIBERTARIAN,FALSE
2000,VERMONT,VT,50,13,6,"BUCHANAN, PATRICK ""PAT""",REFORM PARTY,FALSE,2192,294308,20210113,OTHER,FALSE
2000,VERMONT,VT,50,13,6,"BUSH, GEORGE W.",REPUBLICAN,FALSE,119775,294308,20210113,REPUBLICAN,FALSE
2000,VERMONT,VT,50,13,6,"DENNIS ""DENNY"", LANE",VERMONT GRASSROOTS,FALSE,1044,294308,20210113,OTHER,FALSE
2000,VERMONT,VT,50,13,6,"GORE, AL",DEMOCRAT,FALSE,149022,294308,20210113,DEMOCRAT,FALSE
2000,VERMONT,VT,50,13,6,"HAGELIN, JOHN",NATURAL LAW,FALSE,219,294308,20210113,OTHER,FALSE
2000,VERMONT,VT,50,13,6,"HARRIS, JAMES",SOCIALIST WORKERS,FALSE,70,294308,20210113,OTHER,FALSE
2000,VERMONT,VT,50,13,6,"MCREYNOLDS, DAVID",LIBERTY UNION PARTY,FALSE,161,294308,20210113,OTHER,FALSE
2000,VERMONT,VT,50,13,6,"NADER, RALPH",PROGRESSIVE/GREEN,FALSE,20374,294308,20210113,OTHER,FALSE
2000,VERMONT,VT,50,13,6,"PHILLIPS, HOWARD",CONSTITUTION PARTY,FALSE,153,294308,20210113,OTHER,FALSE
2000,VERMONT,VT,50,13,6,UNKNOWN/SCATTERING,UNKNOWN,TRUE,514,294308,20210113,OTHER,FALSE
2000,VIRGINIA,VA,51,54,40,"BROWNE, HARRY",LIBERTARIAN,FALSE,15198,2739447,20210113,LIBERTARIAN,FALSE
2000,VIRGINIA,VA,51,54,40,"BUCHANAN, PATRICK ""PAT""",REFORM PARTY,FALSE,5455,2739447,20210113,OTHER,FALSE
2000,VIRGINIA,VA,51,54,40,"BUSH, GEORGE W.",REPUBLICAN,FALSE,1437490,2739447,20210113,REPUBLICAN,FALSE
2000,VIRGINIA,VA,51,54,40,"GORE, AL",DEMOCRAT,FALSE,1217290,2739447,20210113,DEMOCRAT,FALSE
2000,VIRGINIA,VA,51,54,40,"NADER, RALPH",GREEN,FALSE,59398,2739447,20210113,OTHER,FALSE
2000,VIRGINIA,VA,51,54,40,"PHILLIPS, HOWARD",CONSERVATIVE,FALSE,1809,2739447,20210113,OTHER,FALSE
2000,VIRGINIA,VA,51,54,40,UNKNOWN/SCATTERING,UNKNOWN,TRUE,2807,2739447,20210113,OTHER,FALSE
2000,WASHINGTON,WA,53,91,73,"BROWNE, HARRY",LIBERTARIAN,FALSE,13135,2487433,20210113,LIBERTARIAN,FALSE
2000,WASHINGTON,WA,53,91,73,"BUCHANAN, PATRICK ""PAT""",FREEDOM,FALSE,7171,2487433,20210113,OTHER,FALSE
2000,WASHINGTON,WA,53,91,73,"BUSH, GEORGE W.",REPUBLICAN,FALSE,1108864,2487433,20210113,REPUBLICAN,FALSE
2000,WASHINGTON,WA,53,91,73,"GORE, AL",DEMOCRAT,FALSE,1247652,2487433,20210113,DEMOCRAT,FALSE
2000,WASHINGTON,WA,53,91,73,"HAGELIN, JOHN",NATURAL LAW,FALSE,2927,2487433,20210113,OTHER,FALSE
2000,WASHINGTON,WA,53,91,73,"HARRIS, JAMES",SOCIALIST WORKERS,FALSE,304,2487433,20210113,OTHER,FALSE
2000,WASHINGTON,WA,53,91,73,"MCREYNOLDS, DAVID",SOCIALIST,FALSE,660,2487433,20210113,OTHER,FALSE
2000,WASHINGTON,WA,53,91,73,"MOOREHEAD, MONICA",WORKERS WORLD,FALSE,1729,2487433,20210113,OTHER,FALSE
2000,WASHINGTON,WA,53,91,73,"NADER, RALPH",GREEN,FALSE,103002,2487433,20210113,OTHER,FALSE
2000,WASHINGTON,WA,53,91,73,"PHILLIPS, HOWARD",CONSTITUTION PARTY,FALSE,1989,2487433,20210113,OTHER,FALSE
2000,WEST VIRGINIA,WV,54,55,56,"BROWNE, HARRY",LIBERTARIAN,FALSE,1912,648124,20210113,LIBERTARIAN,FALSE
2000,WEST VIRGINIA,WV,54,55,56,"BUCHANAN, PATRICK ""PAT""",REFORM PARTY,FALSE,3169,648124,20210113,OTHER,FALSE
2000,WEST VIRGINIA,WV,54,55,56,"BUSH, GEORGE W.",REPUBLICAN,FALSE,336475,648124,20210113,REPUBLICAN,FALSE
2000,WEST VIRGINIA,WV,54,55,56,"GORE, AL",DEMOCRAT,FALSE,295497,648124,20210113,DEMOCRAT,FALSE
2000,WEST VIRGINIA,WV,54,55,56,"HAGELIN, JOHN",NATURAL LAW,FALSE,367,648124,20210113,OTHER,FALSE
2000,WEST VIRGINIA,WV,54,55,56,"NADER, RALPH",GREEN,FALSE,10680,648124,20210113,OTHER,FALSE
2000,WEST VIRGINIA,WV,54,55,56,UNKNOWN/SCATTERING,UNKNOWN,TRUE,24,648124,20210113,OTHER,FALSE
2000,WISCONSIN,WI,55,35,25,"BROWNE, HARRY",LIBERTARIAN,FALSE,6640,2598607,20210113,LIBERTARIAN,FALSE
2000,WISCONSIN,WI,55,35,25,"BUSH, GEORGE W.",REPUBLICAN,FALSE,1237279,2598607,20210113,REPUBLICAN,FALSE
2000,WISCONSIN,WI,55,35,25,"GORE, AL",DEMOCRAT,FALSE,1242987,2598607,20210113,DEMOCRAT,FALSE
2000,WISCONSIN,WI,55,35,25,"NADER, RALPH",GREEN,FALSE,94070,2598607,20210113,OTHER,FALSE
2000,WISCONSIN,WI,55,35,25,SCATTERING,UNKNOWN,FALSE,1896,2598607,20210113,OTHER,FALSE
2000,WISCONSIN,WI,55,35,25,UNKNOWN/SCATTERING,INDEPENDENT,FALSE,13693,2598607,20210113,OTHER,FALSE
2000,WISCONSIN,WI,55,35,25,UNKNOWN/SCATTERING,CONSTITUTION PARTY,FALSE,2042,2598607,20210113,OTHER,FALSE
2000,WYOMING,WY,56,83,68,"BROWNE, HARRY",LIBERTARIAN,FALSE,1443,213726,20210113,LIBERTARIAN,FALSE
2000,WYOMING,WY,56,83,68,"BUCHANAN, PATRICK ""PAT""",REFORM PARTY,FALSE,2724,213726,20210113,OTHER,FALSE
2000,WYOMING,WY,56,83,68,"BUSH, GEORGE W.",REPUBLICAN,FALSE,147947,213726,20210113,REPUBLICAN,FALSE
2000,WYOMING,WY,56,83,68,"GORE, AL",DEMOCRAT,FALSE,60481,213726,20210113,DEMOCRAT,FALSE
2000,WYOMING,WY,56,83,68,"HAGELIN, JOHN",NATURAL LAW,FALSE,411,213726,20210113,OTHER,FALSE
2000,WYOMING,WY,56,83,68,"PHILLIPS, HOWARD",INDEPENDENT,FALSE,720,213726,20210113,OTHER,FALSE
2004,ALABAMA,AL,1,63,41,"BUSH, GEORGE W.",REPUBLICAN,FALSE,1176394,1883415,20210113,REPUBLICAN,FALSE
2004,ALABAMA,AL,1,63,41,"KERRY, JOHN",DEMOCRAT,FALSE,693933,1883415,20210113,DEMOCRAT,FALSE
2004,ALABAMA,AL,1,63,41,OTHER,INDEPENDENT,FALSE,12190,1883415,20210113,OTHER,FALSE
2004,ALABAMA,AL,1,63,41,OTHER,UNKNOWN,TRUE,898,1883415,20210113,OTHER,FALSE
2004,ALASKA,AK,2,94,81,"BADNARIK, MICHAEL",LIBERTARIAN,FALSE,1675,312598,20210113,LIBERTARIAN,FALSE
2004,ALASKA,AK,2,94,81,"BUSH, GEORGE W.",REPUBLICAN,FALSE,190889,312598,20210113,REPUBLICAN,FALSE
2004,ALASKA,AK,2,94,81,"COBB, DAVID",GREEN,FALSE,1058,312598,20210113,OTHER,FALSE
2004,ALASKA,AK,2,94,81,"KERRY, JOHN",DEMOCRAT,FALSE,111025,312598,20210113,DEMOCRAT,FALSE
2004,ALASKA,AK,2,94,81,"NADER, RALPH",POPULIST,FALSE,5069,312598,20210113,OTHER,FALSE
2004,ALASKA,AK,2,94,81,OTHER,UNKNOWN,TRUE,790,312598,20210113,OTHER,FALSE
2004,ALASKA,AK,2,94,81,"PEROUTKA, MICHAEL",ALASKAN INDEPENDENCE PARTY,FALSE,2092,312598,20210113,OTHER,FALSE
2004,ARIZONA,AZ,4,86,61,"BADNARIK, MICHAEL",LIBERTARIAN,FALSE,11856,2012585,20210113,LIBERTARIAN,FALSE
2004,ARIZONA,AZ,4,86,61,"BUSH, GEORGE W.",REPUBLICAN,FALSE,1104294,2012585,20210113,REPUBLICAN,FALSE
2004,ARIZONA,AZ,4,86,61,"KERRY, JOHN",DEMOCRAT,FALSE,893524,2012585,20210113,DEMOCRAT,FALSE
2004,ARIZONA,AZ,4,86,61,OTHER,UNKNOWN,TRUE,2911,2012585,20210113,OTHER,FALSE
2004,ARKANSAS,AR,5,71,42,"BADNARIK, MICHAEL",LIBERTARIAN,FALSE,2352,1054945,20210113,LIBERTARIAN,FALSE
2004,ARKANSAS,AR,5,71,42,"BUSH, GEORGE W.",REPUBLICAN,FALSE,572898,1054945,20210113,REPUBLICAN,FALSE
2004,ARKANSAS,AR,5,71,42,"COBB, DAVID",GREEN,FALSE,1488,1054945,20210113,OTHER,FALSE
2004,ARKANSAS,AR,5,71,42,"KERRY, JOHN",DEMOCRAT,FALSE,469953,1054945,20210113,DEMOCRAT,FALSE
2004,ARKANSAS,AR,5,71,42,"NADER, RALPH",POPULIST,FALSE,6171,1054945,20210113,OTHER,FALSE
2004,ARKANSAS,AR,5,71,42,"PEROUTKA, MICHAEL",CONSTITUTION PARTY,FALSE,2083,1054945,20210113,OTHER,FALSE
2004,CALIFORNIA,CA,6,93,71,"BADNARIK, MICHAEL",LIBERTARIAN,FALSE,50165,12421353,20210113,LIBERTARIAN,FALSE
2004,CALIFORNIA,CA,6,93,71,"BUSH, GEORGE W.",REPUBLICAN,FALSE,5509826,12421353,20210113,REPUBLICAN,FALSE
2004,CALIFORNIA,CA,6,93,71,"COBB, DAVID",GREEN,FALSE,40771,12421353,20210113,OTHER,FALSE
2004,CALIFORNIA,CA,6,93,71,"KERRY, JOHN",DEMOCRAT,FALSE,6745485,12421353,20210113,DEMOCRAT,FALSE
2004,CALIFORNIA,CA,6,93,71,OTHER,UNKNOWN,TRUE,20854,12421353,20210113,OTHER,FALSE
2004,CALIFORNIA,CA,6,93,71,"PELTIER, LEONARD",PEACE & FREEDOM,FALSE,27607,12421353,20210113,OTHER,FALSE
2004,CALIFORNIA,CA,6,93,71,"PEROUTKA, MICHAEL",AMERICAN INDEPENDENT PARTY,FALSE,26645,12421353,20210113,OTHER,FALSE
2004,COLORADO,CO,8,84,62,"AMONDSON, GENE",CONCERNS OF PEOPLE,FALSE,378,2129630,20210113,OTHER,FALSE
2004,COLORADO,CO,8,84,62,"ANDRESS, STANFORD",UNAFFILIATED,FALSE,804,2129630,20210113,OTHER,FALSE
2004,COLORADO,CO,8,84,62,"BADNARIK, MICHAEL",LIBERTARIAN,FALSE,7664,2129630,20210113,LIBERTARIAN,FALSE
2004,COLORADO,CO,8,84,62,"BROWN, WALT",SOCIALIST,FALSE,216,2129630,20210113,OTHER,FALSE
2004,COLORADO,CO,8,84,62,"BUSH, GEORGE W.",REPUBLICAN,FALSE,1101255,2129630,20210113,REPUBLICAN,FALSE
2004,COLORADO,CO,8,84,62,"CALERO, ROGER",SOCIALIST WORKERS,FALSE,241,2129630,20210113,OTHER,FALSE
2004,COLORADO,CO,8,84,62,"COBB, DAVID",GREEN,FALSE,1591,2129630,20210113,OTHER,FALSE
2004,COLORADO,CO,8,84,62,"DODGE, EARL",PROHIBITION,FALSE,140,2129630,20210113,OTHER,FALSE
2004,COLORADO,CO,8,84,62,"KERRY, JOHN",DEMOCRAT,FALSE,1001732,2129630,20210113,DEMOCRAT,FALSE
2004,COLORADO,CO,8,84,62,"NADER, RALPH",REFORM PARTY,FALSE,12718,2129630,20210113,OTHER,FALSE
2004,COLORADO,CO,8,84,62,"PEROUTKA, MICHAEL",AMERICAN CONSTITUTION PARTY,FALSE,2562,2129630,20210113,OTHER,FALSE
2004,COLORADO,CO,8,84,62,"VAN AUKEN, BILL",SOCIALIST EQUALITY PARTY,FALSE,329,2129630,20210113,OTHER,FALSE
2004,CONNECTICUT,CT,9,16,1,"BADNARIK, MICHAEL",LIBERTARIAN,FALSE,3367,1578769,20210113,LIBERTARIAN,FALSE
2004,CONNECTICUT,CT,9,16,1,"BUSH, GEORGE W.",REPUBLICAN,FALSE,693826,1578769,20210113,REPUBLICAN,FALSE
2004,CONNECTICUT,CT,9,16,1,"CALERO, ROGER",SOCIALIST WORKERS,TRUE,12,1578769,20210113,OTHER,FALSE
2004,CONNECTICUT,CT,9,16,1,"COBB, DAVID",GREEN,FALSE,9564,1578769,20210113,OTHER,FALSE
2004,CONNECTICUT,CT,9,16,1,"KERRY, JOHN",DEMOCRAT,FALSE,857488,1578769,20210113,DEMOCRAT,FALSE
2004,CONNECTICUT,CT,9,16,1,"NADER, RALPH",PETITIONING CANDIDATE,FALSE,12969,1578769,20210113,OTHER,FALSE
2004,CONNECTICUT,CT,9,16,1,"PEROUTKA, MICHAEL",CONCERNED CITIZENS,FALSE,1543,1578769,20210113,OTHER,FALSE
2004,DELAWARE,DE,10,51,11,"BADNARIK, MICHAEL",LIBERTARIAN,FALSE,586,375190,20210113,LIBERTARIAN,FALSE
2004,DELAWARE,DE,10,51,11,"BROWN, WALT",NATURAL LAW,FALSE,100,375190,20210113,OTHER,FALSE
2004,DELAWARE,DE,10,51,11,"BUSH, GEORGE W.",REPUBLICAN,FALSE,171660,375190,20210113,REPUBLICAN,FALSE
2004,DELAWARE,DE,10,51,11,"COBB, DAVID",GREEN,FALSE,250,375190,20210113,OTHER,FALSE
2004,DELAWARE,DE,10,51,11,"KERRY, JOHN",DEMOCRAT,FALSE,200152,375190,20210113,DEMOCRAT,FALSE
2004,DELAWARE,DE,10,51,11,"NADER, RALPH",INDEPENDENT,FALSE,2153,375190,20210113,OTHER,FALSE
2004,DELAWARE,DE,10,51,11,"PEROUTKA, MICHAEL",CONSTITUTION PARTY,FALSE,289,375190,20210113,OTHER,FALSE
2004,DISTRICT OF COLUMBIA,DC,11,53,55,"BADNARIK, MICHAEL",LIBERTARIAN,FALSE,502,227586,20210113,LIBERTARIAN,FALSE
2004,DISTRICT OF COLUMBIA,DC,11,53,55,"BUSH, GEORGE W.",REPUBLICAN,FALSE,21256,227586,20210113,REPUBLICAN,FALSE
2004,DISTRICT OF COLUMBIA,DC,11,53,55,"CALERO, ROGER",SOCIALIST WORKERS,FALSE,130,227586,20210113,OTHER,FALSE
2004,DISTRICT OF COLUMBIA,DC,11,53,55,"COBB, DAVID",D.C. STATEHOOD GREEN,FALSE,737,227586,20210113,OTHER,FALSE
2004,DISTRICT OF COLUMBIA,DC,11,53,55,"KERRY, JOHN",DEMOCRAT,FALSE,202970,227586,20210113,DEMOCRAT,FALSE
2004,DISTRICT OF COLUMBIA,DC,11,53,55,"NADER, RALPH",INDEPENDENT,FALSE,1485,227586,20210113,OTHER,FALSE
2004,DISTRICT OF COLUMBIA,DC,11,53,55,OTHERS,UNKNOWN,TRUE,506,227586,20210113,OTHER,FALSE
2004,FLORIDA,FL,12,59,43,"BADNARIK, MICHAEL",LIBERTARIAN,FALSE,11996,7609810,20210113,LIBERTARIAN,FALSE
2004,FLORIDA,FL,12,59,43,"BROWN, WALT",SOCIALIST PARTY OF FLORIDA,FALSE,3502,7609810,20210113,OTHER,FALSE
2004,FLORIDA,FL,12,59,43,"BUSH, GEORGE W.",REPUBLICAN,FALSE,3964522,7609810,20210113,REPUBLICAN,FALSE
2004,FLORIDA,FL,12,59,43,"CALERO, ROGER",SOCIALIST WORKERS,FALSE,2732,7609810,20210113,OTHER,FALSE
2004,FLORIDA,FL,12,59,43,"COBB, DAVID",GREEN,FALSE,3917,7609810,20210113,OTHER,FALSE
2004,FLORIDA,FL,12,59,43,"KERRY, JOHN",DEMOCRAT,FALSE,3583544,7609810,20210113,DEMOCRAT,FALSE
2004,FLORIDA,FL,12,59,43,"NADER, RALPH",REFORM PARTY,FALSE,32971,7609810,20210113,OTHER,FALSE
2004,FLORIDA,FL,12,59,43,"PEROUTKA, MICHAEL",CONSTITUTION PARTY OF FLORIDA,FALSE,6626,7609810,20210113,OTHER,FALSE
2004,GEORGIA,GA,13,58,44,"BADNARIK, MICHAEL",LIBERTARIAN,FALSE,18387,3301875,20210113,LIBERTARIAN,FALSE
2004,GEORGIA,GA,13,58,44,"BUSH, GEORGE W.",REPUBLICAN,FALSE,1914254,3301875,20210113,REPUBLICAN,FALSE
2004,GEORGIA,GA,13,58,44,"KERRY, JOHN",DEMOCRAT,FALSE,1366149,3301875,20210113,DEMOCRAT,FALSE
2004,GEORGIA,GA,13,58,44,OTHER,UNKNOWN,TRUE,3085,3301875,20210113,OTHER,FALSE
2004,HAWAII,HI,15,95,82,"BADNARIK, MICHAEL",LIBERTARIAN,FALSE,1377,429013,20210113,LIBERTARIAN,FALSE
2004,HAWAII,HI,15,95,82,"BUSH, GEORGE W.",REPUBLICAN,FALSE,194191,429013,20210113,REPUBLICAN,FALSE
2004,HAWAII,HI,15,95,82,"COBB, DAVID",GREEN,FALSE,1737,429013,20210113,OTHER,FALSE
2004,HAWAII,HI,15,95,82,"KERRY, JOHN",DEMOCRAT,FALSE,231708,429013,20210113,DEMOCRAT,FALSE
2004,IDAHO,ID,16,82,63,"BADNARIK, MICHAEL",LIBERTARIAN,FALSE,3844,598376,20210113,LIBERTARIAN,FALSE
2004,IDAHO,ID,16,82,63,"BUSH, GEORGE W.",REPUBLICAN,FALSE,409235,598376,20210113,REPUBLICAN,FALSE
2004,IDAHO,ID,16,82,63,"KERRY, JOHN",DEMOCRAT,FALSE,181098,598376,20210113,DEMOCRAT,FALSE
2004,IDAHO,ID,16,82,63,"NADER, RALPH",INDEPENDENT,FALSE,1115,598376,20210113,OTHER,FALSE
2004,IDAHO,ID,16,82,63,"PEROUTKA, MICHAEL",CONSTITUTION PARTY,FALSE,3084,598376,20210113,OTHER,FALSE
2004,ILLINOIS,IL,17,33,21,"BADNARIK, MICHAEL",LIBERTARIAN,FALSE,32442,5274322,20210113,LIBERTARIAN,FALSE
2004,ILLINOIS,IL,17,33,21,"BUSH, GEORGE W.",REPUBLICAN,FALSE,2345946,5274322,20210113,REPUBLICAN,FALSE
2004,ILLINOIS,IL,17,33,21,"KERRY, JOHN",DEMOCRAT,FALSE,2891550,5274322,20210113,DEMOCRAT,FALSE
2004,ILLINOIS,IL,17,33,21,OTHER,UNKNOWN,TRUE,4384,5274322,20210113,OTHER,FALSE
2004,INDIANA,IN,18,32,22,"BADNARIK, MICHAEL",LIBERTARIAN,FALSE,18058,2468002,20210113,LIBERTARIAN,FALSE
2004,INDIANA,IN,18,32,22,"BUSH, GEORGE W.",REPUBLICAN,FALSE,1479438,2468002,20210113,REPUBLICAN,FALSE
2004,INDIANA,IN,18,32,22,"KERRY, JOHN",DEMOCRAT,FALSE,969011,2468002,20210113,DEMOCRAT,FALSE
2004,INDIANA,IN,18,32,22,OTHER,UNKNOWN,TRUE,1495,2468002,20210113,OTHER,FALSE
2004,IOWA,IA,19,42,31,"BADNARIK, MICHAEL",LIBERTARIAN,FALSE,2992,1506908,20210113,LIBERTARIAN,FALSE
2004,IOWA,IA,19,42,31,"BUSH, GEORGE W.",REPUBLICAN,FALSE,751957,1506908,20210113,REPUBLICAN,FALSE
2004,IOWA,IA,19,42,31,"CALERO, ROGER",SOCIALIST WORKERS,FALSE,373,1506908,20210113,OTHER,FALSE
2004,IOWA,IA,19,42,31,"COBB, DAVID",GREEN,FALSE,1141,1506908,20210113,OTHER,FALSE
2004,IOWA,IA,19,42,31,"KERRY, JOHN",DEMOCRAT,FALSE,741898,1506908,20210113,DEMOCRAT,FALSE
2004,IOWA,IA,19,42,31,OTHER,UNKNOWN,FALSE,6149,1506908,20210113,OTHER,FALSE
2004,IOWA,IA,19,42,31,OTHER,UNKNOWN,TRUE,1094,1506908,20210113,OTHER,FALSE
2004,IOWA,IA,19,42,31,"PEROUTKA, MICHAEL",CONSTITUTION PARTY,FALSE,1304,1506908,20210113,OTHER,FALSE
2004,KANSAS,KS,20,47,32,"BADNARIK, MICHAEL",LIBERTARIAN,FALSE,4013,1187756,20210113,LIBERTARIAN,FALSE
2004,KANSAS,KS,20,47,32,"BUSH, GEORGE W.",REPUBLICAN,FALSE,736456,1187756,20210113,REPUBLICAN,FALSE
2004,KANSAS,KS,20,47,32,"KERRY, JOHN",DEMOCRAT,FALSE,434993,1187756,20210113,DEMOCRAT,FALSE
2004,KANSAS,KS,20,47,32,"NADER, RALPH",REFORM PARTY,FALSE,9348,1187756,20210113,OTHER,FALSE
2004,KANSAS,KS,20,47,32,OTHER,UNKNOWN,TRUE,47,1187756,20210113,OTHER,FALSE
2004,KANSAS,KS,20,47,32,"PEROUTKA, MICHAEL",INDEPENDENT,FALSE,2899,1187756,20210113,OTHER,FALSE
2004,KENTUCKY,KY,21,61,51,"BADNARIK, MICHAEL",LIBERTARIAN,FALSE,2619,1795882,20210113,LIBERTARIAN,FALSE
2004,KENTUCKY,KY,21,61,51,"BUSH, GEORGE W.",REPUBLICAN,FALSE,1069439,1795882,20210113,REPUBLICAN,FALSE
2004,KENTUCKY,KY,21,61,51,"KERRY, JOHN",DEMOCRAT,FALSE,712733,1795882,20210113,DEMOCRAT,FALSE
2004,KENTUCKY,KY,21,61,51,"NADER, RALPH",INDEPENDENT,FALSE,8856,1795882,20210113,OTHER,FALSE
2004,KENTUCKY,KY,21,61,51,OTHER,UNKNOWN,TRUE,22,1795882,20210113,OTHER,FALSE
2004,KENTUCKY,KY,21,61,51,"PEROUTKA, MICHAEL",CONSTITUTION PARTY,FALSE,2213,1795882,20210113,OTHER,FALSE
2004,LOUISIANA,LA,22,72,45,"AMONDSON, GENE",PROHIBITION,FALSE,1566,1943106,20210113,OTHER,FALSE
2004,LOUISIANA,LA,22,72,45,"BADNARIK, MICHAEL",LIBERTARIAN,FALSE,2781,1943106,20210113,LIBERTARIAN,FALSE
2004,LOUISIANA,LA,22,72,45,"BROWN, WALT",PROTECTING WORKING FAMILIES,FALSE,1795,1943106,20210113,OTHER,FALSE
2004,LOUISIANA,LA,22,72,45,"BUSH, GEORGE W.",REPUBLICAN,FALSE,1102169,1943106,20210113,REPUBLICAN,FALSE
2004,LOUISIANA,LA,22,72,45,"CALERO, ROGER",SOCIALIST,FALSE,985,1943106,20210113,OTHER,FALSE
2004,LOUISIANA,LA,22,72,45,"COBB, DAVID",GREEN,FALSE,1276,1943106,20210113,OTHER,FALSE
2004,LOUISIANA,LA,22,72,45,"KERRY, JOHN",DEMOCRAT,FALSE,820299,1943106,20210113,DEMOCRAT,FALSE
2004,LOUISIANA,LA,22,72,45,"NADER, RALPH",INDEPENDENT,FALSE,7032,1943106,20210113,OTHER,FALSE
2004,LOUISIANA,LA,22,72,45,"PEROUTKA, MICHAEL",CONSTITUTION PARTY,FALSE,5203,1943106,20210113,OTHER,FALSE
2004,MAINE,ME,23,11,2,"BADNARIK, MICHAEL",LIBERTARIAN,FALSE,1965,740752,20210113,LIBERTARIAN,FALSE
2004,MAINE,ME,23,11,2,BLANK VOTE/SCATTERING,UNKNOWN,FALSE,4,740752,20210113,OTHER,FALSE
2004,MAINE,ME,23,11,2,"BUSH, GEORGE W.",REPUBLICAN,FALSE,330201,740752,20210113,REPUBLICAN,FALSE
2004,MAINE,ME,23,11,2,"COBB, DAVID",GREEN,FALSE,2936,740752,20210113,OTHER,FALSE
2004,MAINE,ME,23,11,2,"KERRY, JOHN",DEMOCRAT,FALSE,396842,740752,20210113,DEMOCRAT,FALSE
2004,MAINE,ME,23,11,2,"PEROUTKA, MICHAEL",CONSTITUTION PARTY,FALSE,735,740752,20210113,OTHER,FALSE
2004,MAINE,ME,23,11,2,"THE BETTER LIFE,",INDEPENDENT,FALSE,8069,740752,20210113,OTHER,FALSE
2004,MARYLAND,MD,24,52,52,"BADNARIK, MICHAEL",LIBERTARIAN,FALSE,6094,2384238,20210113,LIBERTARIAN,FALSE
2004,MARYLAND,MD,24,52,52,"BUSH, GEORGE W.",REPUBLICAN,FALSE,1024703,2384238,20210113,REPUBLICAN,FALSE
2004,MARYLAND,MD,24,52,52,"COBB, DAVID",GREEN,FALSE,3632,2384238,20210113,OTHER,FALSE
2004,MARYLAND,MD,24,52,52,"KERRY, JOHN",DEMOCRAT,FALSE,1334493,2384238,20210113,DEMOCRAT,FALSE
2004,MARYLAND,MD,24,52,52,"NADER, RALPH",POPULIST,FALSE,11854,2384238,20210113,OTHER,FALSE
2004,MARYLAND,MD,24,52,52,OTHER,UNAFFILIATED,TRUE,34,2384238,20210113,OTHER,FALSE
2004,MARYLAND,MD,24,52,52,OTHER,DEMOCRAT,TRUE,7,2384238,20210113,DEMOCRAT,FALSE
2004,MARYLAND,MD,24,52,52,"PEROUTKA, MICHAEL",CONSTITUTION PARTY,FALSE,3421,2384238,20210113,OTHER,FALSE
2004,MASSACHUSETTS,MA,25,14,3,"BADNARIK, MICHAEL",LIBERTARIAN,FALSE,15022,2927455,20210113,LIBERTARIAN,FALSE
2004,MASSACHUSETTS,MA,25,14,3,BLANK VOTE/SCATTERING,UNKNOWN,FALSE,15067,2927455,20210113,OTHER,FALSE
2004,MASSACHUSETTS,MA,25,14,3,"BUSH, GEORGE W.",REPUBLICAN,FALSE,1071109,2927455,20210113,REPUBLICAN,FALSE
2004,MASSACHUSETTS,MA,25,14,3,"COBB, DAVID",GREEN-RAINBOW,FALSE,10623,2927455,20210113,OTHER,FALSE
2004,MASSACHUSETTS,MA,25,14,3,"KERRY, JOHN",DEMOCRAT,FALSE,1803800,2927455,20210113,DEMOCRAT,FALSE
2004,MASSACHUSETTS,MA,25,14,3,"NADER, RALPH",INDEPENDENT,TRUE,4806,2927455,20210113,OTHER,FALSE
2004,MASSACHUSETTS,MA,25,14,3,OTHER,UNKNOWN,FALSE,7028,2927455,20210113,OTHER,FALSE
2004,MICHIGAN,MI,26,34,23,"BADNARIK, MICHAEL",LIBERTARIAN,FALSE,10552,4839252,20210113,LIBERTARIAN,FALSE
2004,MICHIGAN,MI,26,34,23,"BROWN, WALT",NATURAL LAW,FALSE,1431,4839252,20210113,OTHER,FALSE
2004,MICHIGAN,MI,26,34,23,"BUSH, GEORGE W.",REPUBLICAN,FALSE,2313746,4839252,20210113,REPUBLICAN,FALSE
2004,MICHIGAN,MI,26,34,23,"COBB, DAVID",GREEN,FALSE,5325,4839252,20210113,OTHER,FALSE
2004,MICHIGAN,MI,26,34,23,"KERRY, JOHN",DEMOCRAT,FALSE,2479183,4839252,20210113,DEMOCRAT,FALSE
2004,MICHIGAN,MI,26,34,23,"NADER, RALPH",NO PARTY AFFILIATION,FALSE,24035,4839252,20210113,OTHER,FALSE
2004,MICHIGAN,MI,26,34,23,"PEROUTKA, MICHAEL",U.S. TAXPAYERS PARTY,FALSE,4980,4839252,20210113,OTHER,FALSE
2004,MINNESOTA,MN,27,41,33,"BADNARIK, MICHAEL",LIBERTARIAN,FALSE,4639,2828387,20210113,LIBERTARIAN,FALSE
2004,MINNESOTA,MN,27,41,33,"BUSH, GEORGE W.",REPUBLICAN,FALSE,1346695,2828387,20210113,REPUBLICAN,FALSE
2004,MINNESOTA,MN,27,41,33,"CALERO, ROGER",SOCIALIST WORKERS,FALSE,416,2828387,20210113,OTHER,FALSE
2004,MINNESOTA,MN,27,41,33,"COBB, DAVID",GREEN,FALSE,4408,2828387,20210113,OTHER,FALSE
2004,MINNESOTA,MN,27,41,33,"HARENS, THOMAS",CHRISTIAN FREEDOM PARTY,FALSE,2387,2828387,20210113,OTHER,FALSE
2004,MINNESOTA,MN,27,41,33,"KERRY, JOHN",DEMOCRATIC-FARMER-LABOR,FALSE,1445014,2828387,20210113,DEMOCRAT,FALSE
2004,MINNESOTA,MN,27,41,33,"NADER, RALPH",BETTER LIFE,FALSE,18683,2828387,20210113,OTHER,FALSE
2004,MINNESOTA,MN,27,41,33,OTHER,UNKNOWN,TRUE,2532,2828387,20210113,OTHER,FALSE
2004,MINNESOTA,MN,27,41,33,"PEROUTKA, MICHAEL",CONSTITUTION PARTY,FALSE,3074,2828387,20210113,OTHER,FALSE
2004,MINNESOTA,MN,27,41,33,"VAN AUKEN, BILL",SOCIALIST EQUALITY PARTY,FALSE,539,2828387,20210113,OTHER,FALSE
2004,MISSISSIPPI,MS,28,64,46,"BADNARIK, MICHAEL",LIBERTARIAN,FALSE,1793,1139824,20210113,LIBERTARIAN,FALSE
2004,MISSISSIPPI,MS,28,64,46,"BUSH, GEORGE W.",REPUBLICAN,FALSE,672660,1139824,20210113,REPUBLICAN,FALSE
2004,MISSISSIPPI,MS,28,64,46,"CALERO, ROGER",INDEPENDENT,FALSE,1599,1139824,20210113,OTHER,FALSE
2004,MISSISSIPPI,MS,28,64,46,"COBB, DAVID",GREEN,FALSE,1073,1139824,20210113,OTHER,FALSE
2004,MISSISSIPPI,MS,28,64,46,"KERRY, JOHN",DEMOCRAT,FALSE,457766,1139824,20210113,DEMOCRAT,FALSE
2004,MISSISSIPPI,MS,28,64,46,"NADER, RALPH",REFORM PARTY,FALSE,3175,1139824,20210113,OTHER,FALSE
2004,MISSISSIPPI,MS,28,64,46,"PEROUTKA, MICHAEL",CONSTITUTION PARTY,FALSE,1758,1139824,20210113,OTHER,FALSE
2004,MISSOURI,MO,29,43,34,"BADNARIK, MICHAEL",LIBERTARIAN,FALSE,9831,2731364,20210113,LIBERTARIAN,FALSE
2004,MISSOURI,MO,29,43,34,"BUSH, GEORGE W.",REPUBLICAN,FALSE,1455713,2731364,20210113,REPUBLICAN,FALSE
2004,MISSOURI,MO,29,43,34,"KERRY, JOHN",DEMOCRAT,FALSE,1259171,2731364,20210113,DEMOCRAT,FALSE
2004,MISSOURI,MO,29,43,34,"NADER, RALPH",INDEPENDENT,TRUE,1294,2731364,20210113,OTHER,FALSE
2004,MISSOURI,MO,29,43,34,"PEROUTKA, MICHAEL",CONSTITUTION PARTY,FALSE,5355,2731364,20210113,OTHER,FALSE
2004,MONTANA,MT,30,81,64,"BADNARIK, MICHAEL",LIBERTARIAN,FALSE,1733,450434,20210113,LIBERTARIAN,FALSE
2004,MONTANA,MT,30,81,64,"BUSH, GEORGE W.",REPUBLICAN,FALSE,266063,450434,20210113,REPUBLICAN,FALSE
2004,MONTANA,MT,30,81,64,"COBB, DAVID",GREEN,FALSE,996,450434,20210113,OTHER,FALSE
2004,MONTANA,MT,30,81,64,"KERRY, JOHN",DEMOCRAT,FALSE,173710,450434,20210113,DEMOCRAT,FALSE
2004,MONTANA,MT,30,81,64,"NADER, RALPH",INDEPENDENT,FALSE,6168,450434,20210113,OTHER,FALSE
2004,MONTANA,MT,30,81,64,"PEROUTKA, MICHAEL",CONSTITUTION PARTY,FALSE,1764,450434,20210113,OTHER,FALSE
2004,NEBRASKA,NE,31,46,35,"BADNARIK, MICHAEL",LIBERTARIAN,FALSE,2041,778186,20210113,LIBERTARIAN,FALSE
2004,NEBRASKA,NE,31,46,35,"BUSH, GEORGE W.",REPUBLICAN,FALSE,512814,778186,20210113,REPUBLICAN,FALSE
2004,NEBRASKA,NE,31,46,35,"COBB, DAVID",GREEN,FALSE,978,778186,20210113,OTHER,FALSE
2004,NEBRASKA,NE,31,46,35,"KERRY, JOHN",DEMOCRAT,FALSE,254328,778186,20210113,DEMOCRAT,FALSE
2004,NEBRASKA,NE,31,46,35,"NADER, RALPH",REFORM PARTY,FALSE,5780,778186,20210113,OTHER,FALSE
2004,NEBRASKA,NE,31,46,35,OTHER,NEBRASKA PARTY,FALSE,1314,778186,20210113,OTHER,FALSE
2004,NEBRASKA,NE,31,46,35,OTHER,UNKNOWN,TRUE,931,778186,20210113,OTHER,FALSE
2004,NEVADA,NV,32,88,65,"BADNARIK, MICHAEL",LIBERTARIAN,FALSE,3176,829587,20210113,LIBERTARIAN,FALSE
2004,NEVADA,NV,32,88,65,"BUSH, GEORGE W.",REPUBLICAN,FALSE,418690,829587,20210113,REPUBLICAN,FALSE
2004,NEVADA,NV,32,88,65,"COBB, DAVID",GREEN,FALSE,853,829587,20210113,OTHER,FALSE
2004,NEVADA,NV,32,88,65,"KERRY, JOHN",DEMOCRAT,FALSE,397190,829587,20210113,DEMOCRAT,FALSE
2004,NEVADA,NV,32,88,65,"NADER, RALPH",INDEPENDENT,FALSE,4838,829587,20210113,OTHER,FALSE
2004,NEVADA,NV,32,88,65,OTHER,UNKNOWN,FALSE,3688,829587,20210113,OTHER,FALSE
2004,NEVADA,NV,32,88,65,"PEROUTKA, MICHAEL",INDEPENDENT AMERICAN,FALSE,1152,829587,20210113,OTHER,FALSE
2004,NEW HAMPSHIRE,NH,33,12,4,"BUSH, GEORGE W.",REPUBLICAN,FALSE,331237,678287,20210113,REPUBLICAN,FALSE
2004,NEW HAMPSHIRE,NH,33,12,4,"KERRY, JOHN",DEMOCRAT,FALSE,340511,678287,20210113,DEMOCRAT,FALSE
2004,NEW HAMPSHIRE,NH,33,12,4,"NADER, RALPH",INDEPENDENT,FALSE,4479,678287,20210113,OTHER,FALSE
2004,NEW HAMPSHIRE,NH,33,12,4,OTHER,UNKNOWN,FALSE,1095,678287,20210113,OTHER,FALSE
2004,NEW HAMPSHIRE,NH,33,12,4,OTHER,UNKNOWN,TRUE,965,678287,20210113,OTHER,FALSE
2004,NEW JERSEY,NJ,34,22,12,"BUSH, GEORGE W.",REPUBLICAN,FALSE,1670003,3611691,20210113,REPUBLICAN,FALSE
2004,NEW JERSEY,NJ,34,22,12,"KERRY, JOHN",DEMOCRAT,FALSE,1911430,3611691,20210113,DEMOCRAT,FALSE
2004,NEW JERSEY,NJ,34,22,12,OTHER,INDEPENDENT,FALSE,30258,3611691,20210113,OTHER,FALSE
2004,NEW MEXICO,NM,35,85,66,"BADNARIK, MICHAEL",LIBERTARIAN,FALSE,2382,756304,20210113,LIBERTARIAN,FALSE
2004,NEW MEXICO,NM,35,85,66,"BUSH, GEORGE W.",REPUBLICAN,FALSE,376930,756304,20210113,REPUBLICAN,FALSE
2004,NEW MEXICO,NM,35,85,66,"COBB, DAVID",GREEN,FALSE,1226,756304,20210113,OTHER,FALSE
2004,NEW MEXICO,NM,35,85,66,"KERRY, JOHN",DEMOCRAT,FALSE,370942,756304,20210113,DEMOCRAT,FALSE
2004,NEW MEXICO,NM,35,85,66,"NADER, RALPH",INDEPENDENT,FALSE,4053,756304,20210113,OTHER,FALSE
2004,NEW MEXICO,NM,35,85,66,"PEROUTKA, MICHAEL",CONSTITUTION PARTY,FALSE,771,756304,20210113,OTHER,FALSE
2004,NEW YORK,NY,36,21,13,"BADNARIK, MICHAEL",LIBERTARIAN,FALSE,11607,7448266,20210113,LIBERTARIAN,FALSE
2004,NEW YORK,NY,36,21,13,BLANK VOTE/SCATTERING,UNKNOWN,FALSE,57230,7448266,20210113,OTHER,FALSE
2004,NEW YORK,NY,36,21,13,"BUSH, GEORGE W.",REPUBLICAN,FALSE,2806993,7448266,20210113,REPUBLICAN,FALSE
2004,NEW YORK,NY,36,21,13,"BUSH, GEORGE W.",CONSERVATIVE,FALSE,155574,7448266,20210113,OTHER,FALSE
2004,NEW YORK,NY,36,21,13,"CALERO, ROGER",SOCIALIST WORKERS,FALSE,2405,7448266,20210113,OTHER,FALSE
2004,NEW YORK,NY,36,21,13,"KERRY, JOHN",DEMOCRAT,FALSE,4180755,7448266,20210113,DEMOCRAT,FALSE
2004,NEW YORK,NY,36,21,13,"KERRY, JOHN",WORKING FAMILIES,FALSE,133525,7448266,20210113,OTHER,FALSE
2004,NEW YORK,NY,36,21,13,"NADER, RALPH",INDEPENDENCE,FALSE,84247,7448266,20210113,OTHER,FALSE
2004,NEW YORK,NY,36,21,13,"NADER, RALPH",PEACE AND JUSTICE,FALSE,15626,7448266,20210113,OTHER,FALSE
2004,NEW YORK,NY,36,21,13,OTHER,UNKNOWN,TRUE,304,7448266,20210113,OTHER,FALSE
2004,NORTH CAROLINA,NC,37,56,47,"BADNARIK, MICHAEL",LIBERTARIAN,FALSE,11731,3501007,20210113,LIBERTARIAN,FALSE
2004,NORTH CAROLINA,NC,37,56,47,"BUSH, GEORGE W.",REPUBLICAN,FALSE,1961166,3501007,20210113,REPUBLICAN,FALSE
2004,NORTH CAROLINA,NC,37,56,47,"KERRY, JOHN",DEMOCRAT,FALSE,1525849,3501007,20210113,DEMOCRAT,FALSE
2004,NORTH CAROLINA,NC,37,56,47,OTHER,UNAFFILIATED,TRUE,2261,3501007,20210113,OTHER,FALSE
2004,NORTH DAKOTA,ND,38,44,36,"BADNARIK, MICHAEL",LIBERTARIAN,FALSE,851,312833,20210113,LIBERTARIAN,FALSE
2004,NORTH DAKOTA,ND,38,44,36,"BUSH, GEORGE W.",REPUBLICAN,FALSE,196651,312833,20210113,REPUBLICAN,FALSE
2004,NORTH DAKOTA,ND,38,44,36,"KERRY, JOHN",DEMOCRAT,FALSE,111052,312833,20210113,DEMOCRAT,FALSE
2004,NORTH DAKOTA,ND,38,44,36,"NADER, RALPH",INDEPENDENT,FALSE,3756,312833,20210113,OTHER,FALSE
2004,NORTH DAKOTA,ND,38,44,36,OTHER,UNKNOWN,TRUE,9,312833,20210113,OTHER,FALSE
2004,NORTH DAKOTA,ND,38,44,36,"PEROUTKA, MICHAEL",CONSTITUTION PARTY,FALSE,514,312833,20210113,OTHER,FALSE
2004,OHIO,OH,39,31,24,"BUSH, GEORGE W.",REPUBLICAN,FALSE,2859764,5627903,20210113,REPUBLICAN,FALSE
2004,OHIO,OH,39,31,24,"KERRY, JOHN",DEMOCRAT,FALSE,2741165,5627903,20210113,DEMOCRAT,FALSE
2004,OHIO,OH,39,31,24,OTHER,UNKNOWN,FALSE,26616,5627903,20210113,OTHER,FALSE
2004,OHIO,OH,39,31,24,OTHER,UNKNOWN,TRUE,358,5627903,20210113,OTHER,FALSE
2004,OKLAHOMA,OK,40,73,53,"BUSH, GEORGE W.",REPUBLICAN,FALSE,959792,1463758,20210113,REPUBLICAN,FALSE
2004,OKLAHOMA,OK,40,73,53,"KERRY, JOHN",DEMOCRAT,FALSE,503966,1463758,20210113,DEMOCRAT,FALSE
2004,OREGON,OR,41,92,72,"BADNARIK, MICHAEL",LIBERTARIAN,FALSE,7260,1836782,20210113,LIBERTARIAN,FALSE
2004,OREGON,OR,41,92,72,"BUSH, GEORGE W.",REPUBLICAN,FALSE,866831,1836782,20210113,REPUBLICAN,FALSE
2004,OREGON,OR,41,92,72,"COBB, DAVID",PACIFIC GREEN,FALSE,5315,1836782,20210113,OTHER,FALSE
2004,OREGON,OR,41,92,72,"KERRY, JOHN",DEMOCRAT,FALSE,943163,1836782,20210113,DEMOCRAT,FALSE
2004,OREGON,OR,41,92,72,OTHER,UNKNOWN,FALSE,8956,1836782,20210113,OTHER,FALSE
2004,OREGON,OR,41,92,72,"PEROUTKA, MICHAEL",CONSTITUTION PARTY,FALSE,5257,1836782,20210113,OTHER,FALSE
2004,PENNSYLVANIA,PA,42,23,14,"BADNARIK, MICHAEL",LIBERTARIAN,FALSE,21185,5769590,20210113,LIBERTARIAN,FALSE
2004,PENNSYLVANIA,PA,42,23,14,BLANK VOTE/SCATTERING,UNKNOWN,FALSE,1170,5769590,20210113,OTHER,FALSE
2004,PENNSYLVANIA,PA,42,23,14,"BUSH, GEORGE W.",REPUBLICAN,FALSE,2793847,5769590,20210113,REPUBLICAN,FALSE
2004,PENNSYLVANIA,PA,42,23,14,"COBB, DAVID",GREEN,FALSE,6319,5769590,20210113,OTHER,FALSE
2004,PENNSYLVANIA,PA,42,23,14,"INDEPENDENT PARTY CANDIDATE,",INDEPENDENT,TRUE,2656,5769590,20210113,OTHER,FALSE
2004,PENNSYLVANIA,PA,42,23,14,"KERRY, JOHN",DEMOCRAT,FALSE,2938095,5769590,20210113,DEMOCRAT,FALSE
2004,PENNSYLVANIA,PA,42,23,14,"PEROUTKA, MICHAEL",CONSTITUTION PARTY,FALSE,6318,5769590,20210113,OTHER,FALSE
2004,RHODE ISLAND,RI,44,15,5,"BADNARIK, MICHAEL",LIBERTARIAN,FALSE,907,437134,20210113,LIBERTARIAN,FALSE
2004,RHODE ISLAND,RI,44,15,5,"BUSH, GEORGE W.",REPUBLICAN,FALSE,169046,437134,20210113,REPUBLICAN,FALSE
2004,RHODE ISLAND,RI,44,15,5,"COBB, DAVID",GREEN,FALSE,1333,437134,20210113,OTHER,FALSE
2004,RHODE ISLAND,RI,44,15,5,"KERRY, JOHN",DEMOCRAT,FALSE,259760,437134,20210113,DEMOCRAT,FALSE
2004,RHODE ISLAND,RI,44,15,5,"NADER, RALPH",REFORM PARTY,FALSE,4651,437134,20210113,OTHER,FALSE
2004,RHODE ISLAND,RI,44,15,5,NONPARTISAN,NONPARTISAN,FALSE,845,437134,20210113,OTHER,FALSE
2004,RHODE ISLAND,RI,44,15,5,"PEROUTKA, MICHAEL",CONSTITUTION PARTY,FALSE,339,437134,20210113,OTHER,FALSE
2004,RHODE ISLAND,RI,44,15,5,WORKERS WORLD,WORKERS WORLD,FALSE,253,437134,20210113,OTHER,FALSE
2004,SOUTH CAROLINA,SC,45,57,48,"BADNARIK, MICHAEL",LIBERTARIAN,FALSE,3608,1617700,20210113,LIBERTARIAN,FALSE
2004,SOUTH CAROLINA,SC,45,57,48,"BROWN, WALT",UNITED CITIZENS,FALSE,2124,1617700,20210113,OTHER,FALSE
2004,SOUTH CAROLINA,SC,45,57,48,"BUSH, GEORGE W.",REPUBLICAN,FALSE,937974,1617700,20210113,REPUBLICAN,FALSE
2004,SOUTH CAROLINA,SC,45,57,48,"COBB, DAVID",GREEN,FALSE,1488,1617700,20210113,OTHER,FALSE
2004,SOUTH CAROLINA,SC,45,57,48,"KERRY, JOHN",DEMOCRAT,FALSE,661669,1617700,20210113,DEMOCRAT,FALSE
2004,SOUTH CAROLINA,SC,45,57,48,"NADER, RALPH",INDEPENDENCE,FALSE,5520,1617700,20210113,OTHER,FALSE
2004,SOUTH CAROLINA,SC,45,57,48,"PEROUTKA, MICHAEL",CONSTITUTION PARTY,FALSE,5317,1617700,20210113,OTHER,FALSE
2004,SOUTH DAKOTA,SD,46,45,37,"BADNARIK, MICHAEL",LIBERTARIAN,FALSE,964,388215,20210113,LIBERTARIAN,FALSE
2004,SOUTH DAKOTA,SD,46,45,37,"BUSH, GEORGE W.",REPUBLICAN,FALSE,232584,388215,20210113,REPUBLICAN,FALSE
2004,SOUTH DAKOTA,SD,46,45,37,"KERRY, JOHN",DEMOCRAT,FALSE,149244,388215,20210113,DEMOCRAT,FALSE
2004,SOUTH DAKOTA,SD,46,45,37,"NADER, RALPH",INDEPENDENT,FALSE,4320,388215,20210113,OTHER,FALSE
2004,SOUTH DAKOTA,SD,46,45,37,"PEROUTKA, MICHAEL",CONSTITUTION PARTY,FALSE,1103,388215,20210113,OTHER,FALSE
2004,TENNESSEE,TN,47,62,54,"BUSH, GEORGE W.",REPUBLICAN,FALSE,1384375,2437319,20210113,REPUBLICAN,FALSE
2004,TENNESSEE,TN,47,62,54,"KERRY, JOHN",DEMOCRAT,FALSE,1036477,2437319,20210113,DEMOCRAT,FALSE
2004,TENNESSEE,TN,47,62,54,OTHER,INDEPENDENT,FALSE,16428,2437319,20210113,OTHER,FALSE
2004,TENNESSEE,TN,47,62,54,OTHER,UNKNOWN,TRUE,39,2437319,20210113,OTHER,FALSE
2004,TEXAS,TX,48,74,49,"BADNARIK, MICHAEL",LIBERTARIAN,FALSE,38787,7410749,20210113,LIBERTARIAN,FALSE
2004,TEXAS,TX,48,74,49,"BUSH, GEORGE W.",REPUBLICAN,FALSE,4526917,7410749,20210113,REPUBLICAN,FALSE
2004,TEXAS,TX,48,74,49,"KERRY, JOHN",DEMOCRAT,FALSE,2832704,7410749,20210113,DEMOCRAT,FALSE
2004,TEXAS,TX,48,74,49,OTHER,UNKNOWN,TRUE,12341,7410749,20210113,OTHER,FALSE
2004,UTAH,UT,49,87,67,"BADNARIK, MICHAEL",LIBERTARIAN,FALSE,3375,927844,20210113,LIBERTARIAN,FALSE
2004,UTAH,UT,49,87,67,"BUSH, GEORGE W.",REPUBLICAN,FALSE,663742,927844,20210113,REPUBLICAN,FALSE
2004,UTAH,UT,49,87,67,"CALERO, ROGER",SOCIALIST WORKERS,FALSE,393,927844,20210113,OTHER,FALSE
2004,UTAH,UT,49,87,67,"JAY, CHARLES",PERSONAL CHOICE,FALSE,946,927844,20210113,OTHER,FALSE
2004,UTAH,UT,49,87,67,"KERRY, JOHN",DEMOCRAT,FALSE,241199,927844,20210113,DEMOCRAT,FALSE
2004,UTAH,UT,49,87,67,"NADER, RALPH",UNAFFILIATED,FALSE,11305,927844,20210113,OTHER,FALSE
2004,UTAH,UT,49,87,67,OTHER,UNKNOWN,TRUE,43,927844,20210113,OTHER,FALSE
2004,UTAH,UT,49,87,67,"PEROUTKA, MICHAEL",CONSTITUTION PARTY,FALSE,6841,927844,20210113,OTHER,FALSE
2004,VERMONT,VT,50,13,6,"BADNARIK, MICHAEL",LIBERTARIAN,FALSE,1102,312309,20210113,LIBERTARIAN,FALSE
2004,VERMONT,VT,50,13,6,"BUSH, GEORGE W.",REPUBLICAN,FALSE,121180,312309,20210113,REPUBLICAN,FALSE
2004,VERMONT,VT,50,13,6,"CALERO, ROGER",SOCIALIST WORKERS,FALSE,244,312309,20210113,OTHER,FALSE
2004,VERMONT,VT,50,13,6,"KERRY, JOHN",DEMOCRAT,FALSE,184067,312309,20210113,DEMOCRAT,FALSE
2004,VERMONT,VT,50,13,6,"NADER, RALPH",INDEPENDENT,FALSE,4494,312309,20210113,OTHER,FALSE
2004,VERMONT,VT,50,13,6,OTHER,UNKNOWN,TRUE,957,312309,20210113,OTHER,FALSE
2004,VERMONT,VT,50,13,6,"PARKER, JOHN",LIBERTY UNION PARTY,FALSE,265,312309,20210113,OTHER,FALSE
2004,VIRGINIA,VA,51,54,40,"BADNARIK, MICHAEL",LIBERTARIAN,FALSE,11032,3195415,20210113,LIBERTARIAN,FALSE
2004,VIRGINIA,VA,51,54,40,"BUSH, GEORGE W.",REPUBLICAN,FALSE,1716959,3195415,20210113,REPUBLICAN,FALSE
2004,VIRGINIA,VA,51,54,40,"KERRY, JOHN",DEMOCRAT,FALSE,1454742,3195415,20210113,DEMOCRAT,FALSE
2004,VIRGINIA,VA,51,54,40,OTHER,UNKNOWN,TRUE,2521,3195415,20210113,OTHER,FALSE
2004,VIRGINIA,VA,51,54,40,"PEROUTKA, MICHAEL",CONSTITUTION PARTY,FALSE,10161,3195415,20210113,OTHER,FALSE
2004,WASHINGTON,WA,53,91,73,"BADNARIK, MICHAEL",LIBERTARIAN,FALSE,11955,2859084,20210113,LIBERTARIAN,FALSE
2004,WASHINGTON,WA,53,91,73,"BUSH, GEORGE W.",REPUBLICAN,FALSE,1304894,2859084,20210113,REPUBLICAN,FALSE
2004,WASHINGTON,WA,53,91,73,"CALERO, ROGER",SOCIALIST WORKERS,FALSE,547,2859084,20210113,OTHER,FALSE
2004,WASHINGTON,WA,53,91,73,"COBB, DAVID",GREEN,FALSE,2974,2859084,20210113,OTHER,FALSE
2004,WASHINGTON,WA,53,91,73,"KERRY, JOHN",DEMOCRAT,FALSE,1510201,2859084,20210113,DEMOCRAT,FALSE
2004,WASHINGTON,WA,53,91,73,"NADER, RALPH",INDEPENDENT,FALSE,23283,2859084,20210113,OTHER,FALSE
2004,WASHINGTON,WA,53,91,73,"PARKER, JOHN",WORKERS WORLD,FALSE,1077,2859084,20210113,OTHER,FALSE
2004,WASHINGTON,WA,53,91,73,"PEROUTKA, MICHAEL",CONSTITUTION PARTY,FALSE,3922,2859084,20210113,OTHER,FALSE
2004,WASHINGTON,WA,53,91,73,"VAN AUKEN, BILL",SOCIALIST EQUALITY PARTY,FALSE,231,2859084,20210113,OTHER,FALSE
2004,WEST VIRGINIA,WV,54,55,56,"BADNARIK, MICHAEL",LIBERTARIAN,FALSE,1405,755792,20210113,LIBERTARIAN,FALSE
2004,WEST VIRGINIA,WV,54,55,56,"BUSH, GEORGE W.",REPUBLICAN,FALSE,423778,755792,20210113,REPUBLICAN,FALSE
2004,WEST VIRGINIA,WV,54,55,56,"COBB, DAVID",UNKNOWN,TRUE,5,755792,20210113,OTHER,FALSE
2004,WEST VIRGINIA,WV,54,55,56,"KERRY, JOHN",DEMOCRAT,FALSE,326541,755792,20210113,DEMOCRAT,FALSE
2004,WEST VIRGINIA,WV,54,55,56,"NADER, RALPH",INDEPENDENT,FALSE,4063,755792,20210113,OTHER,FALSE
2004,WISCONSIN,WI,55,35,25,"BADNARIK, MICHAEL",LIBERTARIAN,FALSE,6464,2997007,20210113,LIBERTARIAN,FALSE
2004,WISCONSIN,WI,55,35,25,BLANK VOTE/SCATTERING,UNKNOWN,FALSE,2986,2997007,20210113,OTHER,FALSE
2004,WISCONSIN,WI,55,35,25,"BUSH, GEORGE W.",REPUBLICAN,FALSE,1478120,2997007,20210113,REPUBLICAN,FALSE
2004,WISCONSIN,WI,55,35,25,"COBB, DAVID",WISCONSIN GREEN,FALSE,2661,2997007,20210113,OTHER,FALSE
2004,WISCONSIN,WI,55,35,25,"KERRY, JOHN",DEMOCRAT,FALSE,1489504,2997007,20210113,DEMOCRAT,FALSE
2004,WISCONSIN,WI,55,35,25,"NADER, RALPH",INDEPENDENT,FALSE,17272,2997007,20210113,OTHER,FALSE
2004,WYOMING,WY,56,83,68,"BADNARIK, MICHAEL",LIBERTARIAN,FALSE,1171,243861,20210113,LIBERTARIAN,FALSE
2004,WYOMING,WY,56,83,68,"BUSH, GEORGE W.",REPUBLICAN,FALSE,167629,243861,20210113,REPUBLICAN,FALSE
2004,WYOMING,WY,56,83,68,"KERRY, JOHN",DEMOCRAT,FALSE,70776,243861,20210113,DEMOCRAT,FALSE
2004,WYOMING,WY,56,83,68,"NADER, RALPH",INDEPENDENT,FALSE,3372,243861,20210113,OTHER,FALSE
2004,WYOMING,WY,56,83,68,OTHER,UNKNOWN,TRUE,480,243861,20210113,OTHER,FALSE
2004,WYOMING,WY,56,83,68,OTHER,UNKNOWN,FALSE,433,243861,20210113,OTHER,FALSE
2008,ALABAMA,AL,1,63,41,"MCCAIN, JOHN",REPUBLICAN,FALSE,1266546,2099819,20210113,REPUBLICAN,FALSE
2008,ALABAMA,AL,1,63,41,"OBAMA, BARACK H.",DEMOCRAT,FALSE,813479,2099819,20210113,DEMOCRAT,FALSE
2008,ALABAMA,AL,1,63,41,UNKNOWN/SCATTERING,INDEPENDENT,FALSE,16089,2099819,20210113,OTHER,FALSE
2008,ALABAMA,AL,1,63,41,UNKNOWN/SCATTERING,UNKNOWN,TRUE,3705,2099819,20210113,OTHER,FALSE
2008,ALASKA,AK,2,94,81,"BALDWIN, CHARLES ""CHUCK""",ALASKAN INDEPENDENCE PARTY,FALSE,1660,326197,20210113,OTHER,FALSE
2008,ALASKA,AK,2,94,81,"BARR, BOB",LIBERTARIAN,FALSE,1589,326197,20210113,LIBERTARIAN,FALSE
2008,ALASKA,AK,2,94,81,"MCCAIN, JOHN",REPUBLICAN,FALSE,193841,326197,20210113,REPUBLICAN,FALSE
2008,ALASKA,AK,2,94,81,"NADER, RALPH",INDEPENDENT,FALSE,3783,326197,20210113,OTHER,FALSE
2008,ALASKA,AK,2,94,81,"OBAMA, BARACK H.",DEMOCRAT,FALSE,123594,326197,20210113,DEMOCRAT,FALSE
2008,ALASKA,AK,2,94,81,UNKNOWN/SCATTERING,UNKNOWN,TRUE,1730,326197,20210113,OTHER,FALSE
2008,ARIZONA,AZ,4,86,61,"BARR, BOB",LIBERTARIAN,FALSE,12555,2293475,20210113,LIBERTARIAN,FALSE
2008,ARIZONA,AZ,4,86,61,"MCCAIN, JOHN",REPUBLICAN,FALSE,1230111,2293475,20210113,REPUBLICAN,FALSE
2008,ARIZONA,AZ,4,86,61,"MCKINNEY, CYNTHIA",GREEN,FALSE,3406,2293475,20210113,OTHER,FALSE
2008,ARIZONA,AZ,4,86,61,"NADER, RALPH",INDEPENDENT,FALSE,11301,2293475,20210113,OTHER,FALSE
2008,ARIZONA,AZ,4,86,61,"OBAMA, BARACK H.",DEMOCRAT,FALSE,1034707,2293475,20210113,DEMOCRAT,FALSE
2008,ARIZONA,AZ,4,86,61,UNKNOWN/SCATTERING,UNKNOWN,TRUE,1395,2293475,20210113,OTHER,FALSE
2008,ARKANSAS,AR,5,71,42,"BALDWIN, CHARLES ""CHUCK""",CONSTITUTION PARTY,FALSE,4023,1086617,20210113,OTHER,FALSE
2008,ARKANSAS,AR,5,71,42,"BARR, BOB",LIBERTARIAN,FALSE,4776,1086617,20210113,LIBERTARIAN,FALSE
2008,ARKANSAS,AR,5,71,42,"LA RIVA, GLORIA ESTELLA",SOCIALISM AND LIBERATION PARTY,FALSE,1139,1086617,20210113,OTHER,FALSE
2008,ARKANSAS,AR,5,71,42,"MCCAIN, JOHN",REPUBLICAN,FALSE,638017,1086617,20210113,REPUBLICAN,FALSE
2008,ARKANSAS,AR,5,71,42,"MCKINNEY, CYNTHIA",GREEN,FALSE,3470,1086617,20210113,OTHER,FALSE
2008,ARKANSAS,AR,5,71,42,"NADER, RALPH",INDEPENDENT,FALSE,12882,1086617,20210113,OTHER,FALSE
2008,ARKANSAS,AR,5,71,42,"OBAMA, BARACK H.",DEMOCRAT,FALSE,422310,1086617,20210113,DEMOCRAT,FALSE
2008,CALIFORNIA,CA,6,93,71,"BARR, BOB",LIBERTARIAN,FALSE,67582,13561900,20210113,LIBERTARIAN,FALSE
2008,CALIFORNIA,CA,6,93,71,"KEYES, ALAN",AMERICAN INDEPENDENT PARTY,FALSE,40673,13561900,20210113,OTHER,FALSE
2008,CALIFORNIA,CA,6,93,71,"MCCAIN, JOHN",REPUBLICAN,FALSE,5011781,13561900,20210113,REPUBLICAN,FALSE
2008,CALIFORNIA,CA,6,93,71,"MCKINNEY, CYNTHIA",GREEN,FALSE,38774,13561900,20210113,OTHER,FALSE
2008,CALIFORNIA,CA,6,93,71,"NADER, RALPH",PEACE & FREEDOM,FALSE,108381,13561900,20210113,OTHER,FALSE
2008,CALIFORNIA,CA,6,93,71,"OBAMA, BARACK H.",DEMOCRAT,FALSE,8274473,13561900,20210113,DEMOCRAT,FALSE
2008,CALIFORNIA,CA,6,93,71,UNKNOWN/SCATTERING,INDEPENDENT,TRUE,20236,13561900,20210113,OTHER,FALSE
2008,COLORADO,CO,8,84,62,"ALLEN, JONATHAN",HEARTQUAKE '08,FALSE,348,2401361,20210113,OTHER,FALSE
2008,COLORADO,CO,8,84,62,"AMONDSON, GENE",PROHIBITION,FALSE,85,2401361,20210113,OTHER,FALSE
2008,COLORADO,CO,8,84,62,"BALDWIN, CHARLES ""CHUCK""",CONSTITUTION PARTY,FALSE,6233,2401361,20210113,OTHER,FALSE
2008,COLORADO,CO,8,84,62,"BARR, BOB",LIBERTARIAN,FALSE,10897,2401361,20210113,LIBERTARIAN,FALSE
2008,COLORADO,CO,8,84,62,"HARRIS, JAMES",SOCIALIST WORKERS,FALSE,154,2401361,20210113,OTHER,FALSE
2008,COLORADO,CO,8,84,62,"JAY, CHARLES",BOSTON TEA PARTY,FALSE,598,2401361,20210113,OTHER,FALSE
2008,COLORADO,CO,8,84,62,"KEYES, ALAN",AMERICA'S INDEPENDENT PARTY,FALSE,3051,2401361,20210113,OTHER,FALSE
2008,COLORADO,CO,8,84,62,"LA RIVA, GLORIA ESTELLA",SOCIALISM AND LIBERATION PARTY,FALSE,158,2401361,20210113,OTHER,FALSE
2008,COLORADO,CO,8,84,62,"LYTTLE, BRADFORD",U.S. PACIFIST PARTY,FALSE,110,2401361,20210113,OTHER,FALSE
2008,COLORADO,CO,8,84,62,"MCCAIN, JOHN",REPUBLICAN,FALSE,1073589,2401361,20210113,REPUBLICAN,FALSE
2008,COLORADO,CO,8,84,62,"MCENULTY, FRANK",UNAFFILIATED,FALSE,828,2401361,20210113,OTHER,FALSE
2008,COLORADO,CO,8,84,62,"MCKINNEY, CYNTHIA",GREEN,FALSE,2822,2401361,20210113,OTHER,FALSE
2008,COLORADO,CO,8,84,62,"MOORE, BRIAN",SOCIALIST,FALSE,226,2401361,20210113,OTHER,FALSE
2008,COLORADO,CO,8,84,62,"NADER, RALPH",INDEPENDENT,FALSE,13350,2401361,20210113,OTHER,FALSE
2008,COLORADO,CO,8,84,62,"OBAMA, BARACK H.",DEMOCRAT,FALSE,1288576,2401361,20210113,DEMOCRAT,FALSE
2008,COLORADO,CO,8,84,62,"STEVENS, THOMAS R.",OBJECTIVIST PARTY,FALSE,336,2401361,20210113,OTHER,FALSE
2008,CONNECTICUT,CT,9,16,1,"MCCAIN, JOHN",REPUBLICAN,FALSE,629428,1646792,20210113,REPUBLICAN,FALSE
2008,CONNECTICUT,CT,9,16,1,"NADER, RALPH",INDEPENDENT,FALSE,19162,1646792,20210113,OTHER,FALSE
2008,CONNECTICUT,CT,9,16,1,"OBAMA, BARACK H.",DEMOCRAT,FALSE,997772,1646792,20210113,DEMOCRAT,FALSE
2008,CONNECTICUT,CT,9,16,1,UNKNOWN/SCATTERING,UNKNOWN,TRUE,430,1646792,20210113,OTHER,FALSE
2008,DELAWARE,DE,10,51,11,"BALDWIN, CHARLES ""CHUCK""",CONSTITUTION PARTY,FALSE,626,412412,20210113,OTHER,FALSE
2008,DELAWARE,DE,10,51,11,"BARR, BOB",LIBERTARIAN,FALSE,1109,412412,20210113,LIBERTARIAN,FALSE
2008,DELAWARE,DE,10,51,11,"CALERO, ROGER",SOCIALIST WORKERS,FALSE,58,412412,20210113,OTHER,FALSE
2008,DELAWARE,DE,10,51,11,"MCCAIN, JOHN",REPUBLICAN,FALSE,152374,412412,20210113,REPUBLICAN,FALSE
2008,DELAWARE,DE,10,51,11,"MCKINNEY, CYNTHIA",GREEN,FALSE,385,412412,20210113,OTHER,FALSE
2008,DELAWARE,DE,10,51,11,"NADER, RALPH",INDEPENDENT,FALSE,2401,412412,20210113,OTHER,FALSE
2008,DELAWARE,DE,10,51,11,"OBAMA, BARACK H.",DEMOCRAT,FALSE,255459,412412,20210113,DEMOCRAT,FALSE
2008,DISTRICT OF COLUMBIA,DC,11,53,55,"MCCAIN, JOHN",REPUBLICAN,FALSE,17367,265853,20210113,REPUBLICAN,FALSE
2008,DISTRICT OF COLUMBIA,DC,11,53,55,"MCKINNEY, CYNTHIA",GREEN,FALSE,590,265853,20210113,OTHER,FALSE
2008,DISTRICT OF COLUMBIA,DC,11,53,55,"NADER, RALPH",INDEPENDENT,FALSE,958,265853,20210113,OTHER,FALSE
2008,DISTRICT OF COLUMBIA,DC,11,53,55,"OBAMA, BARACK H.",DEMOCRAT,FALSE,245800,265853,20210113,DEMOCRAT,FALSE
2008,DISTRICT OF COLUMBIA,DC,11,53,55,UNKNOWN/SCATTERING,UNKNOWN,TRUE,1138,265853,20210113,OTHER,FALSE
2008,FLORIDA,FL,12,59,43,"AMONDSON, GENE",PROHIBITION,FALSE,293,8390744,20210113,OTHER,FALSE
2008,FLORIDA,FL,12,59,43,"BALDWIN, CHARLES ""CHUCK""",CONSTITUTION PARTY,FALSE,7915,8390744,20210113,OTHER,FALSE
2008,FLORIDA,FL,12,59,43,"BARR, BOB",LIBERTARIAN,FALSE,17218,8390744,20210113,LIBERTARIAN,FALSE
2008,FLORIDA,FL,12,59,43,"CALERO, ROGER",SOCIALIST WORKERS,FALSE,533,8390744,20210113,OTHER,FALSE
2008,FLORIDA,FL,12,59,43,"JAY, CHARLES",BOSTON TEA PARTY,FALSE,795,8390744,20210113,OTHER,FALSE
2008,FLORIDA,FL,12,59,43,"KEYES, ALAN",AMERICA'S INDEPENDENT PARTY,FALSE,2550,8390744,20210113,OTHER,FALSE
2008,FLORIDA,FL,12,59,43,"LA RIVA, GLORIA ESTELLA",SOCIALISM AND LIBERATION PARTY,FALSE,1516,8390744,20210113,OTHER,FALSE
2008,FLORIDA,FL,12,59,43,"MCCAIN, JOHN",REPUBLICAN,FALSE,4045624,8390744,20210113,REPUBLICAN,FALSE
2008,FLORIDA,FL,12,59,43,"MCKINNEY, CYNTHIA",GREEN,FALSE,2887,8390744,20210113,OTHER,FALSE
2008,FLORIDA,FL,12,59,43,"MOORE, BRIAN",SOCIALIST,FALSE,405,8390744,20210113,OTHER,FALSE
2008,FLORIDA,FL,12,59,43,"NADER, RALPH",ECOLOGY PARTY OF FLORIDA,FALSE,28124,8390744,20210113,OTHER,FALSE
2008,FLORIDA,FL,12,59,43,"OBAMA, BARACK H.",DEMOCRAT,FALSE,4282074,8390744,20210113,DEMOCRAT,FALSE
2008,FLORIDA,FL,12,59,43,"STEVENS, THOMAS R.",OBJECTIVIST PARTY,FALSE,419,8390744,20210113,OTHER,FALSE
2008,FLORIDA,FL,12,59,43,UNKNOWN/SCATTERING,UNKNOWN,TRUE,391,8390744,20210113,OTHER,FALSE
2008,GEORGIA,GA,13,58,44,"BARR, BOB",LIBERTARIAN,FALSE,28731,3924486,20210113,LIBERTARIAN,FALSE
2008,GEORGIA,GA,13,58,44,"MCCAIN, JOHN",REPUBLICAN,FALSE,2048759,3924486,20210113,REPUBLICAN,FALSE
2008,GEORGIA,GA,13,58,44,"OBAMA, BARACK H.",DEMOCRAT,FALSE,1844123,3924486,20210113,DEMOCRAT,FALSE
2008,GEORGIA,GA,13,58,44,UNKNOWN/SCATTERING,UNKNOWN,TRUE,1715,3924486,20210113,OTHER,FALSE
2008,GEORGIA,GA,13,58,44,UNKNOWN/SCATTERING,INDEPENDENT,TRUE,1158,3924486,20210113,OTHER,FALSE
2008,HAWAII,HI,15,95,82,"BALDWIN, CHARLES ""CHUCK""",CONSTITUTION PARTY,FALSE,1013,456064,20210113,OTHER,FALSE
2008,HAWAII,HI,15,95,82,"BARR, BOB",LIBERTARIAN,FALSE,1314,456064,20210113,LIBERTARIAN,FALSE
2008,HAWAII,HI,15,95,82,BLANK VOTE,UNKNOWN,FALSE,2193,456064,20210113,OTHER,FALSE
2008,HAWAII,HI,15,95,82,"MCCAIN, JOHN",REPUBLICAN,FALSE,120566,456064,20210113,REPUBLICAN,FALSE
2008,HAWAII,HI,15,95,82,"MCKINNEY, CYNTHIA",GREEN,FALSE,979,456064,20210113,OTHER,FALSE
2008,HAWAII,HI,15,95,82,"NADER, RALPH",INDEPENDENT,FALSE,3825,456064,20210113,OTHER,FALSE
2008,HAWAII,HI,15,95,82,"OBAMA, BARACK H.",DEMOCRAT,FALSE,325871,456064,20210113,DEMOCRAT,FALSE
2008,HAWAII,HI,15,95,82,OVER VOTE,UNKNOWN,FALSE,303,456064,20210113,OTHER,FALSE
2008,IDAHO,ID,16,82,63,"BALDWIN, CHARLES ""CHUCK""",CONSTITUTION PARTY,FALSE,4747,655122,20210113,OTHER,FALSE
2008,IDAHO,ID,16,82,63,"BARR, BOB",LIBERTARIAN,FALSE,3658,655122,20210113,LIBERTARIAN,FALSE
2008,IDAHO,ID,16,82,63,"MCCAIN, JOHN",REPUBLICAN,FALSE,403012,655122,20210113,REPUBLICAN,FALSE
2008,IDAHO,ID,16,82,63,"NADER, RALPH",INDEPENDENT,FALSE,7175,655122,20210113,OTHER,FALSE
2008,IDAHO,ID,16,82,63,"OBAMA, BARACK H.",DEMOCRAT,FALSE,236440,655122,20210113,DEMOCRAT,FALSE
2008,IDAHO,ID,16,82,63,UNKNOWN/SCATTERING,UNKNOWN,TRUE,90,655122,20210113,OTHER,FALSE
2008,ILLINOIS,IL,17,33,21,"BALDWIN, CHARLES ""CHUCK""",CONSTITUTION PARTY,FALSE,8256,5522371,20210113,OTHER,FALSE
2008,ILLINOIS,IL,17,33,21,"BARR, BOB",LIBERTARIAN,FALSE,19642,5522371,20210113,LIBERTARIAN,FALSE
2008,ILLINOIS,IL,17,33,21,"MCCAIN, JOHN",REPUBLICAN,FALSE,2031179,5522371,20210113,REPUBLICAN,FALSE
2008,ILLINOIS,IL,17,33,21,"MCKINNEY, CYNTHIA",GREEN,FALSE,11838,5522371,20210113,OTHER,FALSE
2008,ILLINOIS,IL,17,33,21,"NADER, RALPH",INDEPENDENT,FALSE,30948,5522371,20210113,OTHER,FALSE
2008,ILLINOIS,IL,17,33,21,"OBAMA, BARACK H.",DEMOCRAT,FALSE,3419348,5522371,20210113,DEMOCRAT,FALSE
2008,ILLINOIS,IL,17,33,21,UNKNOWN/SCATTERING,NEW,FALSE,1149,5522371,20210113,OTHER,FALSE
2008,ILLINOIS,IL,17,33,21,UNKNOWN/SCATTERING,UNKNOWN,TRUE,11,5522371,20210113,OTHER,FALSE
2008,INDIANA,IN,18,32,22,"BARR, BOB",LIBERTARIAN,FALSE,29257,2751054,20210113,LIBERTARIAN,FALSE
2008,INDIANA,IN,18,32,22,"MCCAIN, JOHN",REPUBLICAN,FALSE,1345648,2751054,20210113,REPUBLICAN,FALSE
2008,INDIANA,IN,18,32,22,"NADER, RALPH",INDEPENDENT,TRUE,909,2751054,20210113,OTHER,FALSE
2008,INDIANA,IN,18,32,22,"OBAMA, BARACK H.",DEMOCRAT,FALSE,1374039,2751054,20210113,DEMOCRAT,FALSE
2008,INDIANA,IN,18,32,22,UNKNOWN/SCATTERING,UNKNOWN,TRUE,1201,2751054,20210113,OTHER,FALSE
2008,IOWA,IA,19,42,31,"BALDWIN, CHARLES ""CHUCK""",CONSTITUTION PARTY,FALSE,4445,1537123,20210113,OTHER,FALSE
2008,IOWA,IA,19,42,31,"BARR, BOB",LIBERTARIAN,FALSE,4590,1537123,20210113,LIBERTARIAN,FALSE
2008,IOWA,IA,19,42,31,"HARRIS, JAMES",SOCIALIST WORKERS,FALSE,292,1537123,20210113,OTHER,FALSE
2008,IOWA,IA,19,42,31,"LA RIVA, GLORIA ESTELLA",SOCIALISM AND LIBERATION PARTY,FALSE,121,1537123,20210113,OTHER,FALSE
2008,IOWA,IA,19,42,31,"MCCAIN, JOHN",REPUBLICAN,FALSE,682379,1537123,20210113,REPUBLICAN,FALSE
2008,IOWA,IA,19,42,31,"MCKINNEY, CYNTHIA",GREEN,FALSE,1423,1537123,20210113,OTHER,FALSE
2008,IOWA,IA,19,42,31,"MOORE, BRIAN",SOCIALIST,FALSE,182,1537123,20210113,OTHER,FALSE
2008,IOWA,IA,19,42,31,"NADER, RALPH",PEACE & FREEDOM,FALSE,8014,1537123,20210113,OTHER,FALSE
2008,IOWA,IA,19,42,31,"OBAMA, BARACK H.",DEMOCRAT,FALSE,828940,1537123,20210113,DEMOCRAT,FALSE
2008,IOWA,IA,19,42,31,UNKNOWN/SCATTERING,UNKNOWN,TRUE,6737,1537123,20210113,OTHER,FALSE
2008,KANSAS,KS,20,47,32,"BALDWIN, CHARLES ""CHUCK""",REFORM PARTY,FALSE,4148,1235872,20210113,OTHER,FALSE
2008,KANSAS,KS,20,47,32,"BARR, BOB",LIBERTARIAN,FALSE,6706,1235872,20210113,LIBERTARIAN,FALSE
2008,KANSAS,KS,20,47,32,"MCCAIN, JOHN",REPUBLICAN,FALSE,699655,1235872,20210113,REPUBLICAN,FALSE
2008,KANSAS,KS,20,47,32,"NADER, RALPH",INDEPENDENT,FALSE,10598,1235872,20210113,OTHER,FALSE
2008,KANSAS,KS,20,47,32,"OBAMA, BARACK H.",DEMOCRAT,FALSE,514765,1235872,20210113,DEMOCRAT,FALSE
2008,KENTUCKY,KY,21,61,51,"BALDWIN, CHARLES ""CHUCK""",CONSTITUTION PARTY,FALSE,4694,1826620,20210113,OTHER,FALSE
2008,KENTUCKY,KY,21,61,51,"BARR, BOB",LIBERTARIAN,FALSE,5989,1826620,20210113,LIBERTARIAN,FALSE
2008,KENTUCKY,KY,21,61,51,"MCCAIN, JOHN",REPUBLICAN,FALSE,1048462,1826620,20210113,REPUBLICAN,FALSE
2008,KENTUCKY,KY,21,61,51,"NADER, RALPH",INDEPENDENT,FALSE,15378,1826620,20210113,OTHER,FALSE
2008,KENTUCKY,KY,21,61,51,"OBAMA, BARACK H.",DEMOCRAT,FALSE,751985,1826620,20210113,DEMOCRAT,FALSE
2008,KENTUCKY,KY,21,61,51,UNKNOWN/SCATTERING,UNKNOWN,TRUE,112,1826620,20210113,OTHER,FALSE
2008,LOUISIANA,LA,22,72,45,"AMONDSON, GENE",PROHIBITION,FALSE,275,1960761,20210113,OTHER,FALSE
2008,LOUISIANA,LA,22,72,45,"BALDWIN, CHARLES ""CHUCK""",CONSTITUTION PARTY,FALSE,2581,1960761,20210113,OTHER,FALSE
2008,LOUISIANA,LA,22,72,45,"HARRIS, JAMES",SOCIALIST WORKERS,FALSE,735,1960761,20210113,OTHER,FALSE
2008,LOUISIANA,LA,22,72,45,"LA RIVA, GLORIA ESTELLA",SOCIALISM AND LIBERATION PARTY,FALSE,354,1960761,20210113,OTHER,FALSE
2008,LOUISIANA,LA,22,72,45,"MCCAIN, JOHN",REPUBLICAN,FALSE,1148275,1960761,20210113,REPUBLICAN,FALSE
2008,LOUISIANA,LA,22,72,45,"MCKINNEY, CYNTHIA",GREEN,FALSE,9187,1960761,20210113,OTHER,FALSE
2008,LOUISIANA,LA,22,72,45,"NADER, RALPH",INDEPENDENT,FALSE,6997,1960761,20210113,OTHER,FALSE
2008,LOUISIANA,LA,22,72,45,"OBAMA, BARACK H.",DEMOCRAT,FALSE,782989,1960761,20210113,DEMOCRAT,FALSE
2008,LOUISIANA,LA,22,72,45,"PAUL, RONALD ""RON""",LOUISIANA TAXPAYERS PARTY,FALSE,9368,1960761,20210113,OTHER,FALSE
2008,MAINE,ME,23,11,2,"MCCAIN, JOHN",REPUBLICAN,FALSE,295273,731163,20210113,REPUBLICAN,FALSE
2008,MAINE,ME,23,11,2,"MCKINNEY, CYNTHIA",GREEN,FALSE,2900,731163,20210113,OTHER,FALSE
2008,MAINE,ME,23,11,2,"NADER, RALPH",INDEPENDENT,FALSE,10636,731163,20210113,OTHER,FALSE
2008,MAINE,ME,23,11,2,"OBAMA, BARACK H.",DEMOCRAT,FALSE,421923,731163,20210113,DEMOCRAT,FALSE
2008,MAINE,ME,23,11,2,OTHER,UNKNOWN,FALSE,431,731163,20210113,OTHER,FALSE
2008,MARYLAND,MD,24,52,52,"BALDWIN, CHARLES ""CHUCK""",CONSTITUTION PARTY,FALSE,3760,2631596,20210113,OTHER,FALSE
2008,MARYLAND,MD,24,52,52,"BARR, BOB",LIBERTARIAN,FALSE,9842,2631596,20210113,LIBERTARIAN,FALSE
2008,MARYLAND,MD,24,52,52,"MCCAIN, JOHN",REPUBLICAN,FALSE,959862,2631596,20210113,REPUBLICAN,FALSE
2008,MARYLAND,MD,24,52,52,"MCKINNEY, CYNTHIA",GREEN,FALSE,4747,2631596,20210113,OTHER,FALSE
2008,MARYLAND,MD,24,52,52,"NADER, RALPH",INDEPENDENT,FALSE,14713,2631596,20210113,OTHER,FALSE
2008,MARYLAND,MD,24,52,52,"OBAMA, BARACK H.",DEMOCRAT,FALSE,1629467,2631596,20210113,DEMOCRAT,FALSE
2008,MARYLAND,MD,24,52,52,UNKNOWN/SCATTERING,UNKNOWN,TRUE,9205,2631596,20210113,OTHER,FALSE
2008,MASSACHUSETTS,MA,25,14,3,"BALDWIN, CHARLES ""CHUCK""",CONSTITUTION PARTY,FALSE,4971,3102995,20210113,OTHER,FALSE
2008,MASSACHUSETTS,MA,25,14,3,"BARR, BOB",LIBERTARIAN,FALSE,13189,3102995,20210113,LIBERTARIAN,FALSE
2008,MASSACHUSETTS,MA,25,14,3,BLANK VOTE/SCATTERING,UNKNOWN,FALSE,22010,3102995,20210113,OTHER,FALSE
2008,MASSACHUSETTS,MA,25,14,3,"MCCAIN, JOHN",REPUBLICAN,FALSE,1108854,3102995,20210113,REPUBLICAN,FALSE
2008,MASSACHUSETTS,MA,25,14,3,"MCKINNEY, CYNTHIA",GREEN,FALSE,6550,3102995,20210113,OTHER,FALSE
2008,MASSACHUSETTS,MA,25,14,3,"NADER, RALPH",INDEPENDENT,FALSE,28841,3102995,20210113,OTHER,FALSE
2008,MASSACHUSETTS,MA,25,14,3,"OBAMA, BARACK H.",DEMOCRAT,FALSE,1904097,3102995,20210113,DEMOCRAT,FALSE
2008,MASSACHUSETTS,MA,25,14,3,OTHER,UNKNOWN,FALSE,14483,3102995,20210113,OTHER,FALSE
2008,MICHIGAN,MI,26,34,23,"BALDWIN, CHARLES ""CHUCK""",U.S. TAXPAYERS PARTY,FALSE,14685,5001596,20210113,OTHER,FALSE
2008,MICHIGAN,MI,26,34,23,"BARR, BOB",LIBERTARIAN,FALSE,23716,5001596,20210113,LIBERTARIAN,FALSE
2008,MICHIGAN,MI,26,34,23,"MCCAIN, JOHN",REPUBLICAN,FALSE,2048639,5001596,20210113,REPUBLICAN,FALSE
2008,MICHIGAN,MI,26,34,23,"MCKINNEY, CYNTHIA",GREEN,FALSE,8892,5001596,20210113,OTHER,FALSE
2008,MICHIGAN,MI,26,34,23,"NADER, RALPH",NATURAL LAW,FALSE,33085,5001596,20210113,OTHER,FALSE
2008,MICHIGAN,MI,26,34,23,"OBAMA, BARACK H.",DEMOCRAT,FALSE,2872579,5001596,20210113,DEMOCRAT,FALSE
2008,MINNESOTA,MN,27,41,33,"BALDWIN, CHARLES ""CHUCK""",CONSTITUTION PARTY,FALSE,6787,2910369,20210113,OTHER,FALSE
2008,MINNESOTA,MN,27,41,33,"BARR, BOB",LIBERTARIAN,FALSE,9174,2910369,20210113,LIBERTARIAN,FALSE
2008,MINNESOTA,MN,27,41,33,"CALERO, ROGER",SOCIALIST WORKERS,FALSE,790,2910369,20210113,OTHER,FALSE
2008,MINNESOTA,MN,27,41,33,"MCCAIN, JOHN",REPUBLICAN,FALSE,1275409,2910369,20210113,REPUBLICAN,FALSE
2008,MINNESOTA,MN,27,41,33,"MCKINNEY, CYNTHIA",GREEN,FALSE,5174,2910369,20210113,OTHER,FALSE
2008,MINNESOTA,MN,27,41,33,"NADER, RALPH",INDEPENDENT,FALSE,30152,2910369,20210113,OTHER,FALSE
2008,MINNESOTA,MN,27,41,33,"OBAMA, BARACK H.",DEMOCRAT,FALSE,1573354,2910369,20210113,DEMOCRAT,FALSE
2008,MINNESOTA,MN,27,41,33,UNKNOWN/SCATTERING,UNKNOWN,TRUE,9529,2910369,20210113,OTHER,FALSE
2008,MISSISSIPPI,MS,28,64,46,"BALDWIN, CHARLES ""CHUCK""",CONSTITUTION PARTY,FALSE,2551,1289865,20210113,OTHER,FALSE
2008,MISSISSIPPI,MS,28,64,46,"BARR, BOB",LIBERTARIAN,FALSE,2529,1289865,20210113,LIBERTARIAN,FALSE
2008,MISSISSIPPI,MS,28,64,46,"MCCAIN, JOHN",REPUBLICAN,FALSE,724597,1289865,20210113,REPUBLICAN,FALSE
2008,MISSISSIPPI,MS,28,64,46,"MCKINNEY, CYNTHIA",GREEN,FALSE,1034,1289865,20210113,OTHER,FALSE
2008,MISSISSIPPI,MS,28,64,46,"NADER, RALPH",INDEPENDENT,FALSE,4011,1289865,20210113,OTHER,FALSE
2008,MISSISSIPPI,MS,28,64,46,"OBAMA, BARACK H.",DEMOCRAT,FALSE,554662,1289865,20210113,DEMOCRAT,FALSE
2008,MISSISSIPPI,MS,28,64,46,"WEILL, TED",REFORM PARTY,FALSE,481,1289865,20210113,OTHER,FALSE
2008,MISSOURI,MO,29,43,34,"BALDWIN, CHARLES ""CHUCK""",CONSTITUTION PARTY,FALSE,8201,2925205,20210113,OTHER,FALSE
2008,MISSOURI,MO,29,43,34,"BARR, BOB",LIBERTARIAN,FALSE,11386,2925205,20210113,LIBERTARIAN,FALSE
2008,MISSOURI,MO,29,43,34,"MCCAIN, JOHN",REPUBLICAN,FALSE,1445814,2925205,20210113,REPUBLICAN,FALSE
2008,MISSOURI,MO,29,43,34,"MCKINNEY, CYNTHIA",UNKNOWN,TRUE,80,2925205,20210113,OTHER,FALSE
2008,MISSOURI,MO,29,43,34,"NADER, RALPH",INDEPENDENT,FALSE,17813,2925205,20210113,OTHER,FALSE
2008,MISSOURI,MO,29,43,34,"OBAMA, BARACK H.",DEMOCRAT,FALSE,1441911,2925205,20210113,DEMOCRAT,FALSE
2008,MONTANA,MT,30,81,64,"BARR, BOB",LIBERTARIAN,FALSE,1355,490109,20210113,LIBERTARIAN,FALSE
2008,MONTANA,MT,30,81,64,"MCCAIN, JOHN",REPUBLICAN,FALSE,242763,490109,20210113,REPUBLICAN,FALSE
2008,MONTANA,MT,30,81,64,"NADER, RALPH",INDEPENDENT,FALSE,3686,490109,20210113,OTHER,FALSE
2008,MONTANA,MT,30,81,64,"OBAMA, BARACK H.",DEMOCRAT,FALSE,231667,490109,20210113,DEMOCRAT,FALSE
2008,MONTANA,MT,30,81,64,"PAUL, RONALD ""RON""",CONSTITUTION PARTY,FALSE,10638,490109,20210113,OTHER,FALSE
2008,NEBRASKA,NE,31,46,35,"BALDWIN, CHARLES ""CHUCK""",NEBRASKA PARTY,FALSE,2972,801281,20210113,OTHER,FALSE
2008,NEBRASKA,NE,31,46,35,"BARR, BOB",LIBERTARIAN,FALSE,2740,801281,20210113,LIBERTARIAN,FALSE
2008,NEBRASKA,NE,31,46,35,"MCCAIN, JOHN",REPUBLICAN,FALSE,452979,801281,20210113,REPUBLICAN,FALSE
2008,NEBRASKA,NE,31,46,35,"MCKINNEY, CYNTHIA",GREEN,FALSE,1028,801281,20210113,OTHER,FALSE
2008,NEBRASKA,NE,31,46,35,"NADER, RALPH",INDEPENDENT,FALSE,5406,801281,20210113,OTHER,FALSE
2008,NEBRASKA,NE,31,46,35,"OBAMA, BARACK H.",DEMOCRAT,FALSE,333319,801281,20210113,DEMOCRAT,FALSE
2008,NEBRASKA,NE,31,46,35,UNKNOWN/SCATTERING,UNKNOWN,TRUE,2837,801281,20210113,OTHER,FALSE
2008,NEVADA,NV,32,88,65,"BALDWIN, CHARLES ""CHUCK""",INDEPENDENT AMERICAN,FALSE,3194,967848,20210113,OTHER,FALSE
2008,NEVADA,NV,32,88,65,"BARR, BOB",LIBERTARIAN,FALSE,4263,967848,20210113,LIBERTARIAN,FALSE
2008,NEVADA,NV,32,88,65,"MCCAIN, JOHN",REPUBLICAN,FALSE,412827,967848,20210113,REPUBLICAN,FALSE
2008,NEVADA,NV,32,88,65,"MCKINNEY, CYNTHIA",GREEN,FALSE,1411,967848,20210113,OTHER,FALSE
2008,NEVADA,NV,32,88,65,"NADER, RALPH",INDEPENDENT,FALSE,6150,967848,20210113,OTHER,FALSE
2008,NEVADA,NV,32,88,65,NONE OF THESE CANDIDATES,UNKNOWN,FALSE,6267,967848,20210113,OTHER,FALSE
2008,NEVADA,NV,32,88,65,"OBAMA, BARACK H.",DEMOCRAT,FALSE,533736,967848,20210113,DEMOCRAT,FALSE
2008,NEW HAMPSHIRE,NH,33,12,4,"BARR, BOB",LIBERTARIAN,FALSE,2748,710970,20210113,LIBERTARIAN,FALSE
2008,NEW HAMPSHIRE,NH,33,12,4,"MCCAIN, JOHN",REPUBLICAN,FALSE,316534,710970,20210113,REPUBLICAN,FALSE
2008,NEW HAMPSHIRE,NH,33,12,4,"NADER, RALPH",INDEPENDENT,FALSE,3503,710970,20210113,OTHER,FALSE
2008,NEW HAMPSHIRE,NH,33,12,4,"OBAMA, BARACK H.",DEMOCRAT,FALSE,384826,710970,20210113,DEMOCRAT,FALSE
2008,NEW HAMPSHIRE,NH,33,12,4,UNKNOWN/SCATTERING,UNKNOWN,TRUE,3359,710970,20210113,OTHER,FALSE
2008,NEW JERSEY,NJ,34,22,12,"BALDWIN, CHARLES ""CHUCK""",CONSTITUTION PARTY,FALSE,3956,3868237,20210113,OTHER,FALSE
2008,NEW JERSEY,NJ,34,22,12,"BARR, BOB",LIBERTARIAN,FALSE,8441,3868237,20210113,LIBERTARIAN,FALSE
2008,NEW JERSEY,NJ,34,22,12,"BOSS, JEFFERY",VOTE HERE,FALSE,639,3868237,20210113,OTHER,FALSE
2008,NEW JERSEY,NJ,34,22,12,"CALERO, ROGER",SOCIALIST WORKERS,FALSE,523,3868237,20210113,OTHER,FALSE
2008,NEW JERSEY,NJ,34,22,12,"LA RIVA, GLORIA ESTELLA",SOCIALISM AND LIBERATION PARTY,FALSE,416,3868237,20210113,OTHER,FALSE
2008,NEW JERSEY,NJ,34,22,12,"MCCAIN, JOHN",REPUBLICAN,FALSE,1613207,3868237,20210113,REPUBLICAN,FALSE
2008,NEW JERSEY,NJ,34,22,12,"MCKINNEY, CYNTHIA",GREEN,FALSE,3636,3868237,20210113,OTHER,FALSE
2008,NEW JERSEY,NJ,34,22,12,"MOORE, BRIAN",SOCIALIST,FALSE,699,3868237,20210113,OTHER,FALSE
2008,NEW JERSEY,NJ,34,22,12,"NADER, RALPH",INDEPENDENT,FALSE,21298,3868237,20210113,OTHER,FALSE
2008,NEW JERSEY,NJ,34,22,12,"OBAMA, BARACK H.",DEMOCRAT,FALSE,2215422,3868237,20210113,DEMOCRAT,FALSE
2008,NEW MEXICO,NM,35,85,66,"BALDWIN, CHARLES ""CHUCK""",CONSTITUTION PARTY,FALSE,1597,830158,20210113,OTHER,FALSE
2008,NEW MEXICO,NM,35,85,66,"BARR, BOB",LIBERTARIAN,FALSE,2428,830158,20210113,LIBERTARIAN,FALSE
2008,NEW MEXICO,NM,35,85,66,"MCCAIN, JOHN",REPUBLICAN,FALSE,346832,830158,20210113,REPUBLICAN,FALSE
2008,NEW MEXICO,NM,35,85,66,"MCKINNEY, CYNTHIA",GREEN,FALSE,1552,830158,20210113,OTHER,FALSE
2008,NEW MEXICO,NM,35,85,66,"NADER, RALPH",INDEPENDENT,FALSE,5327,830158,20210113,OTHER,FALSE
2008,NEW MEXICO,NM,35,85,66,"OBAMA, BARACK H.",DEMOCRAT,FALSE,472422,830158,20210113,DEMOCRAT,FALSE
2008,NEW YORK,NY,36,21,13,"BARR, BOB",LIBERTARIAN,FALSE,19596,7722019,20210113,LIBERTARIAN,FALSE
2008,NEW YORK,NY,36,21,13,BLANK VOTE/SCATTERING,UNKNOWN,FALSE,84701,7722019,20210113,OTHER,FALSE
2008,NEW YORK,NY,36,21,13,"HARRIS, JAMES",SOCIALIST WORKERS,FALSE,3615,7722019,20210113,OTHER,FALSE
2008,NEW YORK,NY,36,21,13,"LA RIVA, GLORIA ESTELLA",SOCIALISM AND LIBERATION PARTY,FALSE,1639,7722019,20210113,OTHER,FALSE
2008,NEW YORK,NY,36,21,13,"MCCAIN, JOHN",REPUBLICAN,FALSE,2418323,7722019,20210113,REPUBLICAN,FALSE
2008,NEW YORK,NY,36,21,13,"MCCAIN, JOHN",CONSERVATIVE,FALSE,170475,7722019,20210113,OTHER,FALSE
2008,NEW YORK,NY,36,21,13,"MCCAIN, JOHN",INDEPENDENCE,FALSE,163973,7722019,20210113,OTHER,FALSE
2008,NEW YORK,NY,36,21,13,"MCKINNEY, CYNTHIA",GREEN,FALSE,12801,7722019,20210113,OTHER,FALSE
2008,NEW YORK,NY,36,21,13,"NADER, RALPH",POPULIST,FALSE,41249,7722019,20210113,OTHER,FALSE
2008,NEW YORK,NY,36,21,13,"OBAMA, BARACK H.",DEMOCRAT,FALSE,4645332,7722019,20210113,DEMOCRAT,FALSE
2008,NEW YORK,NY,36,21,13,"OBAMA, BARACK H.",WORKING FAMILIES,FALSE,159613,7722019,20210113,OTHER,FALSE
2008,NEW YORK,NY,36,21,13,UNKNOWN/SCATTERING,UNKNOWN,TRUE,702,7722019,20210113,OTHER,FALSE
2008,NORTH CAROLINA,NC,37,56,47,"BARR, BOB",LIBERTARIAN,FALSE,25722,4310851,20210113,LIBERTARIAN,FALSE
2008,NORTH CAROLINA,NC,37,56,47,"MCCAIN, JOHN",REPUBLICAN,FALSE,2128474,4310851,20210113,REPUBLICAN,FALSE
2008,NORTH CAROLINA,NC,37,56,47,"NADER, RALPH",INDEPENDENT,TRUE,1510,4310851,20210113,OTHER,FALSE
2008,NORTH CAROLINA,NC,37,56,47,"OBAMA, BARACK H.",DEMOCRAT,FALSE,2142651,4310851,20210113,DEMOCRAT,FALSE
2008,NORTH CAROLINA,NC,37,56,47,UNKNOWN/SCATTERING,UNKNOWN,TRUE,12494,4310851,20210113,OTHER,FALSE
2008,NORTH DAKOTA,ND,38,44,36,"BALDWIN, CHARLES ""CHUCK""",CONSTITUTION PARTY,FALSE,1199,316621,20210113,OTHER,FALSE
2008,NORTH DAKOTA,ND,38,44,36,"BARR, BOB",LIBERTARIAN,FALSE,1354,316621,20210113,LIBERTARIAN,FALSE
2008,NORTH DAKOTA,ND,38,44,36,"MCCAIN, JOHN",REPUBLICAN,FALSE,168601,316621,20210113,REPUBLICAN,FALSE
2008,NORTH DAKOTA,ND,38,44,36,"NADER, RALPH",INDEPENDENT,FALSE,4189,316621,20210113,OTHER,FALSE
2008,NORTH DAKOTA,ND,38,44,36,"OBAMA, BARACK H.",DEMOCRAT,FALSE,141278,316621,20210113,DEMOCRAT,FALSE
2008,OHIO,OH,39,31,24,"BALDWIN, CHARLES ""CHUCK""",CONSTITUTION PARTY,FALSE,12565,5708350,20210113,OTHER,FALSE
2008,OHIO,OH,39,31,24,"BARR, BOB",LIBERTARIAN,FALSE,19917,5708350,20210113,LIBERTARIAN,FALSE
2008,OHIO,OH,39,31,24,"MCCAIN, JOHN",REPUBLICAN,FALSE,2677820,5708350,20210113,REPUBLICAN,FALSE
2008,OHIO,OH,39,31,24,"MCKINNEY, CYNTHIA",GREEN,FALSE,8518,5708350,20210113,OTHER,FALSE
2008,OHIO,OH,39,31,24,"MOORE, BRIAN",SOCIALIST,FALSE,2735,5708350,20210113,OTHER,FALSE
2008,OHIO,OH,39,31,24,"NADER, RALPH",INDEPENDENT,FALSE,46242,5708350,20210113,OTHER,FALSE
2008,OHIO,OH,39,31,24,"OBAMA, BARACK H.",DEMOCRAT,FALSE,2940044,5708350,20210113,DEMOCRAT,FALSE
2008,OHIO,OH,39,31,24,UNKNOWN/SCATTERING,INDEPENDENT,TRUE,509,5708350,20210113,OTHER,FALSE
2008,OKLAHOMA,OK,40,73,53,"MCCAIN, JOHN",REPUBLICAN,FALSE,960165,1462661,20210113,REPUBLICAN,FALSE
2008,OKLAHOMA,OK,40,73,53,"OBAMA, BARACK H.",DEMOCRAT,FALSE,502496,1462661,20210113,DEMOCRAT,FALSE
2008,OREGON,OR,41,92,72,"BALDWIN, CHARLES ""CHUCK""",CONSTITUTION PARTY,FALSE,7693,1827864,20210113,OTHER,FALSE
2008,OREGON,OR,41,92,72,"MCCAIN, JOHN",REPUBLICAN,FALSE,738475,1827864,20210113,REPUBLICAN,FALSE
2008,OREGON,OR,41,92,72,"MCKINNEY, CYNTHIA",GREEN,FALSE,4543,1827864,20210113,OTHER,FALSE
2008,OREGON,OR,41,92,72,"NADER, RALPH",PEACE PARTY,FALSE,18614,1827864,20210113,OTHER,FALSE
2008,OREGON,OR,41,92,72,"OBAMA, BARACK H.",DEMOCRAT,FALSE,1037291,1827864,20210113,DEMOCRAT,FALSE
2008,OREGON,OR,41,92,72,OTHER,UNKNOWN,FALSE,13613,1827864,20210113,OTHER,FALSE
2008,OREGON,OR,41,92,72,UNKNOWN/SCATTERING,LIBERTARIAN,FALSE,7635,1827864,20210113,LIBERTARIAN,FALSE
2008,PENNSYLVANIA,PA,42,23,14,"BARR, BOB",LIBERTARIAN,FALSE,19912,6013272,20210113,LIBERTARIAN,FALSE
2008,PENNSYLVANIA,PA,42,23,14,"MCCAIN, JOHN",REPUBLICAN,FALSE,2655885,6013272,20210113,REPUBLICAN,FALSE
2008,PENNSYLVANIA,PA,42,23,14,"NADER, RALPH",INDEPENDENT,FALSE,42977,6013272,20210113,OTHER,FALSE
2008,PENNSYLVANIA,PA,42,23,14,"OBAMA, BARACK H.",DEMOCRAT,FALSE,3276363,6013272,20210113,DEMOCRAT,FALSE
2008,PENNSYLVANIA,PA,42,23,14,SCATTERING,UNKNOWN,FALSE,8180,6013272,20210113,OTHER,FALSE
2008,PENNSYLVANIA,PA,42,23,14,UNKNOWN/SCATTERING,UNKNOWN,TRUE,9955,6013272,20210113,OTHER,FALSE
2008,RHODE ISLAND,RI,44,15,5,"BALDWIN, CHARLES ""CHUCK""",CONSTITUTION PARTY,FALSE,675,471766,20210113,OTHER,FALSE
2008,RHODE ISLAND,RI,44,15,5,"BARR, BOB",LIBERTARIAN,FALSE,1382,471766,20210113,LIBERTARIAN,FALSE
2008,RHODE ISLAND,RI,44,15,5,"LA RIVA, GLORIA ESTELLA",SOCIALISM AND LIBERATION PARTY,FALSE,122,471766,20210113,OTHER,FALSE
2008,RHODE ISLAND,RI,44,15,5,"MCCAIN, JOHN",REPUBLICAN,FALSE,165391,471766,20210113,REPUBLICAN,FALSE
2008,RHODE ISLAND,RI,44,15,5,"MCKINNEY, CYNTHIA",GREEN,FALSE,797,471766,20210113,OTHER,FALSE
2008,RHODE ISLAND,RI,44,15,5,"NADER, RALPH",INDEPENDENT,FALSE,4829,471766,20210113,OTHER,FALSE
2008,RHODE ISLAND,RI,44,15,5,"OBAMA, BARACK H.",DEMOCRAT,FALSE,296571,471766,20210113,DEMOCRAT,FALSE
2008,RHODE ISLAND,RI,44,15,5,UNKNOWN/SCATTERING,UNKNOWN,TRUE,1999,471766,20210113,OTHER,FALSE
2008,SOUTH CAROLINA,SC,45,57,48,"BALDWIN, CHARLES ""CHUCK""",CONSTITUTION PARTY,FALSE,6827,1920969,20210113,OTHER,FALSE
2008,SOUTH CAROLINA,SC,45,57,48,"BARR, BOB",LIBERTARIAN,FALSE,7283,1920969,20210113,LIBERTARIAN,FALSE
2008,SOUTH CAROLINA,SC,45,57,48,"MCCAIN, JOHN",REPUBLICAN,FALSE,1034896,1920969,20210113,REPUBLICAN,FALSE
2008,SOUTH CAROLINA,SC,45,57,48,"MCKINNEY, CYNTHIA",GREEN,FALSE,4461,1920969,20210113,OTHER,FALSE
2008,SOUTH CAROLINA,SC,45,57,48,"NADER, RALPH",INDEPENDENT,FALSE,5053,1920969,20210113,OTHER,FALSE
2008,SOUTH CAROLINA,SC,45,57,48,"OBAMA, BARACK H.",DEMOCRAT,FALSE,862449,1920969,20210113,DEMOCRAT,FALSE
2008,SOUTH DAKOTA,SD,46,45,37,"BALDWIN, CHARLES ""CHUCK""",CONSTITUTION PARTY,FALSE,1895,381975,20210113,OTHER,FALSE
2008,SOUTH DAKOTA,SD,46,45,37,"BARR, BOB",LIBERTARIAN,FALSE,1835,381975,20210113,LIBERTARIAN,FALSE
2008,SOUTH DAKOTA,SD,46,45,37,"MCCAIN, JOHN",REPUBLICAN,FALSE,203054,381975,20210113,REPUBLICAN,FALSE
2008,SOUTH DAKOTA,SD,46,45,37,"NADER, RALPH",INDEPENDENT,FALSE,4267,381975,20210113,OTHER,FALSE
2008,SOUTH DAKOTA,SD,46,45,37,"OBAMA, BARACK H.",DEMOCRAT,FALSE,170924,381975,20210113,DEMOCRAT,FALSE
2008,TENNESSEE,TN,47,62,54,"MCCAIN, JOHN",REPUBLICAN,FALSE,1479178,2599749,20210113,REPUBLICAN,FALSE
2008,TENNESSEE,TN,47,62,54,"OBAMA, BARACK H.",DEMOCRAT,FALSE,1087437,2599749,20210113,DEMOCRAT,FALSE
2008,TENNESSEE,TN,47,62,54,UNKNOWN/SCATTERING,INDEPENDENT,FALSE,33134,2599749,20210113,OTHER,FALSE
2008,TEXAS,TX,48,74,49,"BARR, BOB",LIBERTARIAN,FALSE,56116,8077795,20210113,LIBERTARIAN,FALSE
2008,TEXAS,TX,48,74,49,"MCCAIN, JOHN",REPUBLICAN,FALSE,4479328,8077795,20210113,REPUBLICAN,FALSE
2008,TEXAS,TX,48,74,49,"NADER, RALPH",INDEPENDENT,TRUE,5751,8077795,20210113,OTHER,FALSE
2008,TEXAS,TX,48,74,49,"OBAMA, BARACK H.",DEMOCRAT,FALSE,3528633,8077795,20210113,DEMOCRAT,FALSE
2008,TEXAS,TX,48,74,49,UNKNOWN/SCATTERING,UNKNOWN,TRUE,7967,8077795,20210113,OTHER,FALSE
2008,UTAH,UT,49,87,67,"BALDWIN, CHARLES ""CHUCK""",CONSTITUTION PARTY,FALSE,12012,952370,20210113,OTHER,FALSE
2008,UTAH,UT,49,87,67,"BARR, BOB",LIBERTARIAN,FALSE,6966,952370,20210113,LIBERTARIAN,FALSE
2008,UTAH,UT,49,87,67,"LA RIVA, GLORIA ESTELLA",SOCIALISM AND LIBERATION PARTY,FALSE,262,952370,20210113,OTHER,FALSE
2008,UTAH,UT,49,87,67,"MCCAIN, JOHN",REPUBLICAN,FALSE,596030,952370,20210113,REPUBLICAN,FALSE
2008,UTAH,UT,49,87,67,"MCKINNEY, CYNTHIA",GREEN,FALSE,982,952370,20210113,OTHER,FALSE
2008,UTAH,UT,49,87,67,"NADER, RALPH",PEACE & FREEDOM,FALSE,8416,952370,20210113,OTHER,FALSE
2008,UTAH,UT,49,87,67,"OBAMA, BARACK H.",DEMOCRAT,FALSE,327670,952370,20210113,DEMOCRAT,FALSE
2008,UTAH,UT,49,87,67,UNKNOWN/SCATTERING,UNKNOWN,TRUE,32,952370,20210113,OTHER,FALSE
2008,VERMONT,VT,50,13,6,"BALDWIN, CHARLES ""CHUCK""",CONSTITUTION PARTY,FALSE,500,325046,20210113,OTHER,FALSE
2008,VERMONT,VT,50,13,6,"BARR, BOB",LIBERTARIAN,FALSE,1067,325046,20210113,LIBERTARIAN,FALSE
2008,VERMONT,VT,50,13,6,"CALERO, ROGER",SOCIALIST WORKERS,FALSE,150,325046,20210113,OTHER,FALSE
2008,VERMONT,VT,50,13,6,"LA RIVA, GLORIA ESTELLA",SOCIALISM AND LIBERATION PARTY,FALSE,149,325046,20210113,OTHER,FALSE
2008,VERMONT,VT,50,13,6,"MCCAIN, JOHN",REPUBLICAN,FALSE,98974,325046,20210113,REPUBLICAN,FALSE
2008,VERMONT,VT,50,13,6,"MOORE, BRIAN",LIBERTY UNION PARTY,FALSE,141,325046,20210113,OTHER,FALSE
2008,VERMONT,VT,50,13,6,"NADER, RALPH",INDEPENDENT,FALSE,3339,325046,20210113,OTHER,FALSE
2008,VERMONT,VT,50,13,6,"OBAMA, BARACK H.",DEMOCRAT,FALSE,219262,325046,20210113,DEMOCRAT,FALSE
2008,VERMONT,VT,50,13,6,UNKNOWN/SCATTERING,UNKNOWN,TRUE,1464,325046,20210113,OTHER,FALSE
2008,VIRGINIA,VA,51,54,40,"BALDWIN, CHARLES ""CHUCK""",INDEPENDENT GREEN,FALSE,7474,3723260,20210113,OTHER,FALSE
2008,VIRGINIA,VA,51,54,40,"BARR, BOB",LIBERTARIAN,FALSE,11067,3723260,20210113,LIBERTARIAN,FALSE
2008,VIRGINIA,VA,51,54,40,"MCCAIN, JOHN",REPUBLICAN,FALSE,1725005,3723260,20210113,REPUBLICAN,FALSE
2008,VIRGINIA,VA,51,54,40,"MCKINNEY, CYNTHIA",GREEN,FALSE,2344,3723260,20210113,OTHER,FALSE
2008,VIRGINIA,VA,51,54,40,"NADER, RALPH",INDEPENDENT,FALSE,11483,3723260,20210113,OTHER,FALSE
2008,VIRGINIA,VA,51,54,40,"OBAMA, BARACK H.",DEMOCRAT,FALSE,1959532,3723260,20210113,DEMOCRAT,FALSE
2008,VIRGINIA,VA,51,54,40,UNKNOWN/SCATTERING,UNKNOWN,TRUE,6355,3723260,20210113,OTHER,FALSE
2008,WASHINGTON,WA,53,91,73,"BALDWIN, CHARLES ""CHUCK""",CONSTITUTION PARTY,FALSE,9432,3036878,20210113,OTHER,FALSE
2008,WASHINGTON,WA,53,91,73,"BARR, BOB",LIBERTARIAN,FALSE,12728,3036878,20210113,LIBERTARIAN,FALSE
2008,WASHINGTON,WA,53,91,73,"HARRIS, JAMES",SOCIALIST WORKERS,FALSE,641,3036878,20210113,OTHER,FALSE
2008,WASHINGTON,WA,53,91,73,"LA RIVA, GLORIA ESTELLA",SOCIALISM AND LIBERATION PARTY,FALSE,705,3036878,20210113,OTHER,FALSE
2008,WASHINGTON,WA,53,91,73,"MCCAIN, JOHN",REPUBLICAN,FALSE,1229216,3036878,20210113,REPUBLICAN,FALSE
2008,WASHINGTON,WA,53,91,73,"MCKINNEY, CYNTHIA",GREEN,FALSE,3819,3036878,20210113,OTHER,FALSE
2008,WASHINGTON,WA,53,91,73,"NADER, RALPH",INDEPENDENT,FALSE,29489,3036878,20210113,OTHER,FALSE
2008,WASHINGTON,WA,53,91,73,"OBAMA, BARACK H.",DEMOCRAT,FALSE,1750848,3036878,20210113,DEMOCRAT,FALSE
2008,WEST VIRGINIA,WV,54,55,56,"BALDWIN, CHARLES ""CHUCK""",CONSTITUTION PARTY,FALSE,2465,713451,20210113,OTHER,FALSE
2008,WEST VIRGINIA,WV,54,55,56,"MCCAIN, JOHN",REPUBLICAN,FALSE,397466,713451,20210113,REPUBLICAN,FALSE
2008,WEST VIRGINIA,WV,54,55,56,"MCKINNEY, CYNTHIA",MOUNTAIN PARTY,FALSE,2355,713451,20210113,OTHER,FALSE
2008,WEST VIRGINIA,WV,54,55,56,"NADER, RALPH",INDEPENDENT,FALSE,7219,713451,20210113,OTHER,FALSE
2008,WEST VIRGINIA,WV,54,55,56,"OBAMA, BARACK H.",DEMOCRAT,FALSE,303857,713451,20210113,DEMOCRAT,FALSE
2008,WEST VIRGINIA,WV,54,55,56,UNKNOWN/SCATTERING,UNKNOWN,TRUE,89,713451,20210113,OTHER,FALSE
2008,WISCONSIN,WI,55,35,25,"BALDWIN, CHARLES ""CHUCK""",CONSTITUTION PARTY,FALSE,5072,2983417,20210113,OTHER,FALSE
2008,WISCONSIN,WI,55,35,25,"BARR, BOB",LIBERTARIAN,FALSE,8858,2983417,20210113,LIBERTARIAN,FALSE
2008,WISCONSIN,WI,55,35,25,"LA RIVA, GLORIA ESTELLA",SOCIALISM AND LIBERATION PARTY,FALSE,237,2983417,20210113,OTHER,FALSE
2008,WISCONSIN,WI,55,35,25,"MCCAIN, JOHN",REPUBLICAN,FALSE,1262393,2983417,20210113,REPUBLICAN,FALSE
2008,WISCONSIN,WI,55,35,25,"MCKINNEY, CYNTHIA",GREEN,FALSE,4216,2983417,20210113,OTHER,FALSE
2008,WISCONSIN,WI,55,35,25,"MOORE, BRIAN",SOCIALIST PARTY USA,FALSE,540,2983417,20210113,OTHER,FALSE
2008,WISCONSIN,WI,55,35,25,"NADER, RALPH",INDEPENDENT,FALSE,17605,2983417,20210113,OTHER,FALSE
2008,WISCONSIN,WI,55,35,25,"OBAMA, BARACK H.",DEMOCRAT,FALSE,1677211,2983417,20210113,DEMOCRAT,FALSE
2008,WISCONSIN,WI,55,35,25,SCATTERING,UNKNOWN,FALSE,6521,2983417,20210113,OTHER,FALSE
2008,WISCONSIN,WI,55,35,25,"WAMBOLDT, JEFFREY",WE THE PEOPLE,FALSE,764,2983417,20210113,OTHER,FALSE
2008,WYOMING,WY,56,83,68,"BARR, BOB",LIBERTARIAN,FALSE,1594,254904,20210113,LIBERTARIAN,FALSE
2008,WYOMING,WY,56,83,68,"MCCAIN, JOHN",REPUBLICAN,FALSE,164958,254904,20210113,REPUBLICAN,FALSE
2008,WYOMING,WY,56,83,68,"OBAMA, BARACK H.",DEMOCRAT,FALSE,82868,254904,20210113,DEMOCRAT,FALSE
2008,WYOMING,WY,56,83,68,OVER VOTE,UNKNOWN,FALSE,246,254904,20210113,OTHER,FALSE
2008,WYOMING,WY,56,83,68,UNKNOWN/SCATTERING,INDEPENDENT,FALSE,3717,254904,20210113,OTHER,FALSE
2008,WYOMING,WY,56,83,68,UNKNOWN/SCATTERING,UNKNOWN,TRUE,1521,254904,20210113,OTHER,FALSE
2012,ALABAMA,AL,1,63,41,"OBAMA, BARACK H.",DEMOCRAT,FALSE,795696,2074338,20210113,DEMOCRAT,FALSE
2012,ALABAMA,AL,1,63,41,"ROMNEY, MITT",REPUBLICAN,FALSE,1255925,2074338,20210113,REPUBLICAN,FALSE
2012,ALABAMA,AL,1,63,41,UNKNOWN/SCATTERING,INDEPENDENT,FALSE,18706,2074338,20210113,OTHER,FALSE
2012,ALABAMA,AL,1,63,41,UNKNOWN/SCATTERING,UNKNOWN,TRUE,4011,2074338,20210113,OTHER,FALSE
2012,ALASKA,AK,2,94,81,"JOHNSON, GARY",LIBERTARIAN,FALSE,7392,300495,20210113,LIBERTARIAN,FALSE
2012,ALASKA,AK,2,94,81,"OBAMA, BARACK H.",DEMOCRAT,FALSE,122640,300495,20210113,DEMOCRAT,FALSE
2012,ALASKA,AK,2,94,81,"ROMNEY, MITT",REPUBLICAN,FALSE,164676,300495,20210113,REPUBLICAN,FALSE
2012,ALASKA,AK,2,94,81,"STEIN, JILL",GREEN,FALSE,2917,300495,20210113,OTHER,FALSE
2012,ALASKA,AK,2,94,81,UNKNOWN/SCATTERING,UNKNOWN,TRUE,2870,300495,20210113,OTHER,FALSE
2012,ARIZONA,AZ,4,86,61,"JOHNSON, GARY",LIBERTARIAN,FALSE,32100,2299254,20210113,LIBERTARIAN,FALSE
2012,ARIZONA,AZ,4,86,61,"OBAMA, BARACK H.",DEMOCRAT,FALSE,1025232,2299254,20210113,DEMOCRAT,FALSE
2012,ARIZONA,AZ,4,86,61,"ROMNEY, MITT",REPUBLICAN,FALSE,1233654,2299254,20210113,REPUBLICAN,FALSE
2012,ARIZONA,AZ,4,86,61,"STEIN, JILL",GREEN,FALSE,7816,2299254,20210113,OTHER,FALSE
2012,ARIZONA,AZ,4,86,61,UNKNOWN/SCATTERING,UNKNOWN,TRUE,452,2299254,20210113,OTHER,FALSE
2012,ARKANSAS,AR,5,71,42,"JOHNSON, GARY",LIBERTARIAN,FALSE,16276,1069468,20210113,LIBERTARIAN,FALSE
2012,ARKANSAS,AR,5,71,42,"LA RIVA, GLORIA ESTELLA",SOCIALISM AND LIBERATION PARTY,FALSE,1734,1069468,20210113,OTHER,FALSE
2012,ARKANSAS,AR,5,71,42,"OBAMA, BARACK H.",DEMOCRAT,FALSE,394409,1069468,20210113,DEMOCRAT,FALSE
2012,ARKANSAS,AR,5,71,42,"ROMNEY, MITT",REPUBLICAN,FALSE,647744,1069468,20210113,REPUBLICAN,FALSE
2012,ARKANSAS,AR,5,71,42,"STEIN, JILL",GREEN,FALSE,9305,1069468,20210113,OTHER,FALSE
2012,CALIFORNIA,CA,6,93,71,"BARR, ROSEANNE",PEACE & FREEDOM,FALSE,53824,13038547,20210113,OTHER,FALSE
2012,CALIFORNIA,CA,6,93,71,"HOEFLING, THOMAS CONRAD ""TOM""",AMERICAN INDEPENDENT PARTY,FALSE,38372,13038547,20210113,OTHER,FALSE
2012,CALIFORNIA,CA,6,93,71,"JOHNSON, GARY",LIBERTARIAN,FALSE,143221,13038547,20210113,LIBERTARIAN,FALSE
2012,CALIFORNIA,CA,6,93,71,"OBAMA, BARACK H.",DEMOCRAT,FALSE,7854285,13038547,20210113,DEMOCRAT,FALSE
2012,CALIFORNIA,CA,6,93,71,"ROMNEY, MITT",REPUBLICAN,FALSE,4839958,13038547,20210113,REPUBLICAN,FALSE
2012,CALIFORNIA,CA,6,93,71,"STEIN, JILL",GREEN,FALSE,85638,13038547,20210113,OTHER,FALSE
2012,CALIFORNIA,CA,6,93,71,UNKNOWN/SCATTERING,UNKNOWN,TRUE,23249,13038547,20210113,OTHER,FALSE
2012,COLORADO,CO,8,84,62,"ALEXANDER, STEWART",SOCIALIST,FALSE,308,2569516,20210113,OTHER,FALSE
2012,COLORADO,CO,8,84,62,"ANDERSON, ROSS CARL ""ROCKY""",JUSTICE,FALSE,1262,2569516,20210113,OTHER,FALSE
2012,COLORADO,CO,8,84,62,"BARR, ROSEANNE",PEACE & FREEDOM,FALSE,5057,2569516,20210113,OTHER,FALSE
2012,COLORADO,CO,8,84,62,"GOODE, VIRGIL HAMLIN, JR.",AMERICAN CONSTITUTION PARTY,FALSE,6234,2569516,20210113,OTHER,FALSE
2012,COLORADO,CO,8,84,62,"HARRIS, JAMES",SOCIALIST WORKERS,FALSE,192,2569516,20210113,OTHER,FALSE
2012,COLORADO,CO,8,84,62,"HOEFLING, THOMAS CONRAD ""TOM""",AMERICA'S PARTY,FALSE,679,2569516,20210113,OTHER,FALSE
2012,COLORADO,CO,8,84,62,"JOHNSON, GARY",LIBERTARIAN,FALSE,35545,2569516,20210113,LIBERTARIAN,FALSE
2012,COLORADO,CO,8,84,62,"LA RIVA, GLORIA ESTELLA",SOCIALISM AND LIBERATION PARTY,FALSE,317,2569516,20210113,OTHER,FALSE
2012,COLORADO,CO,8,84,62,"MILLER, MERLIN",AMERICAN THIRD POSITION,FALSE,267,2569516,20210113,OTHER,FALSE
2012,COLORADO,CO,8,84,62,"OBAMA, BARACK H.",DEMOCRAT,FALSE,1323101,2569516,20210113,DEMOCRAT,FALSE
2012,COLORADO,CO,8,84,62,"REED, JILL ANN",NO PARTY AFFILIATION,FALSE,2588,2569516,20210113,OTHER,FALSE
2012,COLORADO,CO,8,84,62,"ROMNEY, MITT",REPUBLICAN,FALSE,1185243,2569516,20210113,REPUBLICAN,FALSE
2012,COLORADO,CO,8,84,62,"STEIN, JILL",GREEN,FALSE,7508,2569516,20210113,OTHER,FALSE
2012,COLORADO,CO,8,84,62,"STEVENS, THOMAS ROBERT ""TOM""",OBJECTIVIST PARTY,FALSE,235,2569516,20210113,OTHER,FALSE
2012,COLORADO,CO,8,84,62,"TITTLE, SHEILA ""SAMM""",WE THE PEOPLE,FALSE,791,2569516,20210113,OTHER,FALSE
2012,COLORADO,CO,8,84,62,"WHITE, JERRY",SOCIALIST EQUALITY PARTY,FALSE,189,2569516,20210113,OTHER,FALSE
2012,CONNECTICUT,CT,9,16,1,"JOHNSON, GARY",LIBERTARIAN,FALSE,12340,1558204,20210113,LIBERTARIAN,FALSE
2012,CONNECTICUT,CT,9,16,1,"OBAMA, BARACK H.",DEMOCRAT,FALSE,905083,1558204,20210113,DEMOCRAT,FALSE
2012,CONNECTICUT,CT,9,16,1,"ROMNEY, MITT",REPUBLICAN,FALSE,634892,1558204,20210113,REPUBLICAN,FALSE
2012,CONNECTICUT,CT,9,16,1,UNKNOWN/SCATTERING,INDEPENDENT,FALSE,4971,1558204,20210113,OTHER,FALSE
2012,CONNECTICUT,CT,9,16,1,UNKNOWN/SCATTERING,UNKNOWN,TRUE,918,1558204,20210113,OTHER,FALSE
2012,DELAWARE,DE,10,51,11,"JOHNSON, GARY",LIBERTARIAN,FALSE,3882,413890,20210113,LIBERTARIAN,FALSE
2012,DELAWARE,DE,10,51,11,"OBAMA, BARACK H.",DEMOCRAT,FALSE,242584,413890,20210113,DEMOCRAT,FALSE
2012,DELAWARE,DE,10,51,11,"ROMNEY, MITT",REPUBLICAN,FALSE,165484,413890,20210113,REPUBLICAN,FALSE
2012,DELAWARE,DE,10,51,11,"STEIN, JILL",GREEN,FALSE,1940,413890,20210113,OTHER,FALSE
2012,DISTRICT OF COLUMBIA,DC,11,53,55,"JOHNSON, GARY",LIBERTARIAN,FALSE,2083,293764,20210113,LIBERTARIAN,FALSE
2012,DISTRICT OF COLUMBIA,DC,11,53,55,"OBAMA, BARACK H.",DEMOCRAT,FALSE,267070,293764,20210113,DEMOCRAT,FALSE
2012,DISTRICT OF COLUMBIA,DC,11,53,55,"ROMNEY, MITT",REPUBLICAN,FALSE,21381,293764,20210113,REPUBLICAN,FALSE
2012,DISTRICT OF COLUMBIA,DC,11,53,55,"STEIN, JILL",D.C. STATEHOOD GREEN,FALSE,2458,293764,20210113,OTHER,FALSE
2012,DISTRICT OF COLUMBIA,DC,11,53,55,UNKNOWN/SCATTERING,UNKNOWN,TRUE,772,293764,20210113,OTHER,FALSE
2012,FLORIDA,FL,12,59,43,"ALEXANDER, STEWART",SOCIALIST,FALSE,799,8474179,20210113,OTHER,FALSE
2012,FLORIDA,FL,12,59,43,"ANDERSON, ROSS CARL ""ROCKY""",JUSTICE,FALSE,1754,8474179,20210113,OTHER,FALSE
2012,FLORIDA,FL,12,59,43,"BARNETT, ANDRE",REFORM PARTY,FALSE,820,8474179,20210113,OTHER,FALSE
2012,FLORIDA,FL,12,59,43,"BARR, ROSEANNE",PEACE & FREEDOM,FALSE,8154,8474179,20210113,OTHER,FALSE
2012,FLORIDA,FL,12,59,43,"GOODE, VIRGIL HAMLIN, JR.",CONSTITUTION PARTY,FALSE,2607,8474179,20210113,OTHER,FALSE
2012,FLORIDA,FL,12,59,43,"HOEFLING, THOMAS CONRAD ""TOM""",AMERICAN INDEPENDENT,FALSE,946,8474179,20210113,OTHER,FALSE
2012,FLORIDA,FL,12,59,43,"JOHNSON, GARY",LIBERTARIAN,FALSE,44726,8474179,20210113,LIBERTARIAN,FALSE
2012,FLORIDA,FL,12,59,43,"LINDSAY, PETA",SOCIALISM AND LIBERATION PARTY,FALSE,322,8474179,20210113,OTHER,FALSE
2012,FLORIDA,FL,12,59,43,"OBAMA, BARACK H.",DEMOCRAT,FALSE,4237756,8474179,20210113,DEMOCRAT,FALSE
2012,FLORIDA,FL,12,59,43,"ROMNEY, MITT",REPUBLICAN,FALSE,4163447,8474179,20210113,REPUBLICAN,FALSE
2012,FLORIDA,FL,12,59,43,"STEIN, JILL",GREEN,FALSE,8947,8474179,20210113,OTHER,FALSE
2012,FLORIDA,FL,12,59,43,"STEVENS, THOMAS ROBERT ""TOM""",OBJECTIVIST PARTY,FALSE,3856,8474179,20210113,OTHER,FALSE
2012,FLORIDA,FL,12,59,43,UNKNOWN/SCATTERING,UNKNOWN,TRUE,45,8474179,20210113,OTHER,FALSE
2012,GEORGIA,GA,13,58,44,"JOHNSON, GARY",LIBERTARIAN,FALSE,45324,3897839,20210113,LIBERTARIAN,FALSE
2012,GEORGIA,GA,13,58,44,"OBAMA, BARACK H.",DEMOCRAT,FALSE,1773827,3897839,20210113,DEMOCRAT,FALSE
2012,GEORGIA,GA,13,58,44,"ROMNEY, MITT",REPUBLICAN,FALSE,2078688,3897839,20210113,REPUBLICAN,FALSE
2012,HAWAII,HI,15,95,82,BLANK VOTE,UNKNOWN,FALSE,2227,437159,20210113,OTHER,FALSE
2012,HAWAII,HI,15,95,82,"JOHNSON, GARY",LIBERTARIAN,FALSE,3840,437159,20210113,LIBERTARIAN,FALSE
2012,HAWAII,HI,15,95,82,"OBAMA, BARACK H.",DEMOCRAT,FALSE,306658,437159,20210113,DEMOCRAT,FALSE
2012,HAWAII,HI,15,95,82,OVER VOTE,UNKNOWN,FALSE,235,437159,20210113,OTHER,FALSE
2012,HAWAII,HI,15,95,82,"ROMNEY, MITT",REPUBLICAN,FALSE,121015,437159,20210113,REPUBLICAN,FALSE
2012,HAWAII,HI,15,95,82,"STEIN, JILL",GREEN,FALSE,3184,437159,20210113,OTHER,FALSE
2012,IDAHO,ID,16,82,63,"GOODE, VIRGIL HAMLIN, JR.",CONSTITUTION PARTY,FALSE,2222,652274,20210113,OTHER,FALSE
2012,IDAHO,ID,16,82,63,"JOHNSON, GARY",LIBERTARIAN,FALSE,9453,652274,20210113,LIBERTARIAN,FALSE
2012,IDAHO,ID,16,82,63,"OBAMA, BARACK H.",DEMOCRAT,FALSE,212787,652274,20210113,DEMOCRAT,FALSE
2012,IDAHO,ID,16,82,63,"ROMNEY, MITT",REPUBLICAN,FALSE,420911,652274,20210113,REPUBLICAN,FALSE
2012,IDAHO,ID,16,82,63,UNKNOWN/SCATTERING,INDEPENDENT,FALSE,6901,652274,20210113,OTHER,FALSE
2012,ILLINOIS,IL,17,33,21,"JOHNSON, GARY",LIBERTARIAN,FALSE,56229,5242014,20210113,LIBERTARIAN,FALSE
2012,ILLINOIS,IL,17,33,21,"OBAMA, BARACK H.",DEMOCRAT,FALSE,3019512,5242014,20210113,DEMOCRAT,FALSE
2012,ILLINOIS,IL,17,33,21,"ROMNEY, MITT",REPUBLICAN,FALSE,2135216,5242014,20210113,REPUBLICAN,FALSE
2012,ILLINOIS,IL,17,33,21,"STEIN, JILL",GREEN,FALSE,30222,5242014,20210113,OTHER,FALSE
2012,ILLINOIS,IL,17,33,21,UNKNOWN/SCATTERING,UNKNOWN,TRUE,835,5242014,20210113,OTHER,FALSE
2012,INDIANA,IN,18,32,22,"JOHNSON, GARY",LIBERTARIAN,FALSE,50111,2624534,20210113,LIBERTARIAN,FALSE
2012,INDIANA,IN,18,32,22,"OBAMA, BARACK H.",DEMOCRAT,FALSE,1152887,2624534,20210113,DEMOCRAT,FALSE
2012,INDIANA,IN,18,32,22,"ROMNEY, MITT",REPUBLICAN,FALSE,1420543,2624534,20210113,REPUBLICAN,FALSE
2012,INDIANA,IN,18,32,22,UNKNOWN/SCATTERING,UNKNOWN,TRUE,993,2624534,20210113,OTHER,FALSE
2012,IOWA,IA,19,42,31,"GOODE, VIRGIL HAMLIN, JR.",CONSTITUTION PARTY,FALSE,3038,1582180,20210113,OTHER,FALSE
2012,IOWA,IA,19,42,31,"HARRIS, JAMES",SOCIALIST WORKERS,FALSE,445,1582180,20210113,OTHER,FALSE
2012,IOWA,IA,19,42,31,"JOHNSON, GARY",LIBERTARIAN,FALSE,12926,1582180,20210113,LIBERTARIAN,FALSE
2012,IOWA,IA,19,42,31,"LA RIVA, GLORIA ESTELLA",SOCIALISM AND LIBERATION PARTY,FALSE,372,1582180,20210113,OTHER,FALSE
2012,IOWA,IA,19,42,31,"OBAMA, BARACK H.",DEMOCRAT,FALSE,822544,1582180,20210113,DEMOCRAT,FALSE
2012,IOWA,IA,19,42,31,"ROMNEY, MITT",REPUBLICAN,FALSE,730617,1582180,20210113,REPUBLICAN,FALSE
2012,IOWA,IA,19,42,31,"STEIN, JILL",GREEN,FALSE,3769,1582180,20210113,OTHER,FALSE
2012,IOWA,IA,19,42,31,UNKNOWN/SCATTERING,UNKNOWN,TRUE,7442,1582180,20210113,OTHER,FALSE
2012,IOWA,IA,19,42,31,UNKNOWN/SCATTERING,NOMINATED BY PETITION,FALSE,1027,1582180,20210113,OTHER,FALSE
2012,KANSAS,KS,20,47,32,"BALDWIN, CHARLES ""CHUCK""",REFORM PARTY,FALSE,5017,1159971,20210113,OTHER,FALSE
2012,KANSAS,KS,20,47,32,"JOHNSON, GARY",LIBERTARIAN,FALSE,20456,1159971,20210113,LIBERTARIAN,FALSE
2012,KANSAS,KS,20,47,32,"OBAMA, BARACK H.",DEMOCRAT,FALSE,440726,1159971,20210113,DEMOCRAT,FALSE
2012,KANSAS,KS,20,47,32,"ROMNEY, MITT",REPUBLICAN,FALSE,692634,1159971,20210113,REPUBLICAN,FALSE
2012,KANSAS,KS,20,47,32,UNKNOWN/SCATTERING,UNKNOWN,TRUE,1138,1159971,20210113,OTHER,FALSE
2012,KENTUCKY,KY,21,61,51,"JOHNSON, GARY",LIBERTARIAN,FALSE,17063,1797212,20210113,LIBERTARIAN,FALSE
2012,KENTUCKY,KY,21,61,51,"OBAMA, BARACK H.",DEMOCRAT,FALSE,679370,1797212,20210113,DEMOCRAT,FALSE
2012,KENTUCKY,KY,21,61,51,"ROMNEY, MITT",REPUBLICAN,FALSE,1087190,1797212,20210113,REPUBLICAN,FALSE
2012,KENTUCKY,KY,21,61,51,"STEIN, JILL",GREEN,FALSE,6337,1797212,20210113,OTHER,FALSE
2012,KENTUCKY,KY,21,61,51,"TERRY, RANDALL",INDEPENDENT,FALSE,6872,1797212,20210113,OTHER,FALSE
2012,KENTUCKY,KY,21,61,51,UNKNOWN/SCATTERING,UNKNOWN,TRUE,380,1797212,20210113,OTHER,FALSE
2012,LOUISIANA,LA,22,72,45,"ANDERSON, ROSS CARL ""ROCKY""",JUSTICE,FALSE,1368,1994065,20210113,OTHER,FALSE
2012,LOUISIANA,LA,22,72,45,"FELLURE, LOWELL JACKSON ""JACK""",PROHIBITION,FALSE,518,1994065,20210113,OTHER,FALSE
2012,LOUISIANA,LA,22,72,45,"GOODE, VIRGIL HAMLIN, JR.",CONSTITUTION PARTY,FALSE,2508,1994065,20210113,OTHER,FALSE
2012,LOUISIANA,LA,22,72,45,"HARRIS, JAMES",SOCIALIST WORKERS,FALSE,389,1994065,20210113,OTHER,FALSE
2012,LOUISIANA,LA,22,72,45,"JOHNSON, GARY",LIBERTARIAN,FALSE,18157,1994065,20210113,LIBERTARIAN,FALSE
2012,LOUISIANA,LA,22,72,45,"LINDSAY, PETA",SOCIALISM AND LIBERATION PARTY,FALSE,622,1994065,20210113,OTHER,FALSE
2012,LOUISIANA,LA,22,72,45,"OBAMA, BARACK H.",DEMOCRAT,FALSE,809141,1994065,20210113,DEMOCRAT,FALSE
2012,LOUISIANA,LA,22,72,45,"ROMNEY, MITT",REPUBLICAN,FALSE,1152262,1994065,20210113,REPUBLICAN,FALSE
2012,LOUISIANA,LA,22,72,45,"STEIN, JILL",GREEN,FALSE,6978,1994065,20210113,OTHER,FALSE
2012,LOUISIANA,LA,22,72,45,"TITTLE, SHEILA ""SAMM""",WE THE PEOPLE,FALSE,1767,1994065,20210113,OTHER,FALSE
2012,LOUISIANA,LA,22,72,45,"WHITE, JEROME ""JERRY""",SOCIALIST EQUALITY PARTY,FALSE,355,1994065,20210113,OTHER,FALSE
2012,MAINE,ME,23,11,2,BLANK VOTE,UNKNOWN,FALSE,11578,724758,20210113,OTHER,FALSE
2012,MAINE,ME,23,11,2,"JOHNSON, GARY",LIBERTARIAN,FALSE,9352,724758,20210113,LIBERTARIAN,FALSE
2012,MAINE,ME,23,11,2,"OBAMA, BARACK H.",DEMOCRAT,FALSE,401306,724758,20210113,DEMOCRAT,FALSE
2012,MAINE,ME,23,11,2,"ROMNEY, MITT",REPUBLICAN,FALSE,292276,724758,20210113,REPUBLICAN,FALSE
2012,MAINE,ME,23,11,2,"STEIN, JILL",GREEN,FALSE,8119,724758,20210113,OTHER,FALSE
2012,MAINE,ME,23,11,2,UNKNOWN/SCATTERING,UNKNOWN,TRUE,2127,724758,20210113,OTHER,FALSE
2012,MARYLAND,MD,24,52,52,"JOHNSON, GARY",LIBERTARIAN,FALSE,30195,2707327,20210113,LIBERTARIAN,FALSE
2012,MARYLAND,MD,24,52,52,"OBAMA, BARACK H.",DEMOCRAT,FALSE,1677844,2707327,20210113,DEMOCRAT,FALSE
2012,MARYLAND,MD,24,52,52,"ROMNEY, MITT",REPUBLICAN,FALSE,971869,2707327,20210113,REPUBLICAN,FALSE
2012,MARYLAND,MD,24,52,52,"STEIN, JILL",GREEN,FALSE,17110,2707327,20210113,OTHER,FALSE
2012,MARYLAND,MD,24,52,52,UNKNOWN/SCATTERING,UNKNOWN,TRUE,10309,2707327,20210113,OTHER,FALSE
2012,MASSACHUSETTS,MA,25,14,3,BLANK VOTE/SCATTERING,UNKNOWN,FALSE,16429,3184196,20210113,OTHER,FALSE
2012,MASSACHUSETTS,MA,25,14,3,"JOHNSON, GARY",LIBERTARIAN,FALSE,30920,3184196,20210113,LIBERTARIAN,FALSE
2012,MASSACHUSETTS,MA,25,14,3,"OBAMA, BARACK H.",DEMOCRAT,FALSE,1921290,3184196,20210113,DEMOCRAT,FALSE
2012,MASSACHUSETTS,MA,25,14,3,OTHER,UNKNOWN,FALSE,6552,3184196,20210113,OTHER,FALSE
2012,MASSACHUSETTS,MA,25,14,3,"ROMNEY, MITT",REPUBLICAN,FALSE,1188314,3184196,20210113,REPUBLICAN,FALSE
2012,MASSACHUSETTS,MA,25,14,3,"STEIN, JILL",GREEN-RAINBOW,FALSE,20691,3184196,20210113,OTHER,FALSE
2012,MICHIGAN,MI,26,34,23,"ANDERSON, ROSS CARL ""ROCKY""",NATURAL LAW,FALSE,5147,4730961,20210113,OTHER,FALSE
2012,MICHIGAN,MI,26,34,23,"GOODE, VIRGIL HAMLIN, JR.",U.S. TAXPAYERS PARTY,FALSE,16119,4730961,20210113,OTHER,FALSE
2012,MICHIGAN,MI,26,34,23,"OBAMA, BARACK H.",DEMOCRAT,FALSE,2564569,4730961,20210113,DEMOCRAT,FALSE
2012,MICHIGAN,MI,26,34,23,"ROMNEY, MITT",REPUBLICAN,FALSE,2115256,4730961,20210113,REPUBLICAN,FALSE
2012,MICHIGAN,MI,26,34,23,"STEIN, JILL",GREEN,FALSE,21897,4730961,20210113,OTHER,FALSE
2012,MICHIGAN,MI,26,34,23,UNKNOWN/SCATTERING,UNKNOWN,TRUE,7973,4730961,20210113,OTHER,FALSE
2012,MINNESOTA,MN,27,41,33,"ANDERSON, ROSS CARL ""ROCKY""",JUSTICE,FALSE,1996,2936561,20210113,OTHER,FALSE
2012,MINNESOTA,MN,27,41,33,"CARLSON, JIM",GRASSROOTS,FALSE,3149,2936561,20210113,OTHER,FALSE
2012,MINNESOTA,MN,27,41,33,"GOODE, VIRGIL HAMLIN, JR.",CONSTITUTION PARTY,FALSE,3722,2936561,20210113,OTHER,FALSE
2012,MINNESOTA,MN,27,41,33,"HARRIS, JAMES",SOCIALIST WORKERS,FALSE,1051,2936561,20210113,OTHER,FALSE
2012,MINNESOTA,MN,27,41,33,"JOHNSON, GARY",LIBERTARIAN,FALSE,35098,2936561,20210113,LIBERTARIAN,FALSE
2012,MINNESOTA,MN,27,41,33,"LINDSAY, PETA",SOCIALISM AND LIBERATION PARTY,FALSE,397,2936561,20210113,OTHER,FALSE
2012,MINNESOTA,MN,27,41,33,"MORSTAD, DEAN",CONSTITUTIONAL GOVERNMENT,FALSE,1092,2936561,20210113,OTHER,FALSE
2012,MINNESOTA,MN,27,41,33,"OBAMA, BARACK H.",DEMOCRATIC-FARMER-LABOR,FALSE,1546167,2936561,20210113,DEMOCRAT,FALSE
2012,MINNESOTA,MN,27,41,33,"ROMNEY, MITT",REPUBLICAN,FALSE,1320225,2936561,20210113,REPUBLICAN,FALSE
2012,MINNESOTA,MN,27,41,33,"STEIN, JILL",GREEN,FALSE,13023,2936561,20210113,OTHER,FALSE
2012,MINNESOTA,MN,27,41,33,UNKNOWN/SCATTERING,UNKNOWN,TRUE,10641,2936561,20210113,OTHER,FALSE
2012,MISSISSIPPI,MS,28,64,46,"GOODE, VIRGIL HAMLIN, JR.",CONSTITUTION PARTY,FALSE,2609,1285584,20210113,OTHER,FALSE
2012,MISSISSIPPI,MS,28,64,46,"JOHNSON, GARY",LIBERTARIAN,FALSE,6676,1285584,20210113,LIBERTARIAN,FALSE
2012,MISSISSIPPI,MS,28,64,46,"OBAMA, BARACK H.",DEMOCRAT,FALSE,562949,1285584,20210113,DEMOCRAT,FALSE
2012,MISSISSIPPI,MS,28,64,46,"ROMNEY, MITT",REPUBLICAN,FALSE,710746,1285584,20210113,REPUBLICAN,FALSE
2012,MISSISSIPPI,MS,28,64,46,"STEIN, JILL",GREEN,FALSE,1588,1285584,20210113,OTHER,FALSE
2012,MISSISSIPPI,MS,28,64,46,"WASHER, BARBARA DALE",REFORM PARTY,FALSE,1016,1285584,20210113,OTHER,FALSE
2012,MISSOURI,MO,29,43,34,"GOODE, VIRGIL HAMLIN, JR.",CONSTITUTION PARTY,FALSE,7936,2757323,20210113,OTHER,FALSE
2012,MISSOURI,MO,29,43,34,"JOHNSON, GARY",LIBERTARIAN,FALSE,43151,2757323,20210113,LIBERTARIAN,FALSE
2012,MISSOURI,MO,29,43,34,"OBAMA, BARACK H.",DEMOCRAT,FALSE,1223796,2757323,20210113,DEMOCRAT,FALSE
2012,MISSOURI,MO,29,43,34,"ROMNEY, MITT",REPUBLICAN,FALSE,1482440,2757323,20210113,REPUBLICAN,FALSE
2012,MONTANA,MT,30,81,64,"JOHNSON, GARY",LIBERTARIAN,FALSE,14165,484048,20210113,LIBERTARIAN,FALSE
2012,MONTANA,MT,30,81,64,"OBAMA, BARACK H.",DEMOCRAT,FALSE,201839,484048,20210113,DEMOCRAT,FALSE
2012,MONTANA,MT,30,81,64,"ROMNEY, MITT",REPUBLICAN,FALSE,267928,484048,20210113,REPUBLICAN,FALSE
2012,MONTANA,MT,30,81,64,UNKNOWN/SCATTERING,UNKNOWN,TRUE,116,484048,20210113,OTHER,FALSE
2012,NEBRASKA,NE,31,46,35,"JOHNSON, GARY",LIBERTARIAN,FALSE,11109,794379,20210113,LIBERTARIAN,FALSE
2012,NEBRASKA,NE,31,46,35,"OBAMA, BARACK H.",DEMOCRAT,FALSE,302081,794379,20210113,DEMOCRAT,FALSE
2012,NEBRASKA,NE,31,46,35,"ROMNEY, MITT",REPUBLICAN,FALSE,475064,794379,20210113,REPUBLICAN,FALSE
2012,NEBRASKA,NE,31,46,35,UNKNOWN/SCATTERING,UNKNOWN,TRUE,3717,794379,20210113,OTHER,FALSE
2012,NEBRASKA,NE,31,46,35,UNKNOWN/SCATTERING,NOMINATED BY PETITION,FALSE,2408,794379,20210113,OTHER,FALSE
2012,NEVADA,NV,32,88,65,"GOODE, VIRGIL HAMLIN, JR.",INDEPENDENT AMERICAN,FALSE,3240,1014918,20210113,OTHER,FALSE
2012,NEVADA,NV,32,88,65,"JOHNSON, GARY",LIBERTARIAN,FALSE,10968,1014918,20210113,LIBERTARIAN,FALSE
2012,NEVADA,NV,32,88,65,NONE OF THESE CANDIDATES,UNKNOWN,FALSE,5770,1014918,20210113,OTHER,FALSE
2012,NEVADA,NV,32,88,65,"OBAMA, BARACK H.",DEMOCRAT,FALSE,531373,1014918,20210113,DEMOCRAT,FALSE
2012,NEVADA,NV,32,88,65,"ROMNEY, MITT",REPUBLICAN,FALSE,463567,1014918,20210113,REPUBLICAN,FALSE
2012,NEW HAMPSHIRE,NH,33,12,4,"GOODE, VIRGIL HAMLIN, JR.",CONSTITUTION PARTY,FALSE,708,710972,20210113,OTHER,FALSE
2012,NEW HAMPSHIRE,NH,33,12,4,"JOHNSON, GARY",LIBERTARIAN,FALSE,8212,710972,20210113,LIBERTARIAN,FALSE
2012,NEW HAMPSHIRE,NH,33,12,4,"OBAMA, BARACK H.",DEMOCRAT,FALSE,369561,710972,20210113,DEMOCRAT,FALSE
2012,NEW HAMPSHIRE,NH,33,12,4,"ROMNEY, MITT",REPUBLICAN,FALSE,329918,710972,20210113,REPUBLICAN,FALSE
2012,NEW HAMPSHIRE,NH,33,12,4,SCATTERING,UNKNOWN,FALSE,875,710972,20210113,OTHER,FALSE
2012,NEW HAMPSHIRE,NH,33,12,4,UNKNOWN/SCATTERING,UNKNOWN,TRUE,1698,710972,20210113,OTHER,FALSE
2012,NEW JERSEY,NJ,34,22,12,"ANDERSON, ROSS CARL ""ROCKY""",JUSTICE,FALSE,1723,3638499,20210113,OTHER,FALSE
2012,NEW JERSEY,NJ,34,22,12,"BOSS, JEFFERY",NSA DID 911,FALSE,1024,3638499,20210113,OTHER,FALSE
2012,NEW JERSEY,NJ,34,22,12,"GOODE, VIRGIL HAMLIN, JR.",CONSTITUTION PARTY,FALSE,2063,3638499,20210113,OTHER,FALSE
2012,NEW JERSEY,NJ,34,22,12,"HARRIS, JAMES",SOCIALIST WORKERS,FALSE,709,3638499,20210113,OTHER,FALSE
2012,NEW JERSEY,NJ,34,22,12,"JOHNSON, GARY",LIBERTARIAN,FALSE,21035,3638499,20210113,LIBERTARIAN,FALSE
2012,NEW JERSEY,NJ,34,22,12,"LINDSAY, PETA",SOCIALISM AND LIBERATION PARTY,FALSE,521,3638499,20210113,OTHER,FALSE
2012,NEW JERSEY,NJ,34,22,12,"MILLER, MERLIN",AMERICAN THIRD POSITION,FALSE,664,3638499,20210113,OTHER,FALSE
2012,NEW JERSEY,NJ,34,22,12,"OBAMA, BARACK H.",DEMOCRAT,FALSE,2122786,3638499,20210113,DEMOCRAT,FALSE
2012,NEW JERSEY,NJ,34,22,12,"ROMNEY, MITT",REPUBLICAN,FALSE,1478088,3638499,20210113,REPUBLICAN,FALSE
2012,NEW JERSEY,NJ,34,22,12,"STEIN, JILL",GREEN,FALSE,9886,3638499,20210113,OTHER,FALSE
2012,NEW MEXICO,NM,35,85,66,"GOODE, VIRGIL HAMLIN, JR.",CONSTITUTION PARTY,FALSE,982,783758,20210113,OTHER,FALSE
2012,NEW MEXICO,NM,35,85,66,"JOHNSON, GARY",LIBERTARIAN,FALSE,27788,783758,20210113,LIBERTARIAN,FALSE
2012,NEW MEXICO,NM,35,85,66,"OBAMA, BARACK H.",DEMOCRAT,FALSE,415335,783758,20210113,DEMOCRAT,FALSE
2012,NEW MEXICO,NM,35,85,66,"ROMNEY, MITT",REPUBLICAN,FALSE,335788,783758,20210113,REPUBLICAN,FALSE
2012,NEW MEXICO,NM,35,85,66,"STEIN, JILL",GREEN,FALSE,2691,783758,20210113,OTHER,FALSE
2012,NEW MEXICO,NM,35,85,66,UNKNOWN/SCATTERING,NEW MEXICO INDEPENDENT PARTY,FALSE,1174,783758,20210113,OTHER,FALSE
2012,NEW YORK,NY,36,21,13,BLANK VOTE/VOID VOTE/SCATTERING,UNKNOWN,FALSE,63881,7116784,20210113,OTHER,FALSE
2012,NEW YORK,NY,36,21,13,"GOODE, VIRGIL HAMLIN, JR.",CONSTITUTION PARTY,FALSE,6270,7116784,20210113,OTHER,FALSE
2012,NEW YORK,NY,36,21,13,"JOHNSON, GARY",LIBERTARIAN,FALSE,47092,7116784,20210113,LIBERTARIAN,FALSE
2012,NEW YORK,NY,36,21,13,"LINDSAY, PETA",SOCIALISM AND LIBERATION PARTY,FALSE,2039,7116784,20210113,OTHER,FALSE
2012,NEW YORK,NY,36,21,13,"OBAMA, BARACK H.",DEMOCRAT,FALSE,4324228,7116784,20210113,DEMOCRAT,FALSE
2012,NEW YORK,NY,36,21,13,"OBAMA, BARACK H.",WORKING FAMILIES,FALSE,147643,7116784,20210113,OTHER,FALSE
2012,NEW YORK,NY,36,21,13,"ROMNEY, MITT",REPUBLICAN,FALSE,2223397,7116784,20210113,REPUBLICAN,FALSE
2012,NEW YORK,NY,36,21,13,"ROMNEY, MITT",CONSERVATIVE,FALSE,262035,7116784,20210113,OTHER,FALSE
2012,NEW YORK,NY,36,21,13,"STEIN, JILL",GREEN,FALSE,39856,7116784,20210113,OTHER,FALSE
2012,NEW YORK,NY,36,21,13,UNKNOWN/SCATTERING,UNKNOWN,TRUE,343,7116784,20210113,OTHER,FALSE
2012,NORTH CAROLINA,NC,37,56,47,"JOHNSON, GARY",LIBERTARIAN,FALSE,44515,4505372,20210113,LIBERTARIAN,FALSE
2012,NORTH CAROLINA,NC,37,56,47,"OBAMA, BARACK H.",DEMOCRAT,FALSE,2178391,4505372,20210113,DEMOCRAT,FALSE
2012,NORTH CAROLINA,NC,37,56,47,"ROMNEY, MITT",REPUBLICAN,FALSE,2270395,4505372,20210113,REPUBLICAN,FALSE
2012,NORTH CAROLINA,NC,37,56,47,UNKNOWN/SCATTERING,UNKNOWN,TRUE,12071,4505372,20210113,OTHER,FALSE
2012,NORTH DAKOTA,ND,38,44,36,"GOODE, VIRGIL HAMLIN, JR.",CONSTITUTION PARTY,FALSE,1186,322932,20210113,OTHER,FALSE
2012,NORTH DAKOTA,ND,38,44,36,"JOHNSON, GARY",LIBERTARIAN,FALSE,5238,322932,20210113,LIBERTARIAN,FALSE
2012,NORTH DAKOTA,ND,38,44,36,"OBAMA, BARACK H.",DEMOCRAT,FALSE,124966,322932,20210113,DEMOCRAT,FALSE
2012,NORTH DAKOTA,ND,38,44,36,"ROMNEY, MITT",REPUBLICAN,FALSE,188320,322932,20210113,REPUBLICAN,FALSE
2012,NORTH DAKOTA,ND,38,44,36,"STEIN, JILL",GREEN,FALSE,1362,322932,20210113,OTHER,FALSE
2012,NORTH DAKOTA,ND,38,44,36,UNKNOWN/SCATTERING,UNKNOWN,TRUE,1860,322932,20210113,OTHER,FALSE
2012,OHIO,OH,39,31,24,"ALEXANDER, STEWART",SOCIALIST,FALSE,2967,5580822,20210113,OTHER,FALSE
2012,OHIO,OH,39,31,24,"DUNCAN, RICHARD",INDEPENDENT,FALSE,12502,5580822,20210113,OTHER,FALSE
2012,OHIO,OH,39,31,24,"GOODE, VIRGIL HAMLIN, JR.",CONSTITUTION PARTY,FALSE,8151,5580822,20210113,OTHER,FALSE
2012,OHIO,OH,39,31,24,"JOHNSON, GARY",LIBERTARIAN,FALSE,49493,5580822,20210113,LIBERTARIAN,FALSE
2012,OHIO,OH,39,31,24,"OBAMA, BARACK H.",DEMOCRAT,FALSE,2827621,5580822,20210113,DEMOCRAT,FALSE
2012,OHIO,OH,39,31,24,"ROMNEY, MITT",REPUBLICAN,FALSE,2661407,5580822,20210113,REPUBLICAN,FALSE
2012,OHIO,OH,39,31,24,"STEIN, JILL",GREEN,FALSE,18574,5580822,20210113,OTHER,FALSE
2012,OHIO,OH,39,31,24,UNKNOWN/SCATTERING,UNKNOWN,TRUE,107,5580822,20210113,OTHER,FALSE
2012,OKLAHOMA,OK,40,73,53,"OBAMA, BARACK H.",DEMOCRAT,FALSE,443547,1334872,20210113,DEMOCRAT,FALSE
2012,OKLAHOMA,OK,40,73,53,"ROMNEY, MITT",REPUBLICAN,FALSE,891325,1334872,20210113,REPUBLICAN,FALSE
2012,OREGON,OR,41,92,72,"ANDERSON, ROSS CARL ""ROCKY""",PROGRESSIVE,FALSE,3384,1789270,20210113,OTHER,FALSE
2012,OREGON,OR,41,92,72,"CHRISTENSEN, WILL",CONSTITUTION PARTY,FALSE,4432,1789270,20210113,OTHER,FALSE
2012,OREGON,OR,41,92,72,"JOHNSON, GARY",LIBERTARIAN,FALSE,24089,1789270,20210113,LIBERTARIAN,FALSE
2012,OREGON,OR,41,92,72,"OBAMA, BARACK H.",DEMOCRAT,FALSE,970488,1789270,20210113,DEMOCRAT,FALSE
2012,OREGON,OR,41,92,72,OTHER,UNKNOWN,FALSE,13275,1789270,20210113,OTHER,FALSE
2012,OREGON,OR,41,92,72,"ROMNEY, MITT",REPUBLICAN,FALSE,754175,1789270,20210113,REPUBLICAN,FALSE
2012,OREGON,OR,41,92,72,"STEIN, JILL",PACIFIC GREEN,FALSE,19427,1789270,20210113,OTHER,FALSE
2012,PENNSYLVANIA,PA,42,23,14,"JOHNSON, GARY",LIBERTARIAN,FALSE,49991,5742040,20210113,LIBERTARIAN,FALSE
2012,PENNSYLVANIA,PA,42,23,14,"OBAMA, BARACK H.",DEMOCRAT,FALSE,2990274,5742040,20210113,DEMOCRAT,FALSE
2012,PENNSYLVANIA,PA,42,23,14,"ROMNEY, MITT",REPUBLICAN,FALSE,2680434,5742040,20210113,REPUBLICAN,FALSE
2012,PENNSYLVANIA,PA,42,23,14,"STEIN, JILL",GREEN,FALSE,21341,5742040,20210113,OTHER,FALSE
2012,RHODE ISLAND,RI,44,15,5,"ANDERSON, ROSS CARL ""ROCKY""",JUSTICE,FALSE,416,446049,20210113,OTHER,FALSE
2012,RHODE ISLAND,RI,44,15,5,"GOODE, VIRGIL HAMLIN, JR.",CONSTITUTION PARTY,FALSE,430,446049,20210113,OTHER,FALSE
2012,RHODE ISLAND,RI,44,15,5,"JOHNSON, GARY",LIBERTARIAN,FALSE,4388,446049,20210113,LIBERTARIAN,FALSE
2012,RHODE ISLAND,RI,44,15,5,"LINDSAY, PETA",SOCIALISM AND LIBERATION PARTY,FALSE,132,446049,20210113,OTHER,FALSE
2012,RHODE ISLAND,RI,44,15,5,"OBAMA, BARACK H.",DEMOCRAT,FALSE,279677,446049,20210113,DEMOCRAT,FALSE
2012,RHODE ISLAND,RI,44,15,5,"ROMNEY, MITT",REPUBLICAN,FALSE,157204,446049,20210113,REPUBLICAN,FALSE
2012,RHODE ISLAND,RI,44,15,5,"STEIN, JILL",GREEN,FALSE,2421,446049,20210113,OTHER,FALSE
2012,RHODE ISLAND,RI,44,15,5,UNKNOWN/SCATTERING,UNKNOWN,TRUE,1381,446049,20210113,OTHER,FALSE
2012,SOUTH CAROLINA,SC,45,57,48,"GOODE, VIRGIL HAMLIN, JR.",CONSTITUTION PARTY,FALSE,4765,1964118,20210113,OTHER,FALSE
2012,SOUTH CAROLINA,SC,45,57,48,"JOHNSON, GARY",LIBERTARIAN,FALSE,16321,1964118,20210113,LIBERTARIAN,FALSE
2012,SOUTH CAROLINA,SC,45,57,48,"OBAMA, BARACK H.",DEMOCRAT,FALSE,865941,1964118,20210113,DEMOCRAT,FALSE
2012,SOUTH CAROLINA,SC,45,57,48,"ROMNEY, MITT",REPUBLICAN,FALSE,1071645,1964118,20210113,REPUBLICAN,FALSE
2012,SOUTH CAROLINA,SC,45,57,48,"STEIN, JILL",GREEN,FALSE,5446,1964118,20210113,OTHER,FALSE
2012,SOUTH DAKOTA,SD,46,45,37,"GOODE, VIRGIL HAMLIN, JR.",CONSTITUTION PARTY,FALSE,2371,363815,20210113,OTHER,FALSE
2012,SOUTH DAKOTA,SD,46,45,37,"JOHNSON, GARY",LIBERTARIAN,FALSE,5795,363815,20210113,LIBERTARIAN,FALSE
2012,SOUTH DAKOTA,SD,46,45,37,"OBAMA, BARACK H.",DEMOCRAT,FALSE,145039,363815,20210113,DEMOCRAT,FALSE
2012,SOUTH DAKOTA,SD,46,45,37,"ROMNEY, MITT",REPUBLICAN,FALSE,210610,363815,20210113,REPUBLICAN,FALSE
2012,TENNESSEE,TN,47,62,54,"GOODE, VIRGIL HAMLIN, JR.",CONSTITUTION PARTY,FALSE,6022,2458577,20210113,OTHER,FALSE
2012,TENNESSEE,TN,47,62,54,"OBAMA, BARACK H.",DEMOCRAT,FALSE,960709,2458577,20210113,DEMOCRAT,FALSE
2012,TENNESSEE,TN,47,62,54,"ROMNEY, MITT",REPUBLICAN,FALSE,1462330,2458577,20210113,REPUBLICAN,FALSE
2012,TENNESSEE,TN,47,62,54,"STEIN, JILL",GREEN,FALSE,6515,2458577,20210113,OTHER,FALSE
2012,TENNESSEE,TN,47,62,54,UNKNOWN/SCATTERING,INDEPENDENT,FALSE,23001,2458577,20210113,OTHER,FALSE
2012,TEXAS,TX,48,74,49,"JOHNSON, GARY",LIBERTARIAN,FALSE,88580,7993851,20210113,LIBERTARIAN,FALSE
2012,TEXAS,TX,48,74,49,"OBAMA, BARACK H.",DEMOCRAT,FALSE,3308124,7993851,20210113,DEMOCRAT,FALSE
2012,TEXAS,TX,48,74,49,"ROMNEY, MITT",REPUBLICAN,FALSE,4569843,7993851,20210113,REPUBLICAN,FALSE
2012,TEXAS,TX,48,74,49,"STEIN, JILL",GREEN,FALSE,24657,7993851,20210113,OTHER,FALSE
2012,TEXAS,TX,48,74,49,UNKNOWN/SCATTERING,UNKNOWN,TRUE,2647,7993851,20210113,OTHER,FALSE
2012,UTAH,UT,49,87,67,"ANDERSON, ROSS CARL ""ROCKY""",JUSTICE,FALSE,5335,1017440,20210113,OTHER,FALSE
2012,UTAH,UT,49,87,67,"GOODE, VIRGIL HAMLIN, JR.",CONSTITUTION PARTY,FALSE,2871,1017440,20210113,OTHER,FALSE
2012,UTAH,UT,49,87,67,"JOHNSON, GARY",LIBERTARIAN,FALSE,12572,1017440,20210113,LIBERTARIAN,FALSE
2012,UTAH,UT,49,87,67,"OBAMA, BARACK H.",DEMOCRAT,FALSE,251813,1017440,20210113,DEMOCRAT,FALSE
2012,UTAH,UT,49,87,67,"ROMNEY, MITT",REPUBLICAN,FALSE,740600,1017440,20210113,REPUBLICAN,FALSE
2012,UTAH,UT,49,87,67,"STEIN, JILL",GREEN,FALSE,3817,1017440,20210113,OTHER,FALSE
2012,UTAH,UT,49,87,67,UNKNOWN/SCATTERING,NO PARTY AFFILIATION,FALSE,393,1017440,20210113,OTHER,FALSE
2012,UTAH,UT,49,87,67,UNKNOWN/SCATTERING,UNKNOWN,TRUE,39,1017440,20210113,OTHER,FALSE
2012,VERMONT,VT,50,13,6,"ANDERSON, ROSS CARL ""ROCKY""",JUSTICE,FALSE,1128,299290,20210113,OTHER,FALSE
2012,VERMONT,VT,50,13,6,"JOHNSON, GARY",LIBERTARIAN,FALSE,3487,299290,20210113,LIBERTARIAN,FALSE
2012,VERMONT,VT,50,13,6,"LINDSAY, PETA",SOCIALISM AND LIBERATION PARTY,FALSE,695,299290,20210113,OTHER,FALSE
2012,VERMONT,VT,50,13,6,"OBAMA, BARACK H.",DEMOCRAT,FALSE,199239,299290,20210113,DEMOCRAT,FALSE
2012,VERMONT,VT,50,13,6,"ROMNEY, MITT",REPUBLICAN,FALSE,92698,299290,20210113,REPUBLICAN,FALSE
2012,VERMONT,VT,50,13,6,UNKNOWN/SCATTERING,UNKNOWN,TRUE,2043,299290,20210113,OTHER,FALSE
2012,VIRGINIA,VA,51,54,40,"GOODE, VIRGIL HAMLIN, JR.",CONSTITUTION PARTY,FALSE,13058,3854489,20210113,OTHER,FALSE
2012,VIRGINIA,VA,51,54,40,"JOHNSON, GARY",LIBERTARIAN,FALSE,31216,3854489,20210113,LIBERTARIAN,FALSE
2012,VIRGINIA,VA,51,54,40,"OBAMA, BARACK H.",DEMOCRAT,FALSE,1971820,3854489,20210113,DEMOCRAT,FALSE
2012,VIRGINIA,VA,51,54,40,"ROMNEY, MITT",REPUBLICAN,FALSE,1822522,3854489,20210113,REPUBLICAN,FALSE
2012,VIRGINIA,VA,51,54,40,"STEIN, JILL",GREEN,FALSE,8627,3854489,20210113,OTHER,FALSE
2012,VIRGINIA,VA,51,54,40,UNKNOWN/SCATTERING,UNKNOWN,TRUE,7246,3854489,20210113,OTHER,FALSE
2012,WASHINGTON,WA,53,91,73,"ANDERSON, ROSS CARL ""ROCKY""",JUSTICE,FALSE,4946,3125516,20210113,OTHER,FALSE
2012,WASHINGTON,WA,53,91,73,"GOODE, VIRGIL HAMLIN, JR.",CONSTITUTION PARTY,FALSE,8851,3125516,20210113,OTHER,FALSE
2012,WASHINGTON,WA,53,91,73,"HARRIS, JAMES",SOCIALIST WORKERS,FALSE,1205,3125516,20210113,OTHER,FALSE
2012,WASHINGTON,WA,53,91,73,"JOHNSON, GARY",LIBERTARIAN,FALSE,42202,3125516,20210113,LIBERTARIAN,FALSE
2012,WASHINGTON,WA,53,91,73,"LINDSAY, PETA",SOCIALISM AND LIBERATION PARTY,FALSE,1318,3125516,20210113,OTHER,FALSE
2012,WASHINGTON,WA,53,91,73,"OBAMA, BARACK H.",DEMOCRAT,FALSE,1755396,3125516,20210113,DEMOCRAT,FALSE
2012,WASHINGTON,WA,53,91,73,"ROMNEY, MITT",REPUBLICAN,FALSE,1290670,3125516,20210113,REPUBLICAN,FALSE
2012,WASHINGTON,WA,53,91,73,"STEIN, JILL",GREEN,FALSE,20928,3125516,20210113,OTHER,FALSE
2012,WEST VIRGINIA,WV,54,55,56,"JOHNSON, GARY",LIBERTARIAN,FALSE,6302,670438,20210113,LIBERTARIAN,FALSE
2012,WEST VIRGINIA,WV,54,55,56,"OBAMA, BARACK H.",DEMOCRAT,FALSE,238269,670438,20210113,DEMOCRAT,FALSE
2012,WEST VIRGINIA,WV,54,55,56,"ROMNEY, MITT",REPUBLICAN,FALSE,417655,670438,20210113,REPUBLICAN,FALSE
2012,WEST VIRGINIA,WV,54,55,56,"STEIN, JILL",MOUNTAIN PARTY,FALSE,4406,670438,20210113,OTHER,FALSE
2012,WEST VIRGINIA,WV,54,55,56,UNKNOWN/SCATTERING,NO PARTY AFFILIATION,FALSE,3806,670438,20210113,OTHER,FALSE
2012,WISCONSIN,WI,55,35,25,"GOODE, VIRGIL HAMLIN, JR.",CONSTITUTION PARTY,FALSE,4930,3071434,20210113,OTHER,FALSE
2012,WISCONSIN,WI,55,35,25,"OBAMA, BARACK H.",DEMOCRAT,FALSE,1620985,3071434,20210113,DEMOCRAT,FALSE
2012,WISCONSIN,WI,55,35,25,"ROMNEY, MITT",REPUBLICAN,FALSE,1410966,3071434,20210113,REPUBLICAN,FALSE
2012,WISCONSIN,WI,55,35,25,SCATTERING,UNKNOWN,FALSE,5170,3071434,20210113,OTHER,FALSE
2012,WISCONSIN,WI,55,35,25,UNKNOWN/SCATTERING,INDEPENDENT,FALSE,29383,3071434,20210113,OTHER,FALSE
2012,WYOMING,WY,56,83,68,BLANK VOTE,UNKNOWN,FALSE,1367,250701,20210113,OTHER,FALSE
2012,WYOMING,WY,56,83,68,"GOODE, VIRGIL HAMLIN, JR.",CONSTITUTION PARTY,FALSE,1452,250701,20210113,OTHER,FALSE
2012,WYOMING,WY,56,83,68,"JOHNSON, GARY",LIBERTARIAN,FALSE,5326,250701,20210113,LIBERTARIAN,FALSE
2012,WYOMING,WY,56,83,68,"OBAMA, BARACK H.",DEMOCRAT,FALSE,69286,250701,20210113,DEMOCRAT,FALSE
2012,WYOMING,WY,56,83,68,OVER VOTE,UNKNOWN,FALSE,273,250701,20210113,OTHER,FALSE
2012,WYOMING,WY,56,83,68,"ROMNEY, MITT",REPUBLICAN,FALSE,170962,250701,20210113,REPUBLICAN,FALSE
2012,WYOMING,WY,56,83,68,UNKNOWN/SCATTERING,UNKNOWN,TRUE,2035,250701,20210113,OTHER,FALSE
2016,ALABAMA,AL,1,63,41,"CLINTON, HILLARY",DEMOCRAT,FALSE,729547,2123372,20210113,DEMOCRAT,FALSE
2016,ALABAMA,AL,1,63,41,"JOHNSON, GARY",LIBERTARIAN,FALSE,44467,2123372,20210113,LIBERTARIAN,FALSE
2016,ALABAMA,AL,1,63,41,"STEIN, JILL",GREEN,FALSE,9391,2123372,20210113,OTHER,FALSE
2016,ALABAMA,AL,1,63,41,"TRUMP, DONALD J.",REPUBLICAN,FALSE,1318255,2123372,20210113,REPUBLICAN,FALSE
2016,ALABAMA,AL,1,63,41,UNKNOWN/SCATTERING,UNKNOWN,TRUE,21712,2123372,20210113,OTHER,FALSE
2016,ALASKA,AK,2,94,81,"CASTLE, DARRELL L.",CONSTITUTION PARTY,FALSE,3866,318608,20210113,OTHER,FALSE
2016,ALASKA,AK,2,94,81,"CLINTON, HILLARY",DEMOCRAT,FALSE,116454,318608,20210113,DEMOCRAT,FALSE
2016,ALASKA,AK,2,94,81,"DE LA FUENTE, ROQUE ""ROCKY""",NO PARTY AFFILIATION,FALSE,1240,318608,20210113,OTHER,FALSE
2016,ALASKA,AK,2,94,81,"JOHNSON, GARY",LIBERTARIAN,FALSE,18725,318608,20210113,LIBERTARIAN,FALSE
2016,ALASKA,AK,2,94,81,"STEIN, JILL",GREEN,FALSE,5735,318608,20210113,OTHER,FALSE
2016,ALASKA,AK,2,94,81,"TRUMP, DONALD J.",REPUBLICAN,FALSE,163387,318608,20210113,REPUBLICAN,FALSE
2016,ALASKA,AK,2,94,81,UNKNOWN/SCATTERING,UNKNOWN,TRUE,9201,318608,20210113,OTHER,FALSE
2016,ARIZONA,AZ,4,86,61,"CASTLE, DARRELL L.",CONSTITUTION PARTY,TRUE,1058,2573165,20210113,OTHER,FALSE
2016,ARIZONA,AZ,4,86,61,"CLINTON, HILLARY",DEMOCRAT,FALSE,1161167,2573165,20210113,DEMOCRAT,FALSE
2016,ARIZONA,AZ,4,86,61,"DE LA FUENTE, ROQUE ""ROCKY""",AMERICAN DELTA PARTY,TRUE,29,2573165,20210113,OTHER,FALSE
2016,ARIZONA,AZ,4,86,61,"JOHNSON, GARY",LIBERTARIAN,FALSE,106327,2573165,20210113,LIBERTARIAN,FALSE
2016,ARIZONA,AZ,4,86,61,"STEIN, JILL",GREEN,FALSE,34345,2573165,20210113,OTHER,FALSE
2016,ARIZONA,AZ,4,86,61,"TITTLE, SHEILA ""SAMM""",WE THE PEOPLE,TRUE,12,2573165,20210113,OTHER,FALSE
2016,ARIZONA,AZ,4,86,61,"TRUMP, DONALD J.",REPUBLICAN,FALSE,1252401,2573165,20210113,REPUBLICAN,FALSE
2016,ARIZONA,AZ,4,86,61,UNKNOWN/SCATTERING,INDEPENDENT,TRUE,17473,2573165,20210113,OTHER,FALSE
2016,ARIZONA,AZ,4,86,61,UNKNOWN/SCATTERING,NO PARTY AFFILIATION,TRUE,311,2573165,20210113,OTHER,FALSE
2016,ARIZONA,AZ,4,86,61,UNKNOWN/SCATTERING,DEMOCRAT,TRUE,42,2573165,20210113,DEMOCRAT,FALSE
2016,ARKANSAS,AR,5,71,42,"CASTLE, DARRELL L.",CONSTITUTION PARTY,FALSE,4613,1130635,20210113,OTHER,FALSE
2016,ARKANSAS,AR,5,71,42,"CLINTON, HILLARY",DEMOCRAT,FALSE,380494,1130635,20210113,DEMOCRAT,FALSE
2016,ARKANSAS,AR,5,71,42,"HEDGES, JIM",PROHIBITION,FALSE,4709,1130635,20210113,OTHER,FALSE
2016,ARKANSAS,AR,5,71,42,"JOHNSON, GARY",LIBERTARIAN,FALSE,29829,1130635,20210113,LIBERTARIAN,FALSE
2016,ARKANSAS,AR,5,71,42,"KAHN, LYNN S.",INDEPENDENT,FALSE,3390,1130635,20210113,OTHER,FALSE
2016,ARKANSAS,AR,5,71,42,"MCMULLIN, EVAN",BETTER FOR AMERICA,FALSE,13255,1130635,20210113,OTHER,FALSE
2016,ARKANSAS,AR,5,71,42,"STEIN, JILL",GREEN,FALSE,9473,1130635,20210113,OTHER,FALSE
2016,ARKANSAS,AR,5,71,42,"TRUMP, DONALD J.",REPUBLICAN,FALSE,684872,1130635,20210113,REPUBLICAN,FALSE
2016,CALIFORNIA,CA,6,93,71,"CLINTON, HILLARY",DEMOCRAT,FALSE,8753788,14181595,20210113,DEMOCRAT,FALSE
2016,CALIFORNIA,CA,6,93,71,"JOHNSON, GARY",LIBERTARIAN,FALSE,478500,14181595,20210113,LIBERTARIAN,FALSE
2016,CALIFORNIA,CA,6,93,71,"LA RIVA, GLORIA ESTELLA",PEACE & FREEDOM,FALSE,66101,14181595,20210113,OTHER,FALSE
2016,CALIFORNIA,CA,6,93,71,"STEIN, JILL",GREEN,FALSE,278657,14181595,20210113,OTHER,FALSE
2016,CALIFORNIA,CA,6,93,71,"TRUMP, DONALD J.",REPUBLICAN,FALSE,4483810,14181595,20210113,REPUBLICAN,FALSE
2016,CALIFORNIA,CA,6,93,71,UNKNOWN/SCATTERING,UNKNOWN,TRUE,120739,14181595,20210113,OTHER,FALSE
2016,COLORADO,CO,8,84,62,"ATWOOD, FRANK",APPROVAL VOTING PARTY,FALSE,337,2780220,20210113,OTHER,FALSE
2016,COLORADO,CO,8,84,62,"CASTLE, DARRELL L.",AMERICAN CONSTITUTION PARTY,FALSE,11699,2780220,20210113,OTHER,FALSE
2016,COLORADO,CO,8,84,62,"CLINTON, HILLARY",DEMOCRAT,FALSE,1338870,2780220,20210113,DEMOCRAT,FALSE
2016,COLORADO,CO,8,84,62,"DE LA FUENTE, ROQUE ""ROCKY""",AMERICAN DELTA PARTY,FALSE,1255,2780220,20210113,OTHER,FALSE
2016,COLORADO,CO,8,84,62,"EMIDIO ""MIMI"", SOLTYSIK",SOCIALIST PARTY USA,FALSE,271,2780220,20210113,OTHER,FALSE
2016,COLORADO,CO,8,84,62,"HEDGES, JAMES",PROHIBITION,FALSE,185,2780220,20210113,OTHER,FALSE
2016,COLORADO,CO,8,84,62,"HOEFLING, TOM",AMERICA'S PARTY,FALSE,710,2780220,20210113,OTHER,FALSE
2016,COLORADO,CO,8,84,62,"JOHNSON, GARY",LIBERTARIAN,FALSE,144121,2780220,20210113,LIBERTARIAN,FALSE
2016,COLORADO,CO,8,84,62,"KENISTON, CHRIS",VETERANS PARTY OF AMERICA,FALSE,5028,2780220,20210113,OTHER,FALSE
2016,COLORADO,CO,8,84,62,"KENNEDY, ALYSON",SOCIALIST WORKERS,FALSE,452,2780220,20210113,OTHER,FALSE
2016,COLORADO,CO,8,84,62,"KOPITKE, KYLE KENLEY",INDEPENDENT AMERICAN,FALSE,1096,2780220,20210113,OTHER,FALSE
2016,COLORADO,CO,8,84,62,"KOTLIKOFF, LAURENCE",KOTLIKOFF FOR PRESIDENT,FALSE,392,2780220,20210113,OTHER,FALSE
2016,COLORADO,CO,8,84,62,"LA RIVA, GLORIA ESTELLA",SOCIALISM AND LIBERATION PARTY,FALSE,531,2780220,20210113,OTHER,FALSE
2016,COLORADO,CO,8,84,62,"LYTTLE, BRADFORD",NONVIOLENT RESISTANCE/PACIFIST,FALSE,382,2780220,20210113,OTHER,FALSE
2016,COLORADO,CO,8,84,62,"MALDONADO, JOSEPH ALLEN",INDEPENDENT PEOPLE OF COLORADO,FALSE,872,2780220,20210113,OTHER,FALSE
2016,COLORADO,CO,8,84,62,"MATUREN, MICHAEL A.",AMERICAN SOLIDARITY PARTY,FALSE,862,2780220,20210113,OTHER,FALSE
2016,COLORADO,CO,8,84,62,SCATTERING,UNAFFILIATED,FALSE,31485,2780220,20210113,OTHER,FALSE
2016,COLORADO,CO,8,84,62,"SILVA, ROD",NUTRITION PARTY,FALSE,751,2780220,20210113,OTHER,FALSE
2016,COLORADO,CO,8,84,62,"STEIN, JILL",GREEN,FALSE,38437,2780220,20210113,OTHER,FALSE
2016,COLORADO,CO,8,84,62,"TRUMP, DONALD J.",REPUBLICAN,FALSE,1202484,2780220,20210113,REPUBLICAN,FALSE
2016,CONNECTICUT,CT,9,16,1,"CLINTON, HILLARY",DEMOCRAT,FALSE,897572,1644920,20210113,DEMOCRAT,FALSE
2016,CONNECTICUT,CT,9,16,1,"JOHNSON, GARY",LIBERTARIAN,FALSE,48676,1644920,20210113,LIBERTARIAN,FALSE
2016,CONNECTICUT,CT,9,16,1,"STEIN, JILL",GREEN,FALSE,22841,1644920,20210113,OTHER,FALSE
2016,CONNECTICUT,CT,9,16,1,"TRUMP, DONALD J.",REPUBLICAN,FALSE,673215,1644920,20210113,REPUBLICAN,FALSE
2016,CONNECTICUT,CT,9,16,1,UNKNOWN/SCATTERING,UNKNOWN,TRUE,2616,1644920,20210113,OTHER,FALSE
2016,DELAWARE,DE,10,51,11,"CLINTON, HILLARY",DEMOCRAT,FALSE,235603,441590,20210113,DEMOCRAT,FALSE
2016,DELAWARE,DE,10,51,11,"JOHNSON, GARY",LIBERTARIAN,FALSE,14757,441590,20210113,LIBERTARIAN,FALSE
2016,DELAWARE,DE,10,51,11,"STEIN, JILL",GREEN,FALSE,6103,441590,20210113,OTHER,FALSE
2016,DELAWARE,DE,10,51,11,"TRUMP, DONALD J.",REPUBLICAN,FALSE,185127,441590,20210113,REPUBLICAN,FALSE
2016,DISTRICT OF COLUMBIA,DC,11,53,55,BLANK VOTE,UNKNOWN,FALSE,1064,312575,20210113,OTHER,FALSE
2016,DISTRICT OF COLUMBIA,DC,11,53,55,"CLINTON, HILLARY",DEMOCRAT,FALSE,282830,312575,20210113,DEMOCRAT,FALSE
2016,DISTRICT OF COLUMBIA,DC,11,53,55,"JOHNSON, GARY",LIBERTARIAN,FALSE,4906,312575,20210113,LIBERTARIAN,FALSE
2016,DISTRICT OF COLUMBIA,DC,11,53,55,OVER VOTE,UNKNOWN,FALSE,243,312575,20210113,OTHER,FALSE
2016,DISTRICT OF COLUMBIA,DC,11,53,55,"STEIN, JILL",GREEN,FALSE,4258,312575,20210113,OTHER,FALSE
2016,DISTRICT OF COLUMBIA,DC,11,53,55,"TRUMP, DONALD J.",REPUBLICAN,FALSE,12723,312575,20210113,REPUBLICAN,FALSE
2016,DISTRICT OF COLUMBIA,DC,11,53,55,UNKNOWN/SCATTERING,UNKNOWN,TRUE,6551,312575,20210113,OTHER,FALSE
2016,FLORIDA,FL,12,59,43,"CASTLE, DARRELL L.",CONSTITUTION PARTY,FALSE,16475,9420039,20210113,OTHER,FALSE
2016,FLORIDA,FL,12,59,43,"CLINTON, HILLARY",DEMOCRAT,FALSE,4504975,9420039,20210113,DEMOCRAT,FALSE
2016,FLORIDA,FL,12,59,43,"DE LA FUENTE, ROQUE ""ROCKY""",REFORM PARTY,FALSE,9108,9420039,20210113,OTHER,FALSE
2016,FLORIDA,FL,12,59,43,"JOHNSON, GARY",LIBERTARIAN,FALSE,207043,9420039,20210113,LIBERTARIAN,FALSE
2016,FLORIDA,FL,12,59,43,"STEIN, JILL",GREEN,FALSE,64399,9420039,20210113,OTHER,FALSE
2016,FLORIDA,FL,12,59,43,"TRUMP, DONALD J.",REPUBLICAN,FALSE,4617886,9420039,20210113,REPUBLICAN,FALSE
2016,FLORIDA,FL,12,59,43,UNKNOWN/SCATTERING,UNKNOWN,TRUE,153,9420039,20210113,OTHER,FALSE
2016,GEORGIA,GA,13,58,44,"CLINTON, HILLARY",DEMOCRAT,FALSE,1877963,4114732,20210113,DEMOCRAT,FALSE
2016,GEORGIA,GA,13,58,44,"JOHNSON, GARY",LIBERTARIAN,FALSE,125306,4114732,20210113,LIBERTARIAN,FALSE
2016,GEORGIA,GA,13,58,44,"TRUMP, DONALD J.",REPUBLICAN,FALSE,2089104,4114732,20210113,REPUBLICAN,FALSE
2016,GEORGIA,GA,13,58,44,UNKNOWN/SCATTERING,UNKNOWN,TRUE,22359,4114732,20210113,OTHER,FALSE
2016,HAWAII,HI,15,95,82,BLANK VOTE,UNKNOWN,FALSE,8289,437664,20210113,OTHER,FALSE
2016,HAWAII,HI,15,95,82,"CASTLE, DARRELL L.",CONSTITUTION PARTY,FALSE,4508,437664,20210113,OTHER,FALSE
2016,HAWAII,HI,15,95,82,"CLINTON, HILLARY",DEMOCRAT,FALSE,266891,437664,20210113,DEMOCRAT,FALSE
2016,HAWAII,HI,15,95,82,"JOHNSON, GARY",LIBERTARIAN,FALSE,15954,437664,20210113,LIBERTARIAN,FALSE
2016,HAWAII,HI,15,95,82,OVER VOTE,UNKNOWN,FALSE,438,437664,20210113,OTHER,FALSE
2016,HAWAII,HI,15,95,82,"STEIN, JILL",GREEN,FALSE,12737,437664,20210113,OTHER,FALSE
2016,HAWAII,HI,15,95,82,"TRUMP, DONALD J.",REPUBLICAN,FALSE,128847,437664,20210113,REPUBLICAN,FALSE
2016,IDAHO,ID,16,82,63,"CASTLE, DARRELL L.",CONSTITUTION PARTY,FALSE,2356,690255,20210113,OTHER,FALSE
2016,IDAHO,ID,16,82,63,"CLINTON, HILLARY",DEMOCRAT,FALSE,189765,690255,20210113,DEMOCRAT,FALSE
2016,IDAHO,ID,16,82,63,"JOHNSON, GARY",LIBERTARIAN,FALSE,28331,690255,20210113,LIBERTARIAN,FALSE
2016,IDAHO,ID,16,82,63,"MCMULLIN, EVAN",INDEPENDENT,FALSE,60748,690255,20210113,OTHER,FALSE
2016,IDAHO,ID,16,82,63,"TRUMP, DONALD J.",REPUBLICAN,FALSE,409055,690255,20210113,REPUBLICAN,FALSE
2016,ILLINOIS,IL,17,33,21,"CLINTON, HILLARY",DEMOCRAT,FALSE,3090729,5536424,20210113,DEMOCRAT,FALSE
2016,ILLINOIS,IL,17,33,21,"JOHNSON, GARY",LIBERTARIAN,FALSE,209596,5536424,20210113,LIBERTARIAN,FALSE
2016,ILLINOIS,IL,17,33,21,"STEIN, JILL",GREEN,FALSE,76802,5536424,20210113,OTHER,FALSE
2016,ILLINOIS,IL,17,33,21,"TRUMP, DONALD J.",REPUBLICAN,FALSE,2146015,5536424,20210113,REPUBLICAN,FALSE
2016,ILLINOIS,IL,17,33,21,UNKNOWN/SCATTERING,UNKNOWN,TRUE,13282,5536424,20210113,OTHER,FALSE
2016,INDIANA,IN,18,32,22,"CASTLE, DARRELL L.",CONSTITUTION PARTY,TRUE,1937,2734958,20210113,OTHER,FALSE
2016,INDIANA,IN,18,32,22,"CLINTON, HILLARY",DEMOCRAT,FALSE,1033126,2734958,20210113,DEMOCRAT,FALSE
2016,INDIANA,IN,18,32,22,"EMIDIO ""MIMI"", SOLTYSIK",SOCIALIST PARTY USA,TRUE,57,2734958,20210113,OTHER,FALSE
2016,INDIANA,IN,18,32,22,"JOHNSON, GARY",LIBERTARIAN,FALSE,133993,2734958,20210113,LIBERTARIAN,FALSE
2016,INDIANA,IN,18,32,22,"TRUMP, DONALD J.",REPUBLICAN,FALSE,1557286,2734958,20210113,REPUBLICAN,FALSE
2016,INDIANA,IN,18,32,22,UNKNOWN/SCATTERING,GREEN,TRUE,7841,2734958,20210113,OTHER,FALSE
2016,INDIANA,IN,18,32,22,UNKNOWN/SCATTERING,INDEPENDENT,TRUE,718,2734958,20210113,OTHER,FALSE
2016,IOWA,IA,19,42,31,"CASTLE, DARRELL L.",CONSTITUTION PARTY,FALSE,5335,1565580,20210113,OTHER,FALSE
2016,IOWA,IA,19,42,31,"CLINTON, HILLARY",DEMOCRAT,FALSE,653669,1565580,20210113,DEMOCRAT,FALSE
2016,IOWA,IA,19,42,31,"JOHNSON, GARY",LIBERTARIAN,FALSE,59186,1565580,20210113,LIBERTARIAN,FALSE
2016,IOWA,IA,19,42,31,"KAHN, LYNN S.",NEW INDEPENDENT PARTY IOWA,FALSE,2247,1565580,20210113,OTHER,FALSE
2016,IOWA,IA,19,42,31,"LA RIVA, GLORIA ESTELLA",SOCIALISM AND LIBERATION PARTY,FALSE,323,1565580,20210113,OTHER,FALSE
2016,IOWA,IA,19,42,31,"MCMULLIN, EVAN",NOMINATED BY PETITION,FALSE,12366,1565580,20210113,OTHER,FALSE
2016,IOWA,IA,19,42,31,"STEIN, JILL",GREEN,FALSE,11479,1565580,20210113,OTHER,FALSE
2016,IOWA,IA,19,42,31,"TRUMP, DONALD J.",REPUBLICAN,FALSE,800983,1565580,20210113,REPUBLICAN,FALSE
2016,IOWA,IA,19,42,31,"VACEK, DAN",LEGAL MARIJUANA NOW,FALSE,2246,1565580,20210113,OTHER,FALSE
2016,IOWA,IA,19,42,31,UNKNOWN/SCATTERING,UNKNOWN,TRUE,17746,1565580,20210113,OTHER,FALSE
2016,KANSAS,KS,20,47,32,"CLINTON, HILLARY",DEMOCRAT,FALSE,427005,1184402,20210113,DEMOCRAT,FALSE
2016,KANSAS,KS,20,47,32,"JOHNSON, GARY",LIBERTARIAN,FALSE,55406,1184402,20210113,LIBERTARIAN,FALSE
2016,KANSAS,KS,20,47,32,"STEIN, JILL",INDEPENDENT,FALSE,23506,1184402,20210113,OTHER,FALSE
2016,KANSAS,KS,20,47,32,"TRUMP, DONALD J.",REPUBLICAN,FALSE,671018,1184402,20210113,REPUBLICAN,FALSE
2016,KANSAS,KS,20,47,32,UNKNOWN/SCATTERING,UNKNOWN,TRUE,7467,1184402,20210113,OTHER,FALSE
2016,KENTUCKY,KY,21,61,51,"CLINTON, HILLARY",DEMOCRAT,FALSE,628854,1924149,20210113,DEMOCRAT,FALSE
2016,KENTUCKY,KY,21,61,51,"DE LA FUENTE, ROQUE ""ROCKY""",AMERICAN DELTA PARTY,FALSE,1128,1924149,20210113,OTHER,FALSE
2016,KENTUCKY,KY,21,61,51,"JOHNSON, GARY",LIBERTARIAN,FALSE,53752,1924149,20210113,LIBERTARIAN,FALSE
2016,KENTUCKY,KY,21,61,51,"MCMULLIN, EVAN",INDEPENDENT,FALSE,22780,1924149,20210113,OTHER,FALSE
2016,KENTUCKY,KY,21,61,51,"STEIN, JILL",GREEN,FALSE,13913,1924149,20210113,OTHER,FALSE
2016,KENTUCKY,KY,21,61,51,"TRUMP, DONALD J.",REPUBLICAN,FALSE,1202971,1924149,20210113,REPUBLICAN,FALSE
2016,KENTUCKY,KY,21,61,51,UNKNOWN/SCATTERING,UNKNOWN,TRUE,751,1924149,20210113,OTHER,FALSE
2016,LOUISIANA,LA,22,72,45,"CLINTON, HILLARY",DEMOCRAT,FALSE,780154,2029032,20210113,DEMOCRAT,FALSE
2016,LOUISIANA,LA,22,72,45,"JOHNSON, GARY",LIBERTARIAN,FALSE,37978,2029032,20210113,LIBERTARIAN,FALSE
2016,LOUISIANA,LA,22,72,45,OTHER,UNKNOWN,FALSE,18231,2029032,20210113,OTHER,FALSE
2016,LOUISIANA,LA,22,72,45,"STEIN, JILL",GREEN,FALSE,14031,2029032,20210113,OTHER,FALSE
2016,LOUISIANA,LA,22,72,45,"TRUMP, DONALD J.",REPUBLICAN,FALSE,1178638,2029032,20210113,REPUBLICAN,FALSE
2016,MAINE,ME,23,11,2,BLANK VOTE,UNKNOWN,FALSE,23965,771892,20210113,OTHER,FALSE
2016,MAINE,ME,23,11,2,"CLINTON, HILLARY",DEMOCRAT,FALSE,357735,771892,20210113,DEMOCRAT,FALSE
2016,MAINE,ME,23,11,2,"JOHNSON, GARY",LIBERTARIAN,FALSE,38105,771892,20210113,LIBERTARIAN,FALSE
2016,MAINE,ME,23,11,2,"STEIN, JILL",GREEN,FALSE,14251,771892,20210113,OTHER,FALSE
2016,MAINE,ME,23,11,2,"TRUMP, DONALD J.",REPUBLICAN,FALSE,335593,771892,20210113,REPUBLICAN,FALSE
2016,MAINE,ME,23,11,2,UNKNOWN/SCATTERING,UNENROLLED,FALSE,2243,771892,20210113,OTHER,FALSE
2016,MARYLAND,MD,24,52,52,"CLINTON, HILLARY",DEMOCRAT,FALSE,1677928,2781446,20210113,DEMOCRAT,FALSE
2016,MARYLAND,MD,24,52,52,"CLINTON, HILLARY",DEMOCRAT,TRUE,78,2781446,20210113,DEMOCRAT,FALSE
2016,MARYLAND,MD,24,52,52,"JOHNSON, GARY",LIBERTARIAN,FALSE,79605,2781446,20210113,LIBERTARIAN,FALSE
2016,MARYLAND,MD,24,52,52,OTHER,UNKNOWN,TRUE,10921,2781446,20210113,OTHER,FALSE
2016,MARYLAND,MD,24,52,52,"STEIN, JILL",GREEN,FALSE,35945,2781446,20210113,OTHER,FALSE
2016,MARYLAND,MD,24,52,52,"TRUMP, DONALD J.",REPUBLICAN,FALSE,943169,2781446,20210113,REPUBLICAN,FALSE
2016,MARYLAND,MD,24,52,52,"TRUMP, DONALD J.",REPUBLICAN,TRUE,259,2781446,20210113,REPUBLICAN,FALSE
2016,MARYLAND,MD,24,52,52,UNKNOWN/SCATTERING,UNKNOWN,TRUE,33263,2781446,20210113,OTHER,FALSE
2016,MARYLAND,MD,24,52,52,UNKNOWN/SCATTERING,NO PARTY AFFILIATION,TRUE,278,2781446,20210113,OTHER,FALSE
2016,MASSACHUSETTS,MA,25,14,3,BLANK VOTE,UNKNOWN,FALSE,53775,3378821,20210113,OTHER,FALSE
2016,MASSACHUSETTS,MA,25,14,3,"CLINTON, HILLARY",DEMOCRAT,FALSE,1995196,3378821,20210113,DEMOCRAT,FALSE
2016,MASSACHUSETTS,MA,25,14,3,"JOHNSON, GARY",LIBERTARIAN,FALSE,138018,3378821,20210113,LIBERTARIAN,FALSE
2016,MASSACHUSETTS,MA,25,14,3,OTHER,UNKNOWN,FALSE,50488,3378821,20210113,OTHER,FALSE
2016,MASSACHUSETTS,MA,25,14,3,"STEIN, JILL",GREEN,FALSE,47661,3378821,20210113,OTHER,FALSE
2016,MASSACHUSETTS,MA,25,14,3,"TRUMP, DONALD J.",REPUBLICAN,FALSE,1090893,3378821,20210113,REPUBLICAN,FALSE
2016,MASSACHUSETTS,MA,25,14,3,UNKNOWN/SCATTERING,UNKNOWN,TRUE,2790,3378821,20210113,OTHER,FALSE
2016,MICHIGAN,MI,26,34,23,"CASTLE, DARRELL L.",U.S. TAXPAYERS PARTY,FALSE,16139,4799284,20210113,OTHER,FALSE
2016,MICHIGAN,MI,26,34,23,"CLINTON, HILLARY",DEMOCRAT,FALSE,2268839,4799284,20210113,DEMOCRAT,FALSE
2016,MICHIGAN,MI,26,34,23,"EMIDIO ""MIMI"", SOLTYSIK",NATURAL LAW,FALSE,2209,4799284,20210113,OTHER,FALSE
2016,MICHIGAN,MI,26,34,23,"JOHNSON, GARY",LIBERTARIAN,FALSE,172136,4799284,20210113,LIBERTARIAN,FALSE
2016,MICHIGAN,MI,26,34,23,"STEIN, JILL",GREEN,FALSE,51463,4799284,20210113,OTHER,FALSE
2016,MICHIGAN,MI,26,34,23,"TRUMP, DONALD J.",REPUBLICAN,FALSE,2279543,4799284,20210113,REPUBLICAN,FALSE
2016,MICHIGAN,MI,26,34,23,UNKNOWN/SCATTERING,UNKNOWN,TRUE,8955,4799284,20210113,OTHER,FALSE
2016,MINNESOTA,MN,27,41,33,"CASTLE, DARRELL L.",CONSTITUTION PARTY,FALSE,9456,2944782,20210113,OTHER,FALSE
2016,MINNESOTA,MN,27,41,33,"CLINTON, HILLARY",DEMOCRAT,FALSE,1367705,2944782,20210113,DEMOCRAT,FALSE
2016,MINNESOTA,MN,27,41,33,"DE LA FUENTE, ROQUE ""ROCKY""",AMERICAN DELTA PARTY,FALSE,1430,2944782,20210113,OTHER,FALSE
2016,MINNESOTA,MN,27,41,33,"JOHNSON, GARY",LIBERTARIAN,FALSE,112972,2944782,20210113,LIBERTARIAN,FALSE
2016,MINNESOTA,MN,27,41,33,"KENNEDY, ALYSON",SOCIALIST WORKERS,FALSE,1671,2944782,20210113,OTHER,FALSE
2016,MINNESOTA,MN,27,41,33,"MCMULLIN, EVAN",INDEPENDENCE,FALSE,53075,2944782,20210113,OTHER,FALSE
2016,MINNESOTA,MN,27,41,33,"STEIN, JILL",GREEN,FALSE,36986,2944782,20210113,OTHER,FALSE
2016,MINNESOTA,MN,27,41,33,"TRUMP, DONALD J.",REPUBLICAN,FALSE,1322949,2944782,20210113,REPUBLICAN,FALSE
2016,MINNESOTA,MN,27,41,33,"VACEK, DAN",LEGAL MARIJUANA NOW,FALSE,11291,2944782,20210113,OTHER,FALSE
2016,MINNESOTA,MN,27,41,33,UNKNOWN/SCATTERING,UNKNOWN,TRUE,27247,2944782,20210113,OTHER,FALSE
2016,MISSISSIPPI,MS,28,64,46,"CASTLE, DARRELL L.",CONSTITUTION PARTY,FALSE,3987,1209357,20210113,OTHER,FALSE
2016,MISSISSIPPI,MS,28,64,46,"CLINTON, HILLARY",DEMOCRAT,FALSE,485131,1209357,20210113,DEMOCRAT,FALSE
2016,MISSISSIPPI,MS,28,64,46,"DE LA FUENTE, ROQUE ""ROCKY""",AMERICAN DELTA PARTY,FALSE,644,1209357,20210113,OTHER,FALSE
2016,MISSISSIPPI,MS,28,64,46,"HEDGES, JAMES",PROHIBITION,FALSE,715,1209357,20210113,OTHER,FALSE
2016,MISSISSIPPI,MS,28,64,46,"JOHNSON, GARY",LIBERTARIAN,FALSE,14435,1209357,20210113,LIBERTARIAN,FALSE
2016,MISSISSIPPI,MS,28,64,46,"STEIN, JILL",GREEN,FALSE,3731,1209357,20210113,OTHER,FALSE
2016,MISSISSIPPI,MS,28,64,46,"TRUMP, DONALD J.",REPUBLICAN,FALSE,700714,1209357,20210113,REPUBLICAN,FALSE
2016,MISSOURI,MO,29,43,34,"CASTLE, DARRELL L.",CONSTITUTION PARTY,FALSE,13092,2808605,20210113,OTHER,FALSE
2016,MISSOURI,MO,29,43,34,"CLINTON, HILLARY",DEMOCRAT,FALSE,1071068,2808605,20210113,DEMOCRAT,FALSE
2016,MISSOURI,MO,29,43,34,"JOHNSON, GARY",LIBERTARIAN,FALSE,97359,2808605,20210113,LIBERTARIAN,FALSE
2016,MISSOURI,MO,29,43,34,"STEIN, JILL",GREEN,FALSE,25419,2808605,20210113,OTHER,FALSE
2016,MISSOURI,MO,29,43,34,"TRUMP, DONALD J.",REPUBLICAN,FALSE,1594511,2808605,20210113,REPUBLICAN,FALSE
2016,MISSOURI,MO,29,43,34,UNKNOWN/SCATTERING,UNKNOWN,TRUE,7156,2808605,20210113,OTHER,FALSE
2016,MONTANA,MT,30,81,64,"CLINTON, HILLARY",DEMOCRAT,FALSE,177709,494526,20210113,DEMOCRAT,FALSE
2016,MONTANA,MT,30,81,64,"DE LA FUENTE, ROQUE ""ROCKY""",AMERICAN DELTA PARTY,FALSE,1570,494526,20210113,OTHER,FALSE
2016,MONTANA,MT,30,81,64,"JOHNSON, GARY",LIBERTARIAN,FALSE,28037,494526,20210113,LIBERTARIAN,FALSE
2016,MONTANA,MT,30,81,64,"STEIN, JILL",GREEN,FALSE,7970,494526,20210113,OTHER,FALSE
2016,MONTANA,MT,30,81,64,"TRUMP, DONALD J.",REPUBLICAN,FALSE,279240,494526,20210113,REPUBLICAN,FALSE
2016,NEBRASKA,NE,31,46,35,"CLINTON, HILLARY",DEMOCRAT,FALSE,284494,844227,20210113,DEMOCRAT,FALSE
2016,NEBRASKA,NE,31,46,35,"JOHNSON, GARY",LIBERTARIAN,FALSE,38946,844227,20210113,LIBERTARIAN,FALSE
2016,NEBRASKA,NE,31,46,35,"STEIN, JILL",NOMINATED BY PETITION,FALSE,8775,844227,20210113,OTHER,FALSE
2016,NEBRASKA,NE,31,46,35,"TRUMP, DONALD J.",REPUBLICAN,FALSE,495961,844227,20210113,REPUBLICAN,FALSE
2016,NEBRASKA,NE,31,46,35,UNKNOWN/SCATTERING,UNKNOWN,TRUE,16051,844227,20210113,OTHER,FALSE
2016,NEVADA,NV,32,88,65,"CLINTON, HILLARY",DEMOCRAT,FALSE,539260,1125385,20210113,DEMOCRAT,FALSE
2016,NEVADA,NV,32,88,65,"DE LA FUENTE, ROQUE ""ROCKY""",NO PARTY AFFILIATION,FALSE,2552,1125385,20210113,OTHER,FALSE
2016,NEVADA,NV,32,88,65,"JOHNSON, GARY",LIBERTARIAN,FALSE,37384,1125385,20210113,LIBERTARIAN,FALSE
2016,NEVADA,NV,32,88,65,"KOPITKE, KYLE KENLEY",INDEPENDENT AMERICAN,FALSE,5268,1125385,20210113,OTHER,FALSE
2016,NEVADA,NV,32,88,65,NONE OF THE ABOVE,UNKNOWN,FALSE,28863,1125385,20210113,OTHER,FALSE
2016,NEVADA,NV,32,88,65,"TRUMP, DONALD J.",REPUBLICAN,FALSE,512058,1125385,20210113,REPUBLICAN,FALSE
2016,NEW HAMPSHIRE,NH,33,12,4,"CLINTON, HILLARY",DEMOCRAT,FALSE,348526,744296,20210113,DEMOCRAT,FALSE
2016,NEW HAMPSHIRE,NH,33,12,4,"DE LA FUENTE, ROQUE ""ROCKY""",AMERICAN DELTA PARTY,FALSE,678,744296,20210113,OTHER,FALSE
2016,NEW HAMPSHIRE,NH,33,12,4,"JOHNSON, GARY",LIBERTARIAN,FALSE,30777,744296,20210113,LIBERTARIAN,FALSE
2016,NEW HAMPSHIRE,NH,33,12,4,SCATTERING,UNKNOWN,TRUE,2411,744296,20210113,OTHER,FALSE
2016,NEW HAMPSHIRE,NH,33,12,4,"STEIN, JILL",GREEN,FALSE,6496,744296,20210113,OTHER,FALSE
2016,NEW HAMPSHIRE,NH,33,12,4,"TRUMP, DONALD J.",REPUBLICAN,FALSE,345790,744296,20210113,REPUBLICAN,FALSE
2016,NEW HAMPSHIRE,NH,33,12,4,UNKNOWN/SCATTERING,UNKNOWN,TRUE,9618,744296,20210113,OTHER,FALSE
2016,NEW JERSEY,NJ,34,22,12,"CASTLE, DARRELL L.",CONSTITUTION PARTY,FALSE,6161,3874046,20210113,OTHER,FALSE
2016,NEW JERSEY,NJ,34,22,12,"CLINTON, HILLARY",DEMOCRAT,FALSE,2148278,3874046,20210113,DEMOCRAT,FALSE
2016,NEW JERSEY,NJ,34,22,12,"DE LA FUENTE, ROQUE ""ROCKY""",AMERICAN DELTA PARTY,FALSE,1838,3874046,20210113,OTHER,FALSE
2016,NEW JERSEY,NJ,34,22,12,"JOHNSON, GARY",LIBERTARIAN,FALSE,72477,3874046,20210113,LIBERTARIAN,FALSE
2016,NEW JERSEY,NJ,34,22,12,"KENNEDY, ALYSON",SOCIALIST WORKERS,FALSE,2156,3874046,20210113,OTHER,FALSE
2016,NEW JERSEY,NJ,34,22,12,"LA RIVA, GLORIA ESTELLA",SOCIALISM AND LIBERATION PARTY,FALSE,1682,3874046,20210113,OTHER,FALSE
2016,NEW JERSEY,NJ,34,22,12,"MOOREHEAD, MONICA",WORKERS WORLD PARTY,FALSE,1749,3874046,20210113,OTHER,FALSE
2016,NEW JERSEY,NJ,34,22,12,"STEIN, JILL",GREEN,FALSE,37772,3874046,20210113,OTHER,FALSE
2016,NEW JERSEY,NJ,34,22,12,"TRUMP, DONALD J.",REPUBLICAN,FALSE,1601933,3874046,20210113,REPUBLICAN,FALSE
2016,NEW MEXICO,NM,35,85,66,"CASTLE, DARRELL L.",CONSTITUTION PARTY,FALSE,1514,798319,20210113,OTHER,FALSE
2016,NEW MEXICO,NM,35,85,66,"CLINTON, HILLARY",DEMOCRAT,FALSE,385234,798319,20210113,DEMOCRAT,FALSE
2016,NEW MEXICO,NM,35,85,66,"DE LA FUENTE, ROQUE ""ROCKY""",AMERICAN DELTA PARTY,FALSE,475,798319,20210113,OTHER,FALSE
2016,NEW MEXICO,NM,35,85,66,"JOHNSON, GARY",LIBERTARIAN,FALSE,74541,798319,20210113,LIBERTARIAN,FALSE
2016,NEW MEXICO,NM,35,85,66,"LA RIVA, GLORIA ESTELLA",SOCIALISM AND LIBERATION PARTY,FALSE,1184,798319,20210113,OTHER,FALSE
2016,NEW MEXICO,NM,35,85,66,"MCMULLIN, EVAN",BETTER FOR AMERICA,FALSE,5825,798319,20210113,OTHER,FALSE
2016,NEW MEXICO,NM,35,85,66,"STEIN, JILL",GREEN,FALSE,9879,798319,20210113,OTHER,FALSE
2016,NEW MEXICO,NM,35,85,66,"TRUMP, DONALD J.",REPUBLICAN,FALSE,319667,798319,20210113,REPUBLICAN,FALSE
2016,NEW YORK,NY,36,21,13,BLANK VOTE,UNKNOWN,FALSE,77179,7802084,20210113,OTHER,FALSE
2016,NEW YORK,NY,36,21,13,"CLINTON, HILLARY",DEMOCRAT,FALSE,4379789,7802084,20210113,DEMOCRAT,FALSE
2016,NEW YORK,NY,36,21,13,"CLINTON, HILLARY",WORKING FAMILIES,FALSE,140041,7802084,20210113,OTHER,FALSE
2016,NEW YORK,NY,36,21,13,"CLINTON, HILLARY",WOMEN'S EQUALITY,FALSE,36294,7802084,20210113,OTHER,FALSE
2016,NEW YORK,NY,36,21,13,"JOHNSON, GARY",INDEPENDENCE,FALSE,119156,7802084,20210113,OTHER,FALSE
2016,NEW YORK,NY,36,21,13,"JOHNSON, GARY",LIBERTARIAN,FALSE,57442,7802084,20210113,LIBERTARIAN,FALSE
2016,NEW YORK,NY,36,21,13,SCATTERING,UNKNOWN,FALSE,48447,7802084,20210113,OTHER,FALSE
2016,NEW YORK,NY,36,21,13,"STEIN, JILL",GREEN,FALSE,107934,7802084,20210113,OTHER,FALSE
2016,NEW YORK,NY,36,21,13,"TRUMP, DONALD J.",REPUBLICAN,FALSE,2527142,7802084,20210113,REPUBLICAN,FALSE
2016,NEW YORK,NY,36,21,13,"TRUMP, DONALD J.",CONSERVATIVE,FALSE,292392,7802084,20210113,OTHER,FALSE
2016,NEW YORK,NY,36,21,13,VOID VOTE,UNKNOWN,FALSE,3452,7802084,20210113,OTHER,FALSE
2016,NEW YORK,NY,36,21,13,UNKNOWN/SCATTERING,UNKNOWN,TRUE,12816,7802084,20210113,OTHER,FALSE
2016,NORTH CAROLINA,NC,37,56,47,"CLINTON, HILLARY",DEMOCRAT,FALSE,2189316,4741564,20210113,DEMOCRAT,FALSE
2016,NORTH CAROLINA,NC,37,56,47,"JOHNSON, GARY",LIBERTARIAN,FALSE,130126,4741564,20210113,LIBERTARIAN,FALSE
2016,NORTH CAROLINA,NC,37,56,47,SCATTERING,UNKNOWN,TRUE,47386,4741564,20210113,OTHER,FALSE
2016,NORTH CAROLINA,NC,37,56,47,"TRUMP, DONALD J.",REPUBLICAN,FALSE,2362631,4741564,20210113,REPUBLICAN,FALSE
2016,NORTH CAROLINA,NC,37,56,47,UNKNOWN/SCATTERING,UNKNOWN,TRUE,12105,4741564,20210113,OTHER,FALSE
2016,NORTH DAKOTA,ND,38,44,36,"CASTLE, DARRELL L.",CONSTITUTION PARTY,FALSE,1833,344360,20210113,OTHER,FALSE
2016,NORTH DAKOTA,ND,38,44,36,"CLINTON, HILLARY",DEMOCRAT,FALSE,93758,344360,20210113,DEMOCRAT,FALSE
2016,NORTH DAKOTA,ND,38,44,36,"DE LA FUENTE, ROQUE ""ROCKY""",AMERICAN DELTA PARTY,FALSE,364,344360,20210113,OTHER,FALSE
2016,NORTH DAKOTA,ND,38,44,36,"JOHNSON, GARY",LIBERTARIAN,FALSE,21434,344360,20210113,LIBERTARIAN,FALSE
2016,NORTH DAKOTA,ND,38,44,36,"STEIN, JILL",GREEN,FALSE,3780,344360,20210113,OTHER,FALSE
2016,NORTH DAKOTA,ND,38,44,36,"TRUMP, DONALD J.",REPUBLICAN,FALSE,216794,344360,20210113,REPUBLICAN,FALSE
2016,NORTH DAKOTA,ND,38,44,36,UNKNOWN/SCATTERING,UNKNOWN,TRUE,6397,344360,20210113,OTHER,FALSE
2016,OHIO,OH,39,31,24,"CLINTON, HILLARY",DEMOCRAT,FALSE,2394164,5496487,20210113,DEMOCRAT,FALSE
2016,OHIO,OH,39,31,24,"STEIN, JILL",GREEN,FALSE,46271,5496487,20210113,OTHER,FALSE
2016,OHIO,OH,39,31,24,"TRUMP, DONALD J.",REPUBLICAN,FALSE,2841005,5496487,20210113,REPUBLICAN,FALSE
2016,OHIO,OH,39,31,24,UNKNOWN/SCATTERING,NO PARTY AFFILIATION,FALSE,198733,5496487,20210113,OTHER,FALSE
2016,OHIO,OH,39,31,24,UNKNOWN/SCATTERING,UNKNOWN,TRUE,16314,5496487,20210113,OTHER,FALSE
2016,OKLAHOMA,OK,40,73,53,"CLINTON, HILLARY",DEMOCRAT,FALSE,420375,1452992,20210113,DEMOCRAT,FALSE
2016,OKLAHOMA,OK,40,73,53,"JOHNSON, GARY",LIBERTARIAN,FALSE,83481,1452992,20210113,LIBERTARIAN,FALSE
2016,OKLAHOMA,OK,40,73,53,"TRUMP, DONALD J.",REPUBLICAN,FALSE,949136,1452992,20210113,REPUBLICAN,FALSE
2016,OREGON,OR,41,92,72,"CLINTON, HILLARY",DEMOCRAT,FALSE,1002106,2001336,20210113,DEMOCRAT,FALSE
2016,OREGON,OR,41,92,72,"JOHNSON, GARY",LIBERTARIAN,FALSE,94231,2001336,20210113,LIBERTARIAN,FALSE
2016,OREGON,OR,41,92,72,OTHER,UNKNOWN,FALSE,72594,2001336,20210113,OTHER,FALSE
2016,OREGON,OR,41,92,72,"STEIN, JILL",GREEN,FALSE,50002,2001336,20210113,OTHER,FALSE
2016,OREGON,OR,41,92,72,"TRUMP, DONALD J.",REPUBLICAN,FALSE,782403,2001336,20210113,REPUBLICAN,FALSE
2016,PENNSYLVANIA,PA,42,23,14,"CASTLE, DARRELL L.",CONSTITUTION PARTY,FALSE,21572,6115402,20210113,OTHER,FALSE
2016,PENNSYLVANIA,PA,42,23,14,"CLINTON, HILLARY",DEMOCRAT,FALSE,2926441,6115402,20210113,DEMOCRAT,FALSE
2016,PENNSYLVANIA,PA,42,23,14,"JOHNSON, GARY",LIBERTARIAN,FALSE,146715,6115402,20210113,LIBERTARIAN,FALSE
2016,PENNSYLVANIA,PA,42,23,14,"STEIN, JILL",GREEN,FALSE,49941,6115402,20210113,OTHER,FALSE
2016,PENNSYLVANIA,PA,42,23,14,"TRUMP, DONALD J.",REPUBLICAN,FALSE,2970733,6115402,20210113,REPUBLICAN,FALSE
2016,RHODE ISLAND,RI,44,15,5,"CLINTON, HILLARY",DEMOCRAT,FALSE,252525,464144,20210113,DEMOCRAT,FALSE
2016,RHODE ISLAND,RI,44,15,5,"DE LA FUENTE, ROQUE ""ROCKY""",AMERICAN DELTA PARTY,FALSE,671,464144,20210113,OTHER,FALSE
2016,RHODE ISLAND,RI,44,15,5,"JOHNSON, GARY",LIBERTARIAN,FALSE,14746,464144,20210113,LIBERTARIAN,FALSE
2016,RHODE ISLAND,RI,44,15,5,"STEIN, JILL",GREEN,FALSE,6220,464144,20210113,OTHER,FALSE
2016,RHODE ISLAND,RI,44,15,5,"TRUMP, DONALD J.",REPUBLICAN,FALSE,180543,464144,20210113,REPUBLICAN,FALSE
2016,RHODE ISLAND,RI,44,15,5,UNKNOWN/SCATTERING,UNKNOWN,TRUE,9439,464144,20210113,OTHER,FALSE
2016,SOUTH CAROLINA,SC,45,57,48,"CASTLE, DARRELL L.",CONSTITUTION PARTY,FALSE,5765,2103027,20210113,OTHER,FALSE
2016,SOUTH CAROLINA,SC,45,57,48,"CLINTON, HILLARY",DEMOCRAT,FALSE,855373,2103027,20210113,DEMOCRAT,FALSE
2016,SOUTH CAROLINA,SC,45,57,48,"JOHNSON, GARY",LIBERTARIAN,FALSE,49204,2103027,20210113,LIBERTARIAN,FALSE
2016,SOUTH CAROLINA,SC,45,57,48,"MCMULLIN, EVAN",INDEPENDENCE,FALSE,21016,2103027,20210113,OTHER,FALSE
2016,SOUTH CAROLINA,SC,45,57,48,"SKEWES, PETER",AMERICAN,FALSE,3246,2103027,20210113,OTHER,FALSE
2016,SOUTH CAROLINA,SC,45,57,48,"STEIN, JILL",GREEN,FALSE,13034,2103027,20210113,OTHER,FALSE
2016,SOUTH CAROLINA,SC,45,57,48,"TRUMP, DONALD J.",REPUBLICAN,FALSE,1155389,2103027,20210113,REPUBLICAN,FALSE
2016,SOUTH DAKOTA,SD,46,45,37,"CASTLE, DARRELL L.",CONSTITUTION PARTY,FALSE,4064,370093,20210113,OTHER,FALSE
2016,SOUTH DAKOTA,SD,46,45,37,"CLINTON, HILLARY",DEMOCRAT,FALSE,117458,370093,20210113,DEMOCRAT,FALSE
2016,SOUTH DAKOTA,SD,46,45,37,"JOHNSON, GARY",LIBERTARIAN,FALSE,20850,370093,20210113,LIBERTARIAN,FALSE
2016,SOUTH DAKOTA,SD,46,45,37,"TRUMP, DONALD J.",REPUBLICAN,FALSE,227721,370093,20210113,REPUBLICAN,FALSE
2016,TENNESSEE,TN,47,62,54,"CLINTON, HILLARY",DEMOCRAT,FALSE,870695,2508027,20210113,DEMOCRAT,FALSE
2016,TENNESSEE,TN,47,62,54,"TRUMP, DONALD J.",REPUBLICAN,FALSE,1522925,2508027,20210113,REPUBLICAN,FALSE
2016,TENNESSEE,TN,47,62,54,UNKNOWN/SCATTERING,INDEPENDENT,FALSE,100618,2508027,20210113,OTHER,FALSE
2016,TENNESSEE,TN,47,62,54,UNKNOWN/SCATTERING,UNKNOWN,TRUE,13789,2508027,20210113,OTHER,FALSE
2016,TEXAS,TX,48,74,49,"CLINTON, HILLARY",DEMOCRAT,FALSE,3877868,8969226,20210113,DEMOCRAT,FALSE
2016,TEXAS,TX,48,74,49,"JOHNSON, GARY",LIBERTARIAN,FALSE,283492,8969226,20210113,LIBERTARIAN,FALSE
2016,TEXAS,TX,48,74,49,"STEIN, JILL",GREEN,FALSE,71558,8969226,20210113,OTHER,FALSE
2016,TEXAS,TX,48,74,49,"TRUMP, DONALD J.",REPUBLICAN,FALSE,4685047,8969226,20210113,REPUBLICAN,FALSE
2016,TEXAS,TX,48,74,49,UNKNOWN/SCATTERING,UNKNOWN,TRUE,51261,8969226,20210113,OTHER,FALSE
2016,UTAH,UT,49,87,67,"CASTLE, DARRELL L.",CONSTITUTION PARTY,FALSE,8032,1131317,20210113,OTHER,FALSE
2016,UTAH,UT,49,87,67,"CLINTON, HILLARY",DEMOCRAT,FALSE,310674,1131317,20210113,DEMOCRAT,FALSE
2016,UTAH,UT,49,87,67,"JOHNSON, GARY",LIBERTARIAN,FALSE,39608,1131317,20210113,LIBERTARIAN,FALSE
2016,UTAH,UT,49,87,67,"KOPITKE, KYLE KENLEY",INDEPENDENT AMERICAN,FALSE,2732,1131317,20210113,OTHER,FALSE
2016,UTAH,UT,49,87,67,"MCMULLIN, EVAN",NO PARTY AFFILIATION,FALSE,255060,1131317,20210113,OTHER,FALSE
2016,UTAH,UT,49,87,67,"TRUMP, DONALD J.",REPUBLICAN,FALSE,515211,1131317,20210113,REPUBLICAN,FALSE
2016,VERMONT,VT,50,13,6,BLANK VOTE,UNKNOWN,FALSE,4574,320467,20210113,OTHER,FALSE
2016,VERMONT,VT,50,13,6,"CLINTON, HILLARY",DEMOCRAT,FALSE,178573,320467,20210113,DEMOCRAT,FALSE
2016,VERMONT,VT,50,13,6,"DE LA FUENTE, ROQUE ""ROCKY""",INDEPENDENT,FALSE,1063,320467,20210113,OTHER,FALSE
2016,VERMONT,VT,50,13,6,"JOHNSON, GARY",LIBERTARIAN,FALSE,10078,320467,20210113,LIBERTARIAN,FALSE
2016,VERMONT,VT,50,13,6,"LA RIVA, GLORIA ESTELLA",LIBERTY UNION PARTY,FALSE,327,320467,20210113,OTHER,FALSE
2016,VERMONT,VT,50,13,6,"STEIN, JILL",GREEN,FALSE,6758,320467,20210113,OTHER,FALSE
2016,VERMONT,VT,50,13,6,"TRUMP, DONALD J.",REPUBLICAN,FALSE,95369,320467,20210113,REPUBLICAN,FALSE
2016,VERMONT,VT,50,13,6,VOID VOTE,UNKNOWN,FALSE,826,320467,20210113,OTHER,FALSE
2016,VERMONT,VT,50,13,6,UNKNOWN/SCATTERING,UNKNOWN,TRUE,22899,320467,20210113,OTHER,FALSE
2016,VIRGINIA,VA,51,54,40,"CLINTON, HILLARY",DEMOCRAT,FALSE,1981473,3982752,20210113,DEMOCRAT,FALSE
2016,VIRGINIA,VA,51,54,40,"JOHNSON, GARY",LIBERTARIAN,FALSE,118274,3982752,20210113,LIBERTARIAN,FALSE
2016,VIRGINIA,VA,51,54,40,"MCMULLIN, EVAN",INDEPENDENT,FALSE,54054,3982752,20210113,OTHER,FALSE
2016,VIRGINIA,VA,51,54,40,"STEIN, JILL",GREEN,FALSE,27638,3982752,20210113,OTHER,FALSE
2016,VIRGINIA,VA,51,54,40,"TRUMP, DONALD J.",REPUBLICAN,FALSE,1769443,3982752,20210113,REPUBLICAN,FALSE
2016,VIRGINIA,VA,51,54,40,UNKNOWN/SCATTERING,UNKNOWN,TRUE,31870,3982752,20210113,OTHER,FALSE
2016,WASHINGTON,WA,53,91,73,"CASTLE, DARRELL L.",CONSTITUTION PARTY,FALSE,17623,3317019,20210113,OTHER,FALSE
2016,WASHINGTON,WA,53,91,73,"CLINTON, HILLARY",DEMOCRAT,FALSE,1742718,3317019,20210113,DEMOCRAT,FALSE
2016,WASHINGTON,WA,53,91,73,"JOHNSON, GARY",LIBERTARIAN,FALSE,160879,3317019,20210113,LIBERTARIAN,FALSE
2016,WASHINGTON,WA,53,91,73,"KENNEDY, ALYSON",SOCIALIST WORKERS,FALSE,4307,3317019,20210113,OTHER,FALSE
2016,WASHINGTON,WA,53,91,73,"LA RIVA, GLORIA ESTELLA",SOCIALISM AND LIBERATION PARTY,FALSE,3523,3317019,20210113,OTHER,FALSE
2016,WASHINGTON,WA,53,91,73,"STEIN, JILL",GREEN,FALSE,58417,3317019,20210113,OTHER,FALSE
2016,WASHINGTON,WA,53,91,73,"TRUMP, DONALD J.",REPUBLICAN,FALSE,1221747,3317019,20210113,REPUBLICAN,FALSE
2016,WASHINGTON,WA,53,91,73,UNKNOWN/SCATTERING,UNKNOWN,TRUE,107805,3317019,20210113,OTHER,FALSE
2016,WEST VIRGINIA,WV,54,55,56,"CASTLE, DARRELL L.",CONSTITUTION PARTY,FALSE,3807,713051,20210113,OTHER,FALSE
2016,WEST VIRGINIA,WV,54,55,56,"CLINTON, HILLARY",DEMOCRAT,FALSE,188794,713051,20210113,DEMOCRAT,FALSE
2016,WEST VIRGINIA,WV,54,55,56,"JOHNSON, GARY",LIBERTARIAN,FALSE,23004,713051,20210113,LIBERTARIAN,FALSE
2016,WEST VIRGINIA,WV,54,55,56,"STEIN, JILL",GREEN,FALSE,8075,713051,20210113,OTHER,FALSE
2016,WEST VIRGINIA,WV,54,55,56,"TRUMP, DONALD J.",REPUBLICAN,FALSE,489371,713051,20210113,REPUBLICAN,FALSE
2016,WISCONSIN,WI,55,35,25,"CASTLE, DARRELL L.",CONSTITUTION PARTY,FALSE,12162,2976150,20210113,OTHER,FALSE
2016,WISCONSIN,WI,55,35,25,"CLINTON, HILLARY",DEMOCRAT,FALSE,1382536,2976150,20210113,DEMOCRAT,FALSE
2016,WISCONSIN,WI,55,35,25,"DE LA FUENTE, ROQUE ""ROCKY""",AMERICAN DELTA PARTY,FALSE,1502,2976150,20210113,OTHER,FALSE
2016,WISCONSIN,WI,55,35,25,"JOHNSON, GARY",LIBERTARIAN,FALSE,106674,2976150,20210113,LIBERTARIAN,FALSE
2016,WISCONSIN,WI,55,35,25,"MOOREHEAD, MONICA",WORKERS WORLD PARTY,FALSE,1770,2976150,20210113,OTHER,FALSE
2016,WISCONSIN,WI,55,35,25,SCATTERING,UNKNOWN,FALSE,22764,2976150,20210113,OTHER,FALSE
2016,WISCONSIN,WI,55,35,25,"STEIN, JILL",GREEN,FALSE,31072,2976150,20210113,OTHER,FALSE
2016,WISCONSIN,WI,55,35,25,"TRUMP, DONALD J.",REPUBLICAN,FALSE,1405284,2976150,20210113,REPUBLICAN,FALSE
2016,WISCONSIN,WI,55,35,25,UNKNOWN/SCATTERING,UNKNOWN,TRUE,12386,2976150,20210113,OTHER,FALSE
2016,WYOMING,WY,56,83,68,BLANK VOTE,UNKNOWN,FALSE,2661,258788,20210113,OTHER,FALSE
2016,WYOMING,WY,56,83,68,"CASTLE, DARRELL L.",CONSTITUTION PARTY,FALSE,2042,258788,20210113,OTHER,FALSE
2016,WYOMING,WY,56,83,68,"CLINTON, HILLARY",DEMOCRAT,FALSE,55973,258788,20210113,DEMOCRAT,FALSE
2016,WYOMING,WY,56,83,68,"JOHNSON, GARY",LIBERTARIAN,FALSE,13287,258788,20210113,LIBERTARIAN,FALSE
2016,WYOMING,WY,56,83,68,OVER VOTE,UNKNOWN,FALSE,278,258788,20210113,OTHER,FALSE
2016,WYOMING,WY,56,83,68,"TRUMP, DONALD J.",REPUBLICAN,FALSE,174419,258788,20210113,REPUBLICAN,FALSE
2016,WYOMING,WY,56,83,68,UNKNOWN/SCATTERING,UNKNOWN,TRUE,6904,258788,20210113,OTHER,FALSE
2016,WYOMING,WY,56,83,68,UNKNOWN/SCATTERING,INDEPENDENT,FALSE,3224,258788,20210113,OTHER,FALSE
2020,ALABAMA,AL,1,63,41,"BIDEN, JOSEPH R. JR",DEMOCRAT,FALSE,849624,2323282,20210113,DEMOCRAT,FALSE
2020,ALABAMA,AL,1,63,41,"JORGENSEN, JO",LIBERTARIAN,FALSE,25176,2323282,20210113,LIBERTARIAN,FALSE
2020,ALABAMA,AL,1,63,41,"TRUMP, DONALD J.",REPUBLICAN,FALSE,1441170,2323282,20210113,REPUBLICAN,FALSE
2020,ALABAMA,AL,1,63,41,UNKNOWN/SCATTERING,UNKNOWN,TRUE,7312,2323282,20210113,OTHER,FALSE
2020,ALASKA,AK,2,94,81,"BIDEN, JOSEPH R. JR",DEMOCRAT,FALSE,153778,359530,20210113,DEMOCRAT,FALSE
2020,ALASKA,AK,2,94,81,"BLANKENSHIP, DON",CONSTITUTION PARTY,FALSE,1127,359530,20210113,OTHER,FALSE
2020,ALASKA,AK,2,94,81,"DE LA FUENTE, ROQUE ""ROCKY""",ALLIANCE,FALSE,318,359530,20210113,OTHER,FALSE
2020,ALASKA,AK,2,94,81,"JANOS, JAMES G. ""JESSE VENTURA""",GREEN,FALSE,2673,359530,20210113,OTHER,FALSE
2020,ALASKA,AK,2,94,81,"JORGENSEN, JO",LIBERTARIAN,FALSE,8897,359530,20210113,LIBERTARIAN,FALSE
2020,ALASKA,AK,2,94,81,"PIERCE, BROCK",INDEPENDENT,FALSE,825,359530,20210113,OTHER,FALSE
2020,ALASKA,AK,2,94,81,"TRUMP, DONALD J.",REPUBLICAN,FALSE,189951,359530,20210113,REPUBLICAN,FALSE
2020,ALASKA,AK,2,94,81,UNKNOWN/SCATTERING,UNKNOWN,TRUE,1961,359530,20210113,OTHER,FALSE
2020,ARIZONA,AZ,4,86,61,"BIDEN, JOSEPH R. JR",DEMOCRAT,FALSE,1672143,3387326,20210113,DEMOCRAT,FALSE
2020,ARIZONA,AZ,4,86,61,"BODDIE, R. PRESIDENT",INDEPENDENT,TRUE,13,3387326,20210113,OTHER,FALSE
2020,ARIZONA,AZ,4,86,61,"CUMMINGS, DANIEL CLYDE",CONSTITUTION PARTY,TRUE,36,3387326,20210113,OTHER,FALSE
2020,ARIZONA,AZ,4,86,61,"HAWKINS, HOWIE",GREEN,TRUE,1557,3387326,20210113,OTHER,FALSE
2020,ARIZONA,AZ,4,86,61,"JORGENSEN, JO",LIBERTARIAN,FALSE,51465,3387326,20210113,LIBERTARIAN,FALSE
2020,ARIZONA,AZ,4,86,61,"LA RIVA, GLORIA ESTELLA",PARTY FOR SOCIALISM AND LIBERATION,TRUE,190,3387326,20210113,OTHER,FALSE
2020,ARIZONA,AZ,4,86,61,"SIMMONS, JADE",INDEPENDENT,TRUE,236,3387326,20210113,OTHER,FALSE
2020,ARIZONA,AZ,4,86,61,"TRUMP, DONALD J.",REPUBLICAN,FALSE,1661686,3387326,20210113,REPUBLICAN,FALSE
2020,ARKANSAS,AR,5,71,42,"BIDEN, JOSEPH R. JR",DEMOCRAT,FALSE,423932,1219069,20210113,DEMOCRAT,FALSE
2020,ARKANSAS,AR,5,71,42,"BLANKENSHIP, DON",CONSTITUTION PARTY,FALSE,2108,1219069,20210113,OTHER,FALSE
2020,ARKANSAS,AR,5,71,42,"CARROLL, BRIAN",AMERICAN SOLIDARITY PARTY,FALSE,1713,1219069,20210113,OTHER,FALSE
2020,ARKANSAS,AR,5,71,42,"COLLINS, PHIL",INDEPENDENT,FALSE,2812,1219069,20210113,OTHER,FALSE
2020,ARKANSAS,AR,5,71,42,"DE LA FUENTE, ROQUE ""ROCKY""",INDEPENDENT,FALSE,1321,1219069,20210113,OTHER,FALSE
2020,ARKANSAS,AR,5,71,42,"GAMMON, C. L.",INDEPENDENT,FALSE,1475,1219069,20210113,OTHER,FALSE
2020,ARKANSAS,AR,5,71,42,"HAWKINS, HOWIE",GREEN,FALSE,2980,1219069,20210113,OTHER,FALSE
2020,ARKANSAS,AR,5,71,42,"JORGENSEN, JO",LIBERTARIAN,FALSE,13133,1219069,20210113,LIBERTARIAN,FALSE
2020,ARKANSAS,AR,5,71,42,"LA RIVA, GLORIA ESTELLA",PARTY FOR SOCIALISM AND LIBERATION,FALSE,1336,1219069,20210113,OTHER,FALSE
2020,ARKANSAS,AR,5,71,42,"MYERS, JOHN RICHARD",LIFE AND LIBERTY PARTY,FALSE,1372,1219069,20210113,OTHER,FALSE
2020,ARKANSAS,AR,5,71,42,"PIERCE, BROCK",INDEPENDENT,FALSE,2141,1219069,20210113,OTHER,FALSE
2020,ARKANSAS,AR,5,71,42,"TRUMP, DONALD J.",REPUBLICAN,FALSE,760647,1219069,20210113,REPUBLICAN,FALSE
2020,ARKANSAS,AR,5,71,42,"WEST, KANYE",INDEPENDENT,FALSE,4099,1219069,20210113,OTHER,FALSE
2020,CALIFORNIA,CA,6,93,71,"BIDEN, JOSEPH R. JR",DEMOCRAT,FALSE,11110250,17500881,20210113,DEMOCRAT,FALSE
2020,CALIFORNIA,CA,6,93,71,"CARROLL, BRIAN",AMERICAN SOLIDARITY PARTY,TRUE,2605,17500881,20210113,OTHER,FALSE
2020,CALIFORNIA,CA,6,93,71,"DE LA FUENTE, ROQUE ""ROCKY""",AMERICAN INDEPENDENT,FALSE,60160,17500881,20210113,OTHER,FALSE
2020,CALIFORNIA,CA,6,93,71,"HAWKINS, HOWIE",GREEN,FALSE,81029,17500881,20210113,OTHER,FALSE
2020,CALIFORNIA,CA,6,93,71,"JANOS, JAMES G. ""JESSE VENTURA""",INDEPENDENT,TRUE,611,17500881,20210113,OTHER,FALSE
2020,CALIFORNIA,CA,6,93,71,"JORGENSEN, JO",LIBERTARIAN,FALSE,187895,17500881,20210113,LIBERTARIAN,FALSE
2020,CALIFORNIA,CA,6,93,71,JOSEPH KISHORE,INDEPENDENT,TRUE,121,17500881,20210113,OTHER,FALSE
2020,CALIFORNIA,CA,6,93,71,"LA RIVA, GLORIA ESTELLA",PEACE & FREEDOM,FALSE,51037,17500881,20210113,OTHER,FALSE
2020,CALIFORNIA,CA,6,93,71,MARK CHARLES,INDEPENDENT,TRUE,559,17500881,20210113,OTHER,FALSE
2020,CALIFORNIA,CA,6,93,71,"PIERCE, BROCK",INDEPENDENT,TRUE,185,17500881,20210113,OTHER,FALSE
2020,CALIFORNIA,CA,6,93,71,"TRUMP, DONALD J.",REPUBLICAN,FALSE,6006429,17500881,20210113,REPUBLICAN,FALSE
2020,COLORADO,CO,8,84,62,"BIDEN, JOSEPH R. JR",DEMOCRAT,FALSE,1804352,3279980,20210113,DEMOCRAT,FALSE
2020,COLORADO,CO,8,84,62,"BLANKENSHIP, DON",CONSTITUTION PARTY,FALSE,5061,3279980,20210113,OTHER,FALSE
2020,COLORADO,CO,8,84,62,"CARROLL, BRIAN",AMERICAN SOLIDARITY PARTY,FALSE,25515,3279980,20210113,OTHER,FALSE
2020,COLORADO,CO,8,84,62,"CELLA, TODD",INDEPENDENT,FALSE,4,3279980,20210113,OTHER,FALSE
2020,COLORADO,CO,8,84,62,"CHARLES, MARK",INDEPENDENT,FALSE,2011,3279980,20210113,OTHER,FALSE
2020,COLORADO,CO,8,84,62,"COLLINS, PHIL",PROHIBITION PARTY,FALSE,568,3279980,20210113,OTHER,FALSE
2020,COLORADO,CO,8,84,62,"DE LA FUENTE, ROQUE ""ROCKY""",ALLIANCE,FALSE,636,3279980,20210113,OTHER,FALSE
2020,COLORADO,CO,8,84,62,"HAMMONS, BILL",UNITY PARTY,FALSE,2730,3279980,20210113,OTHER,FALSE
2020,COLORADO,CO,8,84,62,"HAWKINS, HOWIE",GREEN,FALSE,8986,3279980,20210113,OTHER,FALSE
2020,COLORADO,CO,8,84,62,"HOEFLING, TOM",NON-AFFILIATED,FALSE,24,3279980,20210113,OTHER,FALSE
2020,COLORADO,CO,8,84,62,"HUBER, BLAKE",APPROVAL VOTING PARTY,FALSE,355,3279980,20210113,OTHER,FALSE
2020,COLORADO,CO,8,84,62,"HUNTER, PHIL",PROGRESSIVE PARTY,FALSE,379,3279980,20210113,OTHER,FALSE
2020,COLORADO,CO,8,84,62,"JACOB?FAMBRO, PRINCESS KHADIJAH MARYAM",INDEPENDENT,FALSE,495,3279980,20210113,OTHER,FALSE
2020,COLORADO,CO,8,84,62,"JORGENSEN, JO",LIBERTARIAN,FALSE,52460,3279980,20210113,LIBERTARIAN,FALSE
2020,COLORADO,CO,8,84,62,"KENNEDY, ALYSON",SOCIALIST WORKERS PARTY,FALSE,354,3279980,20210113,OTHER,FALSE
2020,COLORADO,CO,8,84,62,"KISHORE, JOSEPH",SOCIALIST EQUALITY PARTY,FALSE,196,3279980,20210113,OTHER,FALSE
2020,COLORADO,CO,8,84,62,"KOPITKE, KYLE KENLEY",INDEPENDENT AMERICAN PARTY,FALSE,762,3279980,20210113,OTHER,FALSE
2020,COLORADO,CO,8,84,62,"LA RIVA, GLORIA ESTELLA",PARTY FOR SOCIALISM AND LIBERATION,FALSE,1035,3279980,20210113,OTHER,FALSE
2020,COLORADO,CO,8,84,62,"MCHUGH, JOE",INDEPENDENT,FALSE,614,3279980,20210113,OTHER,FALSE
2020,COLORADO,CO,8,84,62,"PIERCE, BROCK",INDEPENDENT,FALSE,572,3279980,20210113,OTHER,FALSE
2020,COLORADO,CO,8,84,62,"SCOTT, JORDAN ""CANCER""",INDEPENDENT,FALSE,175,3279980,20210113,OTHER,FALSE
2020,COLORADO,CO,8,84,62,"TRUMP, DONALD J.",REPUBLICAN,FALSE,1364607,3279980,20210113,REPUBLICAN,FALSE
2020,COLORADO,CO,8,84,62,"WEST, KANYE",INDEPENDENT,FALSE,8089,3279980,20210113,OTHER,FALSE
2020,CONNECTICUT,CT,9,16,1,"BIDEN, JOSEPH R. JR",DEMOCRAT,FALSE,1080831,1823857,20210113,DEMOCRAT,FALSE
2020,CONNECTICUT,CT,9,16,1,"CARROLL, BRIAN",AMERICAN SOLIDARITY PARTY,TRUE,219,1823857,20210113,OTHER,FALSE
2020,CONNECTICUT,CT,9,16,1,"CHARLES, MARK",INDEPENDENT,TRUE,11,1823857,20210113,OTHER,FALSE
2020,CONNECTICUT,CT,9,16,1,"DE LA FUENTE, ROQUE ""ROCKY""",ALLIANCE,TRUE,13,1823857,20210113,OTHER,FALSE
2020,CONNECTICUT,CT,9,16,1,"HAWKINS, HOWIE",GREEN,FALSE,7538,1823857,20210113,OTHER,FALSE
2020,CONNECTICUT,CT,9,16,1,"HOWARD, SHAWN W.",UNKNOWN,TRUE,12,1823857,20210113,OTHER,FALSE
2020,CONNECTICUT,CT,9,16,1,"JORGENSEN, JO",LIBERTARIAN,FALSE,20230,1823857,20210113,LIBERTARIAN,FALSE
2020,CONNECTICUT,CT,9,16,1,"KLOJZY, JEFFREY J.",UNKNOWN,TRUE,0,1823857,20210113,OTHER,TRUE
2020,CONNECTICUT,CT,9,16,1,"SIMMONS, JADE",INDEPENDENT,TRUE,22,1823857,20210113,OTHER,FALSE
2020,CONNECTICUT,CT,9,16,1,"SIMMONS, MARY RUTH CARO",UNKNOWN,TRUE,2,1823857,20210113,OTHER,FALSE
2020,CONNECTICUT,CT,9,16,1,"TRUMP, DONALD J.",REPUBLICAN,FALSE,714717,1823857,20210113,REPUBLICAN,FALSE
2020,CONNECTICUT,CT,9,16,1,"WEINSTEIN, KARYNN KRILL",UNKNOWN,TRUE,1,1823857,20210113,OTHER,FALSE
2020,CONNECTICUT,CT,9,16,1,"WELLS, KASEY",NON-AFFILIATED,TRUE,6,1823857,20210113,OTHER,FALSE
2020,CONNECTICUT,CT,9,16,1,"WEST, KANYE",INDEPENDENT,TRUE,255,1823857,20210113,OTHER,FALSE
2020,DELAWARE,DE,10,51,11,"BALL, DENNIS ANDREW",UNKNOWN,TRUE,3,504346,20210113,OTHER,FALSE
2020,DELAWARE,DE,10,51,11,"BELLAR, BARBARA",UNKNOWN,TRUE,7,504346,20210113,OTHER,FALSE
2020,DELAWARE,DE,10,51,11,"BIDEN, JOSEPH R. JR",DEMOCRAT,FALSE,296268,504346,20210113,DEMOCRAT,FALSE
2020,DELAWARE,DE,10,51,11,"BODDIE, R. PRESIDENT",INDEPENDENT,TRUE,1,504346,20210113,OTHER,FALSE
2020,DELAWARE,DE,10,51,11,"CARROLL, BRIAN",AMERICAN SOLIDARITY PARTY,TRUE,87,504346,20210113,OTHER,FALSE
2020,DELAWARE,DE,10,51,11,"CELLA, TODD",INDEPENDENT,TRUE,2,504346,20210113,OTHER,FALSE
2020,DELAWARE,DE,10,51,11,"CHARLES, MARK",INDEPENDENT,TRUE,8,504346,20210113,OTHER,FALSE
2020,DELAWARE,DE,10,51,11,"GIBSON, KATHRYN",UNKNOWN,TRUE,1,504346,20210113,OTHER,FALSE
2020,DELAWARE,DE,10,51,11,"HAWKINS, HOWIE",GREEN,FALSE,2139,504346,20210113,OTHER,FALSE
2020,DELAWARE,DE,10,51,11,"HOEFLING, TOM",NON-AFFILIATED,TRUE,1,504346,20210113,OTHER,FALSE
2020,DELAWARE,DE,10,51,11,"HOWARD, SHAWN W.",UNKNOWN,TRUE,4,504346,20210113,OTHER,FALSE
2020,DELAWARE,DE,10,51,11,"JACOB?FAMBRO, PRINCESS KHADIJAH MARYAM",INDEPENDENT,TRUE,2,504346,20210113,OTHER,FALSE
2020,DELAWARE,DE,10,51,11,"JORGENSEN, JO",LIBERTARIAN,FALSE,5000,504346,20210113,LIBERTARIAN,FALSE
2020,DELAWARE,DE,10,51,11,"LA RIVA, GLORIA ESTELLA",PARTY FOR SOCIALISM AND LIBERATION,TRUE,14,504346,20210113,OTHER,FALSE
2020,DELAWARE,DE,10,51,11,"PIERCE, BROCK",INDEPENDENT,TRUE,5,504346,20210113,OTHER,FALSE
2020,DELAWARE,DE,10,51,11,"ROUSE, DEBORAH",UNKNOWN,TRUE,1,504346,20210113,OTHER,FALSE
2020,DELAWARE,DE,10,51,11,"SIMMONS, JADE",INDEPENDENT,TRUE,28,504346,20210113,OTHER,FALSE
2020,DELAWARE,DE,10,51,11,"TRUMP, DONALD J.",REPUBLICAN,FALSE,200603,504346,20210113,REPUBLICAN,FALSE
2020,DELAWARE,DE,10,51,11,"WELLS, KASEY",NON-AFFILIATED,TRUE,1,504346,20210113,OTHER,FALSE
2020,DELAWARE,DE,10,51,11,"WEST, KANYE",INDEPENDENT,TRUE,169,504346,20210113,OTHER,FALSE
2020,DELAWARE,DE,10,51,11,"WILLIAMS, MITCHELL",UNKNOWN,TRUE,2,504346,20210113,OTHER,FALSE
2020,DISTRICT OF COLUMBIA,DC,11,53,55,"BIDEN, JOSEPH R. JR",DEMOCRAT,TRUE,317323,344356,20210113,DEMOCRAT,FALSE
2020,DISTRICT OF COLUMBIA,DC,11,53,55,"HAWKINS, HOWIE",DC STATEHOOD GREEN,TRUE,1726,344356,20210113,OTHER,FALSE
2020,DISTRICT OF COLUMBIA,DC,11,53,55,"JORGENSEN, JO",LIBERTARIAN,TRUE,2036,344356,20210113,LIBERTARIAN,FALSE
2020,DISTRICT OF COLUMBIA,DC,11,53,55,"LA RIVA, GLORIA ESTELLA",INDEPENDENT,TRUE,855,344356,20210113,OTHER,FALSE
2020,DISTRICT OF COLUMBIA,DC,11,53,55,"PIERCE, BROCK",INDEPENDENT,FALSE,693,344356,20210113,OTHER,FALSE
2020,DISTRICT OF COLUMBIA,DC,11,53,55,"TRUMP, DONALD J.",REPUBLICAN,TRUE,18586,344356,20210113,REPUBLICAN,FALSE
2020,DISTRICT OF COLUMBIA,DC,11,53,55,UNKNOWN/SCATTERING,UNKNOWN,TRUE,3137,344356,20210113,OTHER,FALSE
2020,FLORIDA,FL,12,59,43,"BIDEN, JOSEPH R. JR",DEMOCRAT,FALSE,5297045,11067456,20210113,DEMOCRAT,FALSE
2020,FLORIDA,FL,12,59,43,"BLANKENSHIP, DON",CONSTITUTION PARTY,FALSE,3902,11067456,20210113,OTHER,FALSE
2020,FLORIDA,FL,12,59,43,"CARROLL, BRIAN",AMERICAN SOLIDARITY PARTY,TRUE,854,11067456,20210113,OTHER,FALSE
2020,FLORIDA,FL,12,59,43,"DE LA FUENTE, ROQUE ""ROCKY""",ALLIANCE,FALSE,5966,11067456,20210113,OTHER,FALSE
2020,FLORIDA,FL,12,59,43,"HAWKINS, HOWIE",GREEN,FALSE,14721,11067456,20210113,OTHER,FALSE
2020,FLORIDA,FL,12,59,43,"HOWARD, SHAWN W.",UNKNOWN,TRUE,9,11067456,20210113,OTHER,FALSE
2020,FLORIDA,FL,12,59,43,"JORGENSEN, JO",LIBERTARIAN,FALSE,70324,11067456,20210113,LIBERTARIAN,FALSE
2020,FLORIDA,FL,12,59,43,"LA RIVA, GLORIA ESTELLA",PARTY FOR SOCIALISM AND LIBERATION,FALSE,5712,11067456,20210113,OTHER,FALSE
2020,FLORIDA,FL,12,59,43,"LABOCH, MICHAEL",UNKNOWN,TRUE,1,11067456,20210113,OTHER,FALSE
2020,FLORIDA,FL,12,59,43,"SIMMONS, JADE",INDEPENDENT,TRUE,181,11067456,20210113,OTHER,FALSE
2020,FLORIDA,FL,12,59,43,"TRUMP, DONALD J.",REPUBLICAN,FALSE,5668731,11067456,20210113,REPUBLICAN,FALSE
2020,FLORIDA,FL,12,59,43,"WALLS-WINDHAUSER, ANGELA",UNKNOWN,TRUE,2,11067456,20210113,OTHER,FALSE
2020,FLORIDA,FL,12,59,43,"WELLS, KASEY",NON-AFFILIATED,TRUE,8,11067456,20210113,OTHER,FALSE
2020,GEORGIA,GA,13,58,44,"BELLAR, BARBARA",UNKNOWN,TRUE,10,4999960,20210113,OTHER,FALSE
2020,GEORGIA,GA,13,58,44,"BIDEN, JOSEPH R. JR",DEMOCRAT,FALSE,2473633,4999960,20210113,DEMOCRAT,FALSE
2020,GEORGIA,GA,13,58,44,"BLANKENSHIP, DON",CONSTITUTION PARTY,TRUE,61,4999960,20210113,OTHER,FALSE
2020,GEORGIA,GA,13,58,44,"BODDIE, R. PRESIDENT",INDEPENDENT,TRUE,8,4999960,20210113,OTHER,FALSE
2020,GEORGIA,GA,13,58,44,"BYRNE, DAVID",UNKNOWN,TRUE,6,4999960,20210113,OTHER,FALSE
2020,GEORGIA,GA,13,58,44,"CARROLL, BRIAN",AMERICAN SOLIDARITY PARTY,TRUE,701,4999960,20210113,OTHER,FALSE
2020,GEORGIA,GA,13,58,44,"CHARLES, MARK",INDEPENDENT,TRUE,65,4999960,20210113,OTHER,FALSE
2020,GEORGIA,GA,13,58,44,"COLLINS, LOREN",UNKNOWN,TRUE,11,4999960,20210113,OTHER,FALSE
2020,GEORGIA,GA,13,58,44,"GIBSON, KATHRYN",UNKNOWN,TRUE,2,4999960,20210113,OTHER,FALSE
2020,GEORGIA,GA,13,58,44,"HAWKINS, HOWIE",GREEN,TRUE,1013,4999960,20210113,OTHER,FALSE
2020,GEORGIA,GA,13,58,44,"HOWARD, SHAWN W.",UNKNOWN,TRUE,5,4999960,20210113,OTHER,FALSE
2020,GEORGIA,GA,13,58,44,"JACOB?FAMBRO, PRINCESS KHADIJAH MARYAM",INDEPENDENT,TRUE,7,4999960,20210113,OTHER,FALSE
2020,GEORGIA,GA,13,58,44,"JORGENSEN, JO",LIBERTARIAN,FALSE,62229,4999960,20210113,LIBERTARIAN,FALSE
2020,GEORGIA,GA,13,58,44,"LA RIVA, GLORIA ESTELLA",PARTY FOR SOCIALISM AND LIBERATION,TRUE,159,4999960,20210113,OTHER,FALSE
2020,GEORGIA,GA,13,58,44,"ROUSE, DEBORAH",UNKNOWN,TRUE,1,4999960,20210113,OTHER,FALSE
2020,GEORGIA,GA,13,58,44,"SHERRILL, PETER",UNKNOWN,TRUE,8,4999960,20210113,OTHER,FALSE
2020,GEORGIA,GA,13,58,44,"SIMMONS, JADE",INDEPENDENT,TRUE,181,4999960,20210113,OTHER,FALSE
2020,GEORGIA,GA,13,58,44,"TRUMP, DONALD J.",REPUBLICAN,FALSE,2461854,4999960,20210113,REPUBLICAN,FALSE
2020,GEORGIA,GA,13,58,44,"WELLS, KASEY",NON-AFFILIATED,TRUE,6,4999960,20210113,OTHER,FALSE
2020,HAWAII,HI,15,95,82,"BIDEN, JOSEPH R. JR",DEMOCRAT,FALSE,366130,579784,20210113,DEMOCRAT,FALSE
2020,HAWAII,HI,15,95,82,BLANK VOTES,UNKNOWN,FALSE,4927,579784,20210113,OTHER,FALSE
2020,HAWAII,HI,15,95,82,"BLANKENSHIP, DON",CONSTITUTION PARTY,FALSE,931,579784,20210113,OTHER,FALSE
2020,HAWAII,HI,15,95,82,"HAWKINS, HOWIE",GREEN,FALSE,3822,579784,20210113,OTHER,FALSE
2020,HAWAII,HI,15,95,82,"JORGENSEN, JO",LIBERTARIAN,FALSE,5539,579784,20210113,LIBERTARIAN,FALSE
2020,HAWAII,HI,15,95,82,OVERVOTES,UNKNOWN,FALSE,388,579784,20210113,OTHER,FALSE
2020,HAWAII,HI,15,95,82,"PIERCE, BROCK",AMERICAN SHOPPING PARTY,FALSE,1183,579784,20210113,OTHER,FALSE
2020,HAWAII,HI,15,95,82,"TRUMP, DONALD J.",REPUBLICAN,FALSE,196864,579784,20210113,REPUBLICAN,FALSE
2020,IDAHO,ID,16,82,63,"BIDEN, JOSEPH R. JR",DEMOCRAT,FALSE,287021,868014,20210113,DEMOCRAT,FALSE
2020,IDAHO,ID,16,82,63,"BLANKENSHIP, DON",CONSTITUTION PARTY,FALSE,1886,868014,20210113,OTHER,FALSE
2020,IDAHO,ID,16,82,63,"CARROLL, BRIAN",AMERICAN SOLIDARITY PARTY,TRUE,163,868014,20210113,OTHER,FALSE
2020,IDAHO,ID,16,82,63,"CELLA, TODD",INDEPENDENT,TRUE,1,868014,20210113,OTHER,FALSE
2020,IDAHO,ID,16,82,63,"DE LA FUENTE, ROQUE ""ROCKY""",INDEPENDENT,FALSE,1491,868014,20210113,OTHER,FALSE
2020,IDAHO,ID,16,82,63,"FRANKLIN, CHRIS",UNKNOWN,TRUE,1,868014,20210113,OTHER,FALSE
2020,IDAHO,ID,16,82,63,"HAWKINS, HOWIE",GREEN,TRUE,407,868014,20210113,OTHER,FALSE
2020,IDAHO,ID,16,82,63,"HOEFLING, TOM",NON-AFFILIATED,TRUE,7,868014,20210113,OTHER,FALSE
2020,IDAHO,ID,16,82,63,"HOWARD, SHAWN W.",UNKNOWN,TRUE,4,868014,20210113,OTHER,FALSE
2020,IDAHO,ID,16,82,63,"JORGENSEN, JO",LIBERTARIAN,FALSE,16404,868014,20210113,LIBERTARIAN,FALSE
2020,IDAHO,ID,16,82,63,"LA RIVA, GLORIA ESTELLA",PARTY FOR SOCIALISM AND LIBERATION,TRUE,49,868014,20210113,OTHER,FALSE
2020,IDAHO,ID,16,82,63,"PIERCE, BROCK",INDEPENDENT,FALSE,2808,868014,20210113,OTHER,FALSE
2020,IDAHO,ID,16,82,63,"SIMMONS, JADE",INDEPENDENT,TRUE,21,868014,20210113,OTHER,FALSE
2020,IDAHO,ID,16,82,63,"TRUMP, DONALD J.",REPUBLICAN,FALSE,554119,868014,20210113,REPUBLICAN,FALSE
2020,IDAHO,ID,16,82,63,"WEST, KANYE",INDEPENDENT,FALSE,3632,868014,20210113,OTHER,FALSE
2020,ILLINOIS,IL,17,33,21,"BELLAR, BARBARA",UNKNOWN,TRUE,7,6033743,20210113,OTHER,FALSE
2020,ILLINOIS,IL,17,33,21,"BIDEN, JOSEPH R. JR",DEMOCRAT,FALSE,3471915,6033743,20210113,DEMOCRAT,FALSE
2020,ILLINOIS,IL,17,33,21,"BLANKENSHIP, DON",CONSTITUTION PARTY,TRUE,18,6033743,20210113,OTHER,FALSE
2020,ILLINOIS,IL,17,33,21,"CARROLL, BRIAN",AMERICAN SOLIDARITY PARTY,FALSE,9548,6033743,20210113,OTHER,FALSE
2020,ILLINOIS,IL,17,33,21,"COLLINS, PHIL",INDEPENDENT,TRUE,3,6033743,20210113,OTHER,FALSE
2020,ILLINOIS,IL,17,33,21,"FARNEY, JOHN",UNKNOWN,TRUE,84,6033743,20210113,OTHER,FALSE
2020,ILLINOIS,IL,17,33,21,"HAWKINS, HOWIE",GREEN,FALSE,30494,6033743,20210113,OTHER,FALSE
2020,ILLINOIS,IL,17,33,21,"HIGGS, JEREMY",UNKNOWN,TRUE,1,6033743,20210113,OTHER,FALSE
2020,ILLINOIS,IL,17,33,21,"JORGENSEN, JO",LIBERTARIAN,FALSE,66544,6033743,20210113,LIBERTARIAN,FALSE
2020,ILLINOIS,IL,17,33,21,"KISHORE, JOSEPH",INDEPENDENT,TRUE,5,6033743,20210113,OTHER,FALSE
2020,ILLINOIS,IL,17,33,21,"LA RIVA, GLORIA ESTELLA",PARTY FOR SOCIALISM AND LIBERATION,FALSE,8046,6033743,20210113,OTHER,FALSE
2020,ILLINOIS,IL,17,33,21,MARK CHARLES,INDEPENDENT,TRUE,75,6033743,20210113,OTHER,FALSE
2020,ILLINOIS,IL,17,33,21,"MCKEE, KEVIN",UNKNOWN,TRUE,4,6033743,20210113,OTHER,FALSE
2020,ILLINOIS,IL,17,33,21,"ROUSE, DEBORAH",UNKNOWN,TRUE,1,6033743,20210113,OTHER,FALSE
2020,ILLINOIS,IL,17,33,21,"SIMMONS, JADE",INDEPENDENT,TRUE,78,6033743,20210113,OTHER,FALSE
2020,ILLINOIS,IL,17,33,21,"SIMMONS, MARY RUTH CARO",UNKNOWN,TRUE,1,6033743,20210113,OTHER,FALSE
2020,ILLINOIS,IL,17,33,21,"STRUCK, JAMES TIMOTHY",UNKNOWN,TRUE,2,6033743,20210113,OTHER,FALSE
2020,ILLINOIS,IL,17,33,21,"TRUMP, DONALD J.",REPUBLICAN,FALSE,2446891,6033743,20210113,REPUBLICAN,FALSE
2020,ILLINOIS,IL,17,33,21,"WELLS, KASEY",NON-AFFILIATED,TRUE,18,6033743,20210113,OTHER,FALSE
2020,ILLINOIS,IL,17,33,21,"WILLIAMS JR., ANDY",UNKNOWN,TRUE,8,6033743,20210113,OTHER,FALSE
2020,INDIANA,IN,18,32,22,"BIDEN, JOSEPH R. JR",DEMOCRAT,FALSE,1242416,3033118,20210113,DEMOCRAT,FALSE
2020,INDIANA,IN,18,32,22,"CARROLL, BRIAN",AMERICAN SOLIDARITY PARTY,TRUE,893,3033118,20210113,OTHER,FALSE
2020,INDIANA,IN,18,32,22,"F, RANDALL",UNKNOWN,TRUE,1,3033118,20210113,OTHER,FALSE
2020,INDIANA,IN,18,32,22,"HAWKINS, HOWIE",GREEN,TRUE,988,3033118,20210113,OTHER,FALSE
2020,INDIANA,IN,18,32,22,"HOWARD, SHAWN W.",UNKNOWN,TRUE,23,3033118,20210113,OTHER,FALSE
2020,INDIANA,IN,18,32,22,JOHNSON JR. JAMES L.,UNKNOWN,TRUE,5,3033118,20210113,OTHER,FALSE
2020,INDIANA,IN,18,32,22,"JORGENSEN, JO",LIBERTARIAN,FALSE,59232,3033118,20210113,LIBERTARIAN,FALSE
2020,INDIANA,IN,18,32,22,"MCCRAY, VALERIE",UNKNOWN,TRUE,17,3033118,20210113,OTHER,FALSE
2020,INDIANA,IN,18,32,22,"ROUSE, DEBORAH",UNKNOWN,TRUE,4,3033118,20210113,OTHER,FALSE
2020,INDIANA,IN,18,32,22,"SCHRINER, JOE",UNKNOWN,TRUE,13,3033118,20210113,OTHER,FALSE
2020,INDIANA,IN,18,32,22,"STRIED, CHRISTOPHER",UNKNOWN,TRUE,2,3033118,20210113,OTHER,FALSE
2020,INDIANA,IN,18,32,22,"TRUMP, DONALD J.",REPUBLICAN,FALSE,1729519,3033118,20210113,REPUBLICAN,FALSE
2020,INDIANA,IN,18,32,22,"WELLS, KASEY",NON-AFFILIATED,TRUE,1,3033118,20210113,OTHER,FALSE
2020,INDIANA,IN,18,32,22,"WILLIAMS, MITCHELL",UNKNOWN,TRUE,4,3033118,20210113,OTHER,FALSE
2020,IOWA,IA,19,42,31,"BIDEN, JOSEPH R. JR",DEMOCRAT,FALSE,759061,1700130,20210113,DEMOCRAT,FALSE
2020,IOWA,IA,19,42,31,"BLANKENSHIP, DON",CONSTITUTION PARTY,FALSE,1707,1700130,20210113,OTHER,FALSE
2020,IOWA,IA,19,42,31,"DE LA FUENTE, ROQUE ""ROCKY""",INDEPENDENT,FALSE,1082,1700130,20210113,OTHER,FALSE
2020,IOWA,IA,19,42,31,"HAWKINS, HOWIE",GREEN,FALSE,3075,1700130,20210113,OTHER,FALSE
2020,IOWA,IA,19,42,31,"JORGENSEN, JO",LIBERTARIAN,FALSE,19637,1700130,20210113,LIBERTARIAN,FALSE
2020,IOWA,IA,19,42,31,"KING, RICKI SUE",GENEOLOGY KNOW YOUR FAMILY HISTORY PARTY,FALSE,546,1700130,20210113,OTHER,FALSE
2020,IOWA,IA,19,42,31,OVERVOTES,UNKNOWN,FALSE,2645,1700130,20210113,OTHER,FALSE
2020,IOWA,IA,19,42,31,"PIERCE, BROCK",INDEPENDENT,FALSE,544,1700130,20210113,OTHER,FALSE
2020,IOWA,IA,19,42,31,"TRUMP, DONALD J.",REPUBLICAN,FALSE,897672,1700130,20210113,REPUBLICAN,FALSE
2020,IOWA,IA,19,42,31,UNDERVOTES,UNKNOWN,FALSE,6614,1700130,20210113,OTHER,FALSE
2020,IOWA,IA,19,42,31,"WEST, KANYE",INDEPENDENT,FALSE,3210,1700130,20210113,OTHER,FALSE
2020,IOWA,IA,19,42,31,UNKNOWN/SCATTERING,UNKNOWN,TRUE,4337,1700130,20210113,OTHER,FALSE
2020,KANSAS,KS,20,47,32,"BIDEN, JOSEPH R. JR",DEMOCRAT,FALSE,570323,1372303,20210113,DEMOCRAT,FALSE
2020,KANSAS,KS,20,47,32,"JORGENSEN, JO",LIBERTARIAN,FALSE,30574,1372303,20210113,LIBERTARIAN,FALSE
2020,KANSAS,KS,20,47,32,"TRUMP, DONALD J.",REPUBLICAN,FALSE,771406,1372303,20210113,REPUBLICAN,FALSE
2020,KENTUCKY,KY,21,61,51,"BIDEN, JOSEPH R. JR",DEMOCRAT,FALSE,772474,2136768,20210113,DEMOCRAT,FALSE
2020,KENTUCKY,KY,21,61,51,"BODDIE, R. PRESIDENT",INDEPENDENT,TRUE,7,2136768,20210113,OTHER,FALSE
2020,KENTUCKY,KY,21,61,51,"CARROLL, BRIAN",AMERICAN SOLIDARITY PARTY,TRUE,408,2136768,20210113,OTHER,FALSE
2020,KENTUCKY,KY,21,61,51,"CHARLES, MARK",INDEPENDENT,TRUE,43,2136768,20210113,OTHER,FALSE
2020,KENTUCKY,KY,21,61,51,"HAWKINS, HOWIE",GREEN,TRUE,716,2136768,20210113,OTHER,FALSE
2020,KENTUCKY,KY,21,61,51,"HOEFLING, TOM",NON-AFFILIATED,TRUE,20,2136768,20210113,OTHER,FALSE
2020,KENTUCKY,KY,21,61,51,"HOWARD, SHAWN W.",UNKNOWN,TRUE,9,2136768,20210113,OTHER,FALSE
2020,KENTUCKY,KY,21,61,51,"JORGENSEN, JO",LIBERTARIAN,FALSE,26234,2136768,20210113,LIBERTARIAN,FALSE
2020,KENTUCKY,KY,21,61,51,"LA RIVA, GLORIA ESTELLA",PARTY FOR SOCIALISM AND LIBERATION,TRUE,98,2136768,20210113,OTHER,FALSE
2020,KENTUCKY,KY,21,61,51,"PIERCE, BROCK",INDEPENDENT,FALSE,3599,2136768,20210113,OTHER,FALSE
2020,KENTUCKY,KY,21,61,51,"SIMMONS, JADE",INDEPENDENT,TRUE,29,2136768,20210113,OTHER,FALSE
2020,KENTUCKY,KY,21,61,51,"STEVENS, TIMOTHY ALLEN",UNKNOWN,TRUE,1,2136768,20210113,OTHER,FALSE
2020,KENTUCKY,KY,21,61,51,"TRUMP, DONALD J.",REPUBLICAN,FALSE,1326646,2136768,20210113,REPUBLICAN,FALSE
2020,KENTUCKY,KY,21,61,51,"WELLS, KASEY",NON-AFFILIATED,TRUE,1,2136768,20210113,OTHER,FALSE
2020,KENTUCKY,KY,21,61,51,"WEST, KANYE",INDEPENDENT,FALSE,6483,2136768,20210113,OTHER,FALSE
2020,LOUISIANA,LA,22,72,45,"BIDEN, JOSEPH R. JR",DEMOCRAT,FALSE,856034,2148062,20210113,DEMOCRAT,FALSE
2020,LOUISIANA,LA,22,72,45,"BLANKENSHIP, DON",CONSTITUTION PARTY,FALSE,860,2148062,20210113,OTHER,FALSE
2020,LOUISIANA,LA,22,72,45,"BODDIE, R. PRESIDENT",C.U.P,FALSE,1125,2148062,20210113,OTHER,FALSE
2020,LOUISIANA,LA,22,72,45,"CARROLL, BRIAN",AMERICAN SOLIDARITY PARTY,FALSE,2497,2148062,20210113,OTHER,FALSE
2020,LOUISIANA,LA,22,72,45,"HAMMONS, BILL",UNITY PARTY,FALSE,662,2148062,20210113,OTHER,FALSE
2020,LOUISIANA,LA,22,72,45,"HOEFLING, TOM","LIFE , LIBERTY, CONSTITUTION",FALSE,668,2148062,20210113,OTHER,FALSE
2020,LOUISIANA,LA,22,72,45,JADE SIMMONS,BECOMING ONE NATION,FALSE,1626,2148062,20210113,OTHER,FALSE
2020,LOUISIANA,LA,22,72,45,"JORGENSEN, JO",LIBERTARIAN,FALSE,21645,2148062,20210113,LIBERTARIAN,FALSE
2020,LOUISIANA,LA,22,72,45,"KENNEDY, ALYSON",SOCIALIST WORKERS PARTY,FALSE,536,2148062,20210113,OTHER,FALSE
2020,LOUISIANA,LA,22,72,45,"LA RIVA, GLORIA ESTELLA",PARTY FOR SOCIALISM AND LIBERATION,FALSE,987,2148062,20210113,OTHER,FALSE
2020,LOUISIANA,LA,22,72,45,"PIERCE, BROCK",FREEDOM AND PROSPERITY,FALSE,749,2148062,20210113,OTHER,FALSE
2020,LOUISIANA,LA,22,72,45,"TRUMP, DONALD J.",REPUBLICAN,FALSE,1255776,2148062,20210113,REPUBLICAN,FALSE
2020,LOUISIANA,LA,22,72,45,"WEST, KANYE",THE BIRTHDAY PARTY,FALSE,4897,2148062,20210113,OTHER,FALSE
2020,MAINE,ME,23,11,2,"BIDEN, JOSEPH R. JR",DEMOCRAT,FALSE,435072,828305,20210113,DEMOCRAT,FALSE
2020,MAINE,ME,23,11,2,BLANK VOTES,UNKNOWN,FALSE,8844,828305,20210113,OTHER,FALSE
2020,MAINE,ME,23,11,2,"DE LA FUENTE, ROQUE ""ROCKY""",ALLIANCE,FALSE,1183,828305,20210113,OTHER,FALSE
2020,MAINE,ME,23,11,2,"HAWKINS, HOWIE",GREEN,FALSE,8230,828305,20210113,OTHER,FALSE
2020,MAINE,ME,23,11,2,"JORGENSEN, JO",LIBERTARIAN,FALSE,14152,828305,20210113,LIBERTARIAN,FALSE
2020,MAINE,ME,23,11,2,"TRUMP, DONALD J.",REPUBLICAN,FALSE,360737,828305,20210113,REPUBLICAN,FALSE
2020,MAINE,ME,23,11,2,UNKNOWN/SCATTERING,UNKNOWN,TRUE,87,828305,20210113,OTHER,FALSE
2020,MARYLAND,MD,24,52,52,"BALL, DENNIS ANDREW",UNKNOWN,TRUE,8,3037030,20210113,OTHER,FALSE
2020,MARYLAND,MD,24,52,52,"BELLAR, BARBARA",UNKNOWN,TRUE,23,3037030,20210113,OTHER,FALSE
2020,MARYLAND,MD,24,52,52,"BIDEN, JOSEPH R. JR",DEMOCRAT,FALSE,1985023,3037030,20210113,DEMOCRAT,FALSE
2020,MARYLAND,MD,24,52,52,"BODDIE, R. PRESIDENT",INDEPENDENT,TRUE,4,3037030,20210113,OTHER,FALSE
2020,MARYLAND,MD,24,52,52,"CARROLL, BRIAN",AMERICAN SOLIDARITY PARTY,TRUE,795,3037030,20210113,OTHER,FALSE
2020,MARYLAND,MD,24,52,52,"CELLA, TODD",INDEPENDENT,TRUE,11,3037030,20210113,OTHER,FALSE
2020,MARYLAND,MD,24,52,52,"CHARLES, MARK",INDEPENDENT,TRUE,30,3037030,20210113,OTHER,FALSE
2020,MARYLAND,MD,24,52,52,"COLLINS, PHIL",INDEPENDENT,TRUE,10,3037030,20210113,OTHER,FALSE
2020,MARYLAND,MD,24,52,52,"DE LA FUENTE, ROQUE ""ROCKY""",ALLIANCE,TRUE,26,3037030,20210113,OTHER,FALSE
2020,MARYLAND,MD,24,52,52,"HAWKINS, HOWIE",GREEN,FALSE,15799,3037030,20210113,OTHER,FALSE
2020,MARYLAND,MD,24,52,52,"HOEFLING, TOM",NON-AFFILIATED,TRUE,11,3037030,20210113,OTHER,FALSE
2020,MARYLAND,MD,24,52,52,"HOWARD, SHAWN W.",UNKNOWN,TRUE,20,3037030,20210113,OTHER,FALSE
2020,MARYLAND,MD,24,52,52,"JORGENSEN, JO",LIBERTARIAN,FALSE,33488,3037030,20210113,LIBERTARIAN,FALSE
2020,MARYLAND,MD,24,52,52,"LA RIVA, GLORIA ESTELLA",PARTY FOR SOCIALISM AND LIBERATION,TRUE,125,3037030,20210113,OTHER,FALSE
2020,MARYLAND,MD,24,52,52,"LEE, JOHNSON",UNKNOWN,TRUE,1,3037030,20210113,OTHER,FALSE
2020,MARYLAND,MD,24,52,52,"PIERCE, BROCK",INDEPENDENT,TRUE,16,3037030,20210113,OTHER,FALSE
2020,MARYLAND,MD,24,52,52,"RALEY, ALBERT",UNKNOWN,NA,32,3037030,20210113,OTHER,FALSE
2020,MARYLAND,MD,24,52,52,"ROUSE, DEBORAH",UNKNOWN,TRUE,6,3037030,20210113,OTHER,FALSE
2020,MARYLAND,MD,24,52,52,"SCHAWLB, BENJAMIN",UNKNOWN,NA,3,3037030,20210113,OTHER,FALSE
2020,MARYLAND,MD,24,52,52,"SEGAL, JEROME M.",BREAD AND ROSES,FALSE,5884,3037030,20210113,OTHER,FALSE
2020,MARYLAND,MD,24,52,52,"SHERRILL, PETER",UNKNOWN,TRUE,3,3037030,20210113,OTHER,FALSE
2020,MARYLAND,MD,24,52,52,"SIMMONS, JADE",BECOMING ONE NATION,TRUE,131,3037030,20210113,OTHER,FALSE
2020,MARYLAND,MD,24,52,52,"TRUMP, DONALD J.",REPUBLICAN,FALSE,976414,3037030,20210113,REPUBLICAN,FALSE
2020,MARYLAND,MD,24,52,52,"WELLS, KASEY",NON-AFFILIATED,TRUE,5,3037030,20210113,OTHER,FALSE
2020,MARYLAND,MD,24,52,52,"WEST, KANYE",THE BIRTHDAY PARTY,TRUE,1117,3037030,20210113,OTHER,FALSE
2020,MARYLAND,MD,24,52,52,UNKNOWN/SCATTERING,UNKNOWN,NA,18045,3037030,20210113,OTHER,FALSE
2020,MASSACHUSETTS,MA,25,14,3,"BIDEN, JOSEPH R. JR",DEMOCRAT,FALSE,2382202,3658005,20210113,DEMOCRAT,FALSE
2020,MASSACHUSETTS,MA,25,14,3,BLANK VOTES,UNKNOWN,FALSE,26603,3658005,20210113,OTHER,FALSE
2020,MASSACHUSETTS,MA,25,14,3,"HAWKINS, HOWIE",GREEN-RAINBOW,FALSE,18658,3658005,20210113,OTHER,FALSE
2020,MASSACHUSETTS,MA,25,14,3,"JORGENSEN, JO",LIBERTARIAN,FALSE,47013,3658005,20210113,LIBERTARIAN,FALSE
2020,MASSACHUSETTS,MA,25,14,3,"TRUMP, DONALD J.",REPUBLICAN,FALSE,1167202,3658005,20210113,REPUBLICAN,FALSE
2020,MASSACHUSETTS,MA,25,14,3,UNKNOWN/SCATTERING,UNKNOWN,TRUE,16327,3658005,20210113,OTHER,FALSE
2020,MICHIGAN,MI,26,34,23,"BIDEN, JOSEPH R. JR",DEMOCRAT,FALSE,2804040,5539302,20210113,DEMOCRAT,FALSE
2020,MICHIGAN,MI,26,34,23,"BLANKENSHIP, DON",US TAXPAYERS PARTY,FALSE,7235,5539302,20210113,OTHER,FALSE
2020,MICHIGAN,MI,26,34,23,"CARROLL, BRIAN",AMERICAN SOLIDARITY PARTY,TRUE,963,5539302,20210113,OTHER,FALSE
2020,MICHIGAN,MI,26,34,23,"DE LA FUENTE, ROQUE ""ROCKY""",NATURAL LAW,FALSE,2986,5539302,20210113,OTHER,FALSE
2020,MICHIGAN,MI,26,34,23,"HAWKINS, HOWIE",GREEN,FALSE,13718,5539302,20210113,OTHER,FALSE
2020,MICHIGAN,MI,26,34,23,"HOEFLING, TOM",UNKNOWN,TRUE,32,5539302,20210113,OTHER,FALSE
2020,MICHIGAN,MI,26,34,23,"HUNTER, TARA RENEE",UNKNOWN,TRUE,1,5539302,20210113,OTHER,FALSE
2020,MICHIGAN,MI,26,34,23,"JORGENSEN, JO",LIBERTARIAN,FALSE,60381,5539302,20210113,LIBERTARIAN,FALSE
2020,MICHIGAN,MI,26,34,23,"SIMMONS, JADE",BECOMING ONE NATION,TRUE,89,5539302,20210113,OTHER,FALSE
2020,MICHIGAN,MI,26,34,23,"TRUMP, DONALD J.",REPUBLICAN,FALSE,2649852,5539302,20210113,REPUBLICAN,FALSE
2020,MICHIGAN,MI,26,34,23,"WELLS, KASEY",NON-AFFILIATED,TRUE,5,5539302,20210113,OTHER,FALSE
2020,MINNESOTA,MN,27,41,33,"BIDEN, JOSEPH R. JR",DEMOCRAT,FALSE,1717077,3277171,20210113,DEMOCRAT,FALSE
2020,MINNESOTA,MN,27,41,33,"DE LA FUENTE, ROQUE ""ROCKY""",ALLIANCE,FALSE,5611,3277171,20210113,OTHER,FALSE
2020,MINNESOTA,MN,27,41,33,"HAWKINS, HOWIE",GREEN,FALSE,10033,3277171,20210113,OTHER,FALSE
2020,MINNESOTA,MN,27,41,33,"JORGENSEN, JO",LIBERTARIAN,FALSE,34976,3277171,20210113,LIBERTARIAN,FALSE
2020,MINNESOTA,MN,27,41,33,"KENNEDY, ALYSON",SOCIALIST WORKERS PARTY,FALSE,643,3277171,20210113,OTHER,FALSE
2020,MINNESOTA,MN,27,41,33,"LA RIVA, GLORIA ESTELLA",PARTY FOR SOCIALISM AND LIBERATION,FALSE,1210,3277171,20210113,OTHER,FALSE
2020,MINNESOTA,MN,27,41,33,"PIERCE, BROCK",INDEPENDENT,FALSE,5651,3277171,20210113,OTHER,FALSE
2020,MINNESOTA,MN,27,41,33,"TRUMP, DONALD J.",REPUBLICAN,FALSE,1484065,3277171,20210113,REPUBLICAN,FALSE
2020,MINNESOTA,MN,27,41,33,"WEST, KANYE",INDEPENDENT,FALSE,7940,3277171,20210113,OTHER,FALSE
2020,MINNESOTA,MN,27,41,33,UNKNOWN/SCATTERING,UNKNOWN,TRUE,9965,3277171,20210113,OTHER,FALSE
2020,MISSISSIPPI,MS,28,64,46,"BIDEN, JOSEPH R. JR",DEMOCRAT,FALSE,539398,1313759,20210113,DEMOCRAT,FALSE
2020,MISSISSIPPI,MS,28,64,46,"BLANKENSHIP, DON",CONSTITUTION PARTY,FALSE,1279,1313759,20210113,OTHER,FALSE
2020,MISSISSIPPI,MS,28,64,46,"CARROLL, BRIAN",AMERICAN SOLIDARITY PARTY,FALSE,1161,1313759,20210113,OTHER,FALSE
2020,MISSISSIPPI,MS,28,64,46,"COLLINS, PHIL",INDEPENDENT,FALSE,1317,1313759,20210113,OTHER,FALSE
2020,MISSISSIPPI,MS,28,64,46,"HAWKINS, HOWIE",GREEN,FALSE,1498,1313759,20210113,OTHER,FALSE
2020,MISSISSIPPI,MS,28,64,46,"JORGENSEN, JO",LIBERTARIAN,FALSE,8026,1313759,20210113,LIBERTARIAN,FALSE
2020,MISSISSIPPI,MS,28,64,46,"PIERCE, BROCK",INDEPENDENT,FALSE,659,1313759,20210113,OTHER,FALSE
2020,MISSISSIPPI,MS,28,64,46,"TRUMP, DONALD J.",REPUBLICAN,FALSE,756764,1313759,20210113,REPUBLICAN,FALSE
2020,MISSISSIPPI,MS,28,64,46,"WEST, KANYE",INDEPENDENT,FALSE,3657,1313759,20210113,OTHER,FALSE
2020,MISSOURI,MO,29,43,34,"BIDEN, JOSEPH R. JR",DEMOCRAT,FALSE,1253014,3025962,20210113,DEMOCRAT,FALSE
2020,MISSOURI,MO,29,43,34,"BLANKENSHIP, DON",CONSTITUTION PARTY,FALSE,3919,3025962,20210113,OTHER,FALSE
2020,MISSOURI,MO,29,43,34,"CARROLL, BRIAN",AMERICAN SOLIDARITY PARTY,TRUE,664,3025962,20210113,OTHER,FALSE
2020,MISSOURI,MO,29,43,34,"HAWKINS, HOWIE",GREEN,FALSE,8283,3025962,20210113,OTHER,FALSE
2020,MISSOURI,MO,29,43,34,"JORGENSEN, JO",LIBERTARIAN,FALSE,41205,3025962,20210113,LIBERTARIAN,FALSE
2020,MISSOURI,MO,29,43,34,"LA RIVA, GLORIA ESTELLA",PARTY FOR SOCIALISM AND LIBERATION,TRUE,64,3025962,20210113,OTHER,FALSE
2020,MISSOURI,MO,29,43,34,"SIMMONS, JADE",BECOMING ONE NATION,TRUE,74,3025962,20210113,OTHER,FALSE
2020,MISSOURI,MO,29,43,34,"TRUMP, DONALD J.",REPUBLICAN,FALSE,1718736,3025962,20210113,REPUBLICAN,FALSE
2020,MISSOURI,MO,29,43,34,"WELLS, KASEY",NON-AFFILIATED,TRUE,3,3025962,20210113,OTHER,FALSE
2020,MISSOURI,MO,29,43,34,UNKNOWN/SCATTERING,UNKNOWN,TRUE,0,3025962,20210113,OTHER,TRUE
2020,MONTANA,MT,30,81,64,"BELLAR, BARBARA",UNKNOWN,TRUE,2,603674,20210113,OTHER,FALSE
2020,MONTANA,MT,30,81,64,"BIDEN, JOSEPH R. JR",DEMOCRAT,FALSE,244786,603674,20210113,DEMOCRAT,FALSE
2020,MONTANA,MT,30,81,64,"CHARLES, MARK",INDEPENDENT,TRUE,23,603674,20210113,OTHER,FALSE
2020,MONTANA,MT,30,81,64,"HOEFLING, TOM",UNKNOWN,TRUE,3,603674,20210113,OTHER,FALSE
2020,MONTANA,MT,30,81,64,"JORGENSEN, JO",LIBERTARIAN,FALSE,15252,603674,20210113,LIBERTARIAN,FALSE
2020,MONTANA,MT,30,81,64,"SIMMONS, JADE",BECOMING ONE NATION,TRUE,6,603674,20210113,OTHER,FALSE
2020,MONTANA,MT,30,81,64,"TRUMP, DONALD J.",REPUBLICAN,FALSE,343602,603674,20210113,REPUBLICAN,FALSE
2020,NEBRASKA,NE,31,46,35,"BIDEN, JOSEPH R. JR",DEMOCRAT,FALSE,374583,956383,20210113,DEMOCRAT,FALSE
2020,NEBRASKA,NE,31,46,35,"JORGENSEN, JO",LIBERTARIAN,FALSE,20283,956383,20210113,LIBERTARIAN,FALSE
2020,NEBRASKA,NE,31,46,35,"TRUMP, DONALD J.",REPUBLICAN,FALSE,556846,956383,20210113,REPUBLICAN,FALSE
2020,NEBRASKA,NE,31,46,35,UNKNOWN/SCATTERING,UNKNOWN,TRUE,4671,956383,20210113,OTHER,FALSE
2020,NEVADA,NV,32,88,65,"BIDEN, JOSEPH R. JR",DEMOCRAT,FALSE,703486,1405376,20210113,DEMOCRAT,FALSE
2020,NEVADA,NV,32,88,65,"BLANKENSHIP, DON",INDEPENDENT AMERICAN PARTY,FALSE,3138,1405376,20210113,OTHER,FALSE
2020,NEVADA,NV,32,88,65,"JORGENSEN, JO",LIBERTARIAN,FALSE,14783,1405376,20210113,LIBERTARIAN,FALSE
2020,NEVADA,NV,32,88,65,"TRUMP, DONALD J.",REPUBLICAN,FALSE,669890,1405376,20210113,REPUBLICAN,FALSE
2020,NEVADA,NV,32,88,65,UNKNOWN/SCATTERING,UNKNOWN,TRUE,14079,1405376,20210113,OTHER,FALSE
2020,NEW HAMPSHIRE,NH,33,12,4,"BIDEN, JOSEPH R. JR",DEMOCRAT,FALSE,424921,806182,20210113,DEMOCRAT,FALSE
2020,NEW HAMPSHIRE,NH,33,12,4,"BUTTIGIEG, PETE",UNKNOWN,TRUE,47,806182,20210113,OTHER,FALSE
2020,NEW HAMPSHIRE,NH,33,12,4,"CUOMO, ANDREW",UNKNOWN,TRUE,14,806182,20210113,OTHER,FALSE
2020,NEW HAMPSHIRE,NH,33,12,4,"GABBARD, TULSI",UNKNOWN,TRUE,142,806182,20210113,OTHER,FALSE
2020,NEW HAMPSHIRE,NH,33,12,4,"HAWKINS, HOWIE",GREEN,TRUE,217,806182,20210113,OTHER,FALSE
2020,NEW HAMPSHIRE,NH,33,12,4,"HUCKABEE, MIKE",UNKNOWN,TRUE,10,806182,20210113,OTHER,FALSE
2020,NEW HAMPSHIRE,NH,33,12,4,"JORGENSEN, JO",LIBERTARIAN,FALSE,13235,806182,20210113,LIBERTARIAN,FALSE
2020,NEW HAMPSHIRE,NH,33,12,4,"KASICH, JOHN",UNKNOWN,TRUE,67,806182,20210113,OTHER,FALSE
2020,NEW HAMPSHIRE,NH,33,12,4,"KLOBUCHAR, AMY",UNKNOWN,TRUE,19,806182,20210113,OTHER,FALSE
2020,NEW HAMPSHIRE,NH,33,12,4,"OBAMA, MICHELLE",UNKNOWN,TRUE,10,806182,20210113,OTHER,FALSE
2020,NEW HAMPSHIRE,NH,33,12,4,"PAUL, RON",UNKNOWN,TRUE,13,806182,20210113,OTHER,FALSE
2020,NEW HAMPSHIRE,NH,33,12,4,"PENCE, MIKE",UNKNOWN,TRUE,56,806182,20210113,OTHER,FALSE
2020,NEW HAMPSHIRE,NH,33,12,4,"RICE, CONDOLEEZA",UNKNOWN,TRUE,12,806182,20210113,OTHER,FALSE
2020,NEW HAMPSHIRE,NH,33,12,4,"ROMNEY, MITT",UNKNOWN,TRUE,170,806182,20210113,OTHER,FALSE
2020,NEW HAMPSHIRE,NH,33,12,4,"SANDERS, BERNIE",UNKNOWN,TRUE,192,806182,20210113,OTHER,FALSE
2020,NEW HAMPSHIRE,NH,33,12,4,"SHAHEEN, JEANNE",UNKNOWN,TRUE,14,806182,20210113,OTHER,FALSE
2020,NEW HAMPSHIRE,NH,33,12,4,"SUNUNU, CHRIS",UNKNOWN,TRUE,46,806182,20210113,OTHER,FALSE
2020,NEW HAMPSHIRE,NH,33,12,4,"SUPREME, VERMIN",UNKNOWN,TRUE,22,806182,20210113,OTHER,FALSE
2020,NEW HAMPSHIRE,NH,33,12,4,"TRUMP, DONALD J.",REPUBLICAN,FALSE,365654,806182,20210113,REPUBLICAN,FALSE
2020,NEW HAMPSHIRE,NH,33,12,4,"WELD, BILL",UNKNOWN,TRUE,23,806182,20210113,OTHER,FALSE
2020,NEW HAMPSHIRE,NH,33,12,4,"WEST, KANYE",UNKNOWN,TRUE,82,806182,20210113,OTHER,FALSE
2020,NEW HAMPSHIRE,NH,33,12,4,"YANG, ANDREW",UNKNOWN,TRUE,58,806182,20210113,OTHER,FALSE
2020,NEW HAMPSHIRE,NH,33,12,4,UNKNOWN/SCATTERING,UNKNOWN,TRUE,1158,806182,20210113,OTHER,FALSE
2020,NEW JERSEY,NJ,34,22,12,"BIDEN, JOSEPH R. JR",DEMOCRAT,FALSE,2608335,4549353,20210113,DEMOCRAT,FALSE
2020,NEW JERSEY,NJ,34,22,12,"BLANKENSHIP, DON",CONSTITUTION PARTY,FALSE,2954,4549353,20210113,OTHER,FALSE
2020,NEW JERSEY,NJ,34,22,12,"DE LA FUENTE, ROQUE ""ROCKY""",ALLIANCE,FALSE,2728,4549353,20210113,OTHER,FALSE
2020,NEW JERSEY,NJ,34,22,12,"HAMMONS, BILL",UNITY PARTY,FALSE,3255,4549353,20210113,OTHER,FALSE
2020,NEW JERSEY,NJ,34,22,12,"HAWKINS, HOWIE",GREEN,FALSE,14202,4549353,20210113,OTHER,FALSE
2020,NEW JERSEY,NJ,34,22,12,"JORGENSEN, JO",LIBERTARIAN,FALSE,31677,4549353,20210113,LIBERTARIAN,FALSE
2020,NEW JERSEY,NJ,34,22,12,"LA RIVA, GLORIA ESTELLA",PARTY FOR SOCIALISM AND LIBERATION,FALSE,2928,4549353,20210113,OTHER,FALSE
2020,NEW JERSEY,NJ,34,22,12,"TRUMP, DONALD J.",REPUBLICAN,FALSE,1883274,4549353,20210113,REPUBLICAN,FALSE
2020,NEW MEXICO,NM,35,85,66,"BIDEN, JOSEPH R. JR",DEMOCRAT,FALSE,501614,923965,20210113,DEMOCRAT,FALSE
2020,NEW MEXICO,NM,35,85,66,"HAWKINS, HOWIE",GREEN,FALSE,4426,923965,20210113,OTHER,FALSE
2020,NEW MEXICO,NM,35,85,66,"JORGENSEN, JO",LIBERTARIAN,FALSE,12585,923965,20210113,LIBERTARIAN,FALSE
2020,NEW MEXICO,NM,35,85,66,"LA RIVA, GLORIA ESTELLA",PARTY FOR SOCIALISM AND LIBERATION,FALSE,1640,923965,20210113,OTHER,FALSE
2020,NEW MEXICO,NM,35,85,66,"TITTLE, SHEILA ""SAMM""",CONSTITUTION PARTY,FALSE,1806,923965,20210113,OTHER,FALSE
2020,NEW MEXICO,NM,35,85,66,"TRUMP, DONALD J.",REPUBLICAN,FALSE,401894,923965,20210113,REPUBLICAN,FALSE
2020,NEW YORK,NY,36,21,13,"BELLAR, BARBARA",UNKNOWN,TRUE,2,8661735,20210113,OTHER,FALSE
2020,NEW YORK,NY,36,21,13,"BIDEN, JOSEPH R. JR",DEMOCRAT,FALSE,5230985,8661735,20210113,DEMOCRAT,FALSE
2020,NEW YORK,NY,36,21,13,BLANK VOTES,UNKNOWN,FALSE,43541,8661735,20210113,OTHER,FALSE
2020,NEW YORK,NY,36,21,13,"BLANKENSHIP, DON",CONSTITUTION PARTY,TRUE,43,8661735,20210113,OTHER,FALSE
2020,NEW YORK,NY,36,21,13,"CARROLL, BRIAN",AMERICAN SOLIDARITY PARTY,TRUE,805,8661735,20210113,OTHER,FALSE
2020,NEW YORK,NY,36,21,13,"CHARLES, MARK",INDEPENDENT,TRUE,98,8661735,20210113,OTHER,FALSE
2020,NEW YORK,NY,36,21,13,"COLLINS, PHIL",PROHIBITION PARTY,TRUE,9,8661735,20210113,OTHER,FALSE
2020,NEW YORK,NY,36,21,13,"DE LA FUENTE, ROQUE ""ROCKY""",ALLIANCE,TRUE,20,8661735,20210113,OTHER,FALSE
2020,NEW YORK,NY,36,21,13,"HAWKINS, HOWIE",GREEN,FALSE,32753,8661735,20210113,OTHER,FALSE
2020,NEW YORK,NY,36,21,13,"HODGES, PAUL",UNKNOWN,TRUE,13,8661735,20210113,OTHER,FALSE
2020,NEW YORK,NY,36,21,13,"HOWARD, SHAWN W.",UNKNOWN,TRUE,6,8661735,20210113,OTHER,FALSE
2020,NEW YORK,NY,36,21,13,"HUNTER, DARIO",UNKNOWN,TRUE,8,8661735,20210113,OTHER,FALSE
2020,NEW YORK,NY,36,21,13,"JORGENSEN, JO",LIBERTARIAN,FALSE,60234,8661735,20210113,LIBERTARIAN,FALSE
2020,NEW YORK,NY,36,21,13,"KISHORE, JOSEPH",INDEPENDENT,TRUE,28,8661735,20210113,OTHER,FALSE
2020,NEW YORK,NY,36,21,13,"LA RIVA, GLORIA ESTELLA",PARTY FOR SOCIALISM AND LIBERATION,TRUE,376,8661735,20210113,OTHER,FALSE
2020,NEW YORK,NY,36,21,13,"MANIMAS, JOHN",UNKNOWN,TRUE,2,8661735,20210113,OTHER,FALSE
2020,NEW YORK,NY,36,21,13,"MARTIN, DAVID A.",UNKNOWN,TRUE,3,8661735,20210113,OTHER,FALSE
2020,NEW YORK,NY,36,21,13,"MONTANYE, RICHARD CHARLES",UNKNOWN,TRUE,1,8661735,20210113,OTHER,FALSE
2020,NEW YORK,NY,36,21,13,"PIERCE, BROCK",INDEPENDENT,FALSE,22587,8661735,20210113,OTHER,FALSE
2020,NEW YORK,NY,36,21,13,"SIMMONS, JADE",BECOMING ONE NATION,TRUE,155,8661735,20210113,OTHER,FALSE
2020,NEW YORK,NY,36,21,13,"TRUMP, DONALD J.",REPUBLICAN,FALSE,3244798,8661735,20210113,REPUBLICAN,FALSE
2020,NEW YORK,NY,36,21,13,VOID,UNKNOWN,FALSE,23368,8661735,20210113,OTHER,FALSE
2020,NEW YORK,NY,36,21,13,"WELLS, KASEY",INDEPENDENT,TRUE,3,8661735,20210113,OTHER,FALSE
2020,NEW YORK,NY,36,21,13,"WEST, KANYE",THE BIRTHDAY PARTY,TRUE,1897,8661735,20210113,OTHER,FALSE
2020,NORTH CAROLINA,NC,37,56,47,"BIDEN, JOSEPH R. JR",DEMOCRAT,FALSE,2684292,5524802,20210113,DEMOCRAT,FALSE
2020,NORTH CAROLINA,NC,37,56,47,"BLANKENSHIP, DON",CONSTITUTION PARTY,FALSE,7549,5524802,20210113,OTHER,FALSE
2020,NORTH CAROLINA,NC,37,56,47,"HAWKINS, HOWIE",GREEN,FALSE,12195,5524802,20210113,OTHER,FALSE
2020,NORTH CAROLINA,NC,37,56,47,"JORGENSEN, JO",LIBERTARIAN,FALSE,48678,5524802,20210113,LIBERTARIAN,FALSE
2020,NORTH CAROLINA,NC,37,56,47,"SIMMONS, JADE",BECOMING ONE NATION,TRUE,119,5524802,20210113,OTHER,FALSE
2020,NORTH CAROLINA,NC,37,56,47,"TRUMP, DONALD J.",REPUBLICAN,FALSE,2758773,5524802,20210113,REPUBLICAN,FALSE
2020,NORTH CAROLINA,NC,37,56,47,UNKNOWN/SCATTERING,UNKNOWN,TRUE,13196,5524802,20210113,OTHER,FALSE
2020,NORTH DAKOTA,ND,38,44,36,"BIDEN, JOSEPH R. JR",DEMOCRAT,FALSE,114902,361819,20210113,DEMOCRAT,FALSE
2020,NORTH DAKOTA,ND,38,44,36,"JORGENSEN, JO",LIBERTARIAN,FALSE,9393,361819,20210113,LIBERTARIAN,FALSE
2020,NORTH DAKOTA,ND,38,44,36,"TRUMP, DONALD J.",REPUBLICAN,FALSE,235595,361819,20210113,REPUBLICAN,FALSE
2020,NORTH DAKOTA,ND,38,44,36,UNKNOWN/SCATTERING,UNKNOWN,TRUE,1929,361819,20210113,OTHER,FALSE
2020,OHIO,OH,39,31,24,"BIDEN, JOSEPH R. JR",DEMOCRAT,FALSE,2679165,5922202,20210113,DEMOCRAT,FALSE
2020,OHIO,OH,39,31,24,"BODDIE, R. PRESIDENT",INDEPENDENT,TRUE,3,5922202,20210113,OTHER,FALSE
2020,OHIO,OH,39,31,24,"CARROLL, BRIAN",AMERICAN SOLIDARITY PARTY,TRUE,1450,5922202,20210113,OTHER,FALSE
2020,OHIO,OH,39,31,24,"HAWKINS, HOWIE",GREEN,FALSE,18812,5922202,20210113,OTHER,FALSE
2020,OHIO,OH,39,31,24,"HOEFLING, TOM",UNKNOWN,TRUE,114,5922202,20210113,OTHER,FALSE
2020,OHIO,OH,39,31,24,"HUNTER, DARIO",UNKNOWN,TRUE,27,5922202,20210113,OTHER,FALSE
2020,OHIO,OH,39,31,24,"JORGENSEN, JO",LIBERTARIAN,FALSE,67569,5922202,20210113,LIBERTARIAN,FALSE
2020,OHIO,OH,39,31,24,"SIMMONS, JADE",BECOMING ONE NATION,TRUE,212,5922202,20210113,OTHER,FALSE
2020,OHIO,OH,39,31,24,"TRUMP, DONALD J.",REPUBLICAN,FALSE,3154834,5922202,20210113,REPUBLICAN,FALSE
2020,OHIO,OH,39,31,24,"WELLS, KASEY",INDEPENDENT,TRUE,16,5922202,20210113,OTHER,FALSE
2020,OKLAHOMA,OK,40,73,53,"BIDEN, JOSEPH R. JR",DEMOCRAT,FALSE,503890,1560699,20210113,DEMOCRAT,FALSE
2020,OKLAHOMA,OK,40,73,53,"JORGENSEN, JO",LIBERTARIAN,FALSE,24731,1560699,20210113,LIBERTARIAN,FALSE
2020,OKLAHOMA,OK,40,73,53,"PIERCE, BROCK",INDEPENDENT,FALSE,2547,1560699,20210113,OTHER,FALSE
2020,OKLAHOMA,OK,40,73,53,"SIMMONS, JADE",INDEPENDENT,FALSE,3654,1560699,20210113,OTHER,FALSE
2020,OKLAHOMA,OK,40,73,53,"TRUMP, DONALD J.",REPUBLICAN,FALSE,1020280,1560699,20210113,REPUBLICAN,FALSE
2020,OKLAHOMA,OK,40,73,53,"WEST, KANYE",INDEPENDENT,FALSE,5597,1560699,20210113,OTHER,FALSE
2020,OREGON,OR,41,92,72,"BIDEN, JOSEPH R. JR",DEMOCRAT,FALSE,1340383,2374321,20210113,DEMOCRAT,FALSE
2020,OREGON,OR,41,92,72,"HAWKINS, HOWIE",PACIFIC GREEN,FALSE,11831,2374321,20210113,OTHER,FALSE
2020,OREGON,OR,41,92,72,"HUNTER, DARIO",PROGRESSIVE PARTY,FALSE,4988,2374321,20210113,OTHER,FALSE
2020,OREGON,OR,41,92,72,"JORGENSEN, JO",LIBERTARIAN,FALSE,41582,2374321,20210113,LIBERTARIAN,FALSE
2020,OREGON,OR,41,92,72,"TRUMP, DONALD J.",REPUBLICAN,FALSE,958448,2374321,20210113,REPUBLICAN,FALSE
2020,OREGON,OR,41,92,72,UNKNOWN/SCATTERING,UNKNOWN,TRUE,17089,2374321,20210113,OTHER,FALSE
2020,PENNSYLVANIA,PA,42,23,14,"BIDEN, JOSEPH R. JR",DEMOCRAT,FALSE,3458229,6915283,20210113,DEMOCRAT,FALSE
2020,PENNSYLVANIA,PA,42,23,14,"JORGENSEN, JO",LIBERTARIAN,FALSE,79380,6915283,20210113,LIBERTARIAN,FALSE
2020,PENNSYLVANIA,PA,42,23,14,"TRUMP, DONALD J.",REPUBLICAN,FALSE,3377674,6915283,20210113,REPUBLICAN,FALSE
2020,RHODE ISLAND,RI,44,15,5,"BIDEN, JOSEPH R. JR",DEMOCRAT,FALSE,307486,516990,20210113,DEMOCRAT,FALSE
2020,RHODE ISLAND,RI,44,15,5,"DE LA FUENTE, ROQUE ""ROCKY""",ALLIANCE,FALSE,923,516990,20210113,OTHER,FALSE
2020,RHODE ISLAND,RI,44,15,5,"JORGENSEN, JO",LIBERTARIAN,FALSE,5053,516990,20210113,LIBERTARIAN,FALSE
2020,RHODE ISLAND,RI,44,15,5,"LA RIVA, GLORIA ESTELLA",PARTY FOR SOCIALISM AND LIBERATION,FALSE,847,516990,20210113,OTHER,FALSE
2020,RHODE ISLAND,RI,44,15,5,"TRUMP, DONALD J.",REPUBLICAN,FALSE,199922,516990,20210113,REPUBLICAN,FALSE
2020,RHODE ISLAND,RI,44,15,5,UNKNOWN/SCATTERING,UNKNOWN,TRUE,2759,516990,20210113,OTHER,FALSE
2020,SOUTH CAROLINA,SC,45,57,48,"BIDEN, JOSEPH R. JR",DEMOCRAT,FALSE,1091541,2514096,20210113,DEMOCRAT,FALSE
2020,SOUTH CAROLINA,SC,45,57,48,"CARROLL, BRIAN",AMERICAN SOLIDARITY PARTY,FALSE,767,2514096,20210113,OTHER,FALSE
2020,SOUTH CAROLINA,SC,45,57,48,"DE LA FUENTE, ROQUE ""ROCKY""",ALLIANCE,FALSE,1862,2514096,20210113,OTHER,FALSE
2020,SOUTH CAROLINA,SC,45,57,48,"HAWKINS, HOWIE",GREEN,FALSE,6907,2514096,20210113,OTHER,FALSE
2020,SOUTH CAROLINA,SC,45,57,48,"JORGENSEN, JO",LIBERTARIAN,FALSE,27916,2514096,20210113,LIBERTARIAN,FALSE
2020,SOUTH CAROLINA,SC,45,57,48,"TRUMP, DONALD J.",REPUBLICAN,FALSE,1385103,2514096,20210113,REPUBLICAN,FALSE
2020,SOUTH DAKOTA,SD,46,45,37,"BIDEN, JOSEPH R. JR",DEMOCRAT,FALSE,150471,422609,20210113,DEMOCRAT,FALSE
2020,SOUTH DAKOTA,SD,46,45,37,"JORGENSEN, JO",LIBERTARIAN,FALSE,11095,422609,20210113,LIBERTARIAN,FALSE
2020,SOUTH DAKOTA,SD,46,45,37,"TRUMP, DONALD J.",REPUBLICAN,FALSE,261043,422609,20210113,REPUBLICAN,FALSE
2020,TENNESSEE,TN,47,62,54,"BIDEN, JOSEPH R. JR",DEMOCRAT,FALSE,1143711,3053851,20210113,DEMOCRAT,FALSE
2020,TENNESSEE,TN,47,62,54,"BLANKENSHIP, DON",INDEPENDENT,FALSE,5365,3053851,20210113,OTHER,FALSE
2020,TENNESSEE,TN,47,62,54,"BODDIE, R. PRESIDENT",INDEPENDENT,TRUE,1,3053851,20210113,OTHER,FALSE
2020,TENNESSEE,TN,47,62,54,"CARROLL, BRIAN",AMERICAN SOLIDARITY PARTY,TRUE,762,3053851,20210113,OTHER,FALSE
2020,TENNESSEE,TN,47,62,54,"DE LA FUENTE, ROQUE ""ROCKY""",INDEPENDENT,FALSE,1860,3053851,20210113,OTHER,FALSE
2020,TENNESSEE,TN,47,62,54,"HAWKINS, HOWIE",INDEPENDENT,FALSE,4545,3053851,20210113,OTHER,FALSE
2020,TENNESSEE,TN,47,62,54,"HOEFLING, TOM",UNKNOWN,TRUE,31,3053851,20210113,OTHER,FALSE
2020,TENNESSEE,TN,47,62,54,"JORGENSEN, JO",INDEPENDENT,FALSE,29877,3053851,20210113,OTHER,FALSE
2020,TENNESSEE,TN,47,62,54,"KENNEDY, ALYSON",INDEPENDENT,FALSE,2576,3053851,20210113,OTHER,FALSE
2020,TENNESSEE,TN,47,62,54,"LA RIVA, GLORIA ESTELLA",INDEPENDENT,FALSE,2301,3053851,20210113,OTHER,FALSE
2020,TENNESSEE,TN,47,62,54,"SIMMONS, JADE",BECOMING ONE NATION,TRUE,68,3053851,20210113,OTHER,FALSE
2020,TENNESSEE,TN,47,62,54,"TRUMP, DONALD J.",REPUBLICAN,FALSE,1852475,3053851,20210113,REPUBLICAN,FALSE
2020,TENNESSEE,TN,47,62,54,"WEST, KANYE",INDEPENDENT,FALSE,10279,3053851,20210113,OTHER,FALSE
2020,TEXAS,TX,48,74,49,"BIDEN, JOSEPH R. JR",DEMOCRAT,FALSE,5259126,11315056,20210113,DEMOCRAT,FALSE
2020,TEXAS,TX,48,74,49,"BODDIE, R. PRESIDENT",INDEPENDENT,TRUE,2012,11315056,20210113,OTHER,FALSE
2020,TEXAS,TX,48,74,49,"CARROLL, BRIAN",AMERICAN SOLIDARITY PARTY,TRUE,2785,11315056,20210113,OTHER,FALSE
2020,TEXAS,TX,48,74,49,"CELLA, TODD",INDEPENDENT,TRUE,205,11315056,20210113,OTHER,FALSE
2020,TEXAS,TX,48,74,49,"CUELLAR, JESSE",UNKNOWN,TRUE,49,11315056,20210113,OTHER,FALSE
2020,TEXAS,TX,48,74,49,"HAWKINS, HOWIE",GREEN,FALSE,33396,11315056,20210113,OTHER,FALSE
2020,TEXAS,TX,48,74,49,"HOEFLING, TOM",UNKNOWN,TRUE,337,11315056,20210113,OTHER,FALSE
2020,TEXAS,TX,48,74,49,"JORGENSEN, JO",LIBERTARIAN,FALSE,126243,11315056,20210113,LIBERTARIAN,FALSE
2020,TEXAS,TX,48,74,49,"LA RIVA, GLORIA ESTELLA",PARTY FOR SOCIALISM AND LIBERATION,TRUE,350,11315056,20210113,OTHER,FALSE
2020,TEXAS,TX,48,74,49,"LOEB, ABRAM",UNKNOWN,TRUE,36,11315056,20210113,OTHER,FALSE
2020,TEXAS,TX,48,74,49,"MORROW, ROBERT",UNKNOWN,TRUE,56,11315056,20210113,OTHER,FALSE
2020,TEXAS,TX,48,74,49,"TRUMP, DONALD J.",REPUBLICAN,FALSE,5890347,11315056,20210113,REPUBLICAN,FALSE
2020,TEXAS,TX,48,74,49,"WELLS, KASEY",INDEPENDENT,TRUE,114,11315056,20210113,OTHER,FALSE
2020,UTAH,UT,49,87,67,"BIDEN, JOSEPH R. JR",DEMOCRAT,FALSE,560282,1488289,20210113,DEMOCRAT,FALSE
2020,UTAH,UT,49,87,67,"BLANKENSHIP, DON",CONSTITUTION PARTY,FALSE,5551,1488289,20210113,OTHER,FALSE
2020,UTAH,UT,49,87,67,"BODDIE, R. PRESIDENT",INDEPENDENT,TRUE,6,1488289,20210113,OTHER,FALSE
2020,UTAH,UT,49,87,67,"CARROLL, BRIAN",AMERICAN SOLIDARITY PARTY,TRUE,368,1488289,20210113,OTHER,FALSE
2020,UTAH,UT,49,87,67,"FORBES, KATHERINE",UNKNOWN,TRUE,1,1488289,20210113,OTHER,FALSE
2020,UTAH,UT,49,87,67,"HAWKINS, HOWIE",GREEN,FALSE,5053,1488289,20210113,OTHER,FALSE
2020,UTAH,UT,49,87,67,"HOEFLING, TOM",UNKNOWN,TRUE,51,1488289,20210113,OTHER,FALSE
2020,UTAH,UT,49,87,67,"JORGENSEN, JO",LIBERTARIAN,FALSE,38447,1488289,20210113,LIBERTARIAN,FALSE
2020,UTAH,UT,49,87,67,"LA RIVA, GLORIA ESTELLA",PARTY FOR SOCIALISM AND LIBERATION,TRUE,1139,1488289,20210113,OTHER,FALSE
2020,UTAH,UT,49,87,67,"MCHUGH, JOE",UNKNOWN,TRUE,2229,1488289,20210113,OTHER,FALSE
2020,UTAH,UT,49,87,67,"PIERCE, BROCK",INDEPENDENT,TRUE,2623,1488289,20210113,OTHER,FALSE
2020,UTAH,UT,49,87,67,"SIMMONS, JADE",BECOMING ONE NATION,TRUE,186,1488289,20210113,OTHER,FALSE
2020,UTAH,UT,49,87,67,"TRUMP, DONALD J.",REPUBLICAN,FALSE,865140,1488289,20210113,REPUBLICAN,FALSE
2020,UTAH,UT,49,87,67,"WEST, KANYE",THE BIRTHDAY PARTY,TRUE,7213,1488289,20210113,OTHER,FALSE
2020,VERMONT,VT,50,13,6,"BIDEN, JOSEPH R. JR",DEMOCRAT,FALSE,242820,370968,20210113,DEMOCRAT,FALSE
2020,VERMONT,VT,50,13,6,BLANK VOTES,UNKNOWN,FALSE,3262,370968,20210113,OTHER,FALSE
2020,VERMONT,VT,50,13,6,"BLANKENSHIP, DON",CONSTITUTION,FALSE,208,370968,20210113,OTHER,FALSE
2020,VERMONT,VT,50,13,6,"CARROLL, BRIAN",AMERICAN SOLIDARITY,FALSE,209,370968,20210113,OTHER,FALSE
2020,VERMONT,VT,50,13,6,"COLLINS, PHIL",PROHIBITION,FALSE,137,370968,20210113,OTHER,FALSE
2020,VERMONT,VT,50,13,6,"DE LA FUENTE, ROQUE ""ROCKY""",ALLIANCE,FALSE,48,370968,20210113,OTHER,FALSE
2020,VERMONT,VT,50,13,6,"DUNCAN, RICHARD",INDEPENDENT,FALSE,213,370968,20210113,OTHER,FALSE
2020,VERMONT,VT,50,13,6,"HAWKINS, HOWIE",GREEN,FALSE,1310,370968,20210113,OTHER,FALSE
2020,VERMONT,VT,50,13,6,"HUBER, BLAKE",APPROVAL VOTING,FALSE,54,370968,20210113,OTHER,FALSE
2020,VERMONT,VT,50,13,6,"JORGENSEN, JO",LIBERTARIAN,FALSE,3608,370968,20210113,LIBERTARIAN,FALSE
2020,VERMONT,VT,50,13,6,"KENNEDY, ALYSON",SOCIALIST WORKERS,FALSE,195,370968,20210113,OTHER,FALSE
2020,VERMONT,VT,50,13,6,"KOPITKE, KYLE KENLEY",INDEPENDENT,FALSE,53,370968,20210113,OTHER,FALSE
2020,VERMONT,VT,50,13,6,"LA RIVA, GLORIA ESTELLA",LIBERTY UNION,FALSE,166,370968,20210113,OTHER,FALSE
2020,VERMONT,VT,50,13,6,"LAFONTAINE, CHRISTOPHER",INDEPENDENT,FALSE,856,370968,20210113,OTHER,FALSE
2020,VERMONT,VT,50,13,6,"MCCORMIC, KEITH",BULL MOOSE,FALSE,126,370968,20210113,OTHER,FALSE
2020,VERMONT,VT,50,13,6,OVERVOTES,UNKNOWN,FALSE,278,370968,20210113,OTHER,FALSE
2020,VERMONT,VT,50,13,6,"PAIGE, BROOKE H.",GRUMPY OLD PATRIOTS,FALSE,1175,370968,20210113,OTHER,FALSE
2020,VERMONT,VT,50,13,6,"PIERCE, BROCK",UNAFFILIATED,FALSE,100,370968,20210113,OTHER,FALSE
2020,VERMONT,VT,50,13,6,"SCALF, ZACHARY",INDEPENDENT,FALSE,29,370968,20210113,OTHER,FALSE
2020,VERMONT,VT,50,13,6,"SEGAL, JEROME M.",BREAD AND ROSES,FALSE,65,370968,20210113,OTHER,FALSE
2020,VERMONT,VT,50,13,6,"SWING, GARY",BOILING FROG,FALSE,141,370968,20210113,OTHER,FALSE
2020,VERMONT,VT,50,13,6,"TRUMP, DONALD J.",REPUBLICAN,FALSE,112704,370968,20210113,REPUBLICAN,FALSE
2020,VERMONT,VT,50,13,6,"WEST, KANYE",INDEPENDENT,FALSE,1269,370968,20210113,OTHER,FALSE
2020,VERMONT,VT,50,13,6,UNKNOWN/SCATTERING,UNKNOWN,TRUE,1942,370968,20210113,OTHER,FALSE
2020,VIRGINIA,VA,51,54,40,"BIDEN, JOSEPH R. JR",DEMOCRAT,FALSE,2413568,4460524,20210113,DEMOCRAT,FALSE
2020,VIRGINIA,VA,51,54,40,"JORGENSEN, JO",LIBERTARIAN,FALSE,64761,4460524,20210113,LIBERTARIAN,FALSE
2020,VIRGINIA,VA,51,54,40,"TRUMP, DONALD J.",REPUBLICAN,FALSE,1962430,4460524,20210113,REPUBLICAN,FALSE
2020,VIRGINIA,VA,51,54,40,UNKNOWN/SCATTERING,UNKNOWN,TRUE,19765,4460524,20210113,OTHER,FALSE
2020,WASHINGTON,WA,53,91,73,"BIDEN, JOSEPH R. JR",DEMOCRAT,FALSE,2369612,4087631,20210113,DEMOCRAT,FALSE
2020,WASHINGTON,WA,53,91,73,"HAWKINS, HOWIE",GREEN,FALSE,18289,4087631,20210113,OTHER,FALSE
2020,WASHINGTON,WA,53,91,73,"JORGENSEN, JO",LIBERTARIAN,FALSE,80500,4087631,20210113,LIBERTARIAN,FALSE
2020,WASHINGTON,WA,53,91,73,"KENNEDY, ALYSON",SOCIALIST WORKERS PARTY,FALSE,2487,4087631,20210113,OTHER,FALSE
2020,WASHINGTON,WA,53,91,73,"LA RIVA, GLORIA ESTELLA",PARTY FOR SOCIALISM AND LIBERATION,FALSE,4840,4087631,20210113,OTHER,FALSE
2020,WASHINGTON,WA,53,91,73,"TRUMP, DONALD J.",REPUBLICAN,FALSE,1584651,4087631,20210113,REPUBLICAN,FALSE
2020,WASHINGTON,WA,53,91,73,UNKNOWN/SCATTERING,UNKNOWN,TRUE,27252,4087631,20210113,OTHER,FALSE
2020,WEST VIRGINIA,WV,54,55,56,"BIDEN, JOSEPH R. JR",DEMOCRAT,FALSE,235984,794652,20210113,DEMOCRAT,FALSE
2020,WEST VIRGINIA,WV,54,55,56,"HAWKINS, HOWIE",GREEN,FALSE,2599,794652,20210113,OTHER,FALSE
2020,WEST VIRGINIA,WV,54,55,56,"JORGENSEN, JO",LIBERTARIAN,FALSE,10687,794652,20210113,LIBERTARIAN,FALSE
2020,WEST VIRGINIA,WV,54,55,56,"TRUMP, DONALD J.",REPUBLICAN,FALSE,545382,794652,20210113,REPUBLICAN,FALSE
2020,WISCONSIN,WI,55,35,25,"BIDEN, JOSEPH R. JR",DEMOCRAT,FALSE,1630866,3298041,20210113,DEMOCRAT,FALSE
2020,WISCONSIN,WI,55,35,25,"BLANKENSHIP, DON",CONSTITUTION PARTY,FALSE,5146,3298041,20210113,OTHER,FALSE
2020,WISCONSIN,WI,55,35,25,"BODDIE, R. PRESIDENT",INDEPENDENT,TRUE,5,3298041,20210113,OTHER,FALSE
2020,WISCONSIN,WI,55,35,25,"CARROLL, BRIAN",AMERICAN SOLIDARITY PARTY,FALSE,5259,3298041,20210113,OTHER,FALSE
2020,WISCONSIN,WI,55,35,25,"CHARLES, MARK",INDEPENDENT,TRUE,52,3298041,20210113,OTHER,FALSE
2020,WISCONSIN,WI,55,35,25,"HAWKINS, HOWIE",GREEN,TRUE,1089,3298041,20210113,OTHER,FALSE
2020,WISCONSIN,WI,55,35,25,"JORGENSEN, JO",INDEPENDENT,FALSE,38491,3298041,20210113,OTHER,FALSE
2020,WISCONSIN,WI,55,35,25,"LA RIVA, GLORIA ESTELLA",PARTY FOR SOCIALISM AND LIBERATION,TRUE,110,3298041,20210113,OTHER,FALSE
2020,WISCONSIN,WI,55,35,25,"SIMMONS, JADE",BECOMING ONE NATION,TRUE,36,3298041,20210113,OTHER,FALSE
2020,WISCONSIN,WI,55,35,25,"TRUMP, DONALD J.",REPUBLICAN,FALSE,1610184,3298041,20210113,REPUBLICAN,FALSE
2020,WISCONSIN,WI,55,35,25,"WELLS, KASEY",INDEPENDENT,TRUE,25,3298041,20210113,OTHER,FALSE
2020,WISCONSIN,WI,55,35,25,"WEST, KANYE",THE BIRTHDAY PARTY,TRUE,411,3298041,20210113,OTHER,FALSE
2020,WISCONSIN,WI,55,35,25,UNKNOWN/SCATTERING,UNKNOWN,TRUE,6367,3298041,20210113,OTHER,FALSE
2020,WYOMING,WY,56,83,68,"BIDEN, JOSEPH R. JR",DEMOCRAT,FALSE,73491,278503,20210113,DEMOCRAT,FALSE
2020,WYOMING,WY,56,83,68,"JORGENSEN, JO",LIBERTARIAN,FALSE,5768,278503,20210113,LIBERTARIAN,FALSE
2020,WYOMING,WY,56,83,68,OVERVOTES,UNKNOWN,FALSE,279,278503,20210113,OTHER,FALSE
2020,WYOMING,WY,56,83,68,"PIERCE, BROCK",INDEPENDENT,FALSE,2208,278503,20210113,OTHER,FALSE
2020,WYOMING,WY,56,83,68,"TRUMP, DONALD J.",REPUBLICAN,FALSE,193559,278503,20210113,REPUBLICAN,FALSE
2020,WYOMING,WY,56,83,68,UNDERVOTES,UNKNOWN,FALSE,1459,278503,20210113,OTHER,FALSE
2020,WYOMING,WY,56,83,68,UNKNOWN/SCATTERING,UNKNOWN,TRUE,1739,278503,20210113,OTHER,FALSE
2024,ALABAMA,AL,1,63,41,"HARRIS, KAMALA D.",DEMOCRAT,FALSE,772412,2265090,20251120,DEMOCRAT,FALSE
2024,ALABAMA,AL,1,63,41,"KENNEDY, ROBERT F. JR",INDEPENDENT,FALSE,12075,2265090,20251120,OTHER,FALSE
2024,ALABAMA,AL,1,63,41,"OLIVER, CHASE",INDEPENDENT,FALSE,4930,2265090,20251120,LIBERTARIAN,FALSE
2024,ALABAMA,AL,1,63,41,"STEIN, JILL",INDEPENDENT,FALSE,4319,2265090,20251120,OTHER,FALSE
2024,ALABAMA,AL,1,63,41,"TRUMP, DONALD J.",REPUBLICAN,FALSE,1462616,2265090,20251120,REPUBLICAN,FALSE
2024,ALABAMA,AL,1,63,41,WRITE-IN,UNKNOWN,TRUE,8738,2265090,20251120,OTHER,FALSE
2024,ALASKA,AK,2,94,81,"HARRIS, KAMALA D.",DEMOCRAT,FALSE,140026,338177,20251120,DEMOCRAT,FALSE
2024,ALASKA,AK,2,94,81,"KENNEDY, ROBERT F. JR",NON-AFFILIATED,FALSE,5670,338177,20251120,OTHER,FALSE
2024,ALASKA,AK,2,94,81,"OLIVER, CHASE",LIBERTARIAN,FALSE,3040,338177,20251120,LIBERTARIAN,FALSE
2024,ALASKA,AK,2,94,81,"SONSKI, PETER",AMERICAN SOLIDARITY,FALSE,702,338177,20251120,OTHER,FALSE
2024,ALASKA,AK,2,94,81,"STEIN, JILL",NON-AFFILIATED,FALSE,2342,338177,20251120,OTHER,FALSE
2024,ALASKA,AK,2,94,81,"TERRY, RANDALL A.",CONSTITUTION,FALSE,812,338177,20251120,OTHER,FALSE
2024,ALASKA,AK,2,94,81,"TRUMP, DONALD J.",REPUBLICAN,FALSE,184458,338177,20251120,REPUBLICAN,FALSE
2024,ALASKA,AK,2,94,81,"WEST, CORNEL",AURORA,FALSE,1127,338177,20251120,OTHER,FALSE
2024,ARIZONA,AZ,4,86,61,"HARRIS, KAMALA D.",DEMOCRAT,FALSE,1582860,3389319,20251120,DEMOCRAT,FALSE
2024,ARIZONA,AZ,4,86,61,"OLIVER, CHASE",LIBERTARIAN,FALSE,17898,3389319,20251120,LIBERTARIAN,FALSE
2024,ARIZONA,AZ,4,86,61,"STEIN, JILL",GREEN,FALSE,18319,3389319,20251120,OTHER,FALSE
2024,ARIZONA,AZ,4,86,61,"TRUMP, DONALD J.",REPUBLICAN,FALSE,1770242,3389319,20251120,REPUBLICAN,FALSE
2024,ARKANSAS,AR,5,71,42,"HARRIS, KAMALA D.",DEMOCRAT,FALSE,396905,1182676,20251120,DEMOCRAT,FALSE
2024,ARKANSAS,AR,5,71,42,"KENNEDY, ROBERT F. JR",UNKNOWN,FALSE,13255,1182676,20251120,OTHER,FALSE
2024,ARKANSAS,AR,5,71,42,"OLIVER, CHASE",UNKNOWN,FALSE,5715,1182676,20251120,LIBERTARIAN,FALSE
2024,ARKANSAS,AR,5,71,42,"SONSKI, PETER",UNKNOWN,FALSE,2141,1182676,20251120,OTHER,FALSE
2024,ARKANSAS,AR,5,71,42,"STEIN, JILL",NEVADA GREEN PARTY,FALSE,4275,1182676,20251120,OTHER,FALSE
2024,ARKANSAS,AR,5,71,42,"TRUMP, DONALD J.",REPUBLICAN,FALSE,759241,1182676,20251120,REPUBLICAN,FALSE
2024,ARKANSAS,AR,5,71,42,"WOOD, MICHAEL",UNKNOWN,FALSE,1144,1182676,20251120,OTHER,FALSE
2024,CALIFORNIA,CA,6,93,71,"DE LA CRUZ, CLAUDIA",PEACE AND FREEDOM,FALSE,72539,15865475,20251120,OTHER,FALSE
2024,CALIFORNIA,CA,6,93,71,"HARRIS, KAMALA D.",DEMOCRAT,FALSE,9276179,15865475,20251120,DEMOCRAT,FALSE
2024,CALIFORNIA,CA,6,93,71,"KENNEDY, ROBERT F. JR",AMERICAN INDEPENDENT,FALSE,197645,15865475,20251120,OTHER,FALSE
2024,CALIFORNIA,CA,6,93,71,"OLIVER, CHASE",LIBERTARIAN,FALSE,66662,15865475,20251120,LIBERTARIAN,FALSE
2024,CALIFORNIA,CA,6,93,71,"PETER
SONSKI",(W/I),TRUE,2939,15865475,20251120,OTHER,FALSE
2024,CALIFORNIA,CA,6,93,71,"STEIN, JILL",GREEN,FALSE,167814,15865475,20251120,OTHER,FALSE
2024,CALIFORNIA,CA,6,93,71,"TRUMP, DONALD J.",REPUBLICAN,FALSE,6081697,15865475,20251120,REPUBLICAN,FALSE
2024,COLORADO,CO,8,84,62,BILL FRANKEL AND STEVE JENKINS,UNAFFILIATED/REPUBLICAN,TRUE,10,3192745,20251120,OTHER,FALSE
2024,COLORADO,CO,8,84,62,BRIAN ANTHONY PERRY AND MARK SBANI,DEMOCRATIC,TRUE,2,3192745,20251120,OTHER,FALSE
2024,COLORADO,CO,8,84,62,CHRIS GARRITY AND CODY BALLARD,NO PARTY AFFILIATION,TRUE,30,3192745,20251120,OTHER,FALSE
2024,COLORADO,CO,8,84,62,CLAUDIA DE LA CRUZ AND KARINA GARCIA,SOCIALIST LABOR,TRUE,905,3192745,20251120,OTHER,FALSE
2024,COLORADO,CO,8,84,62,"HARRIS, KAMALA D.",DEMOCRATIC,FALSE,1728159,3192745,20251120,DEMOCRAT,FALSE
2024,COLORADO,CO,8,84,62,"HUBER, BLAKE",APPROVAL VOTING,FALSE,2196,3192745,20251120,OTHER,FALSE
2024,COLORADO,CO,8,84,62,"KENNEDY, ROBERT F. JR",UNAFFILIATED,FALSE,35623,3192745,20251120,OTHER,FALSE
2024,COLORADO,CO,8,84,62,"OLIVER, CHASE",LIBERTARIAN,FALSE,21439,3192745,20251120,LIBERTARIAN,FALSE
2024,COLORADO,CO,8,84,62,PETER SONSKI AND LAUREN ONAK,AMERICAN SOLIDARITY,TRUE,910,3192745,20251120,OTHER,FALSE
2024,COLORADO,CO,8,84,62,SHIVA AYYADURAI AND CRYSTAL ELLIS,INDEPENDENT,TRUE,15,3192745,20251120,OTHER,FALSE
2024,COLORADO,CO,8,84,62,"STEIN, JILL",GREEN,FALSE,17344,3192745,20251120,OTHER,FALSE
2024,COLORADO,CO,8,84,62,"TERRY, RANDALL",AMERICAN CONSTITUTION,FALSE,3522,3192745,20251120,OTHER,FALSE
2024,COLORADO,CO,8,84,62,"TRUMP, DONALD J.",REPUBLICAN,FALSE,1377441,3192745,20251120,REPUBLICAN,FALSE
2024,COLORADO,CO,8,84,62,"WEST, CORNEL",UNITY PARTY OF COLORADO,FALSE,5149,3192745,20251120,OTHER,FALSE
2024,CONNECTICUT,CT,9,16,1,AYYADURAI ELLIS UNKNOWN ELLIS,UNKNOWN,TRUE,21,1759010,20251120,OTHER,FALSE
2024,CONNECTICUT,CT,9,16,1,DE LA CRUZ UNKNOWN GARCIA,UNKNOWN,TRUE,264,1759010,20251120,OTHER,FALSE
2024,CONNECTICUT,CT,9,16,1,FOX,UNKNOWN,TRUE,4,1759010,20251120,OTHER,FALSE
2024,CONNECTICUT,CT,9,16,1,"HARRIS, KAMALA D.",DEMOCRATIC,FALSE,992053,1759010,20251120,DEMOCRAT,FALSE
2024,CONNECTICUT,CT,9,16,1,"KENNEDY, ROBERT F. JR",PETITIONING CANDIDATE,FALSE,8448,1759010,20251120,OTHER,FALSE
2024,CONNECTICUT,CT,9,16,1,MCNEIL,UNKNOWN,TRUE,0,1759010,20251120,OTHER,TRUE
2024,CONNECTICUT,CT,9,16,1,"OLIVER, CHASE",LIBERTARIAN,FALSE,6729,1759010,20251120,LIBERTARIAN,FALSE
2024,CONNECTICUT,CT,9,16,1,POTUS KENNEDY UNKNOWN KENNEDY,UNKNOWN,TRUE,2,1759010,20251120,OTHER,FALSE
2024,CONNECTICUT,CT,9,16,1,SONSKI,UNKNOWN,TRUE,162,1759010,20251120,OTHER,FALSE
2024,CONNECTICUT,CT,9,16,1,"STEIN, JILL",GREEN,FALSE,14281,1759010,20251120,OTHER,FALSE
2024,CONNECTICUT,CT,9,16,1,"TRUMP, DONALD J.",REPUBLICAN,FALSE,736918,1759010,20251120,REPUBLICAN,FALSE
2024,CONNECTICUT,CT,9,16,1,WEST,UNKNOWN,TRUE,128,1759010,20251120,OTHER,FALSE
2024,DELAWARE,DE,10,51,11,BRENT PETERSON,UNKNOWN,TRUE,1,512913,20251120,OTHER,FALSE
2024,DELAWARE,DE,10,51,11,CHERUNDA FOX,UNKNOWN,TRUE,2,512913,20251120,OTHER,FALSE
2024,DELAWARE,DE,10,51,11,CLAUDIA DE LA CRUZ AND KARINA GARCIA,UNKNOWN,TRUE,87,512913,20251120,OTHER,FALSE
2024,DELAWARE,DE,10,51,11,CORNEL WEST AND MELINA ABDULLAH,UNKNOWN,TRUE,96,512913,20251120,OTHER,FALSE
2024,DELAWARE,DE,10,51,11,DOUG JENKINS,UNKNOWN,TRUE,1,512913,20251120,OTHER,FALSE
2024,DELAWARE,DE,10,51,11,DR. SHIVA,UNKNOWN,TRUE,4,512913,20251120,OTHER,FALSE
2024,DELAWARE,DE,10,51,11,EDWARD SHLIKAS,UNKNOWN,TRUE,2,512913,20251120,OTHER,FALSE
2024,DELAWARE,DE,10,51,11,"HARRIS, KAMALA D.",DEMOCRAT,FALSE,289758,512913,20251120,DEMOCRAT,FALSE
2024,DELAWARE,DE,10,51,11,JAMES WALKER,UNKNOWN,TRUE,7,512913,20251120,OTHER,FALSE
2024,DELAWARE,DE,10,51,11,JILL STEIN AND RUDOLPH WARE,UNKNOWN,TRUE,914,512913,20251120,OTHER,FALSE
2024,DELAWARE,DE,10,51,11,JOHN CHENG,UNKNOWN,TRUE,4,512913,20251120,OTHER,FALSE
2024,DELAWARE,DE,10,51,11,"KENNEDY, ROBERT F. JR",INDEPENDENT PARTY OF DELAWARE,FALSE,4636,512913,20251120,OTHER,FALSE
2024,DELAWARE,DE,10,51,11,"OLIVER, CHASE",LIBERTARIAN PARTY,FALSE,2038,512913,20251120,LIBERTARIAN,FALSE
2024,DELAWARE,DE,10,51,11,PETER SONSKI AND LAUREN ONAK,UNKNOWN,TRUE,98,512913,20251120,OTHER,FALSE
2024,DELAWARE,DE,10,51,11,"SUPREME, VERMIN",CONSERVATIVE PARTY,FALSE,914,512913,20251120,OTHER,FALSE
2024,DELAWARE,DE,10,51,11,"TRUMP, DONALD J.",REPUBLICAN,FALSE,214351,512913,20251120,REPUBLICAN,FALSE
2024,DISTRICT OF COLUMBIA,DC,11,53,55,"HARRIS, KAMALA D.",DEMOCRAT,FALSE,294185,325869,20251120,DEMOCRAT,FALSE
2024,DISTRICT OF COLUMBIA,DC,11,53,55,"KENNEDY, ROBERT F. JR",INDEPENDENT,FALSE,2778,325869,20251120,OTHER,FALSE
2024,DISTRICT OF COLUMBIA,DC,11,53,55,OVERVOTES,UNKNOWN,FALSE,460,325869,20251120,OTHER,FALSE
2024,DISTRICT OF COLUMBIA,DC,11,53,55,"TRUMP, DONALD J.",REPUBLICAN,FALSE,21076,325869,20251120,REPUBLICAN,FALSE
2024,DISTRICT OF COLUMBIA,DC,11,53,55,UNDERVOTES,UNKNOWN,FALSE,2075,325869,20251120,OTHER,FALSE
2024,DISTRICT OF COLUMBIA,DC,11,53,55,WRITE-IN,NO PARTY,TRUE,7830,325869,20251120,OTHER,FALSE
2024,FLORIDA,FL,12,59,43,AYYADURAI,UNKNOWN,TRUE,199,10893752,20251120,OTHER,FALSE
2024,FLORIDA,FL,12,59,43,"DE LA CRUZ, CLAUDIA",PARTY FOR SOCIALISM AND LIBERATION - FLORIDA,FALSE,11969,10893752,20251120,OTHER,FALSE
2024,FLORIDA,FL,12,59,43,FOX,UNKNOWN,TRUE,6,10893752,20251120,OTHER,FALSE
2024,FLORIDA,FL,12,59,43,"HARRIS, KAMALA D.",DEMOCRAT,FALSE,4683038,10893752,20251120,DEMOCRAT,FALSE
2024,FLORIDA,FL,12,59,43,"OLIVER, CHASE",LIBERTARIAN PARTY OF FLORIDA,FALSE,31972,10893752,20251120,LIBERTARIAN,FALSE
2024,FLORIDA,FL,12,59,43,"SONSKI, PETER",AMERICAN SOLIDARITY,FALSE,7454,10893752,20251120,OTHER,FALSE
2024,FLORIDA,FL,12,59,43,"STEIN, JILL",GREEN PARTY,FALSE,43155,10893752,20251120,OTHER,FALSE
2024,FLORIDA,FL,12,59,43,"TERRY, RANDALL",CONSTITUTION PARTY OF FLORIDA,FALSE,5834,10893752,20251120,OTHER,FALSE
2024,FLORIDA,FL,12,59,43,"TRUMP, DONALD J.",REPUBLICAN,FALSE,6110125,10893752,20251120,REPUBLICAN,FALSE
2024,GEORGIA,GA,13,58,44,ANDRÉ RAMON MCNEIL SR,UNKNOWN,TRUE,9,5250905,20251120,OTHER,FALSE
2024,GEORGIA,GA,13,58,44,BRIAN KIENITZ,UNKNOWN,TRUE,13,5250905,20251120,OTHER,FALSE
2024,GEORGIA,GA,13,58,44,EMILY MATHEWS,UNKNOWN,TRUE,19,5250905,20251120,OTHER,FALSE
2024,GEORGIA,GA,13,58,44,"HARRIS, KAMALA D.",DEMOCRAT,FALSE,2548017,5250905,20251120,DEMOCRAT,FALSE
2024,GEORGIA,GA,13,58,44,JAY J BOWMAN,UNKNOWN,TRUE,30,5250905,20251120,OTHER,FALSE
2024,GEORGIA,GA,13,58,44,NOMUSA VENITA SMITH,UNKNOWN,TRUE,3,5250905,20251120,OTHER,FALSE
2024,GEORGIA,GA,13,58,44,"OLIVER, CHASE",LIBERTARIAN,FALSE,20684,5250905,20251120,LIBERTARIAN,FALSE
2024,GEORGIA,GA,13,58,44,PETER SONSKI,UNKNOWN,TRUE,730,5250905,20251120,OTHER,FALSE
2024,GEORGIA,GA,13,58,44,PRESIDENT R BODDIE,UNKNOWN,TRUE,14,5250905,20251120,OTHER,FALSE
2024,GEORGIA,GA,13,58,44,SHIVA AYYADURAI,UNKNOWN,TRUE,37,5250905,20251120,OTHER,FALSE
2024,GEORGIA,GA,13,58,44,"STEIN, JILL",GREEN,FALSE,18229,5250905,20251120,OTHER,FALSE
2024,GEORGIA,GA,13,58,44,SUSAN MAUDE BUSCHER,UNKNOWN,TRUE,3,5250905,20251120,OTHER,FALSE
2024,GEORGIA,GA,13,58,44,"TRUMP, DONALD J.",REPUBLICAN,FALSE,2663117,5250905,20251120,REPUBLICAN,FALSE
2024,HAWAII,HI,15,95,82,"DE LA CRUZ, CLAUDIA",SOCIALIST LABOR,FALSE,1940,522236,20251120,OTHER,FALSE
2024,HAWAII,HI,15,95,82,"HARRIS, KAMALA D.",DEMOCRAT,FALSE,313044,522236,20251120,DEMOCRAT,FALSE
2024,HAWAII,HI,15,95,82,"OLIVER, CHASE",LIBERTARIAN,FALSE,2733,522236,20251120,LIBERTARIAN,FALSE
2024,HAWAII,HI,15,95,82,OVERVOTES,UNKNOWN,FALSE,525,522236,20251120,OTHER,FALSE
2024,HAWAII,HI,15,95,82,"SONSKI, PETER",SOCIALIST,FALSE,936,522236,20251120,OTHER,FALSE
2024,HAWAII,HI,15,95,82,"STEIN, JILL",G,FALSE,4387,522236,20251120,OTHER,FALSE
2024,HAWAII,HI,15,95,82,"TRUMP, DONALD J.",REPUBLICAN,FALSE,193661,522236,20251120,REPUBLICAN,FALSE
2024,HAWAII,HI,15,95,82,UNDERVOTES,UNKNOWN,FALSE,5010,522236,20251120,OTHER,FALSE
2024,IDAHO,ID,16,82,63,"AYYADURAI, SHIVA",INDEPENDENT,FALSE,514,917466,20251120,OTHER,FALSE
2024,IDAHO,ID,16,82,63,BRIAN LARRY KIENITZ,INDEPENDENT,TRUE,3,917466,20251120,OTHER,FALSE
2024,IDAHO,ID,16,82,63,"DE LA CRUZ, CLAUDIA",INDEPENDENT,FALSE,1230,917466,20251120,OTHER,FALSE
2024,IDAHO,ID,16,82,63,"HARRIS, KAMALA D.",DEMOCRATIC,FALSE,274972,917466,20251120,DEMOCRAT,FALSE
2024,IDAHO,ID,16,82,63,"KENNEDY, ROBERT F. JR",INDEPENDENT,FALSE,12812,917466,20251120,OTHER,FALSE
2024,IDAHO,ID,16,82,63,"OLIVER, CHASE",LIBERTARIAN,FALSE,4462,917466,20251120,LIBERTARIAN,FALSE
2024,IDAHO,ID,16,82,63,OVERVOTES,UNKNOWN,FALSE,1215,917466,20251120,OTHER,FALSE
2024,IDAHO,ID,16,82,63,PETER SONSKI,INDEPENDENT,TRUE,242,917466,20251120,OTHER,FALSE
2024,IDAHO,ID,16,82,63,"SKOUSEN, JOEL",CONSTITUTIONAL,FALSE,1577,917466,20251120,OTHER,FALSE
2024,IDAHO,ID,16,82,63,"STEIN, JILL",INDEPENDENT,FALSE,2973,917466,20251120,OTHER,FALSE
2024,IDAHO,ID,16,82,63,"TERRY, RANDALL",INDEPENDENT,FALSE,1026,917466,20251120,OTHER,FALSE
2024,IDAHO,ID,16,82,63,"TRUMP, DONALD J.",REPUBLICAN,FALSE,605246,917466,20251120,REPUBLICAN,FALSE
2024,IDAHO,ID,16,82,63,UNDERVOTES,UNKNOWN,FALSE,11194,917466,20251120,OTHER,FALSE
2024,ILLINOIS,IL,17,33,21,ANDRE RAMON MCNEIL SR,UNKNOWN,TRUE,7,5633310,20251120,OTHER,FALSE
2024,ILLINOIS,IL,17,33,21,BRIAN LARRY KIENITZ,UNKNOWN,TRUE,2,5633310,20251120,OTHER,FALSE
2024,ILLINOIS,IL,17,33,21,CHASE OLIVER,UNKNOWN,TRUE,3510,5633310,20251120,OTHER,FALSE
2024,ILLINOIS,IL,17,33,21,CHERUNDA FOX,UNKNOWN,TRUE,3,5633310,20251120,OTHER,FALSE
2024,ILLINOIS,IL,17,33,21,CLAUDIA DE LA CRUZ,UNKNOWN,TRUE,2877,5633310,20251120,OTHER,FALSE
2024,ILLINOIS,IL,17,33,21,CORNEL WEST,UNKNOWN,TRUE,1569,5633310,20251120,OTHER,FALSE
2024,ILLINOIS,IL,17,33,21,DAVID J NASH,UNKNOWN,TRUE,4,5633310,20251120,OTHER,FALSE
2024,ILLINOIS,IL,17,33,21,FUTURE MADAME POTUS,UNKNOWN,TRUE,12,5633310,20251120,OTHER,FALSE
2024,ILLINOIS,IL,17,33,21,GARRY HUBBARD,UNKNOWN,TRUE,3,5633310,20251120,OTHER,FALSE
2024,ILLINOIS,IL,17,33,21,GORDAN HLAVENKA,UNKNOWN,TRUE,5,5633310,20251120,OTHER,FALSE
2024,ILLINOIS,IL,17,33,21,"HARRIS, KAMALA D.",DEMOCRATIC,FALSE,3062863,5633310,20251120,DEMOCRAT,FALSE
2024,ILLINOIS,IL,17,33,21,HEATHER LYNN STONE,UNKNOWN,TRUE,30,5633310,20251120,OTHER,FALSE
2024,ILLINOIS,IL,17,33,21,JAMES T. STRUCK,UNKNOWN,TRUE,8,5633310,20251120,OTHER,FALSE
2024,ILLINOIS,IL,17,33,21,JERRY WHITE,UNKNOWN,TRUE,2,5633310,20251120,OTHER,FALSE
2024,ILLINOIS,IL,17,33,21,JILL STEIN,UNKNOWN,TRUE,31023,5633310,20251120,OTHER,FALSE
2024,ILLINOIS,IL,17,33,21,JOHN P ALBERS,UNKNOWN,TRUE,3,5633310,20251120,OTHER,FALSE
2024,ILLINOIS,IL,17,33,21,JOSEPH KISHORE,UNKNOWN,TRUE,12,5633310,20251120,OTHER,FALSE
2024,ILLINOIS,IL,17,33,21,"KENNEDY, ROBERT F. JR",INDEPENDENT,FALSE,80426,5633310,20251120,OTHER,FALSE
2024,ILLINOIS,IL,17,33,21,KEVIN MCKEE,UNKNOWN,TRUE,4,5633310,20251120,OTHER,FALSE
2024,ILLINOIS,IL,17,33,21,LATRINA PEETE,UNKNOWN,TRUE,0,5633310,20251120,OTHER,TRUE
2024,ILLINOIS,IL,17,33,21,MELINA ABDULLAH,UNKNOWN,TRUE,21,5633310,20251120,OTHER,FALSE
2024,ILLINOIS,IL,17,33,21,MIKE TER MAAT,UNKNOWN,TRUE,90,5633310,20251120,OTHER,FALSE
2024,ILLINOIS,IL,17,33,21,PETER SONSKI,UNKNOWN,TRUE,1391,5633310,20251120,OTHER,FALSE
2024,ILLINOIS,IL,17,33,21,RICHARD MAYERS,UNKNOWN,TRUE,1,5633310,20251120,OTHER,FALSE
2024,ILLINOIS,IL,17,33,21,RUDOLPH WARE,UNKNOWN,TRUE,322,5633310,20251120,OTHER,FALSE
2024,ILLINOIS,IL,17,33,21,SHIVA AYYADURAI,UNKNOWN,TRUE,42,5633310,20251120,OTHER,FALSE
2024,ILLINOIS,IL,17,33,21,SHONDRA IRVING,UNKNOWN,TRUE,0,5633310,20251120,OTHER,TRUE
2024,ILLINOIS,IL,17,33,21,SUSAN MAUDE BUCHSER,UNKNOWN,TRUE,1,5633310,20251120,OTHER,FALSE
2024,ILLINOIS,IL,17,33,21,"TRUMP, DONALD J.",REPUBLICAN,FALSE,2449079,5633310,20251120,REPUBLICAN,FALSE
2024,INDIANA,IN,18,32,22,ANDRÉ RAMON MCNEIL SR.,INDEPENDENT,TRUE,4,2936677,20251120,OTHER,FALSE
2024,INDIANA,IN,18,32,22,CAROL ASHER,INDEPENDENT,TRUE,4,2936677,20251120,OTHER,FALSE
2024,INDIANA,IN,18,32,22,CHERUNDA LYNN FOX,INDEPENDENT,TRUE,1,2936677,20251120,OTHER,FALSE
2024,INDIANA,IN,18,32,22,CLAUDIA DE LA CRUZ & KARINA GARCIA,PARTY FOR SOCIALISM AND LIBERATION,TRUE,832,2936677,20251120,OTHER,FALSE
2024,INDIANA,IN,18,32,22,CORNEL WEST & MELINA ABDULLAH,INDEPENDENT,TRUE,722,2936677,20251120,OTHER,FALSE
2024,INDIANA,IN,18,32,22,DOUG JENKINS,INDEPENDENT,TRUE,5,2936677,20251120,OTHER,FALSE
2024,INDIANA,IN,18,32,22,"HARRIS, KAMALA D.",DEMOCRATIC,FALSE,1163603,2936677,20251120,DEMOCRAT,FALSE
2024,INDIANA,IN,18,32,22,"KENNEDY, ROBERT F. JR",WE THE PEOPLE,FALSE,29325,2936677,20251120,OTHER,FALSE
2024,INDIANA,IN,18,32,22,NALA BAOZUN SCOTT JOHNSON JR,OTHER,TRUE,2,2936677,20251120,OTHER,FALSE
2024,INDIANA,IN,18,32,22,"OLIVER, CHASE",LIBERTARIAN,FALSE,20425,2936677,20251120,LIBERTARIAN,FALSE
2024,INDIANA,IN,18,32,22,PAIJ BORING,INDEPENDENT,TRUE,18,2936677,20251120,OTHER,FALSE
2024,INDIANA,IN,18,32,22,PETER SONSKI,AMERICAN SOLIDARITY,TRUE,1347,2936677,20251120,OTHER,FALSE
2024,INDIANA,IN,18,32,22,SHONDRA IRVING,INDEPENDENT,TRUE,2,2936677,20251120,OTHER,FALSE
2024,INDIANA,IN,18,32,22,SUSAN MAUDE BUCHSER,OTHER,TRUE,1,2936677,20251120,OTHER,FALSE
2024,INDIANA,IN,18,32,22,TOM HOEFLING & ANDY PRIOR,INDEPENDENT,TRUE,34,2936677,20251120,OTHER,FALSE
2024,INDIANA,IN,18,32,22,"TRUMP, DONALD J.",REPUBLICAN,FALSE,1720347,2936677,20251120,REPUBLICAN,FALSE
2024,INDIANA,IN,18,32,22,WILLIAM CODY NALBACH,INDEPENDENT,TRUE,5,2936677,20251120,OTHER,FALSE
2024,IOWA,IA,19,42,31,"AYYADURAI, SHIVA",UNKNOWN,FALSE,424,1663506,20251120,OTHER,FALSE
2024,IOWA,IA,19,42,31,"DE LA CRUZ, CLAUDIA",PSL,FALSE,1427,1663506,20251120,OTHER,FALSE
2024,IOWA,IA,19,42,31,"HARRIS, KAMALA D.",DEMOCRAT,FALSE,707278,1663506,20251120,DEMOCRAT,FALSE
2024,IOWA,IA,19,42,31,"KENNEDY, ROBERT F. JR",WE THE PEOPLE,FALSE,13122,1663506,20251120,OTHER,FALSE
2024,IOWA,IA,19,42,31,"OLIVER, CHASE",LIBERTARIAN,FALSE,7218,1663506,20251120,LIBERTARIAN,FALSE
2024,IOWA,IA,19,42,31,"STODDEN, WILLIAM P.",SOCIALIST,FALSE,361,1663506,20251120,OTHER,FALSE
2024,IOWA,IA,19,42,31,"TRUMP, DONALD J.",REPUBLICAN,FALSE,927019,1663506,20251120,REPUBLICAN,FALSE
2024,IOWA,IA,19,42,31,WRITE-IN,UNKNOWN,TRUE,6657,1663506,20251120,OTHER,FALSE
2024,KANSAS,KS,20,47,32,"HARRIS, KAMALA D.",DEMOCRAT,FALSE,544853,1327591,20251120,DEMOCRAT,FALSE
2024,KANSAS,KS,20,47,32,"KENNEDY, ROBERT F. JR",INDEPENDENT,FALSE,16322,1327591,20251120,OTHER,FALSE
2024,KANSAS,KS,20,47,32,"OLIVER, CHASE",LIBERTARIAN,FALSE,7614,1327591,20251120,LIBERTARIAN,FALSE
2024,KANSAS,KS,20,47,32,"TRUMP, DONALD J.",REPUBLICAN,FALSE,758802,1327591,20251120,REPUBLICAN,FALSE
2024,KENTUCKY,KY,21,61,51,ANDRE RAMON MCNEIL SR. / ROSCHELLE MCNEIL,WRITE-IN,TRUE,0,2074530,20251120,OTHER,TRUE
2024,KENTUCKY,KY,21,61,51,"AYYADURAI, SHIVA",INDEPENDENT (WRITE-IN),FALSE,1015,2074530,20251120,OTHER,FALSE
2024,KENTUCKY,KY,21,61,51,BILLY KELLEY JR. / JASON HOLDEMAN,WRITE-IN,TRUE,4,2074530,20251120,OTHER,FALSE
2024,KENTUCKY,KY,21,61,51,CHERUNDA FOX / HARLAN MCVAY JR.,WRITE-IN,TRUE,1,2074530,20251120,OTHER,FALSE
2024,KENTUCKY,KY,21,61,51,CLAUDIA DE LA CRUZ / KARINA GARCIA,WRITE-IN,TRUE,391,2074530,20251120,OTHER,FALSE
2024,KENTUCKY,KY,21,61,51,CORNEL WEST / MELINA ABDULLAH,WRITE-IN,TRUE,177,2074530,20251120,OTHER,FALSE
2024,KENTUCKY,KY,21,61,51,FUTURE MADAM POTUS / JESSICA KENNEDY,WRITE-IN,TRUE,0,2074530,20251120,OTHER,TRUE
2024,KENTUCKY,KY,21,61,51,"HARRIS, KAMALA D.",DEMOCRAT,FALSE,704043,2074530,20251120,DEMOCRAT,FALSE
2024,KENTUCKY,KY,21,61,51,JAMES D. SODERNA / MATTHEW J. TREWHELLA,WRITE-IN,TRUE,14,2074530,20251120,OTHER,FALSE
2024,KENTUCKY,KY,21,61,51,JAY J. BOWMAN / DE BOWMAN,WRITE-IN,TRUE,10,2074530,20251120,OTHER,FALSE
2024,KENTUCKY,KY,21,61,51,JOHN CHENG / WAYNE WALIGORSKI,WRITE-IN,TRUE,5,2074530,20251120,OTHER,FALSE
2024,KENTUCKY,KY,21,61,51,JOSEPH KISHORE / JERRY WHITE,WRITE-IN,TRUE,8,2074530,20251120,OTHER,FALSE
2024,KENTUCKY,KY,21,61,51,"KENNEDY, ROBERT F. JR",INDEPENDENT,FALSE,16769,2074530,20251120,OTHER,FALSE
2024,KENTUCKY,KY,21,61,51,LAUREN ONAK / PETER SONSKI,WRITE-IN,TRUE,611,2074530,20251120,OTHER,FALSE
2024,KENTUCKY,KY,21,61,51,"OLIVER, CHASE",LIBERTARIAN PARTY,FALSE,6422,2074530,20251120,LIBERTARIAN,FALSE
2024,KENTUCKY,KY,21,61,51,"STEIN, JILL",KENTUCKY PARTY,FALSE,7566,2074530,20251120,OTHER,FALSE
2024,KENTUCKY,KY,21,61,51,"TRUMP, DONALD J.",REPUBLICAN,FALSE,1337494,2074530,20251120,REPUBLICAN,FALSE
2024,LOUISIANA,LA,22,72,45,"DE LA CRUZ, CLAUDIA",SOCIALISM AND LIBERATION,FALSE,1481,2006975,20251120,OTHER,FALSE
2024,LOUISIANA,LA,22,72,45,"FRUIT, RACHELE",SOCIALIST WORKERS PARTY,FALSE,361,2006975,20251120,OTHER,FALSE
2024,LOUISIANA,LA,22,72,45,"HARRIS, KAMALA D.",DEMOCRATIC,FALSE,766870,2006975,20251120,DEMOCRAT,FALSE
2024,LOUISIANA,LA,22,72,45,"KENNEDY, ROBERT F. JR",WE THE PEOPLE,FALSE,6641,2006975,20251120,OTHER,FALSE
2024,LOUISIANA,LA,22,72,45,"OLIVER, CHASE",LIBERTARIAN,FALSE,6835,2006975,20251120,LIBERTARIAN,FALSE
2024,LOUISIANA,LA,22,72,45,"PRESTON, MATTIE","GODLINESS, TRUTH, JUSTICE",FALSE,2857,2006975,20251120,OTHER,FALSE
2024,LOUISIANA,LA,22,72,45,"SONSKI, PETER",AMERICAN SOLIDARITY PARTY,FALSE,2240,2006975,20251120,OTHER,FALSE
2024,LOUISIANA,LA,22,72,45,"STEIN, JILL",GREEN,FALSE,7138,2006975,20251120,OTHER,FALSE
2024,LOUISIANA,LA,22,72,45,"TERRY, RANDALL",CONSTITUTION PARTY,FALSE,1424,2006975,20251120,OTHER,FALSE
2024,LOUISIANA,LA,22,72,45,"TRUMP, DONALD J.",REPUBLICAN,FALSE,1208505,2006975,20251120,REPUBLICAN,FALSE
2024,LOUISIANA,LA,22,72,45,"WEST, CORNEL",JUSTICE FOR ALL,FALSE,2623,2006975,20251120,OTHER,FALSE
2024,MAINE,ME,23,11,2,"HARRIS, KAMALA D.",DEMOCRATIC,FALSE,435652,842447,20251120,DEMOCRAT,FALSE
2024,MAINE,ME,23,11,2,"OLIVER, CHASE",LIBERTARIAN,FALSE,5286,842447,20251120,LIBERTARIAN,FALSE
2024,MAINE,ME,23,11,2,"STEIN, JILL",GREEN INDEPENDENT,FALSE,8967,842447,20251120,OTHER,FALSE
2024,MAINE,ME,23,11,2,"TRUMP, DONALD J.",REPUBLICAN,FALSE,377977,842447,20251120,REPUBLICAN,FALSE
2024,MAINE,ME,23,11,2,UNDERVOTES,UNKNOWN,FALSE,11072,842447,20251120,OTHER,FALSE
2024,MAINE,ME,23,11,2,"WEST, CORNEL",JUSTICE FOR ALL,FALSE,2912,842447,20251120,OTHER,FALSE
2024,MAINE,ME,23,11,2,WRITE-IN,UNKNOWN,TRUE,581,842447,20251120,OTHER,FALSE
2024,MARYLAND,MD,24,52,52,"ANDRÈ RAMON MCNEIL, SR.",UNAFFILIATED,TRUE,2,3038334,20251120,OTHER,FALSE
2024,MARYLAND,MD,24,52,52,BENJAMIN L. SCHWALB,UNAFFILIATED,TRUE,4,3038334,20251120,OTHER,FALSE
2024,MARYLAND,MD,24,52,52,BRIAN LARRY KIENITZ,UNAFFILIATED,TRUE,7,3038334,20251120,OTHER,FALSE
2024,MARYLAND,MD,24,52,52,CAROL ASHER,OTHER CANDIDATES,TRUE,2,3038334,20251120,OTHER,FALSE
2024,MARYLAND,MD,24,52,52,CHERUNDA FOX,UNAFFILIATED,TRUE,0,3038334,20251120,OTHER,TRUE
2024,MARYLAND,MD,24,52,52,CLAUDIA DE LA CRUZ AND KARINA GARCIA,OTHER CANDIDATES,TRUE,1136,3038334,20251120,OTHER,FALSE
2024,MARYLAND,MD,24,52,52,CORNEL WEST AND MELINA ABDULLAH,UNAFFILIATED,TRUE,918,3038334,20251120,OTHER,FALSE
2024,MARYLAND,MD,24,52,52,DOUGLAS JENKINS,UNAFFILIATED,TRUE,9,3038334,20251120,OTHER,FALSE
2024,MARYLAND,MD,24,52,52,FUTURE MADAM POTUS AND JESSICA KENNEDY,UNAFFILIATED,TRUE,0,3038334,20251120,OTHER,TRUE
2024,MARYLAND,MD,24,52,52,GARRY HUBBARD AND ELIZABETH SEYMOUR,UNAFFILIATED,TRUE,1,3038334,20251120,OTHER,FALSE
2024,MARYLAND,MD,24,52,52,"HARRIS, KAMALA D.",DEMOCRATIC,FALSE,1902577,3038334,20251120,DEMOCRAT,FALSE
2024,MARYLAND,MD,24,52,52,JOHN CHENG AND WAYNE WALIGORSKI,UNAFFILIATED,TRUE,6,3038334,20251120,OTHER,FALSE
2024,MARYLAND,MD,24,52,52,"JOHN R. GIBB, JR.",OTHER CANDIDATES,TRUE,3,3038334,20251120,OTHER,FALSE
2024,MARYLAND,MD,24,52,52,"JOKIE BECKETT, JR.",OTHER CANDIDATES,TRUE,1,3038334,20251120,OTHER,FALSE
2024,MARYLAND,MD,24,52,52,JOSEPH KISHORE,OTHER CANDIDATES,TRUE,12,3038334,20251120,OTHER,FALSE
2024,MARYLAND,MD,24,52,52,"KENNEDY, ROBERT F. JR",UNAFFILIATED,FALSE,28819,3038334,20251120,OTHER,FALSE
2024,MARYLAND,MD,24,52,52,"LESTER H. WALLER, JR.",UNAFFILIATED,TRUE,5,3038334,20251120,OTHER,FALSE
2024,MARYLAND,MD,24,52,52,MICHAEL YOST,UNAFFILIATED,TRUE,6,3038334,20251120,OTHER,FALSE
2024,MARYLAND,MD,24,52,52,"OLIVER, CHASE",LIBERTARIAN,FALSE,15570,3038334,20251120,LIBERTARIAN,FALSE
2024,MARYLAND,MD,24,52,52,PAIJ BORING AND JAIMEY RUTSCHMAN,REPUBLICAN,TRUE,104,3038334,20251120,OTHER,FALSE
2024,MARYLAND,MD,24,52,52,PETER SONSKI,UNAFFILIATED,TRUE,1012,3038334,20251120,OTHER,FALSE
2024,MARYLAND,MD,24,52,52,PRESIDENT R. BODDIE,UNAFFILIATED,TRUE,3,3038334,20251120,OTHER,FALSE
2024,MARYLAND,MD,24,52,52,RALPH JAFFE,DEMOCRATIC,TRUE,25,3038334,20251120,OTHER,FALSE
2024,MARYLAND,MD,24,52,52,RICHARD MAYERS,UNAFFILIATED,TRUE,1,3038334,20251120,OTHER,FALSE
2024,MARYLAND,MD,24,52,52,SETHATINA NEWMAN,REPUBLICAN,TRUE,1,3038334,20251120,OTHER,FALSE
2024,MARYLAND,MD,24,52,52,SHARON E HARRIS,DEMOCRATIC,TRUE,2,3038334,20251120,OTHER,FALSE
2024,MARYLAND,MD,24,52,52,SHIVA AYYADURAI AND CRYSTAL ELLIS,UNAFFILIATED,TRUE,31,3038334,20251120,OTHER,FALSE
2024,MARYLAND,MD,24,52,52,SHONDRA IRVING,UNAFFILIATED,TRUE,5,3038334,20251120,OTHER,FALSE
2024,MARYLAND,MD,24,52,52,"STEIN, JILL",GREEN,FALSE,33134,3038334,20251120,OTHER,FALSE
2024,MARYLAND,MD,24,52,52,SUSAN MAUDE BUCHSER,UNAFFILIATED,TRUE,2,3038334,20251120,OTHER,FALSE
2024,MARYLAND,MD,24,52,52,"THEO BROWN, SR.",UNAFFILIATED,TRUE,0,3038334,20251120,OTHER,TRUE
2024,MARYLAND,MD,24,52,52,"TRUMP, DONALD J.",REPUBLICAN,FALSE,1035550,3038334,20251120,REPUBLICAN,FALSE
2024,MARYLAND,MD,24,52,52,WILLIAM P. STODDEN,OTHER CANDIDATES,TRUE,3,3038334,20251120,OTHER,FALSE
2024,MARYLAND,MD,24,52,52,WRITE-IN,UNKNOWN,TRUE,19383,3038334,20251120,OTHER,FALSE
2024,MASSACHUSETTS,MA,25,14,3,"AYYADURAI, SHIVA",INDEPENDENT,FALSE,18418,3512930,20251120,OTHER,FALSE
2024,MASSACHUSETTS,MA,25,14,3,"DE LA CRUZ, CLAUDIA",SOCIALISM AND LIBERATION,FALSE,12889,3512930,20251120,OTHER,FALSE
2024,MASSACHUSETTS,MA,25,14,3,"HARRIS, KAMALA D.",DEMOCRATIC,FALSE,2126518,3512930,20251120,DEMOCRAT,FALSE
2024,MASSACHUSETTS,MA,25,14,3,"OLIVER, CHASE",LIBERTARIAN,FALSE,17735,3512930,20251120,LIBERTARIAN,FALSE
2024,MASSACHUSETTS,MA,25,14,3,SONSKI ONAK,UNKNOWN,TRUE,280,3512930,20251120,OTHER,FALSE
2024,MASSACHUSETTS,MA,25,14,3,"STEIN, JILL",GREEN-RAINBOW PARTY,FALSE,26545,3512930,20251120,OTHER,FALSE
2024,MASSACHUSETTS,MA,25,14,3,"TRUMP, DONALD J.",REPUBLICAN,FALSE,1251303,3512930,20251120,REPUBLICAN,FALSE
2024,MASSACHUSETTS,MA,25,14,3,UNDERVOTES,UNKNOWN,FALSE,39262,3512930,20251120,OTHER,FALSE
2024,MASSACHUSETTS,MA,25,14,3,WEST ABDULLAH,UNKNOWN,TRUE,243,3512930,20251120,OTHER,FALSE
2024,MASSACHUSETTS,MA,25,14,3,WRITE-IN,UNKNOWN,TRUE,19737,3512930,20251120,OTHER,FALSE
2024,MICHIGAN,MI,26,34,23,CHERUNDA LYNN FOX,UNKNOWN,TRUE,8,5664186,20251120,OTHER,FALSE
2024,MICHIGAN,MI,26,34,23,CLAUDIA DE LA CRUZ,UNKNOWN,TRUE,458,5664186,20251120,OTHER,FALSE
2024,MICHIGAN,MI,26,34,23,"HARRIS, KAMALA D.",DEMOCRATIC,FALSE,2736533,5664186,20251120,DEMOCRAT,FALSE
2024,MICHIGAN,MI,26,34,23,JAY J BOWMAN,UNKNOWN,TRUE,4,5664186,20251120,OTHER,FALSE
2024,MICHIGAN,MI,26,34,23,"KENNEDY, ROBERT F. JR",NATURAL LAW,FALSE,26785,5664186,20251120,OTHER,FALSE
2024,MICHIGAN,MI,26,34,23,"KISHORE, JOSEPH",NO PARTY AFFILIATION,FALSE,2330,5664186,20251120,OTHER,FALSE
2024,MICHIGAN,MI,26,34,23,"OLIVER, CHASE",LIBERTARIAN,FALSE,22440,5664186,20251120,LIBERTARIAN,FALSE
2024,MICHIGAN,MI,26,34,23,PETER SONSKI,UNKNOWN,TRUE,1212,5664186,20251120,OTHER,FALSE
2024,MICHIGAN,MI,26,34,23,"STEIN, JILL",GREEN,FALSE,44607,5664186,20251120,OTHER,FALSE
2024,MICHIGAN,MI,26,34,23,"TERRY, RANDALL",U.S. TAXPAYERS,FALSE,6509,5664186,20251120,OTHER,FALSE
2024,MICHIGAN,MI,26,34,23,"TRUMP, DONALD J.",REPUBLICAN,FALSE,2816636,5664186,20251120,REPUBLICAN,FALSE
2024,MICHIGAN,MI,26,34,23,"WEST, CORNEL",NO PARTY AFFILIATION,FALSE,6664,5664186,20251120,OTHER,FALSE
2024,MINNESOTA,MN,27,41,33,"AYYADURAI, SHIVA",INDEPENDENT,FALSE,2885,3253920,20251120,OTHER,FALSE
2024,MINNESOTA,MN,27,41,33,"DE LA CRUZ, CLAUDIA",SOCIALIST LABOR,FALSE,2996,3253920,20251120,OTHER,FALSE
2024,MINNESOTA,MN,27,41,33,"FRUIT, RACHELE",SOCIALIST WORKERS,FALSE,457,3253920,20251120,OTHER,FALSE
2024,MINNESOTA,MN,27,41,33,"HARRIS, KAMALA D.",DFL,FALSE,1656979,3253920,20251120,DEMOCRAT,FALSE
2024,MINNESOTA,MN,27,41,33,"KENNEDY, ROBERT F. JR",WE THE PEOPLE,FALSE,24001,3253920,20251120,OTHER,FALSE
2024,MINNESOTA,MN,27,41,33,"OLIVER, CHASE",LIBERTARIAN,FALSE,15155,3253920,20251120,LIBERTARIAN,FALSE
2024,MINNESOTA,MN,27,41,33,"STEIN, JILL",G,FALSE,16275,3253920,20251120,OTHER,FALSE
2024,MINNESOTA,MN,27,41,33,"TRUMP, DONALD J.",REPUBLICAN,FALSE,1519032,3253920,20251120,REPUBLICAN,FALSE
2024,MINNESOTA,MN,27,41,33,"WEST, CORNEL",JUSTICE FOR ALL,FALSE,3136,3253920,20251120,OTHER,FALSE
2024,MINNESOTA,MN,27,41,33,WRITE-IN,WI,TRUE,13004,3253920,20251120,OTHER,FALSE
2024,MISSISSIPPI,MS,28,64,46,"AYYADURAI, SHIVA",UNKNOWN,FALSE,688,1228008,20251120,OTHER,FALSE
2024,MISSISSIPPI,MS,28,64,46,"DE LA CRUZ, CLAUDIA",UNKNOWN,FALSE,1075,1228008,20251120,OTHER,FALSE
2024,MISSISSIPPI,MS,28,64,46,"HARRIS, KAMALA D.",UNKNOWN,FALSE,466668,1228008,20251120,DEMOCRAT,FALSE
2024,MISSISSIPPI,MS,28,64,46,"KENNEDY, ROBERT F. JR",UNKNOWN,FALSE,5387,1228008,20251120,OTHER,FALSE
2024,MISSISSIPPI,MS,28,64,46,"OLIVER, CHASE",UNKNOWN,FALSE,2536,1228008,20251120,LIBERTARIAN,FALSE
2024,MISSISSIPPI,MS,28,64,46,"SONSKI, PETER",UNKNOWN,FALSE,1007,1228008,20251120,OTHER,FALSE
2024,MISSISSIPPI,MS,28,64,46,"STEIN, JILL",UNKNOWN,FALSE,1873,1228008,20251120,OTHER,FALSE
2024,MISSISSIPPI,MS,28,64,46,"TERRY, RANDALL",UNKNOWN,FALSE,1030,1228008,20251120,OTHER,FALSE
2024,MISSISSIPPI,MS,28,64,46,"TRUMP, DONALD J.",UNKNOWN,FALSE,747744,1228008,20251120,REPUBLICAN,FALSE
2024,MISSOURI,MO,29,43,34,CLAUDIA DE LA CRUZ KARINA GARCIA,WRITE-IN,TRUE,618,2995327,20251120,OTHER,FALSE
2024,MISSOURI,MO,29,43,34,FUTURE MADAM POTUS JESSICA KENNEDY,WRITE-IN,TRUE,10,2995327,20251120,OTHER,FALSE
2024,MISSOURI,MO,29,43,34,"HARRIS, KAMALA D.",DEMOCRATIC,FALSE,1200599,2995327,20251120,DEMOCRAT,FALSE
2024,MISSOURI,MO,29,43,34,"OLIVER, CHASE",LIBERTARIAN,FALSE,23876,2995327,20251120,LIBERTARIAN,FALSE
2024,MISSOURI,MO,29,43,34,PETER SONSKI LAUREN ONAK,WRITE-IN,TRUE,1069,2995327,20251120,OTHER,FALSE
2024,MISSOURI,MO,29,43,34,SHIVA AYYADURAI CRYSTAL ELLIS,WRITE-IN,TRUE,34,2995327,20251120,OTHER,FALSE
2024,MISSOURI,MO,29,43,34,"STEIN, JILL",GREEN,FALSE,17135,2995327,20251120,OTHER,FALSE
2024,MISSOURI,MO,29,43,34,"TRUMP, DONALD J.",REPUBLICAN,FALSE,1751986,2995327,20251120,REPUBLICAN,FALSE
2024,MONTANA,MT,30,81,64,"HARRIS, KAMALA D.",DEMOCRAT,FALSE,231906,602963,20251120,DEMOCRAT,FALSE
2024,MONTANA,MT,30,81,64,"KENNEDY, ROBERT F. JR",WE THE PEOPLE,FALSE,11825,602963,20251120,OTHER,FALSE
2024,MONTANA,MT,30,81,64,"OLIVER, CHASE",LIBERTARIAN,FALSE,4275,602963,20251120,LIBERTARIAN,FALSE
2024,MONTANA,MT,30,81,64,"STEIN, JILL",GREEN,FALSE,2878,602963,20251120,OTHER,FALSE
2024,MONTANA,MT,30,81,64,"TRUMP, DONALD J.",REPUBLICAN,FALSE,352079,602963,20251120,REPUBLICAN,FALSE
2024,NEBRASKA,NE,31,46,35,"HARRIS, KAMALA D.",DEMOCRATIC,FALSE,369995,952182,20251120,DEMOCRAT,FALSE
2024,NEBRASKA,NE,31,46,35,"OLIVER, CHASE",LIBERTARIAN,FALSE,6399,952182,20251120,LIBERTARIAN,FALSE
2024,NEBRASKA,NE,31,46,35,"STEIN, JILL",BY PETITION,FALSE,2887,952182,20251120,OTHER,FALSE
2024,NEBRASKA,NE,31,46,35,"TRUMP, DONALD J.",REPUBLICAN,FALSE,564816,952182,20251120,REPUBLICAN,FALSE
2024,NEBRASKA,NE,31,46,35,"WEST, CORNEL",LEGAL MARIJUANA NOW,FALSE,3062,952182,20251120,OTHER,FALSE
2024,NEBRASKA,NE,31,46,35,WRITE-IN,UNKNOWN,TRUE,5023,952182,20251120,OTHER,FALSE
2024,NEVADA,NV,32,88,65,"HARRIS, KAMALA D.",UNKNOWN,FALSE,705197,1484840,20251120,DEMOCRAT,FALSE
2024,NEVADA,NV,32,88,65,NONE OF THESE CANDIDATES,UNKNOWN,FALSE,19625,1484840,20251120,OTHER,FALSE
2024,NEVADA,NV,32,88,65,"OLIVER, CHASE",UNKNOWN,FALSE,6059,1484840,20251120,LIBERTARIAN,FALSE
2024,NEVADA,NV,32,88,65,"SKOUSEN, JOEL",UNKNOWN,FALSE,2754,1484840,20251120,OTHER,FALSE
2024,NEVADA,NV,32,88,65,"TRUMP, DONALD J.",UNKNOWN,FALSE,751205,1484840,20251120,REPUBLICAN,FALSE
2024,NEW HAMPSHIRE,NH,33,12,NA,"HARRIS, KAMALA D.",DEMOCRAT,FALSE,418488,831033,20251120,DEMOCRAT,FALSE
2024,NEW HAMPSHIRE,NH,33,12,NA,"OLIVER, CHASE",LIBERTARIAN,FALSE,4425,831033,20251120,LIBERTARIAN,FALSE
2024,NEW HAMPSHIRE,NH,33,12,NA,OVERVOTES,UNKNOWN,FALSE,362,831033,20251120,OTHER,FALSE
2024,NEW HAMPSHIRE,NH,33,12,NA,"STEIN, JILL",G,FALSE,3680,831033,20251120,OTHER,FALSE
2024,NEW HAMPSHIRE,NH,33,12,NA,"TRUMP, DONALD J.",REPUBLICAN,FALSE,395523,831033,20251120,REPUBLICAN,FALSE
2024,NEW HAMPSHIRE,NH,33,12,NA,UNDERVOTES,UNKNOWN,FALSE,4482,831033,20251120,OTHER,FALSE
2024,NEW HAMPSHIRE,NH,33,12,NA,WRITE-IN,UNKNOWN,TRUE,4073,831033,20251120,OTHER,FALSE
2024,NEW JERSEY,NJ,34,22,12,"DE LA CRUZ, CLAUDIA",SOCIALISM AND LIBERATION,FALSE,5105,4272725,20251120,OTHER,FALSE
2024,NEW JERSEY,NJ,34,22,12,"FRUIT, RACHELE",SOCIALIST WORKERS PARTY,FALSE,1277,4272725,20251120,OTHER,FALSE
2024,NEW JERSEY,NJ,34,22,12,"HARRIS, KAMALA D.",DEMOCRATIC,FALSE,2220713,4272725,20251120,DEMOCRAT,FALSE
2024,NEW JERSEY,NJ,34,22,12,"KENNEDY, ROBERT F. JR",INDEPENDENT,FALSE,23479,4272725,20251120,OTHER,FALSE
2024,NEW JERSEY,NJ,34,22,12,"KISHORE, JOSEPH",SOCIALIST EQUALITY,FALSE,1371,4272725,20251120,OTHER,FALSE
2024,NEW JERSEY,NJ,34,22,12,"OLIVER, CHASE",LIBERTARIAN PARTY,FALSE,10500,4272725,20251120,LIBERTARIAN,FALSE
2024,NEW JERSEY,NJ,34,22,12,"STEIN, JILL",GREEN PARTY,FALSE,39041,4272725,20251120,OTHER,FALSE
2024,NEW JERSEY,NJ,34,22,12,"TERRY, RANDALL",U.S. CONSTITUTION PARTY,FALSE,3024,4272725,20251120,OTHER,FALSE
2024,NEW JERSEY,NJ,34,22,12,"TRUMP, DONALD J.",REPUBLICAN,FALSE,1968215,4272725,20251120,REPUBLICAN,FALSE
2024,NEW MEXICO,NM,35,85,66,"DE LA CRUZ, CLAUDIA",PSL,FALSE,2442,923403,20251120,OTHER,FALSE
2024,NEW MEXICO,NM,35,85,66,"EBKE, LAURA",LIBERTARIAN,FALSE,859,923403,20251120,OTHER,FALSE
2024,NEW MEXICO,NM,35,85,66,"HARRIS, KAMALA D.",DEMOCRAT,FALSE,478802,923403,20251120,DEMOCRAT,FALSE
2024,NEW MEXICO,NM,35,85,66,"KENNEDY, ROBERT F. JR",INDEPENDENT,FALSE,9553,923403,20251120,OTHER,FALSE
2024,NEW MEXICO,NM,35,85,66,"OLIVER, CHASE",LIBERTARIAN,FALSE,3745,923403,20251120,LIBERTARIAN,FALSE
2024,NEW MEXICO,NM,35,85,66,"STEIN, JILL",GREEN,FALSE,4611,923403,20251120,OTHER,FALSE
2024,NEW MEXICO,NM,35,85,66,"TRUMP, DONALD J.",REPUBLICAN,FALSE,423391,923403,20251120,REPUBLICAN,FALSE
2024,NEW YORK,NY,36,21,13,ANDRE RAMON MCNEIL SR,WRITE-IN,TRUE,5,8381429,20251120,OTHER,FALSE
2024,NEW YORK,NY,36,21,13,ANDREW O'DONNELL,WRITE-IN,TRUE,20,8381429,20251120,OTHER,FALSE
2024,NEW YORK,NY,36,21,13,CHASE OLIVER,WRITE-IN,TRUE,5338,8381429,20251120,OTHER,FALSE
2024,NEW YORK,NY,36,21,13,CHRIS GARRITY,WRITE-IN,TRUE,108,8381429,20251120,OTHER,FALSE
2024,NEW YORK,NY,36,21,13,CLAUDIA DE LA CRUZ,WRITE-IN,TRUE,6327,8381429,20251120,OTHER,FALSE
2024,NEW YORK,NY,36,21,13,CORNEL WEST,WRITE-IN,TRUE,4152,8381429,20251120,OTHER,FALSE
2024,NEW YORK,NY,36,21,13,FUTURE MADAM POTUS,WRITE-IN,TRUE,18,8381429,20251120,OTHER,FALSE
2024,NEW YORK,NY,36,21,13,GARRY HUBBARD,WRITE-IN,TRUE,6,8381429,20251120,OTHER,FALSE
2024,NEW YORK,NY,36,21,13,"HARRIS, KAMALA D.",WORKING FAMILIES / DEMOCRAT,FALSE,4619195,8381429,20251120,DEMOCRAT,FALSE
2024,NEW YORK,NY,36,21,13,JILL STEIN,WRITE-IN,TRUE,46703,8381429,20251120,OTHER,FALSE
2024,NEW YORK,NY,36,21,13,PETER SONSKI,WRITE-IN,TRUE,1544,8381429,20251120,OTHER,FALSE
2024,NEW YORK,NY,36,21,13,RAYMOND ANTHONY SCOLLIN,WRITE-IN,TRUE,51,8381429,20251120,OTHER,FALSE
2024,NEW YORK,NY,36,21,13,SCATTERING,UNKNOWN,TRUE,100,8381429,20251120,OTHER,FALSE
2024,NEW YORK,NY,36,21,13,SHIVA AYYADURAI,WRITE-IN,TRUE,134,8381429,20251120,OTHER,FALSE
2024,NEW YORK,NY,36,21,13,"TRUMP, DONALD J.",CONSTITUTION / REPUBLICAN,FALSE,3578899,8381429,20251120,REPUBLICAN,FALSE
2024,NEW YORK,NY,36,21,13,UNDERVOTES,UNKNOWN,FALSE,71560,8381429,20251120,OTHER,FALSE
2024,NEW YORK,NY,36,21,13,VOID,UNKNOWN,FALSE,46395,8381429,20251120,OTHER,FALSE
2024,NORTH CAROLINA,NC,37,56,47,CLAUDIA DE LA CRUZ,UNKNOWN,TRUE,528,5699141,20251120,OTHER,FALSE
2024,NORTH CAROLINA,NC,37,56,47,"HARRIS, KAMALA D.",DEMOCRAT,FALSE,2715375,5699141,20251120,DEMOCRAT,FALSE
2024,NORTH CAROLINA,NC,37,56,47,"OLIVER, CHASE",LIBERTARIAN,FALSE,22125,5699141,20251120,LIBERTARIAN,FALSE
2024,NORTH CAROLINA,NC,37,56,47,SHIVA AYYADURAI,UNKNOWN,TRUE,30,5699141,20251120,OTHER,FALSE
2024,NORTH CAROLINA,NC,37,56,47,"STEIN, JILL",GREEN,FALSE,24762,5699141,20251120,OTHER,FALSE
2024,NORTH CAROLINA,NC,37,56,47,"TERRY, RANDALL",CONSTITUTION,FALSE,6863,5699141,20251120,OTHER,FALSE
2024,NORTH CAROLINA,NC,37,56,47,"TRUMP, DONALD J.",REPUBLICAN,FALSE,2898423,5699141,20251120,REPUBLICAN,FALSE
2024,NORTH CAROLINA,NC,37,56,47,"WEST, CORNEL",JUSTICE FOR ALL,FALSE,12099,5699141,20251120,OTHER,FALSE
2024,NORTH CAROLINA,NC,37,56,47,WRITE-IN,UNKNOWN,TRUE,18936,5699141,20251120,OTHER,FALSE
2024,NORTH DAKOTA,ND,38,44,36,"HARRIS, KAMALA D.",DEMOCRATIC-NPL,FALSE,112327,368155,20251120,DEMOCRAT,FALSE
2024,NORTH DAKOTA,ND,38,44,36,"OLIVER, CHASE",LIBERTARIAN,FALSE,6227,368155,20251120,LIBERTARIAN,FALSE
2024,NORTH DAKOTA,ND,38,44,36,"TRUMP, DONALD J.",REPUBLICAN,FALSE,246505,368155,20251120,REPUBLICAN,FALSE
2024,NORTH DAKOTA,ND,38,44,36,WRITE-IN,UNKNOWN,TRUE,3096,368155,20251120,OTHER,FALSE
2024,OHIO,OH,39,31,24,BRIAN KIENITZ AND CHRISTINA JOHNSTON,UNKNOWN,TRUE,4,5767788,20251120,OTHER,FALSE
2024,OHIO,OH,39,31,24,CHERUNDA FOX AND HARLAN MCVAY,UNKNOWN,TRUE,0,5767788,20251120,OTHER,TRUE
2024,OHIO,OH,39,31,24,CHRIS GARRITY AND CODY BALLARD,UNKNOWN,TRUE,13,5767788,20251120,OTHER,FALSE
2024,OHIO,OH,39,31,24,CLAUDIA DE LA CRUZ AND KARINA GARCIA,UNKNOWN,TRUE,1794,5767788,20251120,OTHER,FALSE
2024,OHIO,OH,39,31,24,CORNEL WEST AND MELINA ABDULLAH,UNKNOWN,TRUE,852,5767788,20251120,OTHER,FALSE
2024,OHIO,OH,39,31,24,"DUNCAN, RICHARD",UNKNOWN,FALSE,12805,5767788,20251120,OTHER,FALSE
2024,OHIO,OH,39,31,24,"HARRIS, KAMALA D.",DEMOCRAT,FALSE,2533699,5767788,20251120,DEMOCRAT,FALSE
2024,OHIO,OH,39,31,24,JAY BOWMAN AND DE D BOWMAN,UNKNOWN,TRUE,7,5767788,20251120,OTHER,FALSE
2024,OHIO,OH,39,31,24,JOHN CHENG AND WAYNE WALIGORSKI,UNKNOWN,TRUE,24,5767788,20251120,OTHER,FALSE
2024,OHIO,OH,39,31,24,"OLIVER, CHASE",LIBERTARIAN,FALSE,28200,5767788,20251120,LIBERTARIAN,FALSE
2024,OHIO,OH,39,31,24,SHIVA AYYADURAI AND CRYSTAL ELLIS,UNKNOWN,TRUE,74,5767788,20251120,OTHER,FALSE
2024,OHIO,OH,39,31,24,"SONSKI, PETER",UNKNOWN,FALSE,10197,5767788,20251120,OTHER,FALSE
2024,OHIO,OH,39,31,24,"TRUMP, DONALD J.",REPUBLICAN,FALSE,3180116,5767788,20251120,REPUBLICAN,FALSE
2024,OHIO,OH,39,31,24,WILLIAM NALBACH AND WILLIS BUTTS,UNKNOWN,TRUE,3,5767788,20251120,OTHER,FALSE
2024,OKLAHOMA,OK,40,73,53,"GARRITY, CHRIS",INDEPENDENT,FALSE,5143,1566173,20251120,OTHER,FALSE
2024,OKLAHOMA,OK,40,73,53,"HARRIS, KAMALA D.",DEMOCRAT,FALSE,499599,1566173,20251120,DEMOCRAT,FALSE
2024,OKLAHOMA,OK,40,73,53,"KENNEDY, ROBERT F. JR",INDEPENDENT,FALSE,16020,1566173,20251120,OTHER,FALSE
2024,OKLAHOMA,OK,40,73,53,"OLIVER, CHASE",LIBERTARIAN,FALSE,9198,1566173,20251120,LIBERTARIAN,FALSE
2024,OKLAHOMA,OK,40,73,53,"TRUMP, DONALD J.",REPUBLICAN,FALSE,1036213,1566173,20251120,REPUBLICAN,FALSE
2024,OREGON,OR,41,92,72,"HARRIS, KAMALA D.",DEMOCRAT,FALSE,1240600,2244493,20251120,DEMOCRAT,FALSE
2024,OREGON,OR,41,92,72,"KENNEDY, ROBERT F. JR",WE THE PEOPLE,FALSE,33733,2244493,20251120,OTHER,FALSE
2024,OREGON,OR,41,92,72,"OLIVER, CHASE",LIBERTARIAN,FALSE,9061,2244493,20251120,LIBERTARIAN,FALSE
2024,OREGON,OR,41,92,72,"STEIN, JILL",PACIFIC GREEN,FALSE,19099,2244493,20251120,OTHER,FALSE
2024,OREGON,OR,41,92,72,"TERRY, RANDALL",CONSTITUTION,FALSE,1850,2244493,20251120,OTHER,FALSE
2024,OREGON,OR,41,92,72,"TRUMP, DONALD J.",REPUBLICAN,FALSE,919480,2244493,20251120,REPUBLICAN,FALSE
2024,OREGON,OR,41,92,72,"WEST, CORNEL",PROGRESSIVE,FALSE,5644,2244493,20251120,OTHER,FALSE
2024,OREGON,OR,41,92,72,WRITE-IN,UNKNOWN,TRUE,15026,2244493,20251120,OTHER,FALSE
2024,PENNSYLVANIA,PA,42,23,14,"HARRIS, KAMALA D.",DEMOCRAT,FALSE,3423042,7034206,20251120,DEMOCRAT,FALSE
2024,PENNSYLVANIA,PA,42,23,14,"OLIVER, CHASE",LIBERTARIAN,FALSE,33318,7034206,20251120,LIBERTARIAN,FALSE
2024,PENNSYLVANIA,PA,42,23,14,"STEIN, JILL",GREEN,FALSE,34538,7034206,20251120,OTHER,FALSE
2024,PENNSYLVANIA,PA,42,23,14,"TRUMP, DONALD J.",REPUBLICAN,FALSE,3543308,7034206,20251120,REPUBLICAN,FALSE
2024,RHODE ISLAND,RI,44,15,5,"DE LA CRUZ, CLAUDIA",SOCIALISM AND LIBERATION,FALSE,1176,513086,20251120,OTHER,FALSE
2024,RHODE ISLAND,RI,44,15,5,"HARRIS, KAMALA D.",DEMOCRAT,FALSE,285156,513086,20251120,DEMOCRAT,FALSE
2024,RHODE ISLAND,RI,44,15,5,"KENNEDY, ROBERT F. JR",KENNEDY,FALSE,5045,513086,20251120,OTHER,FALSE
2024,RHODE ISLAND,RI,44,15,5,"OLIVER, CHASE",LIBERTARIAN,FALSE,1617,513086,20251120,LIBERTARIAN,FALSE
2024,RHODE ISLAND,RI,44,15,5,"STEIN, JILL",GREEN,FALSE,2900,513086,20251120,OTHER,FALSE
2024,RHODE ISLAND,RI,44,15,5,"TRUMP, DONALD J.",REPUBLICAN,FALSE,214406,513086,20251120,REPUBLICAN,FALSE
2024,RHODE ISLAND,RI,44,15,5,"WELLS, ROBERT",PARTY,FALSE,59,513086,20251120,OTHER,FALSE
2024,RHODE ISLAND,RI,44,15,5,WRITE-IN,UNKNOWN,TRUE,2727,513086,20251120,OTHER,FALSE
2024,SOUTH CAROLINA,SC,45,57,48,"DE LA CRUZ, CLAUDIA",WORKERS PARTY,FALSE,3059,2548140,20251120,OTHER,FALSE
2024,SOUTH CAROLINA,SC,45,57,48,"HARRIS, KAMALA D.",DEMOCRAT,FALSE,1028452,2548140,20251120,DEMOCRAT,FALSE
2024,SOUTH CAROLINA,SC,45,57,48,"OLIVER, CHASE",LIBERTARIAN,FALSE,12669,2548140,20251120,LIBERTARIAN,FALSE
2024,SOUTH CAROLINA,SC,45,57,48,"STEIN, JILL",GREEN,FALSE,8117,2548140,20251120,OTHER,FALSE
2024,SOUTH CAROLINA,SC,45,57,48,"TERRY, RANDALL",CONSTITUTION,FALSE,5352,2548140,20251120,OTHER,FALSE
2024,SOUTH CAROLINA,SC,45,57,48,"TRUMP, DONALD J.",REPUBLICAN,FALSE,1483747,2548140,20251120,REPUBLICAN,FALSE
2024,SOUTH CAROLINA,SC,45,57,48,"WEST, CORNEL",UNAFFILIATED,FALSE,6744,2548140,20251120,OTHER,FALSE
2024,SOUTH DAKOTA,SD,46,45,37,"HARRIS, KAMALA D.",UNKNOWN,FALSE,146859,428922,20251120,DEMOCRAT,FALSE
2024,SOUTH DAKOTA,SD,46,45,37,"KENNEDY, ROBERT F. JR",UNKNOWN,FALSE,7204,428922,20251120,OTHER,FALSE
2024,SOUTH DAKOTA,SD,46,45,37,"OLIVER, CHASE",UNKNOWN,FALSE,2778,428922,20251120,LIBERTARIAN,FALSE
2024,SOUTH DAKOTA,SD,46,45,37,"TRUMP, DONALD J.",UNKNOWN,FALSE,272081,428922,20251120,REPUBLICAN,FALSE
2024,TENNESSEE,TN,47,62,54,"BOWMAN, JAY J.",INDEPENDENT,FALSE,5865,3063942,20251120,OTHER,FALSE
2024,TENNESSEE,TN,47,62,54,"DE LA CRUZ, CLAUDIA",INDEPENDENT,FALSE,3457,3063942,20251120,OTHER,FALSE
2024,TENNESSEE,TN,47,62,54,"FRUIT, RACHELE",INDEPENDENT,FALSE,988,3063942,20251120,OTHER,FALSE
2024,TENNESSEE,TN,47,62,54,"HARRIS, KAMALA D.",DEMOCRATIC,FALSE,1056265,3063942,20251120,DEMOCRAT,FALSE
2024,TENNESSEE,TN,47,62,54,"KENNEDY, ROBERT F. JR",INDEPENDENT,FALSE,21535,3063942,20251120,OTHER,FALSE
2024,TENNESSEE,TN,47,62,54,"STEIN, JILL",INDEPENDENT,FALSE,8967,3063942,20251120,OTHER,FALSE
2024,TENNESSEE,TN,47,62,54,"TRUMP, DONALD J.",REPUBLICAN,FALSE,1966865,3063942,20251120,REPUBLICAN,FALSE
2024,TEXAS,TX,48,74,49,CHERUNDA FOX/HARLAN MCVAY,WRITE-IN,TRUE,26,11388674,20251120,OTHER,FALSE
2024,TEXAS,TX,48,74,49,CLAUDIA DE LA CRUZ/KARINA GARCIA,WRITE-IN,TRUE,2374,11388674,20251120,OTHER,FALSE
2024,TEXAS,TX,48,74,49,CORNEL WEST/MELINA ABDULLAH,WRITE-IN,TRUE,1858,11388674,20251120,OTHER,FALSE
2024,TEXAS,TX,48,74,49,"HARRIS, KAMALA D.",DEMOCRAT,FALSE,4835250,11388674,20251120,DEMOCRAT,FALSE
2024,TEXAS,TX,48,74,49,JESSIE CUELLAR/WESLEY LASLEY,WRITE-IN,TRUE,98,11388674,20251120,OTHER,FALSE
2024,TEXAS,TX,48,74,49,"OLIVER, CHASE",LIBERTARIAN,FALSE,68557,11388674,20251120,LIBERTARIAN,FALSE
2024,TEXAS,TX,48,74,49,PETER SONSKI/LAUREN ONAK,WRITE-IN,TRUE,3780,11388674,20251120,OTHER,FALSE
2024,TEXAS,TX,48,74,49,SHIVA AYYADURAI/CRYSTAL ELLIS,WRITE-IN,TRUE,433,11388674,20251120,OTHER,FALSE
2024,TEXAS,TX,48,74,49,"STEIN, JILL",GREEN,FALSE,82701,11388674,20251120,OTHER,FALSE
2024,TEXAS,TX,48,74,49,"TRUMP, DONALD J.",REPUBLICAN,FALSE,6393597,11388674,20251120,REPUBLICAN,FALSE
2024,UTAH,UT,49,87,67,ANDRE RAMON MC NEIL,UNAFFILIATED,TRUE,1,1488494,20251120,OTHER,FALSE
2024,UTAH,UT,49,87,67,BUDDIE ARDEN WILKERSON,UNAFFILIATED,TRUE,0,1488494,20251120,OTHER,TRUE
2024,UTAH,UT,49,87,67,"DE LA CRUZ, CLAUDIA",UNAFFILIATED,FALSE,3189,1488494,20251120,OTHER,FALSE
2024,UTAH,UT,49,87,67,"EVERYLOVE, LUCIFER ""JUSTIN CASE""",UNAFFILIATED,FALSE,2653,1488494,20251120,OTHER,FALSE
2024,UTAH,UT,49,87,67,FUTURE MADAM POTUS,UNAFFILIATED,TRUE,9,1488494,20251120,OTHER,FALSE
2024,UTAH,UT,49,87,67,"HARRIS, KAMALA D.",DEMOCRATIC,FALSE,562566,1488494,20251120,DEMOCRAT,FALSE
2024,UTAH,UT,49,87,67,JAY J BOWMAN / DE D. BOWMAN,UNAFFILIATED,TRUE,59,1488494,20251120,OTHER,FALSE
2024,UTAH,UT,49,87,67,"OLIVER, CHASE",LIBERTARIAN,FALSE,16902,1488494,20251120,LIBERTARIAN,FALSE
2024,UTAH,UT,49,87,67,PETER SONSKI / LAUREN MICHELLE ONAK,UNAFFILIATED,TRUE,441,1488494,20251120,OTHER,FALSE
2024,UTAH,UT,49,87,67,SHONDRA YEVETTE IRVING,UNAFFILIATED,TRUE,0,1488494,20251120,OTHER,TRUE
2024,UTAH,UT,49,87,67,"SKOUSEN, JOEL",CONSTITUTION,FALSE,8402,1488494,20251120,OTHER,FALSE
2024,UTAH,UT,49,87,67,"STEIN, JILL",GREEN,FALSE,8222,1488494,20251120,OTHER,FALSE
2024,UTAH,UT,49,87,67,STEVE M. JOHNSON,UNAFFILIATED,TRUE,33,1488494,20251120,OTHER,FALSE
2024,UTAH,UT,49,87,67,"TRUMP, DONALD J.",REPUBLICAN,FALSE,883818,1488494,20251120,REPUBLICAN,FALSE
2024,UTAH,UT,49,87,67,"WEST, CORNEL",UNAFFILIATED,FALSE,2199,1488494,20251120,OTHER,FALSE
2024,VERMONT,VT,50,13,6,"DE LA CRUZ, CLAUDIA",UNKNOWN,FALSE,1710,372885,20251120,OTHER,FALSE
2024,VERMONT,VT,50,13,6,"FRUIT, RACHELE",UNKNOWN,FALSE,211,372885,20251120,OTHER,FALSE
2024,VERMONT,VT,50,13,6,"HARRIS, KAMALA D.",UNKNOWN,FALSE,235791,372885,20251120,DEMOCRAT,FALSE
2024,VERMONT,VT,50,13,6,"KENNEDY, ROBERT F. JR",UNKNOWN,FALSE,5905,372885,20251120,OTHER,FALSE
2024,VERMONT,VT,50,13,6,"OLIVER, CHASE",UNKNOWN,FALSE,1828,372885,20251120,LIBERTARIAN,FALSE
2024,VERMONT,VT,50,13,6,SPOILED,UNKNOWN,FALSE,268,372885,20251120,OTHER,FALSE
2024,VERMONT,VT,50,13,6,"TRUMP, DONALD J.",UNKNOWN,FALSE,119395,372885,20251120,REPUBLICAN,FALSE
2024,VERMONT,VT,50,13,6,UNDERVOTES,UNKNOWN,FALSE,3195,372885,20251120,OTHER,FALSE
2024,VERMONT,VT,50,13,6,"WEST, CORNEL",UNKNOWN,FALSE,1549,372885,20251120,OTHER,FALSE
2024,VERMONT,VT,50,13,6,WRITE-IN,UNKNOWN,TRUE,3033,372885,20251120,OTHER,FALSE
2024,VIRGINIA,VA,51,54,40,"DE LA CRUZ, CLAUDIA",INDEPENDENT,FALSE,8408,4503288,20251120,OTHER,FALSE
2024,VIRGINIA,VA,51,54,40,"HARRIS, KAMALA D.",DEMOCRATIC,FALSE,2333778,4503288,20251120,DEMOCRAT,FALSE
2024,VIRGINIA,VA,51,54,40,"OLIVER, CHASE",LIBERTARIAN,FALSE,19802,4503288,20251120,LIBERTARIAN,FALSE
2024,VIRGINIA,VA,51,54,40,"STEIN, JILL",GREEN,FALSE,34880,4503288,20251120,OTHER,FALSE
2024,VIRGINIA,VA,51,54,40,"TRUMP, DONALD J.",REPUBLICAN,FALSE,2074097,4503288,20251120,REPUBLICAN,FALSE
2024,VIRGINIA,VA,51,54,40,"WEST, CORNEL",INDEPENDENT,FALSE,8975,4503288,20251120,OTHER,FALSE
2024,VIRGINIA,VA,51,54,40,WRITE-IN,UNKNOWN,TRUE,23348,4503288,20251120,OTHER,FALSE
2024,WASHINGTON,WA,53,91,73,"AYYADURAI, SHIVA",INDEPENDENT CANDIDATES,FALSE,3323,3924243,20251120,OTHER,FALSE
2024,WASHINGTON,WA,53,91,73,"DE LA CRUZ, CLAUDIA",SOCIALISM AND LIBERATION PARTY NOMINEES,FALSE,8695,3924243,20251120,OTHER,FALSE
2024,WASHINGTON,WA,53,91,73,"FRUIT, RACHELE",SOCIALIST WORKERS PARTY NOMINEES,FALSE,824,3924243,20251120,OTHER,FALSE
2024,WASHINGTON,WA,53,91,73,"HARRIS, KAMALA D.",DEMOCRATIC PARTY NOMINEES,FALSE,2245849,3924243,20251120,DEMOCRAT,FALSE
2024,WASHINGTON,WA,53,91,73,"KENNEDY, ROBERT F. JR",WE THE PEOPLE,FALSE,54868,3924243,20251120,OTHER,FALSE
2024,WASHINGTON,WA,53,91,73,"KISHORE, JOSEPH",SOCIALIST EQUALITY PARTY NOMINEES,FALSE,917,3924243,20251120,OTHER,FALSE
2024,WASHINGTON,WA,53,91,73,"OLIVER, CHASE",LIBERTARIAN,FALSE,16428,3924243,20251120,LIBERTARIAN,FALSE
2024,WASHINGTON,WA,53,91,73,"STEIN, JILL",GREEN,FALSE,29754,3924243,20251120,OTHER,FALSE
2024,WASHINGTON,WA,53,91,73,"TRUMP, DONALD J.",REPUBLICAN,FALSE,1530923,3924243,20251120,REPUBLICAN,FALSE
2024,WASHINGTON,WA,53,91,73,"WEST, CORNEL",JUSTICE FOR ALL,FALSE,7254,3924243,20251120,OTHER,FALSE
2024,WASHINGTON,WA,53,91,73,WRITE-IN,UNKNOWN,TRUE,25408,3924243,20251120,OTHER,FALSE
2024,WEST VIRGINIA,WV,54,55,NA,ANDRE' RAMON MCNEIL SR,UNKNOWN,TRUE,0,762584,20251120,OTHER,TRUE
2024,WEST VIRGINIA,WV,54,55,NA,ANGELA DWYER,UNKNOWN,TRUE,3,762584,20251120,OTHER,FALSE
2024,WEST VIRGINIA,WV,54,55,NA,BRANDON L. MCINTYRE,UNKNOWN,TRUE,0,762584,20251120,OTHER,TRUE
2024,WEST VIRGINIA,WV,54,55,NA,BRIAN KIENITZ,UNKNOWN,TRUE,0,762584,20251120,OTHER,TRUE
2024,WEST VIRGINIA,WV,54,55,NA,CAROL ASHER,UNKNOWN,TRUE,0,762584,20251120,OTHER,TRUE
2024,WEST VIRGINIA,WV,54,55,NA,CHERUNDA LYNN FOX,UNKNOWN,TRUE,0,762584,20251120,OTHER,TRUE
2024,WEST VIRGINIA,WV,54,55,NA,CHRIS GARRITY,UNKNOWN,TRUE,0,762584,20251120,OTHER,TRUE
2024,WEST VIRGINIA,WV,54,55,NA,CHRISTIN POWERS,UNKNOWN,TRUE,0,762584,20251120,OTHER,TRUE
2024,WEST VIRGINIA,WV,54,55,NA,CHRISTINE CHISHOLM,UNKNOWN,TRUE,0,762584,20251120,OTHER,TRUE
2024,WEST VIRGINIA,WV,54,55,NA,CHRISTOPHER STRIED,UNKNOWN,TRUE,0,762584,20251120,OTHER,TRUE
2024,WEST VIRGINIA,WV,54,55,NA,CLAUDIA DE LA CRUZ,UNKNOWN,TRUE,73,762584,20251120,OTHER,FALSE
2024,WEST VIRGINIA,WV,54,55,NA,CORNEL WEST,UNKNOWN,TRUE,39,762584,20251120,OTHER,FALSE
2024,WEST VIRGINIA,WV,54,55,NA,DENNIS SCHULLER,UNKNOWN,TRUE,0,762584,20251120,OTHER,TRUE
2024,WEST VIRGINIA,WV,54,55,NA,DOUG BELL,UNKNOWN,TRUE,2,762584,20251120,OTHER,FALSE
2024,WEST VIRGINIA,WV,54,55,NA,DOUG JENKINS,UNKNOWN,TRUE,1,762584,20251120,OTHER,FALSE
2024,WEST VIRGINIA,WV,54,55,NA,DR. SHIVA,UNKNOWN,TRUE,10,762584,20251120,OTHER,FALSE
2024,WEST VIRGINIA,WV,54,55,NA,FUTURE MADAM POTUS,UNKNOWN,TRUE,1,762584,20251120,OTHER,FALSE
2024,WEST VIRGINIA,WV,54,55,NA,GARRY HUBBARD,UNKNOWN,TRUE,0,762584,20251120,OTHER,TRUE
2024,WEST VIRGINIA,WV,54,55,NA,"HARRIS, KAMALA D.",DEMOCRAT,FALSE,214309,762584,20251120,DEMOCRAT,FALSE
2024,WEST VIRGINIA,WV,54,55,NA,JOHN CHENG,UNKNOWN,TRUE,0,762584,20251120,OTHER,TRUE
2024,WEST VIRGINIA,WV,54,55,NA,JOHN R. GIBB JR.,UNKNOWN,TRUE,0,762584,20251120,OTHER,TRUE
2024,WEST VIRGINIA,WV,54,55,NA,"KENNEDY, ROBERT F. JR",INDEPENDENT,FALSE,8947,762584,20251120,OTHER,FALSE
2024,WEST VIRGINIA,WV,54,55,NA,LES WALLER,UNKNOWN,TRUE,0,762584,20251120,OTHER,TRUE
2024,WEST VIRGINIA,WV,54,55,NA,MAMA WYSINGER,UNKNOWN,TRUE,0,762584,20251120,OTHER,TRUE
2024,WEST VIRGINIA,WV,54,55,NA,"OLIVER, CHASE",LBN,FALSE,3047,762584,20251120,LIBERTARIAN,FALSE
2024,WEST VIRGINIA,WV,54,55,NA,PAIJ BORING,UNKNOWN,TRUE,0,762584,20251120,OTHER,TRUE
2024,WEST VIRGINIA,WV,54,55,NA,PAUL RAYMOND FARROW JR,UNKNOWN,TRUE,0,762584,20251120,OTHER,TRUE
2024,WEST VIRGINIA,WV,54,55,NA,PETER SONSKI,UNKNOWN,TRUE,63,762584,20251120,OTHER,FALSE
2024,WEST VIRGINIA,WV,54,55,NA,PRESIDENT R BODDIE,UNKNOWN,TRUE,0,762584,20251120,OTHER,TRUE
2024,WEST VIRGINIA,WV,54,55,NA,RICHARD MAYERS,UNKNOWN,TRUE,0,762584,20251120,OTHER,TRUE
2024,WEST VIRGINIA,WV,54,55,NA,RICK MATTOX,UNKNOWN,TRUE,2,762584,20251120,OTHER,FALSE
2024,WEST VIRGINIA,WV,54,55,NA,ROGER D. RICHARD,UNKNOWN,TRUE,0,762584,20251120,OTHER,TRUE
2024,WEST VIRGINIA,WV,54,55,NA,SHONDRA IRVING,UNKNOWN,TRUE,0,762584,20251120,OTHER,TRUE
2024,WEST VIRGINIA,WV,54,55,NA,"STEIN, JILL",MOUNTAIN,FALSE,2531,762584,20251120,OTHER,FALSE
2024,WEST VIRGINIA,WV,54,55,NA,"TRUMP, DONALD J.",REPUBLICAN,FALSE,533556,762584,20251120,REPUBLICAN,FALSE
2024,WEST VIRGINIA,WV,54,55,NA,WILLIAM CODY NALBACH,UNKNOWN,TRUE,0,762584,20251120,OTHER,TRUE
2024,WISCONSIN,WI,55,35,25,"ANDRÉ RAMONE MCNEIL, SR.",NO PARTY,TRUE,0,3422918,20251120,OTHER,TRUE
2024,WISCONSIN,WI,55,35,25,BRIAN KIENITZ,NO PARTY,TRUE,0,3422918,20251120,OTHER,TRUE
2024,WISCONSIN,WI,55,35,25,CHERUNDA LYNN FOX,NO PARTY,TRUE,0,3422918,20251120,OTHER,TRUE
2024,WISCONSIN,WI,55,35,25,"DE LA CRUZ, CLAUDIA",NO PARTY,FALSE,2035,3422918,20251120,OTHER,FALSE
2024,WISCONSIN,WI,55,35,25,DOUG JENKINS,NO PARTY,TRUE,12,3422918,20251120,OTHER,FALSE
2024,WISCONSIN,WI,55,35,25,FUTURE MADAM POTUS,NO PARTY,TRUE,1,3422918,20251120,OTHER,FALSE
2024,WISCONSIN,WI,55,35,25,"HARRIS, KAMALA D.",DEMOCRAT,FALSE,1668229,3422918,20251120,DEMOCRAT,FALSE
2024,WISCONSIN,WI,55,35,25,"KENNEDY, ROBERT F. JR",NO PARTY,FALSE,17740,3422918,20251120,OTHER,FALSE
2024,WISCONSIN,WI,55,35,25,"OLIVER, CHASE",LIBERTARIAN,FALSE,10511,3422918,20251120,LIBERTARIAN,FALSE
2024,WISCONSIN,WI,55,35,25,PETER SONSKI / LAUREN ONAK,NO PARTY,TRUE,561,3422918,20251120,OTHER,FALSE
2024,WISCONSIN,WI,55,35,25,SCATTERING,NO PARTY,TRUE,7131,3422918,20251120,OTHER,FALSE
2024,WISCONSIN,WI,55,35,25,"STEIN, JILL",WISCONSIN GREEN,FALSE,12275,3422918,20251120,OTHER,FALSE
2024,WISCONSIN,WI,55,35,25,"TERRY, RANDALL",CONSTITUTION,FALSE,4044,3422918,20251120,OTHER,FALSE
2024,WISCONSIN,WI,55,35,25,"TRUMP, DONALD J.",REPUBLICAN,FALSE,1697626,3422918,20251120,REPUBLICAN,FALSE
2024,WISCONSIN,WI,55,35,25,"WEST, CORNEL",NO PARTY,FALSE,2753,3422918,20251120,OTHER,FALSE
2024,WYOMING,WY,56,83,68,"HARRIS, KAMALA D.",DEMOCRAT,FALSE,69527,271123,20251120,DEMOCRAT,FALSE
2024,WYOMING,WY,56,83,68,"OLIVER, CHASE",LIBERTARIAN,FALSE,4193,271123,20251120,LIBERTARIAN,FALSE
2024,WYOMING,WY,56,83,68,OVERVOTES,UNKNOWN,FALSE,76,271123,20251120,OTHER,FALSE
2024,WYOMING,WY,56,83,68,"TRUMP, DONALD J.",REPUBLICAN,FALSE,192633,271123,20251120,REPUBLICAN,FALSE
2024,WYOMING,WY,56,83,68,UNDERVOTES,UNKNOWN,FALSE,1999,271123,20251120,OTHER,FALSE
2024,WYOMING,WY,56,83,68,WRITE-IN,UNKNOWN,TRUE,2695,271123,20251120,OTHER,FALSE
