state,poll_id,pollster,start_date,end_date,sample_subpopulation,sample_size,mode,partisanship,partisan_affiliation,candidate,support
Washington Dc,15956,PPP (D)/Washington City Paper/Kojo Nnamdi Show,2012-10-12,2012-10-14,Likely Voters,1222,Automated Phone,Pollster,Dem,Obama,88
Washington Dc,15956,PPP (D)/Washington City Paper/Kojo Nnamdi Show,2012-10-12,2012-10-14,Likely Voters,1222,Automated Phone,Pollster,Dem,Romney,8
Washington Dc,15956,PPP (D)/Washington City Paper/Kojo Nnamdi Show,2012-10-12,2012-10-14,Likely Voters,1222,Automated Phone,Pollster,Dem,Other,NA
Washington Dc,15956,PPP (D)/Washington City Paper/Kojo Nnamdi Show,2012-10-12,2012-10-14,Likely Voters,1222,Automated Phone,Pollster,Dem,Undecided,NA
Idaho,15826,Mason-Dixon/Idaho Statesman,2012-10-08,2012-10-10,Likely Voters,625,Live Phone,Nonpartisan,NA,Obama,27
Idaho,15826,Mason-Dixon/Idaho Statesman,2012-10-08,2012-10-10,Likely Voters,625,Live Phone,Nonpartisan,NA,Romney,63
Idaho,15826,Mason-Dixon/Idaho Statesman,2012-10-08,2012-10-10,Likely Voters,625,Live Phone,Nonpartisan,NA,Other,4
Idaho,15826,Mason-Dixon/Idaho Statesman,2012-10-08,2012-10-10,Likely Voters,625,Live Phone,Nonpartisan,NA,Undecided,6
Rhode Island,16411,Fleming and Associates/WPRI,2012-10-24,2012-10-27,Likely Voters,601,Live Phone,Nonpartisan,NA,Obama,54
Rhode Island,16411,Fleming and Associates/WPRI,2012-10-24,2012-10-27,Likely Voters,601,Live Phone,Nonpartisan,NA,Romney,33
Rhode Island,16411,Fleming and Associates/WPRI,2012-10-24,2012-10-27,Likely Voters,601,Live Phone,Nonpartisan,NA,Other,NA
Rhode Island,16411,Fleming and Associates/WPRI,2012-10-24,2012-10-27,Likely Voters,601,Live Phone,Nonpartisan,NA,Undecided,8
Rhode Island,15672,Brown University,2012-09-26,2012-10-05,Likely Voters,471,Live Phone,Nonpartisan,NA,Obama,58
Rhode Island,15672,Brown University,2012-09-26,2012-10-05,Likely Voters,471,Live Phone,Nonpartisan,NA,Romney,32
Rhode Island,15672,Brown University,2012-09-26,2012-10-05,Likely Voters,471,Live Phone,Nonpartisan,NA,Other,NA
Rhode Island,15672,Brown University,2012-09-26,2012-10-05,Likely Voters,471,Live Phone,Nonpartisan,NA,Undecided,10
Rhode Island,15495,Fleming and Associates/WPRI,2012-09-26,2012-09-29,Likely Voters,501,Live Phone,Nonpartisan,NA,Obama,57
Rhode Island,15495,Fleming and Associates/WPRI,2012-09-26,2012-09-29,Likely Voters,501,Live Phone,Nonpartisan,NA,Romney,33
Rhode Island,15495,Fleming and Associates/WPRI,2012-09-26,2012-09-29,Likely Voters,501,Live Phone,Nonpartisan,NA,Other,NA
Rhode Island,15495,Fleming and Associates/WPRI,2012-09-26,2012-09-29,Likely Voters,501,Live Phone,Nonpartisan,NA,Undecided,7
Rhode Island,15018,PPP (D),2011-02-16,2011-02-22,Likely Voters,544,Automated Phone,Pollster,Dem,Obama,54
Rhode Island,15018,PPP (D),2011-02-16,2011-02-22,Likely Voters,544,Automated Phone,Pollster,Dem,Romney,37
Rhode Island,15018,PPP (D),2011-02-16,2011-02-22,Likely Voters,544,Automated Phone,Pollster,Dem,Other,NA
Rhode Island,15018,PPP (D),2011-02-16,2011-02-22,Likely Voters,544,Automated Phone,Pollster,Dem,Undecided,10
Kentucky,15085,SurveyUSA/The Courier-Journal,2012-09-11,2012-09-13,Likely Voters,606,IVR/Online,Nonpartisan,NA,Obama,39
Kentucky,15085,SurveyUSA/The Courier-Journal,2012-09-11,2012-09-13,Likely Voters,606,IVR/Online,Nonpartisan,NA,Romney,53
Kentucky,15085,SurveyUSA/The Courier-Journal,2012-09-11,2012-09-13,Likely Voters,606,IVR/Online,Nonpartisan,NA,Other,3
Kentucky,15085,SurveyUSA/The Courier-Journal,2012-09-11,2012-09-13,Likely Voters,606,IVR/Online,Nonpartisan,NA,Undecided,5
Kentucky,14974,PPP (D),2011-08-25,2011-08-28,Likely Voters,600,Automated Phone,Pollster,Dem,Obama,40
Kentucky,14974,PPP (D),2011-08-25,2011-08-28,Likely Voters,600,Automated Phone,Pollster,Dem,Romney,48
Kentucky,14974,PPP (D),2011-08-25,2011-08-28,Likely Voters,600,Automated Phone,Pollster,Dem,Other,NA
Kentucky,14974,PPP (D),2011-08-25,2011-08-28,Likely Voters,600,Automated Phone,Pollster,Dem,Undecided,11
Mississippi,12585,PPP (D),2011-11-04,2011-11-06,Likely Voters,796,Automated Phone,Pollster,Dem,Obama,36
Mississippi,12585,PPP (D),2011-11-04,2011-11-06,Likely Voters,796,Automated Phone,Pollster,Dem,Romney,54
Mississippi,12585,PPP (D),2011-11-04,2011-11-06,Likely Voters,796,Automated Phone,Pollster,Dem,Other,NA
Mississippi,12585,PPP (D),2011-11-04,2011-11-06,Likely Voters,796,Automated Phone,Pollster,Dem,Undecided,10
Mississippi,15016,PPP (D),2011-03-24,2011-03-27,Likely Voters,817,Automated Phone,Pollster,Dem,Obama,40
Mississippi,15016,PPP (D),2011-03-24,2011-03-27,Likely Voters,817,Automated Phone,Pollster,Dem,Romney,46
Mississippi,15016,PPP (D),2011-03-24,2011-03-27,Likely Voters,817,Automated Phone,Pollster,Dem,Other,NA
Mississippi,15016,PPP (D),2011-03-24,2011-03-27,Likely Voters,817,Automated Phone,Pollster,Dem,Undecided,13
Louisiana,15650,Magellan (R),2012-10-02,2012-10-04,Likely Voters,2682,Automated Phone,Pollster,Rep,Obama,36
Louisiana,15650,Magellan (R),2012-10-02,2012-10-04,Likely Voters,2682,Automated Phone,Pollster,Rep,Romney,59
Louisiana,15650,Magellan (R),2012-10-02,2012-10-04,Likely Voters,2682,Automated Phone,Pollster,Rep,Other,NA
Louisiana,15650,Magellan (R),2012-10-02,2012-10-04,Likely Voters,2682,Automated Phone,Pollster,Rep,Undecided,5
Louisiana,15507,JZ Analytics,2012-09-29,2012-09-30,Likely Voters,412,Internet,Nonpartisan,NA,Obama,37
Louisiana,15507,JZ Analytics,2012-09-29,2012-09-30,Likely Voters,412,Internet,Nonpartisan,NA,Romney,50
Louisiana,15507,JZ Analytics,2012-09-29,2012-09-30,Likely Voters,412,Internet,Nonpartisan,NA,Other,NA
Louisiana,15507,JZ Analytics,2012-09-29,2012-09-30,Likely Voters,412,Internet,Nonpartisan,NA,Undecided,10
Louisiana,15469,Southern Media/Opinion Research,2012-09-11,2012-09-20,Likely Voters,600,Live Phone,Nonpartisan,NA,Obama,39
Louisiana,15469,Southern Media/Opinion Research,2012-09-11,2012-09-20,Likely Voters,600,Live Phone,Nonpartisan,NA,Romney,45
Louisiana,15469,Southern Media/Opinion Research,2012-09-11,2012-09-20,Likely Voters,600,Live Phone,Nonpartisan,NA,Other,NA
Louisiana,15469,Southern Media/Opinion Research,2012-09-11,2012-09-20,Likely Voters,600,Live Phone,Nonpartisan,NA,Undecided,17
Kansas,14973,SurveyUSA,2011-11-18,2011-11-21,Registered Voters,510,IVR/Online,Nonpartisan,NA,Obama,39
Kansas,14973,SurveyUSA,2011-11-18,2011-11-21,Registered Voters,510,IVR/Online,Nonpartisan,NA,Romney,48
Kansas,14973,SurveyUSA,2011-11-18,2011-11-21,Registered Voters,510,IVR/Online,Nonpartisan,NA,Other,NA
Kansas,14973,SurveyUSA,2011-11-18,2011-11-21,Registered Voters,510,IVR/Online,Nonpartisan,NA,Undecided,13
Kansas,12571,SurveyUSA,2011-11-10,2011-11-10,Likely Voters,800,Automated Phone,Nonpartisan,NA,Obama,31
Kansas,12571,SurveyUSA,2011-11-10,2011-11-10,Likely Voters,800,Automated Phone,Nonpartisan,NA,Romney,56
Kansas,12571,SurveyUSA,2011-11-10,2011-11-10,Likely Voters,800,Automated Phone,Nonpartisan,NA,Other,NA
Kansas,12571,SurveyUSA,2011-11-10,2011-11-10,Likely Voters,800,Automated Phone,Nonpartisan,NA,Undecided,12
Hawaii,16453,Honolulu Civil Beat/Merriman,2012-10-24,2012-10-26,Likely Voters,1218,Automated Phone,Nonpartisan,NA,Obama,61
Hawaii,16453,Honolulu Civil Beat/Merriman,2012-10-24,2012-10-26,Likely Voters,1218,Automated Phone,Nonpartisan,NA,Romney,34
Hawaii,16453,Honolulu Civil Beat/Merriman,2012-10-24,2012-10-26,Likely Voters,1218,Automated Phone,Nonpartisan,NA,Other,NA
Hawaii,16453,Honolulu Civil Beat/Merriman,2012-10-24,2012-10-26,Likely Voters,1218,Automated Phone,Nonpartisan,NA,Undecided,5
Hawaii,15516,Honolulu Civil Beat/Merriman,2012-09-26,2012-09-28,Likely Voters,1684,Automated Phone,Nonpartisan,NA,Obama,62
Hawaii,15516,Honolulu Civil Beat/Merriman,2012-09-26,2012-09-28,Likely Voters,1684,Automated Phone,Nonpartisan,NA,Romney,30
Hawaii,15516,Honolulu Civil Beat/Merriman,2012-09-26,2012-09-28,Likely Voters,1684,Automated Phone,Nonpartisan,NA,Other,3
Hawaii,15516,Honolulu Civil Beat/Merriman,2012-09-26,2012-09-28,Likely Voters,1684,Automated Phone,Nonpartisan,NA,Undecided,6
Hawaii,12582,DailyKos.com/PPP (D),2011-10-13,2011-10-16,Likely Voters,568,Automated Phone,Sponsor,Dem,Obama,59
Hawaii,12582,DailyKos.com/PPP (D),2011-10-13,2011-10-16,Likely Voters,568,Automated Phone,Sponsor,Dem,Romney,32
Hawaii,12582,DailyKos.com/PPP (D),2011-10-13,2011-10-16,Likely Voters,568,Automated Phone,Sponsor,Dem,Other,NA
Hawaii,12582,DailyKos.com/PPP (D),2011-10-13,2011-10-16,Likely Voters,568,Automated Phone,Sponsor,Dem,Undecided,10
West Virginia,14852,R.L. Repass & Partners,2012-08-22,2012-08-25,Likely Voters,401,Mixed,Nonpartisan,NA,Obama,38
West Virginia,14852,R.L. Repass & Partners,2012-08-22,2012-08-25,Likely Voters,401,Mixed,Nonpartisan,NA,Romney,52
West Virginia,14852,R.L. Repass & Partners,2012-08-22,2012-08-25,Likely Voters,401,Mixed,Nonpartisan,NA,Other,NA
West Virginia,14852,R.L. Repass & Partners,2012-08-22,2012-08-25,Likely Voters,401,Mixed,Nonpartisan,NA,Undecided,10
West Virginia,14877,R.L. Repass & Partners,2012-04-25,2012-04-28,Likely Voters,410,Live Phone/Online,Nonpartisan,NA,Obama,37
West Virginia,14877,R.L. Repass & Partners,2012-04-25,2012-04-28,Likely Voters,410,Live Phone/Online,Nonpartisan,NA,Romney,54
West Virginia,14877,R.L. Repass & Partners,2012-04-25,2012-04-28,Likely Voters,410,Live Phone/Online,Nonpartisan,NA,Other,NA
West Virginia,14877,R.L. Repass & Partners,2012-04-25,2012-04-28,Likely Voters,410,Live Phone/Online,Nonpartisan,NA,Undecided,10
Alabama,14263,Capital Survey Research Center,2012-06-07,2012-06-27,Likely Voters,551,Live Phone,Nonpartisan,NA,Obama,36
Alabama,14263,Capital Survey Research Center,2012-06-07,2012-06-27,Likely Voters,551,Live Phone,Nonpartisan,NA,Romney,51
Alabama,14263,Capital Survey Research Center,2012-06-07,2012-06-27,Likely Voters,551,Live Phone,Nonpartisan,NA,Other,NA
Alabama,14263,Capital Survey Research Center,2012-06-07,2012-06-27,Likely Voters,551,Live Phone,Nonpartisan,NA,Undecided,NA
Utah,16509,Dan Jones & Associates,2012-10-26,2012-11-01,Registered Voters,870,Live Phone,Nonpartisan,NA,Obama,26
Utah,16509,Dan Jones & Associates,2012-10-26,2012-11-01,Registered Voters,870,Live Phone,Nonpartisan,NA,Romney,69
Utah,16509,Dan Jones & Associates,2012-10-26,2012-11-01,Registered Voters,870,Live Phone,Nonpartisan,NA,Other,NA
Utah,16509,Dan Jones & Associates,2012-10-26,2012-11-01,Registered Voters,870,Live Phone,Nonpartisan,NA,Undecided,NA
Utah,16630,Mason-Dixon/The Salt Lake Tribune,2012-10-29,2012-10-31,Registered Voters,625,Live Phone,Nonpartisan,NA,Obama,25
Utah,16630,Mason-Dixon/The Salt Lake Tribune,2012-10-29,2012-10-31,Registered Voters,625,Live Phone,Nonpartisan,NA,Romney,70
Utah,16630,Mason-Dixon/The Salt Lake Tribune,2012-10-29,2012-10-31,Registered Voters,625,Live Phone,Nonpartisan,NA,Other,2
Utah,16630,Mason-Dixon/The Salt Lake Tribune,2012-10-29,2012-10-31,Registered Voters,625,Live Phone,Nonpartisan,NA,Undecided,3
Utah,16144,Key/BYU,2012-10-09,2012-10-13,Likely Voters,500,Live Phone,Nonpartisan,NA,Obama,20
Utah,16144,Key/BYU,2012-10-09,2012-10-13,Likely Voters,500,Live Phone,Nonpartisan,NA,Romney,71
Utah,16144,Key/BYU,2012-10-09,2012-10-13,Likely Voters,500,Live Phone,Nonpartisan,NA,Other,NA
Utah,16144,Key/BYU,2012-10-09,2012-10-13,Likely Voters,500,Live Phone,Nonpartisan,NA,Undecided,9
Utah,14175,Dan Jones & Associates,2012-06-15,2012-06-21,Registered Voters,1222,Live Phone,Nonpartisan,NA,Obama,26
Utah,14175,Dan Jones & Associates,2012-06-15,2012-06-21,Registered Voters,1222,Live Phone,Nonpartisan,NA,Romney,68
Utah,14175,Dan Jones & Associates,2012-06-15,2012-06-21,Registered Voters,1222,Live Phone,Nonpartisan,NA,Other,4
Utah,14175,Dan Jones & Associates,2012-06-15,2012-06-21,Registered Voters,1222,Live Phone,Nonpartisan,NA,Undecided,2
Utah,15024,PPP (D),2011-07-08,2011-07-10,Likely Voters,732,Automated Phone,Pollster,Dem,Obama,31
Utah,15024,PPP (D),2011-07-08,2011-07-10,Likely Voters,732,Automated Phone,Pollster,Dem,Romney,63
Utah,15024,PPP (D),2011-07-08,2011-07-10,Likely Voters,732,Automated Phone,Pollster,Dem,Other,NA
Utah,15024,PPP (D),2011-07-08,2011-07-10,Likely Voters,732,Automated Phone,Pollster,Dem,Undecided,6
Maryland,16577,YouGov,2012-10-31,2012-11-03,Likely Voters,705,Internet,Nonpartisan,NA,Obama,59
Maryland,16577,YouGov,2012-10-31,2012-11-03,Likely Voters,705,Internet,Nonpartisan,NA,Romney,37
Maryland,16577,YouGov,2012-10-31,2012-11-03,Likely Voters,705,Internet,Nonpartisan,NA,Other,2
Maryland,16577,YouGov,2012-10-31,2012-11-03,Likely Voters,705,Internet,Nonpartisan,NA,Undecided,2
Maryland,16429,Baltimore Sun/OpinionWorks,2012-10-20,2012-10-23,Likely Voters,801,Live Phone,Nonpartisan,NA,Obama,55
Maryland,16429,Baltimore Sun/OpinionWorks,2012-10-20,2012-10-23,Likely Voters,801,Live Phone,Nonpartisan,NA,Romney,36
Maryland,16429,Baltimore Sun/OpinionWorks,2012-10-20,2012-10-23,Likely Voters,801,Live Phone,Nonpartisan,NA,Other,NA
Maryland,16429,Baltimore Sun/OpinionWorks,2012-10-20,2012-10-23,Likely Voters,801,Live Phone,Nonpartisan,NA,Undecided,8
Maryland,16062,Washington Post,2012-10-11,2012-10-15,Likely Voters,843,Live Phone,Nonpartisan,NA,Obama,60
Maryland,16062,Washington Post,2012-10-11,2012-10-15,Likely Voters,843,Live Phone,Nonpartisan,NA,Romney,36
Maryland,16062,Washington Post,2012-10-11,2012-10-15,Likely Voters,843,Live Phone,Nonpartisan,NA,Other,2
Maryland,16062,Washington Post,2012-10-11,2012-10-15,Likely Voters,843,Live Phone,Nonpartisan,NA,Undecided,2
Maryland,15852,YouGov,2012-10-04,2012-10-11,Likely Voters,498,Internet,Nonpartisan,NA,Obama,58
Maryland,15852,YouGov,2012-10-04,2012-10-11,Likely Voters,498,Internet,Nonpartisan,NA,Romney,37
Maryland,15852,YouGov,2012-10-04,2012-10-11,Likely Voters,498,Internet,Nonpartisan,NA,Other,2
Maryland,15852,YouGov,2012-10-04,2012-10-11,Likely Voters,498,Internet,Nonpartisan,NA,Undecided,4
Maryland,15463,Baltimore Sun/OpinionWorks,2012-09-25,2012-09-27,Likely Voters,804,Live Phone,Nonpartisan,NA,Obama,57
Maryland,15463,Baltimore Sun/OpinionWorks,2012-09-25,2012-09-27,Likely Voters,804,Live Phone,Nonpartisan,NA,Romney,34
Maryland,15463,Baltimore Sun/OpinionWorks,2012-09-25,2012-09-27,Likely Voters,804,Live Phone,Nonpartisan,NA,Other,NA
Maryland,15463,Baltimore Sun/OpinionWorks,2012-09-25,2012-09-27,Likely Voters,804,Live Phone,Nonpartisan,NA,Undecided,10
Maryland,15325,Gonzales Research,2012-09-17,2012-09-23,Likely Voters,813,Live Phone,Nonpartisan,NA,Obama,55
Maryland,15325,Gonzales Research,2012-09-17,2012-09-23,Likely Voters,813,Live Phone,Nonpartisan,NA,Romney,36
Maryland,15325,Gonzales Research,2012-09-17,2012-09-23,Likely Voters,813,Live Phone,Nonpartisan,NA,Other,1
Maryland,15325,Gonzales Research,2012-09-17,2012-09-23,Likely Voters,813,Live Phone,Nonpartisan,NA,Undecided,8
Maryland,15229,YouGov,2012-09-07,2012-09-14,Likely Voters,686,Internet,Nonpartisan,NA,Obama,57
Maryland,15229,YouGov,2012-09-07,2012-09-14,Likely Voters,686,Internet,Nonpartisan,NA,Romney,37
Maryland,15229,YouGov,2012-09-07,2012-09-14,Likely Voters,686,Internet,Nonpartisan,NA,Other,3
Maryland,15229,YouGov,2012-09-07,2012-09-14,Likely Voters,686,Internet,Nonpartisan,NA,Undecided,3
Maryland,13898,PPP (D)/Marylanders for Marriage Equality,2012-05-14,2012-05-21,Likely Voters,852,Live Phone,Sponsor,Dem,Obama,58
Maryland,13898,PPP (D)/Marylanders for Marriage Equality,2012-05-14,2012-05-21,Likely Voters,852,Live Phone,Sponsor,Dem,Romney,35
Maryland,13898,PPP (D)/Marylanders for Marriage Equality,2012-05-14,2012-05-21,Likely Voters,852,Live Phone,Sponsor,Dem,Other,NA
Maryland,13898,PPP (D)/Marylanders for Marriage Equality,2012-05-14,2012-05-21,Likely Voters,852,Live Phone,Sponsor,Dem,Undecided,6
Oklahoma,16203,SoonerPoll.com,2012-10-18,2012-10-24,Likely Voters,305,Live Phone,Nonpartisan,NA,Obama,33
Oklahoma,16203,SoonerPoll.com,2012-10-18,2012-10-24,Likely Voters,305,Live Phone,Nonpartisan,NA,Romney,58
Oklahoma,16203,SoonerPoll.com,2012-10-18,2012-10-24,Likely Voters,305,Live Phone,Nonpartisan,NA,Other,NA
Oklahoma,16203,SoonerPoll.com,2012-10-18,2012-10-24,Likely Voters,305,Live Phone,Nonpartisan,NA,Undecided,8
Oklahoma,14703,SoonerPoll.com,2012-07-26,2012-08-14,Likely Voters,495,Live Phone,Nonpartisan,NA,Obama,29
Oklahoma,14703,SoonerPoll.com,2012-07-26,2012-08-14,Likely Voters,495,Live Phone,Nonpartisan,NA,Romney,58
Oklahoma,14703,SoonerPoll.com,2012-07-26,2012-08-14,Likely Voters,495,Live Phone,Nonpartisan,NA,Other,NA
Oklahoma,14703,SoonerPoll.com,2012-07-26,2012-08-14,Likely Voters,495,Live Phone,Nonpartisan,NA,Undecided,13
Oklahoma,13856,SoonerPoll.com,2012-05-07,2012-05-10,Likely Voters,503,Live Phone,Nonpartisan,NA,Obama,27
Oklahoma,13856,SoonerPoll.com,2012-05-07,2012-05-10,Likely Voters,503,Live Phone,Nonpartisan,NA,Romney,62
Oklahoma,13856,SoonerPoll.com,2012-05-07,2012-05-10,Likely Voters,503,Live Phone,Nonpartisan,NA,Other,NA
Oklahoma,13856,SoonerPoll.com,2012-05-07,2012-05-10,Likely Voters,503,Live Phone,Nonpartisan,NA,Undecided,11
North Dakota,16371,Mason-Dixon,2012-10-26,2012-10-28,Likely Voters,625,Live Phone,Nonpartisan,NA,Obama,40
North Dakota,16371,Mason-Dixon,2012-10-26,2012-10-28,Likely Voters,625,Live Phone,Nonpartisan,NA,Romney,54
North Dakota,16371,Mason-Dixon,2012-10-26,2012-10-28,Likely Voters,625,Live Phone,Nonpartisan,NA,Other,NA
North Dakota,16371,Mason-Dixon,2012-10-26,2012-10-28,Likely Voters,625,Live Phone,Nonpartisan,NA,Undecided,3
North Dakota,16325,Pharos Research Group,2012-10-26,2012-10-28,Likely Voters,752,Live Phone,Nonpartisan,NA,Obama,38
North Dakota,16325,Pharos Research Group,2012-10-26,2012-10-28,Likely Voters,752,Live Phone,Nonpartisan,NA,Romney,55
North Dakota,16325,Pharos Research Group,2012-10-26,2012-10-28,Likely Voters,752,Live Phone,Nonpartisan,NA,Other,NA
North Dakota,16325,Pharos Research Group,2012-10-26,2012-10-28,Likely Voters,752,Live Phone,Nonpartisan,NA,Undecided,NA
North Dakota,16246,Pharos Research Group,2012-10-19,2012-10-21,Likely Voters,807,Live Phone,Nonpartisan,NA,Obama,39
North Dakota,16246,Pharos Research Group,2012-10-19,2012-10-21,Likely Voters,807,Live Phone,Nonpartisan,NA,Romney,49
North Dakota,16246,Pharos Research Group,2012-10-19,2012-10-21,Likely Voters,807,Live Phone,Nonpartisan,NA,Other,NA
North Dakota,16246,Pharos Research Group,2012-10-19,2012-10-21,Likely Voters,807,Live Phone,Nonpartisan,NA,Undecided,NA
North Dakota,16060,Rasmussen,2012-10-17,2012-10-18,Likely Voters,600,Automated Phone,Nonpartisan,NA,Obama,40
North Dakota,16060,Rasmussen,2012-10-17,2012-10-18,Likely Voters,600,Automated Phone,Nonpartisan,NA,Romney,54
North Dakota,16060,Rasmussen,2012-10-17,2012-10-18,Likely Voters,600,Automated Phone,Nonpartisan,NA,Other,2
North Dakota,16060,Rasmussen,2012-10-17,2012-10-18,Likely Voters,600,Automated Phone,Nonpartisan,NA,Undecided,4
North Dakota,16064,Essman/Research,2012-10-12,2012-10-15,Likely Voters,500,Live Phone,Nonpartisan,NA,Obama,32
North Dakota,16064,Essman/Research,2012-10-12,2012-10-15,Likely Voters,500,Live Phone,Nonpartisan,NA,Romney,57
North Dakota,16064,Essman/Research,2012-10-12,2012-10-15,Likely Voters,500,Live Phone,Nonpartisan,NA,Other,1
North Dakota,16064,Essman/Research,2012-10-12,2012-10-15,Likely Voters,500,Live Phone,Nonpartisan,NA,Undecided,10
North Dakota,15618,Mason-Dixon,2012-10-03,2012-10-05,Likely Voters,625,Live Phone,Nonpartisan,NA,Obama,40
North Dakota,15618,Mason-Dixon,2012-10-03,2012-10-05,Likely Voters,625,Live Phone,Nonpartisan,NA,Romney,54
North Dakota,15618,Mason-Dixon,2012-10-03,2012-10-05,Likely Voters,625,Live Phone,Nonpartisan,NA,Other,NA
North Dakota,15618,Mason-Dixon,2012-10-03,2012-10-05,Likely Voters,625,Live Phone,Nonpartisan,NA,Undecided,5
North Dakota,15399,DFM Research (D-ND Dems/NPL),2012-09-24,2012-09-27,Likely Voters,600,Live Phone,Sponsor,Dem,Obama,39
North Dakota,15399,DFM Research (D-ND Dems/NPL),2012-09-24,2012-09-27,Likely Voters,600,Live Phone,Sponsor,Dem,Romney,51
North Dakota,15399,DFM Research (D-ND Dems/NPL),2012-09-24,2012-09-27,Likely Voters,600,Live Phone,Sponsor,Dem,Other,NA
North Dakota,15399,DFM Research (D-ND Dems/NPL),2012-09-24,2012-09-27,Likely Voters,600,Live Phone,Sponsor,Dem,Undecided,NA
North Dakota,14480,DFM Research (D-ND Dems/NPL),2012-07-24,2012-07-26,Likely Voters,400,Live Phone,Sponsor,Dem,Obama,35
North Dakota,14480,DFM Research (D-ND Dems/NPL),2012-07-24,2012-07-26,Likely Voters,400,Live Phone,Sponsor,Dem,Romney,54
North Dakota,14480,DFM Research (D-ND Dems/NPL),2012-07-24,2012-07-26,Likely Voters,400,Live Phone,Sponsor,Dem,Other,NA
North Dakota,14480,DFM Research (D-ND Dems/NPL),2012-07-24,2012-07-26,Likely Voters,400,Live Phone,Sponsor,Dem,Undecided,NA
North Dakota,14336,Rasmussen,2012-07-10,2012-07-11,Likely Voters,400,Automated Phone,Nonpartisan,NA,Obama,36
North Dakota,14336,Rasmussen,2012-07-10,2012-07-11,Likely Voters,400,Automated Phone,Nonpartisan,NA,Romney,51
North Dakota,14336,Rasmussen,2012-07-10,2012-07-11,Likely Voters,400,Automated Phone,Nonpartisan,NA,Other,6
North Dakota,14336,Rasmussen,2012-07-10,2012-07-11,Likely Voters,400,Automated Phone,Nonpartisan,NA,Undecided,7
North Dakota,14040,Mason-Dixon,2012-06-04,2012-06-06,Likely Voters,625,Live Phone,Nonpartisan,NA,Obama,39
North Dakota,14040,Mason-Dixon,2012-06-04,2012-06-06,Likely Voters,625,Live Phone,Nonpartisan,NA,Romney,52
North Dakota,14040,Mason-Dixon,2012-06-04,2012-06-06,Likely Voters,625,Live Phone,Nonpartisan,NA,Other,NA
North Dakota,14040,Mason-Dixon,2012-06-04,2012-06-06,Likely Voters,625,Live Phone,Nonpartisan,NA,Undecided,NA
North Dakota,13664,DFM Research (D-DSCC),2012-04-18,2012-04-26,Registered Voters,478,Live Phone,Sponsor,Dem,Obama,32
North Dakota,13664,DFM Research (D-DSCC),2012-04-18,2012-04-26,Registered Voters,478,Live Phone,Sponsor,Dem,Romney,51
North Dakota,13664,DFM Research (D-DSCC),2012-04-18,2012-04-26,Registered Voters,478,Live Phone,Sponsor,Dem,Other,NA
North Dakota,13664,DFM Research (D-DSCC),2012-04-18,2012-04-26,Registered Voters,478,Live Phone,Sponsor,Dem,Undecided,NA
Washington,16521,PPP (D),2012-11-01,2012-11-03,Likely Voters,932,Automated Phone,Pollster,Dem,Obama,53
Washington,16521,PPP (D),2012-11-01,2012-11-03,Likely Voters,932,Automated Phone,Pollster,Dem,Romney,46
Washington,16521,PPP (D),2012-11-01,2012-11-03,Likely Voters,932,Automated Phone,Pollster,Dem,Other,NA
Washington,16521,PPP (D),2012-11-01,2012-11-03,Likely Voters,932,Automated Phone,Pollster,Dem,Undecided,1
Washington,16583,YouGov,2012-10-31,2012-11-03,Likely Voters,837,Internet,Nonpartisan,NA,Obama,54
Washington,16583,YouGov,2012-10-31,2012-11-03,Likely Voters,837,Internet,Nonpartisan,NA,Romney,40
Washington,16583,YouGov,2012-10-31,2012-11-03,Likely Voters,837,Internet,Nonpartisan,NA,Other,NA
Washington,16583,YouGov,2012-10-31,2012-11-03,Likely Voters,837,Internet,Nonpartisan,NA,Undecided,2
Washington,16415,SurveyUSA,2012-10-28,2012-10-31,Likely Voters,555,Mixed,Nonpartisan,NA,Obama,54
Washington,16415,SurveyUSA,2012-10-28,2012-10-31,Likely Voters,555,Mixed,Nonpartisan,NA,Romney,40
Washington,16415,SurveyUSA,2012-10-28,2012-10-31,Likely Voters,555,Mixed,Nonpartisan,NA,Other,NA
Washington,16415,SurveyUSA,2012-10-28,2012-10-31,Likely Voters,555,Mixed,Nonpartisan,NA,Undecided,NA
Washington,16435,University of Washington/KCTS9,2012-10-18,2012-10-31,Likely Voters,632,Live Phone,Nonpartisan,NA,Obama,57
Washington,16435,University of Washington/KCTS9,2012-10-18,2012-10-31,Likely Voters,632,Live Phone,Nonpartisan,NA,Romney,36
Washington,16435,University of Washington/KCTS9,2012-10-18,2012-10-31,Likely Voters,632,Live Phone,Nonpartisan,NA,Other,NA
Washington,16435,University of Washington/KCTS9,2012-10-18,2012-10-31,Likely Voters,632,Live Phone,Nonpartisan,NA,Undecided,4
Washington,16051,Strategies 360 (D),2012-10-17,2012-10-20,Likely Voters,500,Live Phone,Nonpartisan,NA,Obama,52
Washington,16051,Strategies 360 (D),2012-10-17,2012-10-20,Likely Voters,500,Live Phone,Nonpartisan,NA,Romney,39
Washington,16051,Strategies 360 (D),2012-10-17,2012-10-20,Likely Voters,500,Live Phone,Nonpartisan,NA,Other,NA
Washington,16051,Strategies 360 (D),2012-10-17,2012-10-20,Likely Voters,500,Live Phone,Nonpartisan,NA,Undecided,5
Washington,15913,PPP (D-Washington Conservation Voters),2012-10-15,2012-10-16,Likely Voters,574,Automated Phone,Sponsor,Dem,Obama,50
Washington,15913,PPP (D-Washington Conservation Voters),2012-10-15,2012-10-16,Likely Voters,574,Automated Phone,Sponsor,Dem,Romney,45
Washington,15913,PPP (D-Washington Conservation Voters),2012-10-15,2012-10-16,Likely Voters,574,Automated Phone,Sponsor,Dem,Other,NA
Washington,15913,PPP (D-Washington Conservation Voters),2012-10-15,2012-10-16,Likely Voters,574,Automated Phone,Sponsor,Dem,Undecided,4
Washington,15936,University of Washington/KCTS9,2012-10-01,2012-10-16,Likely Voters,644,Live Phone,Nonpartisan,NA,Obama,52
Washington,15936,University of Washington/KCTS9,2012-10-01,2012-10-16,Likely Voters,644,Live Phone,Nonpartisan,NA,Romney,43
Washington,15936,University of Washington/KCTS9,2012-10-01,2012-10-16,Likely Voters,644,Live Phone,Nonpartisan,NA,Other,NA
Washington,15936,University of Washington/KCTS9,2012-10-01,2012-10-16,Likely Voters,644,Live Phone,Nonpartisan,NA,Undecided,3
Washington,15884,Rasmussen,2012-10-14,2012-10-14,Likely Voters,500,Automated Phone,Nonpartisan,NA,Obama,55
Washington,15884,Rasmussen,2012-10-14,2012-10-14,Likely Voters,500,Automated Phone,Nonpartisan,NA,Romney,42
Washington,15884,Rasmussen,2012-10-14,2012-10-14,Likely Voters,500,Automated Phone,Nonpartisan,NA,Other,NA
Washington,15884,Rasmussen,2012-10-14,2012-10-14,Likely Voters,500,Automated Phone,Nonpartisan,NA,Undecided,1
Washington,15834,SurveyUSA,2012-10-12,2012-10-14,Likely Voters,543,IVR/Online,Nonpartisan,NA,Obama,54
Washington,15834,SurveyUSA,2012-10-12,2012-10-14,Likely Voters,543,IVR/Online,Nonpartisan,NA,Romney,40
Washington,15834,SurveyUSA,2012-10-12,2012-10-14,Likely Voters,543,IVR/Online,Nonpartisan,NA,Other,NA
Washington,15834,SurveyUSA,2012-10-12,2012-10-14,Likely Voters,543,IVR/Online,Nonpartisan,NA,Undecided,3
Washington,15847,YouGov,2012-10-04,2012-10-11,Likely Voters,747,Internet,Nonpartisan,NA,Obama,56
Washington,15847,YouGov,2012-10-04,2012-10-11,Likely Voters,747,Internet,Nonpartisan,NA,Romney,39
Washington,15847,YouGov,2012-10-04,2012-10-11,Likely Voters,747,Internet,Nonpartisan,NA,Other,NA
Washington,15847,YouGov,2012-10-04,2012-10-11,Likely Voters,747,Internet,Nonpartisan,NA,Undecided,3
Washington,15506,SurveyUSA,2012-09-28,2012-09-30,Likely Voters,540,IVR/Online,Nonpartisan,NA,Obama,56
Washington,15506,SurveyUSA,2012-09-28,2012-09-30,Likely Voters,540,IVR/Online,Nonpartisan,NA,Romney,36
Washington,15506,SurveyUSA,2012-09-28,2012-09-30,Likely Voters,540,IVR/Online,Nonpartisan,NA,Other,NA
Washington,15506,SurveyUSA,2012-09-28,2012-09-30,Likely Voters,540,IVR/Online,Nonpartisan,NA,Undecided,3
Washington,15412,Rasmussen,2012-09-26,2012-09-26,Likely Voters,500,Automated Phone,Nonpartisan,NA,Obama,52
Washington,15412,Rasmussen,2012-09-26,2012-09-26,Likely Voters,500,Automated Phone,Nonpartisan,NA,Romney,41
Washington,15412,Rasmussen,2012-09-26,2012-09-26,Likely Voters,500,Automated Phone,Nonpartisan,NA,Other,NA
Washington,15412,Rasmussen,2012-09-26,2012-09-26,Likely Voters,500,Automated Phone,Nonpartisan,NA,Undecided,4
Washington,15356,Gravis Marketing,2012-09-21,2012-09-22,Likely Voters,625,Automated Phone,Nonpartisan,NA,Obama,56
Washington,15356,Gravis Marketing,2012-09-21,2012-09-22,Likely Voters,625,Automated Phone,Nonpartisan,NA,Romney,39
Washington,15356,Gravis Marketing,2012-09-21,2012-09-22,Likely Voters,625,Automated Phone,Nonpartisan,NA,Other,NA
Washington,15356,Gravis Marketing,2012-09-21,2012-09-22,Likely Voters,625,Automated Phone,Nonpartisan,NA,Undecided,5
Washington,15212,YouGov,2012-09-07,2012-09-14,Likely Voters,880,Internet,Nonpartisan,NA,Obama,53
Washington,15212,YouGov,2012-09-07,2012-09-14,Likely Voters,880,Internet,Nonpartisan,NA,Romney,39
Washington,15212,YouGov,2012-09-07,2012-09-14,Likely Voters,880,Internet,Nonpartisan,NA,Other,NA
Washington,15212,YouGov,2012-09-07,2012-09-14,Likely Voters,880,Internet,Nonpartisan,NA,Undecided,3
Washington,15051,Elway,2012-09-09,2012-09-12,Registered Voters,405,Live Phone,Nonpartisan,NA,Obama,53
Washington,15051,Elway,2012-09-09,2012-09-12,Registered Voters,405,Live Phone,Nonpartisan,NA,Romney,36
Washington,15051,Elway,2012-09-09,2012-09-12,Registered Voters,405,Live Phone,Nonpartisan,NA,Other,NA
Washington,15051,Elway,2012-09-09,2012-09-12,Registered Voters,405,Live Phone,Nonpartisan,NA,Undecided,NA
Washington,14955,SurveyUSA,2012-09-07,2012-09-09,Likely Voters,524,IVR/Online,Nonpartisan,NA,Obama,54
Washington,14955,SurveyUSA,2012-09-07,2012-09-09,Likely Voters,524,IVR/Online,Nonpartisan,NA,Romney,38
Washington,14955,SurveyUSA,2012-09-07,2012-09-09,Likely Voters,524,IVR/Online,Nonpartisan,NA,Other,NA
Washington,14955,SurveyUSA,2012-09-07,2012-09-09,Likely Voters,524,IVR/Online,Nonpartisan,NA,Undecided,4
Washington,15428,Moore Information (R),2012-08-06,2012-08-07,Likely Voters,500,Live Phone,Pollster,Rep,Obama,46
Washington,15428,Moore Information (R),2012-08-06,2012-08-07,Likely Voters,500,Live Phone,Pollster,Rep,Romney,36
Washington,15428,Moore Information (R),2012-08-06,2012-08-07,Likely Voters,500,Live Phone,Pollster,Rep,Other,NA
Washington,15428,Moore Information (R),2012-08-06,2012-08-07,Likely Voters,500,Live Phone,Pollster,Rep,Undecided,17
Washington,14569,SurveyUSA,2012-08-01,2012-08-02,Likely Voters,524,IVR/Online,Nonpartisan,NA,Obama,54
Washington,14569,SurveyUSA,2012-08-01,2012-08-02,Likely Voters,524,IVR/Online,Nonpartisan,NA,Romney,37
Washington,14569,SurveyUSA,2012-08-01,2012-08-02,Likely Voters,524,IVR/Online,Nonpartisan,NA,Other,NA
Washington,14569,SurveyUSA,2012-08-01,2012-08-02,Likely Voters,524,IVR/Online,Nonpartisan,NA,Undecided,5
Washington,14404,SurveyUSA,2012-07-16,2012-07-18,Registered Voters,630,IVR/Online,Nonpartisan,NA,Obama,46
Washington,14404,SurveyUSA,2012-07-16,2012-07-18,Registered Voters,630,IVR/Online,Nonpartisan,NA,Romney,37
Washington,14404,SurveyUSA,2012-07-16,2012-07-18,Registered Voters,630,IVR/Online,Nonpartisan,NA,Other,NA
Washington,14404,SurveyUSA,2012-07-16,2012-07-18,Registered Voters,630,IVR/Online,Nonpartisan,NA,Undecided,NA
Washington,14134,PPP (D),2012-06-14,2012-06-17,Likely Voters,1073,Automated Phone,Pollster,Dem,Obama,54
Washington,14134,PPP (D),2012-06-14,2012-06-17,Likely Voters,1073,Automated Phone,Pollster,Dem,Romney,41
Washington,14134,PPP (D),2012-06-14,2012-06-17,Likely Voters,1073,Automated Phone,Pollster,Dem,Other,NA
Washington,14134,PPP (D),2012-06-14,2012-06-17,Likely Voters,1073,Automated Phone,Pollster,Dem,Undecided,5
Washington,14123,Elway,2012-06-13,2012-06-16,Registered Voters,408,Live Phone,Nonpartisan,NA,Obama,49
Washington,14123,Elway,2012-06-13,2012-06-16,Registered Voters,408,Live Phone,Nonpartisan,NA,Romney,41
Washington,14123,Elway,2012-06-13,2012-06-16,Registered Voters,408,Live Phone,Nonpartisan,NA,Other,NA
Washington,14123,Elway,2012-06-13,2012-06-16,Registered Voters,408,Live Phone,Nonpartisan,NA,Undecided,NA
Washington,13766,SurveyUSA,2012-05-08,2012-05-09,Registered Voters,557,IVR/Online,Nonpartisan,NA,Obama,50
Washington,13766,SurveyUSA,2012-05-08,2012-05-09,Registered Voters,557,IVR/Online,Nonpartisan,NA,Romney,36
Washington,13766,SurveyUSA,2012-05-08,2012-05-09,Registered Voters,557,IVR/Online,Nonpartisan,NA,Other,NA
Washington,13766,SurveyUSA,2012-05-08,2012-05-09,Registered Voters,557,IVR/Online,Nonpartisan,NA,Undecided,14
Washington,13025,PPP (D),2012-02-16,2012-02-19,Likely Voters,1264,Automated Phone,Pollster,Dem,Obama,53
Washington,13025,PPP (D),2012-02-16,2012-02-19,Likely Voters,1264,Automated Phone,Pollster,Dem,Romney,38
Washington,13025,PPP (D),2012-02-16,2012-02-19,Likely Voters,1264,Automated Phone,Pollster,Dem,Other,NA
Washington,13025,PPP (D),2012-02-16,2012-02-19,Likely Voters,1264,Automated Phone,Pollster,Dem,Undecided,9
Washington,13459,SurveyUSA,2012-02-13,2012-02-15,Registered Voters,572,IVR/Online,Nonpartisan,NA,Obama,50
Washington,13459,SurveyUSA,2012-02-13,2012-02-15,Registered Voters,572,IVR/Online,Nonpartisan,NA,Romney,39
Washington,13459,SurveyUSA,2012-02-13,2012-02-15,Registered Voters,572,IVR/Online,Nonpartisan,NA,Other,NA
Washington,13459,SurveyUSA,2012-02-13,2012-02-15,Registered Voters,572,IVR/Online,Nonpartisan,NA,Undecided,11
Washington,13155,Elway,2012-02-07,2012-02-09,Likely Voters,405,Live Phone,Nonpartisan,NA,Obama,49
Washington,13155,Elway,2012-02-07,2012-02-09,Likely Voters,405,Live Phone,Nonpartisan,NA,Romney,38
Washington,13155,Elway,2012-02-07,2012-02-09,Likely Voters,405,Live Phone,Nonpartisan,NA,Other,NA
Washington,13155,Elway,2012-02-07,2012-02-09,Likely Voters,405,Live Phone,Nonpartisan,NA,Undecided,12
Washington,13154,SurveyUSA,2012-01-12,2012-01-16,Likely Voters,572,IVR/Online,Nonpartisan,NA,Obama,50
Washington,13154,SurveyUSA,2012-01-12,2012-01-16,Likely Voters,572,IVR/Online,Nonpartisan,NA,Romney,39
Washington,13154,SurveyUSA,2012-01-12,2012-01-16,Likely Voters,572,IVR/Online,Nonpartisan,NA,Other,NA
Washington,13154,SurveyUSA,2012-01-12,2012-01-16,Likely Voters,572,IVR/Online,Nonpartisan,NA,Undecided,11
Vermont,14755,Castleton State College,2012-08-11,2012-08-21,Likely Voters,477,Automated Phone,Nonpartisan,NA,Obama,62
Vermont,14755,Castleton State College,2012-08-11,2012-08-21,Likely Voters,477,Automated Phone,Nonpartisan,NA,Romney,25
Vermont,14755,Castleton State College,2012-08-11,2012-08-21,Likely Voters,477,Automated Phone,Nonpartisan,NA,Other,1
Vermont,14755,Castleton State College,2012-08-11,2012-08-21,Likely Voters,477,Automated Phone,Nonpartisan,NA,Undecided,7
Vermont,13458,Castleton State College,2012-02-11,2012-02-22,Registered Voters,664,Automated Phone,Nonpartisan,NA,Obama,58
Vermont,13458,Castleton State College,2012-02-11,2012-02-22,Registered Voters,664,Automated Phone,Nonpartisan,NA,Romney,33
Vermont,13458,Castleton State College,2012-02-11,2012-02-22,Registered Voters,664,Automated Phone,Nonpartisan,NA,Other,6
Vermont,13458,Castleton State College,2012-02-11,2012-02-22,Registered Voters,664,Automated Phone,Nonpartisan,NA,Undecided,NA
Texas,16596,YouGov,2012-10-31,2012-11-03,Likely Voters,1563,Internet,Nonpartisan,NA,Obama,38
Texas,16596,YouGov,2012-10-31,2012-11-03,Likely Voters,1563,Internet,Nonpartisan,NA,Romney,57
Texas,16596,YouGov,2012-10-31,2012-11-03,Likely Voters,1563,Internet,Nonpartisan,NA,Other,3
Texas,16596,YouGov,2012-10-31,2012-11-03,Likely Voters,1563,Internet,Nonpartisan,NA,Undecided,2
Texas,16331,YouGov/U of Texas/Texas Tribune,2012-10-15,2012-10-21,Likely Voters,540,Internet,Nonpartisan,NA,Obama,39
Texas,16331,YouGov/U of Texas/Texas Tribune,2012-10-15,2012-10-21,Likely Voters,540,Internet,Nonpartisan,NA,Romney,55
Texas,16331,YouGov/U of Texas/Texas Tribune,2012-10-15,2012-10-21,Likely Voters,540,Internet,Nonpartisan,NA,Other,6
Texas,16331,YouGov/U of Texas/Texas Tribune,2012-10-15,2012-10-21,Likely Voters,540,Internet,Nonpartisan,NA,Undecided,NA
Texas,15872,YouGov,2012-10-04,2012-10-11,Likely Voters,957,Internet,Nonpartisan,NA,Obama,41
Texas,15872,YouGov,2012-10-04,2012-10-11,Likely Voters,957,Internet,Nonpartisan,NA,Romney,55
Texas,15872,YouGov,2012-10-04,2012-10-11,Likely Voters,957,Internet,Nonpartisan,NA,Other,2
Texas,15872,YouGov,2012-10-04,2012-10-11,Likely Voters,957,Internet,Nonpartisan,NA,Undecided,2
Texas,15488,Texas Lyceum,2012-09-10,2012-09-26,Likely Voters,443,Live Phone,Nonpartisan,NA,Obama,39
Texas,15488,Texas Lyceum,2012-09-10,2012-09-26,Likely Voters,443,Live Phone,Nonpartisan,NA,Romney,58
Texas,15488,Texas Lyceum,2012-09-10,2012-09-26,Likely Voters,443,Live Phone,Nonpartisan,NA,Other,NA
Texas,15488,Texas Lyceum,2012-09-10,2012-09-26,Likely Voters,443,Live Phone,Nonpartisan,NA,Undecided,4
Texas,15231,YouGov,2012-09-07,2012-09-14,Likely Voters,1165,Internet,Nonpartisan,NA,Obama,41
Texas,15231,YouGov,2012-09-07,2012-09-14,Likely Voters,1165,Internet,Nonpartisan,NA,Romney,53
Texas,15231,YouGov,2012-09-07,2012-09-14,Likely Voters,1165,Internet,Nonpartisan,NA,Other,4
Texas,15231,YouGov,2012-09-07,2012-09-14,Likely Voters,1165,Internet,Nonpartisan,NA,Undecided,2
Texas,14990,Wilson Perkins Allen Opinion Research (R),2012-09-09,2012-09-11,Likely Voters,1000,Live Phone,Pollster,Rep,Obama,40
Texas,14990,Wilson Perkins Allen Opinion Research (R),2012-09-09,2012-09-11,Likely Voters,1000,Live Phone,Pollster,Rep,Romney,55
Texas,14990,Wilson Perkins Allen Opinion Research (R),2012-09-09,2012-09-11,Likely Voters,1000,Live Phone,Pollster,Rep,Other,2
Texas,14990,Wilson Perkins Allen Opinion Research (R),2012-09-09,2012-09-11,Likely Voters,1000,Live Phone,Pollster,Rep,Undecided,3
Texas,13863,YouGov/U of Texas/Texas Tribune,2012-05-07,2012-05-13,Likely Voters,511,Internet,Nonpartisan,NA,Obama,35
Texas,13863,YouGov/U of Texas/Texas Tribune,2012-05-07,2012-05-13,Likely Voters,511,Internet,Nonpartisan,NA,Romney,55
Texas,13863,YouGov/U of Texas/Texas Tribune,2012-05-07,2012-05-13,Likely Voters,511,Internet,Nonpartisan,NA,Other,NA
Texas,13863,YouGov/U of Texas/Texas Tribune,2012-05-07,2012-05-13,Likely Voters,511,Internet,Nonpartisan,NA,Undecided,NA
Texas,13603,PPP (D),2012-04-19,2012-04-22,Likely Voters,591,Automated Phone,Pollster,Dem,Obama,43
Texas,13603,PPP (D),2012-04-19,2012-04-22,Likely Voters,591,Automated Phone,Pollster,Dem,Romney,50
Texas,13603,PPP (D),2012-04-19,2012-04-22,Likely Voters,591,Automated Phone,Pollster,Dem,Other,NA
Texas,13603,PPP (D),2012-04-19,2012-04-22,Likely Voters,591,Automated Phone,Pollster,Dem,Undecided,7
Texas,13457,U of Texas/Texas Tribune,2012-02-08,2012-02-15,Likely Voters,529,Internet,Nonpartisan,NA,Obama,36
Texas,13457,U of Texas/Texas Tribune,2012-02-08,2012-02-15,Likely Voters,529,Internet,Nonpartisan,NA,Romney,49
Texas,13457,U of Texas/Texas Tribune,2012-02-08,2012-02-15,Likely Voters,529,Internet,Nonpartisan,NA,Other,NA
Texas,13457,U of Texas/Texas Tribune,2012-02-08,2012-02-15,Likely Voters,529,Internet,Nonpartisan,NA,Undecided,NA
Texas,12647,PPP (D),2012-01-12,2012-01-15,Likely Voters,700,Automated Phone,Pollster,Dem,Obama,42
Texas,12647,PPP (D),2012-01-12,2012-01-15,Likely Voters,700,Automated Phone,Pollster,Dem,Romney,49
Texas,12647,PPP (D),2012-01-12,2012-01-15,Likely Voters,700,Automated Phone,Pollster,Dem,Other,NA
Texas,12647,PPP (D),2012-01-12,2012-01-15,Likely Voters,700,Automated Phone,Pollster,Dem,Undecided,9
Tennessee,16594,YouGov,2012-10-31,2012-11-03,Likely Voters,697,Internet,Nonpartisan,NA,Obama,42
Tennessee,16594,YouGov,2012-10-31,2012-11-03,Likely Voters,697,Internet,Nonpartisan,NA,Romney,53
Tennessee,16594,YouGov,2012-10-31,2012-11-03,Likely Voters,697,Internet,Nonpartisan,NA,Other,2
Tennessee,16594,YouGov,2012-10-31,2012-11-03,Likely Voters,697,Internet,Nonpartisan,NA,Undecided,3
Tennessee,16330,MTSU,2012-10-16,2012-10-21,Likely Voters,609,Live Phone,Nonpartisan,NA,Obama,34
Tennessee,16330,MTSU,2012-10-16,2012-10-21,Likely Voters,609,Live Phone,Nonpartisan,NA,Romney,59
Tennessee,16330,MTSU,2012-10-16,2012-10-21,Likely Voters,609,Live Phone,Nonpartisan,NA,Other,1
Tennessee,16330,MTSU,2012-10-16,2012-10-21,Likely Voters,609,Live Phone,Nonpartisan,NA,Undecided,6
Tennessee,15871,YouGov,2012-10-04,2012-10-11,Likely Voters,484,Internet,Nonpartisan,NA,Obama,43
Tennessee,15871,YouGov,2012-10-04,2012-10-11,Likely Voters,484,Internet,Nonpartisan,NA,Romney,52
Tennessee,15871,YouGov,2012-10-04,2012-10-11,Likely Voters,484,Internet,Nonpartisan,NA,Other,2
Tennessee,15871,YouGov,2012-10-04,2012-10-11,Likely Voters,484,Internet,Nonpartisan,NA,Undecided,4
Tennessee,15226,YouGov,2012-09-07,2012-09-14,Likely Voters,694,Internet,Nonpartisan,NA,Obama,42
Tennessee,15226,YouGov,2012-09-07,2012-09-14,Likely Voters,694,Internet,Nonpartisan,NA,Romney,50
Tennessee,15226,YouGov,2012-09-07,2012-09-14,Likely Voters,694,Internet,Nonpartisan,NA,Other,4
Tennessee,15226,YouGov,2012-09-07,2012-09-14,Likely Voters,694,Internet,Nonpartisan,NA,Undecided,4
Tennessee,13845,Vanderbit/PSRA,2012-05-02,2012-05-09,Registered Voters,826,Live Phone,Nonpartisan,NA,Obama,40
Tennessee,13845,Vanderbit/PSRA,2012-05-02,2012-05-09,Registered Voters,826,Live Phone,Nonpartisan,NA,Romney,47
Tennessee,13845,Vanderbit/PSRA,2012-05-02,2012-05-09,Registered Voters,826,Live Phone,Nonpartisan,NA,Other,NA
Tennessee,13845,Vanderbit/PSRA,2012-05-02,2012-05-09,Registered Voters,826,Live Phone,Nonpartisan,NA,Undecided,NA
Tennessee,13087,MTSU,2012-02-13,2012-02-25,Likely Voters,416,Live Phone,Nonpartisan,NA,Obama,41
Tennessee,13087,MTSU,2012-02-13,2012-02-25,Likely Voters,416,Live Phone,Nonpartisan,NA,Romney,47
Tennessee,13087,MTSU,2012-02-13,2012-02-25,Likely Voters,416,Live Phone,Nonpartisan,NA,Other,NA
Tennessee,13087,MTSU,2012-02-13,2012-02-25,Likely Voters,416,Live Phone,Nonpartisan,NA,Undecided,NA
Tennessee,13125,Vanderbit/PSRA,2012-02-16,2012-02-22,Registered Voters,1508,Live Phone,Nonpartisan,NA,Obama,39
Tennessee,13125,Vanderbit/PSRA,2012-02-16,2012-02-22,Registered Voters,1508,Live Phone,Nonpartisan,NA,Romney,42
Tennessee,13125,Vanderbit/PSRA,2012-02-16,2012-02-22,Registered Voters,1508,Live Phone,Nonpartisan,NA,Other,NA
Tennessee,13125,Vanderbit/PSRA,2012-02-16,2012-02-22,Registered Voters,1508,Live Phone,Nonpartisan,NA,Undecided,7
Tennessee,12578,MTSU,2011-10-03,2011-10-14,Adults,640,Live Phone,Nonpartisan,NA,Obama,29
Tennessee,12578,MTSU,2011-10-03,2011-10-14,Adults,640,Live Phone,Nonpartisan,NA,Romney,44
Tennessee,12578,MTSU,2011-10-03,2011-10-14,Adults,640,Live Phone,Nonpartisan,NA,Other,NA
Tennessee,12578,MTSU,2011-10-03,2011-10-14,Adults,640,Live Phone,Nonpartisan,NA,Undecided,NA
South Dakota,16663,Nielson Brothers,2012-10-31,2012-11-04,Likely Voters,617,Automated Phone,Nonpartisan,NA,Obama,41
South Dakota,16663,Nielson Brothers,2012-10-31,2012-11-04,Likely Voters,617,Automated Phone,Nonpartisan,NA,Romney,53
South Dakota,16663,Nielson Brothers,2012-10-31,2012-11-04,Likely Voters,617,Automated Phone,Nonpartisan,NA,Other,NA
South Dakota,16663,Nielson Brothers,2012-10-31,2012-11-04,Likely Voters,617,Automated Phone,Nonpartisan,NA,Undecided,6
South Dakota,16499,Nielson Brothers,2012-10-28,2012-10-31,Likely Voters,777,Automated Phone,Nonpartisan,NA,Obama,42
South Dakota,16499,Nielson Brothers,2012-10-28,2012-10-31,Likely Voters,777,Automated Phone,Nonpartisan,NA,Romney,50
South Dakota,16499,Nielson Brothers,2012-10-28,2012-10-31,Likely Voters,777,Automated Phone,Nonpartisan,NA,Other,NA
South Dakota,16499,Nielson Brothers,2012-10-28,2012-10-31,Likely Voters,777,Automated Phone,Nonpartisan,NA,Undecided,8
South Dakota,15753,Nielson Brothers,2012-10-01,2012-10-05,Likely Voters,749,Automated Phone,Nonpartisan,NA,Obama,41
South Dakota,15753,Nielson Brothers,2012-10-01,2012-10-05,Likely Voters,749,Automated Phone,Nonpartisan,NA,Romney,52
South Dakota,15753,Nielson Brothers,2012-10-01,2012-10-05,Likely Voters,749,Automated Phone,Nonpartisan,NA,Other,NA
South Dakota,15753,Nielson Brothers,2012-10-01,2012-10-05,Likely Voters,749,Automated Phone,Nonpartisan,NA,Undecided,7
South Dakota,15249,Nielson Brothers,2012-08-29,2012-09-06,Likely Voters,512,Automated Phone,Nonpartisan,NA,Obama,39
South Dakota,15249,Nielson Brothers,2012-08-29,2012-09-06,Likely Voters,512,Automated Phone,Nonpartisan,NA,Romney,54
South Dakota,15249,Nielson Brothers,2012-08-29,2012-09-06,Likely Voters,512,Automated Phone,Nonpartisan,NA,Other,NA
South Dakota,15249,Nielson Brothers,2012-08-29,2012-09-06,Likely Voters,512,Automated Phone,Nonpartisan,NA,Undecided,7
South Dakota,14558,Nielson Brothers,2012-07-19,2012-07-23,Registered Voters,546,Automated Phone,Nonpartisan,NA,Obama,43
South Dakota,14558,Nielson Brothers,2012-07-19,2012-07-23,Registered Voters,546,Automated Phone,Nonpartisan,NA,Romney,49
South Dakota,14558,Nielson Brothers,2012-07-19,2012-07-23,Registered Voters,546,Automated Phone,Nonpartisan,NA,Other,NA
South Dakota,14558,Nielson Brothers,2012-07-19,2012-07-23,Registered Voters,546,Automated Phone,Nonpartisan,NA,Undecided,8
South Dakota,13456,Nielson Brothers,2012-02-15,2012-02-17,Registered Voters,559,Automated Phone,Nonpartisan,NA,Obama,35
South Dakota,13456,Nielson Brothers,2012-02-15,2012-02-17,Registered Voters,559,Automated Phone,Nonpartisan,NA,Romney,44
South Dakota,13456,Nielson Brothers,2012-02-15,2012-02-17,Registered Voters,559,Automated Phone,Nonpartisan,NA,Other,NA
South Dakota,13456,Nielson Brothers,2012-02-15,2012-02-17,Registered Voters,559,Automated Phone,Nonpartisan,NA,Undecided,21
South Carolina,12475,Ipsos/Reuters (Internet),2012-01-10,2012-01-13,Registered Voters,995,Internet,Nonpartisan,NA,Obama,40
South Carolina,12475,Ipsos/Reuters (Internet),2012-01-10,2012-01-13,Registered Voters,995,Internet,Nonpartisan,NA,Romney,46
South Carolina,12475,Ipsos/Reuters (Internet),2012-01-10,2012-01-13,Registered Voters,995,Internet,Nonpartisan,NA,Other,NA
South Carolina,12475,Ipsos/Reuters (Internet),2012-01-10,2012-01-13,Registered Voters,995,Internet,Nonpartisan,NA,Undecided,NA
South Carolina,12565,Marist College,2011-12-04,2011-12-06,Likely Voters,2107,Live Phone,Nonpartisan,NA,Obama,45
South Carolina,12565,Marist College,2011-12-04,2011-12-06,Likely Voters,2107,Live Phone,Nonpartisan,NA,Romney,42
South Carolina,12565,Marist College,2011-12-04,2011-12-06,Likely Voters,2107,Live Phone,Nonpartisan,NA,Other,NA
South Carolina,12565,Marist College,2011-12-04,2011-12-06,Likely Voters,2107,Live Phone,Nonpartisan,NA,Undecided,13
South Carolina,12566,Marist College,2011-10-11,2011-10-13,Likely Voters,2131,Live Phone,Nonpartisan,NA,Obama,40
South Carolina,12566,Marist College,2011-10-11,2011-10-13,Likely Voters,2131,Live Phone,Nonpartisan,NA,Romney,46
South Carolina,12566,Marist College,2011-10-11,2011-10-13,Likely Voters,2131,Live Phone,Nonpartisan,NA,Other,NA
South Carolina,12566,Marist College,2011-10-11,2011-10-13,Likely Voters,2131,Live Phone,Nonpartisan,NA,Undecided,14
Oregon,16491,PPP (D),2012-10-31,2012-11-01,Likely Voters,921,Automated Phone,Pollster,Dem,Obama,52
Oregon,16491,PPP (D),2012-10-31,2012-11-01,Likely Voters,921,Automated Phone,Pollster,Dem,Romney,46
Oregon,16491,PPP (D),2012-10-31,2012-11-01,Likely Voters,921,Automated Phone,Pollster,Dem,Other,NA
Oregon,16491,PPP (D),2012-10-31,2012-11-01,Likely Voters,921,Automated Phone,Pollster,Dem,Undecided,3
Oregon,16315,Elway/Oregonian,2012-10-25,2012-10-28,Likely Voters,405,Live Phone,Nonpartisan,NA,Obama,47
Oregon,16315,Elway/Oregonian,2012-10-25,2012-10-28,Likely Voters,405,Live Phone,Nonpartisan,NA,Romney,41
Oregon,16315,Elway/Oregonian,2012-10-25,2012-10-28,Likely Voters,405,Live Phone,Nonpartisan,NA,Other,NA
Oregon,16315,Elway/Oregonian,2012-10-25,2012-10-28,Likely Voters,405,Live Phone,Nonpartisan,NA,Undecided,9
Oregon,16329,Hoffman Research (R),2012-10-24,2012-10-25,Likely Voters,615,Live Phone,Pollster,Rep,Obama,47
Oregon,16329,Hoffman Research (R),2012-10-24,2012-10-25,Likely Voters,615,Live Phone,Pollster,Rep,Romney,42
Oregon,16329,Hoffman Research (R),2012-10-24,2012-10-25,Likely Voters,615,Live Phone,Pollster,Rep,Other,NA
Oregon,16329,Hoffman Research (R),2012-10-24,2012-10-25,Likely Voters,615,Live Phone,Pollster,Rep,Undecided,12
Oregon,15941,SurveyUSA,2012-10-16,2012-10-18,Likely Voters,579,IVR/Online,Nonpartisan,NA,Obama,49
Oregon,15941,SurveyUSA,2012-10-16,2012-10-18,Likely Voters,579,IVR/Online,Nonpartisan,NA,Romney,42
Oregon,15941,SurveyUSA,2012-10-16,2012-10-18,Likely Voters,579,IVR/Online,Nonpartisan,NA,Other,NA
Oregon,15941,SurveyUSA,2012-10-16,2012-10-18,Likely Voters,579,IVR/Online,Nonpartisan,NA,Undecided,5
Oregon,15097,SurveyUSA,2012-09-10,2012-09-13,Likely Voters,552,IVR/Online,Nonpartisan,NA,Obama,50
Oregon,15097,SurveyUSA,2012-09-10,2012-09-13,Likely Voters,552,IVR/Online,Nonpartisan,NA,Romney,41
Oregon,15097,SurveyUSA,2012-09-10,2012-09-13,Likely Voters,552,IVR/Online,Nonpartisan,NA,Other,NA
Oregon,15097,SurveyUSA,2012-09-10,2012-09-13,Likely Voters,552,IVR/Online,Nonpartisan,NA,Undecided,5
Oregon,14185,PPP (D),2012-06-21,2012-06-24,Likely Voters,686,Automated Phone,Pollster,Dem,Obama,50
Oregon,14185,PPP (D),2012-06-21,2012-06-24,Likely Voters,686,Automated Phone,Pollster,Dem,Romney,42
Oregon,14185,PPP (D),2012-06-21,2012-06-24,Likely Voters,686,Automated Phone,Pollster,Dem,Other,NA
Oregon,14185,PPP (D),2012-06-21,2012-06-24,Likely Voters,686,Automated Phone,Pollster,Dem,Undecided,8
Oregon,13744,SurveyUSA,2012-05-07,2012-05-10,Registered Voters,1468,IVR/Online,Nonpartisan,NA,Obama,47
Oregon,13744,SurveyUSA,2012-05-07,2012-05-10,Registered Voters,1468,IVR/Online,Nonpartisan,NA,Romney,43
Oregon,13744,SurveyUSA,2012-05-07,2012-05-10,Registered Voters,1468,IVR/Online,Nonpartisan,NA,Other,NA
Oregon,13744,SurveyUSA,2012-05-07,2012-05-10,Registered Voters,1468,IVR/Online,Nonpartisan,NA,Undecided,10
Oregon,13294,SurveyUSA,2012-03-14,2012-03-19,Likely Voters,1615,IVR/Online,Nonpartisan,NA,Obama,50
Oregon,13294,SurveyUSA,2012-03-14,2012-03-19,Likely Voters,1615,IVR/Online,Nonpartisan,NA,Romney,39
Oregon,13294,SurveyUSA,2012-03-14,2012-03-19,Likely Voters,1615,IVR/Online,Nonpartisan,NA,Other,NA
Oregon,13294,SurveyUSA,2012-03-14,2012-03-19,Likely Voters,1615,IVR/Online,Nonpartisan,NA,Undecided,11
New York,16579,YouGov,2012-10-31,2012-11-03,Likely Voters,1430,Internet,Nonpartisan,NA,Obama,59
New York,16579,YouGov,2012-10-31,2012-11-03,Likely Voters,1430,Internet,Nonpartisan,NA,Romney,36
New York,16579,YouGov,2012-10-31,2012-11-03,Likely Voters,1430,Internet,Nonpartisan,NA,Other,2
New York,16579,YouGov,2012-10-31,2012-11-03,Likely Voters,1430,Internet,Nonpartisan,NA,Undecided,3
New York,16219,SurveyUSA,2012-10-23,2012-10-25,Likely Voters,554,IVR/Online,Nonpartisan,NA,Obama,62
New York,16219,SurveyUSA,2012-10-23,2012-10-25,Likely Voters,554,IVR/Online,Nonpartisan,NA,Romney,33
New York,16219,SurveyUSA,2012-10-23,2012-10-25,Likely Voters,554,IVR/Online,Nonpartisan,NA,Other,4
New York,16219,SurveyUSA,2012-10-23,2012-10-25,Likely Voters,554,IVR/Online,Nonpartisan,NA,Undecided,2
New York,16188,Siena,2012-10-22,2012-10-24,Likely Voters,750,Live Phone,Nonpartisan,NA,Obama,59
New York,16188,Siena,2012-10-22,2012-10-24,Likely Voters,750,Live Phone,Nonpartisan,NA,Romney,35
New York,16188,Siena,2012-10-22,2012-10-24,Likely Voters,750,Live Phone,Nonpartisan,NA,Other,NA
New York,16188,Siena,2012-10-22,2012-10-24,Likely Voters,750,Live Phone,Nonpartisan,NA,Undecided,6
New York,16137,Marist,2012-10-18,2012-10-21,Likely Voters,565,Live Phone,Nonpartisan,NA,Obama,61
New York,16137,Marist,2012-10-18,2012-10-21,Likely Voters,565,Live Phone,Nonpartisan,NA,Romney,35
New York,16137,Marist,2012-10-18,2012-10-21,Likely Voters,565,Live Phone,Nonpartisan,NA,Other,1
New York,16137,Marist,2012-10-18,2012-10-21,Likely Voters,565,Live Phone,Nonpartisan,NA,Undecided,3
New York,15856,YouGov,2012-10-04,2012-10-11,Likely Voters,1403,Internet,Nonpartisan,NA,Obama,59
New York,15856,YouGov,2012-10-04,2012-10-11,Likely Voters,1403,Internet,Nonpartisan,NA,Romney,35
New York,15856,YouGov,2012-10-04,2012-10-11,Likely Voters,1403,Internet,Nonpartisan,NA,Other,2
New York,15856,YouGov,2012-10-04,2012-10-11,Likely Voters,1403,Internet,Nonpartisan,NA,Undecided,4
New York,15227,YouGov,2012-09-07,2012-09-14,Likely Voters,1403,Internet,Nonpartisan,NA,Obama,58
New York,15227,YouGov,2012-09-07,2012-09-14,Likely Voters,1403,Internet,Nonpartisan,NA,Romney,36
New York,15227,YouGov,2012-09-07,2012-09-14,Likely Voters,1403,Internet,Nonpartisan,NA,Other,2
New York,15227,YouGov,2012-09-07,2012-09-14,Likely Voters,1403,Internet,Nonpartisan,NA,Undecided,4
New York,14998,Quinnipiac,2012-09-04,2012-09-12,Likely Voters,1486,Live Phone,Nonpartisan,NA,Obama,62
New York,14998,Quinnipiac,2012-09-04,2012-09-12,Likely Voters,1486,Live Phone,Nonpartisan,NA,Romney,34
New York,14998,Quinnipiac,2012-09-04,2012-09-12,Likely Voters,1486,Live Phone,Nonpartisan,NA,Other,1
New York,14998,Quinnipiac,2012-09-04,2012-09-12,Likely Voters,1486,Live Phone,Nonpartisan,NA,Undecided,2
New York,14726,Siena,2012-08-14,2012-08-19,Likely Voters,671,Live Phone,Nonpartisan,NA,Obama,62
New York,14726,Siena,2012-08-14,2012-08-19,Likely Voters,671,Live Phone,Nonpartisan,NA,Romney,33
New York,14726,Siena,2012-08-14,2012-08-19,Likely Voters,671,Live Phone,Nonpartisan,NA,Other,NA
New York,14726,Siena,2012-08-14,2012-08-19,Likely Voters,671,Live Phone,Nonpartisan,NA,Undecided,5
New York,14440,Quinnipiac,2012-07-17,2012-07-23,Registered Voters,1779,Live Phone,Nonpartisan,NA,Obama,55
New York,14440,Quinnipiac,2012-07-17,2012-07-23,Registered Voters,1779,Live Phone,Nonpartisan,NA,Romney,32
New York,14440,Quinnipiac,2012-07-17,2012-07-23,Registered Voters,1779,Live Phone,Nonpartisan,NA,Other,2
New York,14440,Quinnipiac,2012-07-17,2012-07-23,Registered Voters,1779,Live Phone,Nonpartisan,NA,Undecided,10
New York,14362,Siena,2012-07-10,2012-07-15,Registered Voters,758,Live Phone,Nonpartisan,NA,Obama,61
New York,14362,Siena,2012-07-10,2012-07-15,Registered Voters,758,Live Phone,Nonpartisan,NA,Romney,34
New York,14362,Siena,2012-07-10,2012-07-15,Registered Voters,758,Live Phone,Nonpartisan,NA,Other,NA
New York,14362,Siena,2012-07-10,2012-07-15,Registered Voters,758,Live Phone,Nonpartisan,NA,Undecided,5
New York,14068,Siena,2012-06-03,2012-06-06,Registered Voters,807,Live Phone,Nonpartisan,NA,Obama,59
New York,14068,Siena,2012-06-03,2012-06-06,Registered Voters,807,Live Phone,Nonpartisan,NA,Romney,35
New York,14068,Siena,2012-06-03,2012-06-06,Registered Voters,807,Live Phone,Nonpartisan,NA,Other,NA
New York,14068,Siena,2012-06-03,2012-06-06,Registered Voters,807,Live Phone,Nonpartisan,NA,Undecided,6
New York,13968,Quinnipiac,2012-05-22,2012-05-28,Registered Voters,1504,Live Phone,Nonpartisan,NA,Obama,56
New York,13968,Quinnipiac,2012-05-22,2012-05-28,Registered Voters,1504,Live Phone,Nonpartisan,NA,Romney,31
New York,13968,Quinnipiac,2012-05-22,2012-05-28,Registered Voters,1504,Live Phone,Nonpartisan,NA,Other,2
New York,13968,Quinnipiac,2012-05-22,2012-05-28,Registered Voters,1504,Live Phone,Nonpartisan,NA,Undecided,8
New York,13797,Siena,2012-05-06,2012-05-10,Registered Voters,766,Live Phone,Nonpartisan,NA,Obama,57
New York,13797,Siena,2012-05-06,2012-05-10,Registered Voters,766,Live Phone,Nonpartisan,NA,Romney,37
New York,13797,Siena,2012-05-06,2012-05-10,Registered Voters,766,Live Phone,Nonpartisan,NA,Other,NA
New York,13797,Siena,2012-05-06,2012-05-10,Registered Voters,766,Live Phone,Nonpartisan,NA,Undecided,6
New York,13554,Marist,2012-04-10,2012-04-12,Registered Voters,632,Live Phone,Nonpartisan,NA,Obama,57
New York,13554,Marist,2012-04-10,2012-04-12,Registered Voters,632,Live Phone,Nonpartisan,NA,Romney,35
New York,13554,Marist,2012-04-10,2012-04-12,Registered Voters,632,Live Phone,Nonpartisan,NA,Other,NA
New York,13554,Marist,2012-04-10,2012-04-12,Registered Voters,632,Live Phone,Nonpartisan,NA,Undecided,8
New York,13492,Siena,2012-04-01,2012-04-04,Registered Voters,808,Live Phone,Nonpartisan,NA,Obama,60
New York,13492,Siena,2012-04-01,2012-04-04,Registered Voters,808,Live Phone,Nonpartisan,NA,Romney,35
New York,13492,Siena,2012-04-01,2012-04-04,Registered Voters,808,Live Phone,Nonpartisan,NA,Other,NA
New York,13492,Siena,2012-04-01,2012-04-04,Registered Voters,808,Live Phone,Nonpartisan,NA,Undecided,5
New York,13439,Quinnipiac,2012-03-28,2012-04-02,Registered Voters,1597,Live Phone,Nonpartisan,NA,Obama,56
New York,13439,Quinnipiac,2012-03-28,2012-04-02,Registered Voters,1597,Live Phone,Nonpartisan,NA,Romney,33
New York,13439,Quinnipiac,2012-03-28,2012-04-02,Registered Voters,1597,Live Phone,Nonpartisan,NA,Other,2
New York,13439,Quinnipiac,2012-03-28,2012-04-02,Registered Voters,1597,Live Phone,Nonpartisan,NA,Undecided,10
New York,13321,Siena,2012-02-26,2012-02-29,Registered Voters,808,Live Phone,Nonpartisan,NA,Obama,60
New York,13321,Siena,2012-02-26,2012-02-29,Registered Voters,808,Live Phone,Nonpartisan,NA,Romney,34
New York,13321,Siena,2012-02-26,2012-02-29,Registered Voters,808,Live Phone,Nonpartisan,NA,Other,NA
New York,13321,Siena,2012-02-26,2012-02-29,Registered Voters,808,Live Phone,Nonpartisan,NA,Undecided,6
New York,13146,Quinnipiac,2012-02-08,2012-02-13,Registered Voters,1233,Live Phone,Nonpartisan,NA,Obama,52
New York,13146,Quinnipiac,2012-02-08,2012-02-13,Registered Voters,1233,Live Phone,Nonpartisan,NA,Romney,35
New York,13146,Quinnipiac,2012-02-08,2012-02-13,Registered Voters,1233,Live Phone,Nonpartisan,NA,Other,2
New York,13146,Quinnipiac,2012-02-08,2012-02-13,Registered Voters,1233,Live Phone,Nonpartisan,NA,Undecided,7
New York,13322,Siena,2012-01-29,2012-02-01,Registered Voters,807,Live Phone,Nonpartisan,NA,Obama,63
New York,13322,Siena,2012-01-29,2012-02-01,Registered Voters,807,Live Phone,Nonpartisan,NA,Romney,31
New York,13322,Siena,2012-01-29,2012-02-01,Registered Voters,807,Live Phone,Nonpartisan,NA,Other,NA
New York,13322,Siena,2012-01-29,2012-02-01,Registered Voters,807,Live Phone,Nonpartisan,NA,Undecided,6
New York,13455,Marist,2012-01-18,2012-01-19,Registered Voters,554,Live Phone,Nonpartisan,NA,Obama,58
New York,13455,Marist,2012-01-18,2012-01-19,Registered Voters,554,Live Phone,Nonpartisan,NA,Romney,35
New York,13455,Marist,2012-01-18,2012-01-19,Registered Voters,554,Live Phone,Nonpartisan,NA,Other,NA
New York,13455,Marist,2012-01-18,2012-01-19,Registered Voters,554,Live Phone,Nonpartisan,NA,Undecided,7
New Jersey,16587,YouGov,2012-10-31,2012-11-03,Likely Voters,987,Internet,Nonpartisan,NA,Obama,53
New Jersey,16587,YouGov,2012-10-31,2012-11-03,Likely Voters,987,Internet,Nonpartisan,NA,Romney,41
New Jersey,16587,YouGov,2012-10-31,2012-11-03,Likely Voters,987,Internet,Nonpartisan,NA,Other,2
New Jersey,16587,YouGov,2012-10-31,2012-11-03,Likely Voters,987,Internet,Nonpartisan,NA,Undecided,4
New Jersey,16213,Philadelphia Inquirer/National Research (R)/GSG (D),2012-10-23,2012-10-25,Likely Voters,601,Live Phone,Nonpartisan,NA,Obama,51
New Jersey,16213,Philadelphia Inquirer/National Research (R)/GSG (D),2012-10-23,2012-10-25,Likely Voters,601,Live Phone,Nonpartisan,NA,Romney,41
New Jersey,16213,Philadelphia Inquirer/National Research (R)/GSG (D),2012-10-23,2012-10-25,Likely Voters,601,Live Phone,Nonpartisan,NA,Other,NA
New Jersey,16213,Philadelphia Inquirer/National Research (R)/GSG (D),2012-10-23,2012-10-25,Likely Voters,601,Live Phone,Nonpartisan,NA,Undecided,8
New Jersey,15975,SurveyUSA,2012-10-17,2012-10-18,Registered Voters,577,IVR/Online,Nonpartisan,NA,Obama,54
New Jersey,15975,SurveyUSA,2012-10-17,2012-10-18,Registered Voters,577,IVR/Online,Nonpartisan,NA,Romney,40
New Jersey,15975,SurveyUSA,2012-10-17,2012-10-18,Registered Voters,577,IVR/Online,Nonpartisan,NA,Other,2
New Jersey,15975,SurveyUSA,2012-10-17,2012-10-18,Registered Voters,577,IVR/Online,Nonpartisan,NA,Undecided,4
New Jersey,15982,Stockton,2012-10-12,2012-10-18,Likely Voters,811,Live Phone,Nonpartisan,NA,Obama,53
New Jersey,15982,Stockton,2012-10-12,2012-10-18,Likely Voters,811,Live Phone,Nonpartisan,NA,Romney,38
New Jersey,15982,Stockton,2012-10-12,2012-10-18,Likely Voters,811,Live Phone,Nonpartisan,NA,Other,NA
New Jersey,15982,Stockton,2012-10-12,2012-10-18,Likely Voters,811,Live Phone,Nonpartisan,NA,Undecided,NA
New Jersey,15870,Neighborhood (R-AFP),2012-10-10,2012-10-14,Likely Voters,783,Live Phone,Sponsor,Rep,Obama,48
New Jersey,15870,Neighborhood (R-AFP),2012-10-10,2012-10-14,Likely Voters,783,Live Phone,Sponsor,Rep,Romney,41
New Jersey,15870,Neighborhood (R-AFP),2012-10-10,2012-10-14,Likely Voters,783,Live Phone,Sponsor,Rep,Other,NA
New Jersey,15870,Neighborhood (R-AFP),2012-10-10,2012-10-14,Likely Voters,783,Live Phone,Sponsor,Rep,Undecided,NA
New Jersey,15819,Quinnipiac,2012-10-10,2012-10-14,Likely Voters,1319,Live Phone,Nonpartisan,NA,Obama,51
New Jersey,15819,Quinnipiac,2012-10-10,2012-10-14,Likely Voters,1319,Live Phone,Nonpartisan,NA,Romney,43
New Jersey,15819,Quinnipiac,2012-10-10,2012-10-14,Likely Voters,1319,Live Phone,Nonpartisan,NA,Other,1
New Jersey,15819,Quinnipiac,2012-10-10,2012-10-14,Likely Voters,1319,Live Phone,Nonpartisan,NA,Undecided,5
New Jersey,15846,YouGov,2012-10-04,2012-10-11,Likely Voters,770,Internet,Nonpartisan,NA,Obama,54
New Jersey,15846,YouGov,2012-10-04,2012-10-11,Likely Voters,770,Internet,Nonpartisan,NA,Romney,41
New Jersey,15846,YouGov,2012-10-04,2012-10-11,Likely Voters,770,Internet,Nonpartisan,NA,Other,2
New Jersey,15846,YouGov,2012-10-04,2012-10-11,Likely Voters,770,Internet,Nonpartisan,NA,Undecided,3
New Jersey,15691,Philadelphia Inquirer/National Research (R)/GSG (D),2012-10-04,2012-10-08,Likely Voters,604,Live Phone,Nonpartisan,NA,Obama,51
New Jersey,15691,Philadelphia Inquirer/National Research (R)/GSG (D),2012-10-04,2012-10-08,Likely Voters,604,Live Phone,Nonpartisan,NA,Romney,40
New Jersey,15691,Philadelphia Inquirer/National Research (R)/GSG (D),2012-10-04,2012-10-08,Likely Voters,604,Live Phone,Nonpartisan,NA,Other,NA
New Jersey,15691,Philadelphia Inquirer/National Research (R)/GSG (D),2012-10-04,2012-10-08,Likely Voters,604,Live Phone,Nonpartisan,NA,Undecided,10
New Jersey,15491,Rutgers-Eagleton,2012-09-27,2012-09-30,Likely Voters,645,Live Phone,Nonpartisan,NA,Obama,56
New Jersey,15491,Rutgers-Eagleton,2012-09-27,2012-09-30,Likely Voters,645,Live Phone,Nonpartisan,NA,Romney,39
New Jersey,15491,Rutgers-Eagleton,2012-09-27,2012-09-30,Likely Voters,645,Live Phone,Nonpartisan,NA,Other,2
New Jersey,15491,Rutgers-Eagleton,2012-09-27,2012-09-30,Likely Voters,645,Live Phone,Nonpartisan,NA,Undecided,4
New Jersey,15299,Monmouth University/Asbury Park Press,2012-09-19,2012-09-23,Likely Voters,613,Live Phone,Nonpartisan,NA,Obama,52
New Jersey,15299,Monmouth University/Asbury Park Press,2012-09-19,2012-09-23,Likely Voters,613,Live Phone,Nonpartisan,NA,Romney,37
New Jersey,15299,Monmouth University/Asbury Park Press,2012-09-19,2012-09-23,Likely Voters,613,Live Phone,Nonpartisan,NA,Other,1
New Jersey,15299,Monmouth University/Asbury Park Press,2012-09-19,2012-09-23,Likely Voters,613,Live Phone,Nonpartisan,NA,Undecided,10
New Jersey,15195,YouGov,2012-09-07,2012-09-14,Likely Voters,1040,Internet,Nonpartisan,NA,Obama,52
New Jersey,15195,YouGov,2012-09-07,2012-09-14,Likely Voters,1040,Internet,Nonpartisan,NA,Romney,40
New Jersey,15195,YouGov,2012-09-07,2012-09-14,Likely Voters,1040,Internet,Nonpartisan,NA,Other,3
New Jersey,15195,YouGov,2012-09-07,2012-09-14,Likely Voters,1040,Internet,Nonpartisan,NA,Undecided,4
New Jersey,15075,Philadelphia Inquirer/National Research (R)/GSG (D),2012-09-09,2012-09-12,Likely Voters,600,Live Phone,Nonpartisan,NA,Obama,51
New Jersey,15075,Philadelphia Inquirer/National Research (R)/GSG (D),2012-09-09,2012-09-12,Likely Voters,600,Live Phone,Nonpartisan,NA,Romney,37
New Jersey,15075,Philadelphia Inquirer/National Research (R)/GSG (D),2012-09-09,2012-09-12,Likely Voters,600,Live Phone,Nonpartisan,NA,Other,NA
New Jersey,15075,Philadelphia Inquirer/National Research (R)/GSG (D),2012-09-09,2012-09-12,Likely Voters,600,Live Phone,Nonpartisan,NA,Undecided,12
New Jersey,15035,Fairleigh Dickinson,2012-09-06,2012-09-12,Likely Voters,706,Live Phone,Nonpartisan,NA,Obama,52
New Jersey,15035,Fairleigh Dickinson,2012-09-06,2012-09-12,Likely Voters,706,Live Phone,Nonpartisan,NA,Romney,38
New Jersey,15035,Fairleigh Dickinson,2012-09-06,2012-09-12,Likely Voters,706,Live Phone,Nonpartisan,NA,Other,1
New Jersey,15035,Fairleigh Dickinson,2012-09-06,2012-09-12,Likely Voters,706,Live Phone,Nonpartisan,NA,Undecided,9
New Jersey,14902,Quinnipiac,2012-08-27,2012-09-02,Likely Voters,1471,Live Phone,Nonpartisan,NA,Obama,51
New Jersey,14902,Quinnipiac,2012-08-27,2012-09-02,Likely Voters,1471,Live Phone,Nonpartisan,NA,Romney,44
New Jersey,14902,Quinnipiac,2012-08-27,2012-09-02,Likely Voters,1471,Live Phone,Nonpartisan,NA,Other,1
New Jersey,14902,Quinnipiac,2012-08-27,2012-09-02,Likely Voters,1471,Live Phone,Nonpartisan,NA,Undecided,4
New Jersey,14821,Rutgers-Eagleton,2012-08-23,2012-08-25,Likely Voters,710,Live Phone,Nonpartisan,NA,Obama,51
New Jersey,14821,Rutgers-Eagleton,2012-08-23,2012-08-25,Likely Voters,710,Live Phone,Nonpartisan,NA,Romney,37
New Jersey,14821,Rutgers-Eagleton,2012-08-23,2012-08-25,Likely Voters,710,Live Phone,Nonpartisan,NA,Other,6
New Jersey,14821,Rutgers-Eagleton,2012-08-23,2012-08-25,Likely Voters,710,Live Phone,Nonpartisan,NA,Undecided,5
New Jersey,14543,Fairleigh Dickinson,2012-07-23,2012-07-29,Registered Voters,945,Live Phone,Nonpartisan,NA,Obama,49
New Jersey,14543,Fairleigh Dickinson,2012-07-23,2012-07-29,Registered Voters,945,Live Phone,Nonpartisan,NA,Romney,36
New Jersey,14543,Fairleigh Dickinson,2012-07-23,2012-07-29,Registered Voters,945,Live Phone,Nonpartisan,NA,Other,NA
New Jersey,14543,Fairleigh Dickinson,2012-07-23,2012-07-29,Registered Voters,945,Live Phone,Nonpartisan,NA,Undecided,15
New Jersey,14456,Monmouth University/Asbury Park Press,2012-07-18,2012-07-22,Likely Voters,535,Live Phone,Nonpartisan,NA,Obama,50
New Jersey,14456,Monmouth University/Asbury Park Press,2012-07-18,2012-07-22,Likely Voters,535,Live Phone,Nonpartisan,NA,Romney,42
New Jersey,14456,Monmouth University/Asbury Park Press,2012-07-18,2012-07-22,Likely Voters,535,Live Phone,Nonpartisan,NA,Other,1
New Jersey,14456,Monmouth University/Asbury Park Press,2012-07-18,2012-07-22,Likely Voters,535,Live Phone,Nonpartisan,NA,Undecided,6
New Jersey,14371,Quinnipiac,2012-07-09,2012-07-15,Registered Voters,1623,Live Phone,Nonpartisan,NA,Obama,49
New Jersey,14371,Quinnipiac,2012-07-09,2012-07-15,Registered Voters,1623,Live Phone,Nonpartisan,NA,Romney,38
New Jersey,14371,Quinnipiac,2012-07-09,2012-07-15,Registered Voters,1623,Live Phone,Nonpartisan,NA,Other,2
New Jersey,14371,Quinnipiac,2012-07-09,2012-07-15,Registered Voters,1623,Live Phone,Nonpartisan,NA,Undecided,11
New Jersey,14088,Rutgers-Eagleton,2012-05-31,2012-06-04,Registered Voters,1065,Live Phone,Nonpartisan,NA,Obama,56
New Jersey,14088,Rutgers-Eagleton,2012-05-31,2012-06-04,Registered Voters,1065,Live Phone,Nonpartisan,NA,Romney,33
New Jersey,14088,Rutgers-Eagleton,2012-05-31,2012-06-04,Registered Voters,1065,Live Phone,Nonpartisan,NA,Other,3
New Jersey,14088,Rutgers-Eagleton,2012-05-31,2012-06-04,Registered Voters,1065,Live Phone,Nonpartisan,NA,Undecided,9
New Jersey,13812,Quinnipiac,2012-05-09,2012-05-14,Registered Voters,1582,Live Phone,Nonpartisan,NA,Obama,49
New Jersey,13812,Quinnipiac,2012-05-09,2012-05-14,Registered Voters,1582,Live Phone,Nonpartisan,NA,Romney,39
New Jersey,13812,Quinnipiac,2012-05-09,2012-05-14,Registered Voters,1582,Live Phone,Nonpartisan,NA,Other,2
New Jersey,13812,Quinnipiac,2012-05-09,2012-05-14,Registered Voters,1582,Live Phone,Nonpartisan,NA,Undecided,10
New Jersey,13726,Fairleigh Dickinson,2012-04-30,2012-05-06,Registered Voters,797,Live Phone,Nonpartisan,NA,Obama,50
New Jersey,13726,Fairleigh Dickinson,2012-04-30,2012-05-06,Registered Voters,797,Live Phone,Nonpartisan,NA,Romney,36
New Jersey,13726,Fairleigh Dickinson,2012-04-30,2012-05-06,Registered Voters,797,Live Phone,Nonpartisan,NA,Other,NA
New Jersey,13726,Fairleigh Dickinson,2012-04-30,2012-05-06,Registered Voters,797,Live Phone,Nonpartisan,NA,Undecided,14
New Jersey,13518,Quinnipiac,2012-04-03,2012-04-09,Registered Voters,1607,Live Phone,Nonpartisan,NA,Obama,49
New Jersey,13518,Quinnipiac,2012-04-03,2012-04-09,Registered Voters,1607,Live Phone,Nonpartisan,NA,Romney,40
New Jersey,13518,Quinnipiac,2012-04-03,2012-04-09,Registered Voters,1607,Live Phone,Nonpartisan,NA,Other,2
New Jersey,13518,Quinnipiac,2012-04-03,2012-04-09,Registered Voters,1607,Live Phone,Nonpartisan,NA,Undecided,9
New Jersey,13453,Fairleigh Dickinson,2012-03-05,2012-03-11,Registered Voters,800,Live Phone,Nonpartisan,NA,Obama,50
New Jersey,13453,Fairleigh Dickinson,2012-03-05,2012-03-11,Registered Voters,800,Live Phone,Nonpartisan,NA,Romney,37
New Jersey,13453,Fairleigh Dickinson,2012-03-05,2012-03-11,Registered Voters,800,Live Phone,Nonpartisan,NA,Other,NA
New Jersey,13453,Fairleigh Dickinson,2012-03-05,2012-03-11,Registered Voters,800,Live Phone,Nonpartisan,NA,Undecided,13
New Jersey,13086,Quinnipiac,2012-02-21,2012-02-27,Registered Voters,1396,Live Phone,Nonpartisan,NA,Obama,49
New Jersey,13086,Quinnipiac,2012-02-21,2012-02-27,Registered Voters,1396,Live Phone,Nonpartisan,NA,Romney,39
New Jersey,13086,Quinnipiac,2012-02-21,2012-02-27,Registered Voters,1396,Live Phone,Nonpartisan,NA,Other,1
New Jersey,13086,Quinnipiac,2012-02-21,2012-02-27,Registered Voters,1396,Live Phone,Nonpartisan,NA,Undecided,7
New Jersey,13085,SurveyUSA,2012-02-24,2012-02-26,Registered Voters,533,IVR/Online,Nonpartisan,NA,Obama,52
New Jersey,13085,SurveyUSA,2012-02-24,2012-02-26,Registered Voters,533,IVR/Online,Nonpartisan,NA,Romney,38
New Jersey,13085,SurveyUSA,2012-02-24,2012-02-26,Registered Voters,533,IVR/Online,Nonpartisan,NA,Other,NA
New Jersey,13085,SurveyUSA,2012-02-24,2012-02-26,Registered Voters,533,IVR/Online,Nonpartisan,NA,Undecided,10
New Jersey,13088,Rutgers-Eagleton,2012-02-09,2012-02-11,Registered Voters,914,Live Phone,Nonpartisan,NA,Obama,56
New Jersey,13088,Rutgers-Eagleton,2012-02-09,2012-02-11,Registered Voters,914,Live Phone,Nonpartisan,NA,Romney,31
New Jersey,13088,Rutgers-Eagleton,2012-02-09,2012-02-11,Registered Voters,914,Live Phone,Nonpartisan,NA,Other,NA
New Jersey,13088,Rutgers-Eagleton,2012-02-09,2012-02-11,Registered Voters,914,Live Phone,Nonpartisan,NA,Undecided,13
New Jersey,12499,Quinnipiac,2012-01-10,2012-01-16,Registered Voters,1460,Live Phone,Nonpartisan,NA,Obama,48
New Jersey,12499,Quinnipiac,2012-01-10,2012-01-16,Registered Voters,1460,Live Phone,Nonpartisan,NA,Romney,38
New Jersey,12499,Quinnipiac,2012-01-10,2012-01-16,Registered Voters,1460,Live Phone,Nonpartisan,NA,Other,2
New Jersey,12499,Quinnipiac,2012-01-10,2012-01-16,Registered Voters,1460,Live Phone,Nonpartisan,NA,Undecided,9
New Jersey,12575,Rutgers-Eagleton,2011-12-15,2011-12-18,Registered Voters,823,Live Phone,Nonpartisan,NA,Obama,51
New Jersey,12575,Rutgers-Eagleton,2011-12-15,2011-12-18,Registered Voters,823,Live Phone,Nonpartisan,NA,Romney,32
New Jersey,12575,Rutgers-Eagleton,2011-12-15,2011-12-18,Registered Voters,823,Live Phone,Nonpartisan,NA,Other,NA
New Jersey,12575,Rutgers-Eagleton,2011-12-15,2011-12-18,Registered Voters,823,Live Phone,Nonpartisan,NA,Undecided,NA
New Jersey,12131,Quinnipiac,2011-11-09,2011-11-14,Registered Voters,1788,Live Phone,Nonpartisan,NA,Obama,49
New Jersey,12131,Quinnipiac,2011-11-09,2011-11-14,Registered Voters,1788,Live Phone,Nonpartisan,NA,Romney,40
New Jersey,12131,Quinnipiac,2011-11-09,2011-11-14,Registered Voters,1788,Live Phone,Nonpartisan,NA,Other,2
New Jersey,12131,Quinnipiac,2011-11-09,2011-11-14,Registered Voters,1788,Live Phone,Nonpartisan,NA,Undecided,7
New Jersey,11959,Quinnipiac,2011-10-05,2011-10-10,Registered Voters,1186,Live Phone,Nonpartisan,NA,Obama,47
New Jersey,11959,Quinnipiac,2011-10-05,2011-10-10,Registered Voters,1186,Live Phone,Nonpartisan,NA,Romney,41
New Jersey,11959,Quinnipiac,2011-10-05,2011-10-10,Registered Voters,1186,Live Phone,Nonpartisan,NA,Other,2
New Jersey,11959,Quinnipiac,2011-10-05,2011-10-10,Registered Voters,1186,Live Phone,Nonpartisan,NA,Undecided,7
Nebraska,16457,We Ask America,2012-11-01,2012-11-01,Likely Voters,1178,Automated Phone,Nonpartisan,NA,Obama,41
Nebraska,16457,We Ask America,2012-11-01,2012-11-01,Likely Voters,1178,Automated Phone,Nonpartisan,NA,Romney,54
Nebraska,16457,We Ask America,2012-11-01,2012-11-01,Likely Voters,1178,Automated Phone,Nonpartisan,NA,Other,2
Nebraska,16457,We Ask America,2012-11-01,2012-11-01,Likely Voters,1178,Automated Phone,Nonpartisan,NA,Undecided,3
Nebraska,16324,Pharos Research Group,2012-10-26,2012-10-28,Likely Voters,761,Live Phone,Nonpartisan,NA,Obama,39
Nebraska,16324,Pharos Research Group,2012-10-26,2012-10-28,Likely Voters,761,Live Phone,Nonpartisan,NA,Romney,58
Nebraska,16324,Pharos Research Group,2012-10-26,2012-10-28,Likely Voters,761,Live Phone,Nonpartisan,NA,Other,NA
Nebraska,16324,Pharos Research Group,2012-10-26,2012-10-28,Likely Voters,761,Live Phone,Nonpartisan,NA,Undecided,NA
Nebraska,16265,Wiese/Omaha World-Herald,2012-10-23,2012-10-25,Likely Voters,679,Live Phone,Nonpartisan,NA,Obama,38
Nebraska,16265,Wiese/Omaha World-Herald,2012-10-23,2012-10-25,Likely Voters,679,Live Phone,Nonpartisan,NA,Romney,52
Nebraska,16265,Wiese/Omaha World-Herald,2012-10-23,2012-10-25,Likely Voters,679,Live Phone,Nonpartisan,NA,Other,NA
Nebraska,16265,Wiese/Omaha World-Herald,2012-10-23,2012-10-25,Likely Voters,679,Live Phone,Nonpartisan,NA,Undecided,NA
Nebraska,16248,Pharos Research Group,2012-10-19,2012-10-21,Likely Voters,783,Live Phone,Nonpartisan,NA,Obama,41
Nebraska,16248,Pharos Research Group,2012-10-19,2012-10-21,Likely Voters,783,Live Phone,Nonpartisan,NA,Romney,51
Nebraska,16248,Pharos Research Group,2012-10-19,2012-10-21,Likely Voters,783,Live Phone,Nonpartisan,NA,Other,NA
Nebraska,16248,Pharos Research Group,2012-10-19,2012-10-21,Likely Voters,783,Live Phone,Nonpartisan,NA,Undecided,NA
Nebraska,15275,Wiese/Omaha World-Herald,2012-09-17,2012-09-20,Likely Voters,656,Live Phone,Nonpartisan,NA,Obama,39
Nebraska,15275,Wiese/Omaha World-Herald,2012-09-17,2012-09-20,Likely Voters,656,Live Phone,Nonpartisan,NA,Romney,53
Nebraska,15275,Wiese/Omaha World-Herald,2012-09-17,2012-09-20,Likely Voters,656,Live Phone,Nonpartisan,NA,Other,2
Nebraska,15275,Wiese/Omaha World-Herald,2012-09-17,2012-09-20,Likely Voters,656,Live Phone,Nonpartisan,NA,Undecided,6
Nebraska,13833,Rasmussen,2012-05-16,2012-05-16,Likely Voters,500,Automated Phone,Nonpartisan,NA,Obama,39
Nebraska,13833,Rasmussen,2012-05-16,2012-05-16,Likely Voters,500,Automated Phone,Nonpartisan,NA,Romney,53
Nebraska,13833,Rasmussen,2012-05-16,2012-05-16,Likely Voters,500,Automated Phone,Nonpartisan,NA,Other,6
Nebraska,13833,Rasmussen,2012-05-16,2012-05-16,Likely Voters,500,Automated Phone,Nonpartisan,NA,Undecided,3
Nebraska,13373,PPP (D),2012-03-22,2012-03-25,Likely Voters,1028,Automated Phone,Pollster,Dem,Obama,39
Nebraska,13373,PPP (D),2012-03-22,2012-03-25,Likely Voters,1028,Automated Phone,Pollster,Dem,Romney,51
Nebraska,13373,PPP (D),2012-03-22,2012-03-25,Likely Voters,1028,Automated Phone,Pollster,Dem,Other,NA
Nebraska,13373,PPP (D),2012-03-22,2012-03-25,Likely Voters,1028,Automated Phone,Pollster,Dem,Undecided,10
Nebraska,13452,Rasmussen,2012-03-05,2012-03-05,Likely Voters,500,Automated Phone,Nonpartisan,NA,Obama,35
Nebraska,13452,Rasmussen,2012-03-05,2012-03-05,Likely Voters,500,Automated Phone,Nonpartisan,NA,Romney,52
Nebraska,13452,Rasmussen,2012-03-05,2012-03-05,Likely Voters,500,Automated Phone,Nonpartisan,NA,Other,10
Nebraska,13452,Rasmussen,2012-03-05,2012-03-05,Likely Voters,500,Automated Phone,Nonpartisan,NA,Undecided,3
Montana,16561,PPP (D),2012-11-02,2012-11-03,Likely Voters,836,Automated Phone,Pollster,Dem,Obama,45
Montana,16561,PPP (D),2012-11-02,2012-11-03,Likely Voters,836,Automated Phone,Pollster,Dem,Romney,52
Montana,16561,PPP (D),2012-11-02,2012-11-03,Likely Voters,836,Automated Phone,Pollster,Dem,Other,NA
Montana,16561,PPP (D),2012-11-02,2012-11-03,Likely Voters,836,Automated Phone,Pollster,Dem,Undecided,3
Montana,16553,The Lee Newspapers Poll/Mason-Dixon,2012-10-29,2012-10-31,Likely Voters,625,Live Phone,Nonpartisan,NA,Obama,43
Montana,16553,The Lee Newspapers Poll/Mason-Dixon,2012-10-29,2012-10-31,Likely Voters,625,Live Phone,Nonpartisan,NA,Romney,53
Montana,16553,The Lee Newspapers Poll/Mason-Dixon,2012-10-29,2012-10-31,Likely Voters,625,Live Phone,Nonpartisan,NA,Other,2
Montana,16553,The Lee Newspapers Poll/Mason-Dixon,2012-10-29,2012-10-31,Likely Voters,625,Live Phone,Nonpartisan,NA,Undecided,2
Montana,16552,Rasmussen,2012-10-29,2012-10-29,Likely Voters,500,Automated Phone,Nonpartisan,NA,Obama,43
Montana,16552,Rasmussen,2012-10-29,2012-10-29,Likely Voters,500,Automated Phone,Nonpartisan,NA,Romney,53
Montana,16552,Rasmussen,2012-10-29,2012-10-29,Likely Voters,500,Automated Phone,Nonpartisan,NA,Other,1
Montana,16552,Rasmussen,2012-10-29,2012-10-29,Likely Voters,500,Automated Phone,Nonpartisan,NA,Undecided,4
Montana,16326,Pharos Research Group,2012-10-26,2012-10-28,Likely Voters,799,Live Phone,Nonpartisan,NA,Obama,43
Montana,16326,Pharos Research Group,2012-10-26,2012-10-28,Likely Voters,799,Live Phone,Nonpartisan,NA,Romney,50
Montana,16326,Pharos Research Group,2012-10-26,2012-10-28,Likely Voters,799,Live Phone,Nonpartisan,NA,Other,NA
Montana,16326,Pharos Research Group,2012-10-26,2012-10-28,Likely Voters,799,Live Phone,Nonpartisan,NA,Undecided,NA
Montana,16247,Pharos Research Group,2012-10-19,2012-10-21,Likely Voters,828,Live Phone,Nonpartisan,NA,Obama,41
Montana,16247,Pharos Research Group,2012-10-19,2012-10-21,Likely Voters,828,Live Phone,Nonpartisan,NA,Romney,48
Montana,16247,Pharos Research Group,2012-10-19,2012-10-21,Likely Voters,828,Live Phone,Nonpartisan,NA,Other,NA
Montana,16247,Pharos Research Group,2012-10-19,2012-10-21,Likely Voters,828,Live Phone,Nonpartisan,NA,Undecided,NA
Montana,15896,PPP (D-LCV),2012-10-15,2012-10-16,Likely Voters,806,Automated Phone,Sponsor,Dem,Obama,43
Montana,15896,PPP (D-LCV),2012-10-15,2012-10-16,Likely Voters,806,Automated Phone,Sponsor,Dem,Romney,53
Montana,15896,PPP (D-LCV),2012-10-15,2012-10-16,Likely Voters,806,Automated Phone,Sponsor,Dem,Other,NA
Montana,15896,PPP (D-LCV),2012-10-15,2012-10-16,Likely Voters,806,Automated Phone,Sponsor,Dem,Undecided,4
Montana,15867,Rasmussen,2012-10-14,2012-10-14,Likely Voters,500,Automated Phone,Nonpartisan,NA,Obama,45
Montana,15867,Rasmussen,2012-10-14,2012-10-14,Likely Voters,500,Automated Phone,Nonpartisan,NA,Romney,53
Montana,15867,Rasmussen,2012-10-14,2012-10-14,Likely Voters,500,Automated Phone,Nonpartisan,NA,Other,1
Montana,15867,Rasmussen,2012-10-14,2012-10-14,Likely Voters,500,Automated Phone,Nonpartisan,NA,Undecided,1
Montana,15671,PPP (D),2012-10-08,2012-10-10,Likely Voters,737,Automated Phone,Pollster,Dem,Obama,41
Montana,15671,PPP (D),2012-10-08,2012-10-10,Likely Voters,737,Automated Phone,Pollster,Dem,Romney,52
Montana,15671,PPP (D),2012-10-08,2012-10-10,Likely Voters,737,Automated Phone,Pollster,Dem,Other,NA
Montana,15671,PPP (D),2012-10-08,2012-10-10,Likely Voters,737,Automated Phone,Pollster,Dem,Undecided,6
Montana,15695,MSU-Billings,2012-09-27,2012-09-30,Adults,477,Live Phone,Nonpartisan,NA,Obama,35
Montana,15695,MSU-Billings,2012-09-27,2012-09-30,Adults,477,Live Phone,Nonpartisan,NA,Romney,49
Montana,15695,MSU-Billings,2012-09-27,2012-09-30,Adults,477,Live Phone,Nonpartisan,NA,Other,6
Montana,15695,MSU-Billings,2012-09-27,2012-09-30,Adults,477,Live Phone,Nonpartisan,NA,Undecided,10
Montana,15591,Mellman (D-Montana JET PAC),2012-09-23,2012-09-26,Likely Voters,600,Live Phone,Sponsor,Dem,Obama,44
Montana,15591,Mellman (D-Montana JET PAC),2012-09-23,2012-09-26,Likely Voters,600,Live Phone,Sponsor,Dem,Romney,48
Montana,15591,Mellman (D-Montana JET PAC),2012-09-23,2012-09-26,Likely Voters,600,Live Phone,Sponsor,Dem,Other,NA
Montana,15591,Mellman (D-Montana JET PAC),2012-09-23,2012-09-26,Likely Voters,600,Live Phone,Sponsor,Dem,Undecided,NA
Montana,15263,The Lee Newspapers Poll/Mason-Dixon,2012-09-17,2012-09-19,Likely Voters,625,Live Phone,Nonpartisan,NA,Obama,42
Montana,15263,The Lee Newspapers Poll/Mason-Dixon,2012-09-17,2012-09-19,Likely Voters,625,Live Phone,Nonpartisan,NA,Romney,51
Montana,15263,The Lee Newspapers Poll/Mason-Dixon,2012-09-17,2012-09-19,Likely Voters,625,Live Phone,Nonpartisan,NA,Other,2
Montana,15263,The Lee Newspapers Poll/Mason-Dixon,2012-09-17,2012-09-19,Likely Voters,625,Live Phone,Nonpartisan,NA,Undecided,5
Montana,14987,PPP (D),2012-09-10,2012-09-11,Likely Voters,656,Automated Phone,Pollster,Dem,Obama,45
Montana,14987,PPP (D),2012-09-10,2012-09-11,Likely Voters,656,Automated Phone,Pollster,Dem,Romney,50
Montana,14987,PPP (D),2012-09-10,2012-09-11,Likely Voters,656,Automated Phone,Pollster,Dem,Other,NA
Montana,14987,PPP (D),2012-09-10,2012-09-11,Likely Voters,656,Automated Phone,Pollster,Dem,Undecided,5
Montana,14724,Rasmussen,2012-08-20,2012-08-20,Likely Voters,500,Automated Phone,Nonpartisan,NA,Obama,38
Montana,14724,Rasmussen,2012-08-20,2012-08-20,Likely Voters,500,Automated Phone,Nonpartisan,NA,Romney,55
Montana,14724,Rasmussen,2012-08-20,2012-08-20,Likely Voters,500,Automated Phone,Nonpartisan,NA,Other,4
Montana,14724,Rasmussen,2012-08-20,2012-08-20,Likely Voters,500,Automated Phone,Nonpartisan,NA,Undecided,4
Montana,14135,Rasmussen,2012-06-18,2012-06-18,Likely Voters,500,Automated Phone,Nonpartisan,NA,Obama,42
Montana,14135,Rasmussen,2012-06-18,2012-06-18,Likely Voters,500,Automated Phone,Nonpartisan,NA,Romney,51
Montana,14135,Rasmussen,2012-06-18,2012-06-18,Likely Voters,500,Automated Phone,Nonpartisan,NA,Other,5
Montana,14135,Rasmussen,2012-06-18,2012-06-18,Likely Voters,500,Automated Phone,Nonpartisan,NA,Undecided,2
Montana,13690,Rasmussen,2012-05-02,2012-05-02,Likely Voters,450,Automated Phone,Nonpartisan,NA,Obama,44
Montana,13690,Rasmussen,2012-05-02,2012-05-02,Likely Voters,450,Automated Phone,Nonpartisan,NA,Romney,51
Montana,13690,Rasmussen,2012-05-02,2012-05-02,Likely Voters,450,Automated Phone,Nonpartisan,NA,Other,3
Montana,13690,Rasmussen,2012-05-02,2012-05-02,Likely Voters,450,Automated Phone,Nonpartisan,NA,Undecided,1
Montana,13673,PPP (D),2012-04-26,2012-04-29,Likely Voters,934,Automated Phone,Pollster,Dem,Obama,43
Montana,13673,PPP (D),2012-04-26,2012-04-29,Likely Voters,934,Automated Phone,Pollster,Dem,Romney,48
Montana,13673,PPP (D),2012-04-26,2012-04-29,Likely Voters,934,Automated Phone,Pollster,Dem,Other,NA
Montana,13673,PPP (D),2012-04-26,2012-04-29,Likely Voters,934,Automated Phone,Pollster,Dem,Undecided,9
Montana,13431,Rasmussen,2012-04-02,2012-04-02,Likely Voters,500,Automated Phone,Nonpartisan,NA,Obama,40
Montana,13431,Rasmussen,2012-04-02,2012-04-02,Likely Voters,500,Automated Phone,Nonpartisan,NA,Romney,49
Montana,13431,Rasmussen,2012-04-02,2012-04-02,Likely Voters,500,Automated Phone,Nonpartisan,NA,Other,9
Montana,13431,Rasmussen,2012-04-02,2012-04-02,Likely Voters,500,Automated Phone,Nonpartisan,NA,Undecided,2
Montana,13144,Rasmussen,2012-02-22,2012-02-22,Likely Voters,500,Automated Phone,Nonpartisan,NA,Obama,41
Montana,13144,Rasmussen,2012-02-22,2012-02-22,Likely Voters,500,Automated Phone,Nonpartisan,NA,Romney,48
Montana,13144,Rasmussen,2012-02-22,2012-02-22,Likely Voters,500,Automated Phone,Nonpartisan,NA,Other,7
Montana,13144,Rasmussen,2012-02-22,2012-02-22,Likely Voters,500,Automated Phone,Nonpartisan,NA,Undecided,4
Massachusetts,16609,UMass Lowell/Herald,2012-10-31,2012-11-03,Likely Voters,800,Live Phone,Nonpartisan,NA,Obama,57
Massachusetts,16609,UMass Lowell/Herald,2012-10-31,2012-11-03,Likely Voters,800,Live Phone,Nonpartisan,NA,Romney,37
Massachusetts,16609,UMass Lowell/Herald,2012-10-31,2012-11-03,Likely Voters,800,Live Phone,Nonpartisan,NA,Other,1
Massachusetts,16609,UMass Lowell/Herald,2012-10-31,2012-11-03,Likely Voters,800,Live Phone,Nonpartisan,NA,Undecided,4
Massachusetts,16576,YouGov,2012-10-31,2012-11-03,Likely Voters,811,Internet,Nonpartisan,NA,Obama,57
Massachusetts,16576,YouGov,2012-10-31,2012-11-03,Likely Voters,811,Internet,Nonpartisan,NA,Romney,37
Massachusetts,16576,YouGov,2012-10-31,2012-11-03,Likely Voters,811,Internet,Nonpartisan,NA,Other,3
Massachusetts,16576,YouGov,2012-10-31,2012-11-03,Likely Voters,811,Internet,Nonpartisan,NA,Undecided,3
Massachusetts,16484,PPP (D),2012-11-01,2012-11-02,Likely Voters,1089,Automated Phone,Pollster,Dem,Obama,57
Massachusetts,16484,PPP (D),2012-11-01,2012-11-02,Likely Voters,1089,Automated Phone,Pollster,Dem,Romney,42
Massachusetts,16484,PPP (D),2012-11-01,2012-11-02,Likely Voters,1089,Automated Phone,Pollster,Dem,Other,NA
Massachusetts,16484,PPP (D),2012-11-01,2012-11-02,Likely Voters,1089,Automated Phone,Pollster,Dem,Undecided,2
Massachusetts,16543,WNEU/MassLive.com,2012-10-26,2012-11-01,Likely Voters,535,Live Phone,Nonpartisan,NA,Obama,58
Massachusetts,16543,WNEU/MassLive.com,2012-10-26,2012-11-01,Likely Voters,535,Live Phone,Nonpartisan,NA,Romney,40
Massachusetts,16543,WNEU/MassLive.com,2012-10-26,2012-11-01,Likely Voters,535,Live Phone,Nonpartisan,NA,Other,NA
Massachusetts,16543,WNEU/MassLive.com,2012-10-26,2012-11-01,Likely Voters,535,Live Phone,Nonpartisan,NA,Undecided,2
Massachusetts,16332,Suffolk,2012-10-25,2012-10-28,Likely Voters,600,Live Phone,Nonpartisan,NA,Obama,63
Massachusetts,16332,Suffolk,2012-10-25,2012-10-28,Likely Voters,600,Live Phone,Nonpartisan,NA,Romney,31
Massachusetts,16332,Suffolk,2012-10-25,2012-10-28,Likely Voters,600,Live Phone,Nonpartisan,NA,Other,2
Massachusetts,16332,Suffolk,2012-10-25,2012-10-28,Likely Voters,600,Live Phone,Nonpartisan,NA,Undecided,3
Massachusetts,16276,Boston Globe/UNH,2012-10-24,2012-10-28,Likely Voters,583,Live Phone,Nonpartisan,NA,Obama,52
Massachusetts,16276,Boston Globe/UNH,2012-10-24,2012-10-28,Likely Voters,583,Live Phone,Nonpartisan,NA,Romney,38
Massachusetts,16276,Boston Globe/UNH,2012-10-24,2012-10-28,Likely Voters,583,Live Phone,Nonpartisan,NA,Other,NA
Massachusetts,16276,Boston Globe/UNH,2012-10-24,2012-10-28,Likely Voters,583,Live Phone,Nonpartisan,NA,Undecided,NA
Massachusetts,16361,Rasmussen,2012-10-25,2012-10-25,Likely Voters,500,Automated Phone,Nonpartisan,NA,Obama,59
Massachusetts,16361,Rasmussen,2012-10-25,2012-10-25,Likely Voters,500,Automated Phone,Nonpartisan,NA,Romney,40
Massachusetts,16361,Rasmussen,2012-10-25,2012-10-25,Likely Voters,500,Automated Phone,Nonpartisan,NA,Other,NA
Massachusetts,16361,Rasmussen,2012-10-25,2012-10-25,Likely Voters,500,Automated Phone,Nonpartisan,NA,Undecided,1
Massachusetts,16103,MassINC/WBUR,2012-10-21,2012-10-22,Likely Voters,516,Live Phone,Nonpartisan,NA,Obama,56
Massachusetts,16103,MassINC/WBUR,2012-10-21,2012-10-22,Likely Voters,516,Live Phone,Nonpartisan,NA,Romney,36
Massachusetts,16103,MassINC/WBUR,2012-10-21,2012-10-22,Likely Voters,516,Live Phone,Nonpartisan,NA,Other,2
Massachusetts,16103,MassINC/WBUR,2012-10-21,2012-10-22,Likely Voters,516,Live Phone,Nonpartisan,NA,Undecided,7
Massachusetts,16034,Kimball Political Consulting (R),2012-10-18,2012-10-21,Likely Voters,761,Automated Phone,Pollster,Rep,Obama,55
Massachusetts,16034,Kimball Political Consulting (R),2012-10-18,2012-10-21,Likely Voters,761,Automated Phone,Pollster,Rep,Romney,39
Massachusetts,16034,Kimball Political Consulting (R),2012-10-18,2012-10-21,Likely Voters,761,Automated Phone,Pollster,Rep,Other,NA
Massachusetts,16034,Kimball Political Consulting (R),2012-10-18,2012-10-21,Likely Voters,761,Automated Phone,Pollster,Rep,Undecided,6
Massachusetts,15898,PPP (D-LCV),2012-10-15,2012-10-16,Likely Voters,709,Automated Phone,Sponsor,Dem,Obama,57
Massachusetts,15898,PPP (D-LCV),2012-10-15,2012-10-16,Likely Voters,709,Automated Phone,Sponsor,Dem,Romney,39
Massachusetts,15898,PPP (D-LCV),2012-10-15,2012-10-16,Likely Voters,709,Automated Phone,Sponsor,Dem,Other,NA
Massachusetts,15898,PPP (D-LCV),2012-10-15,2012-10-16,Likely Voters,709,Automated Phone,Sponsor,Dem,Undecided,NA
Massachusetts,15712,PPP (D),2012-10-09,2012-10-11,Likely Voters,1051,Automated Phone,Pollster,Dem,Obama,55
Massachusetts,15712,PPP (D),2012-10-09,2012-10-11,Likely Voters,1051,Automated Phone,Pollster,Dem,Romney,41
Massachusetts,15712,PPP (D),2012-10-09,2012-10-11,Likely Voters,1051,Automated Phone,Pollster,Dem,Other,NA
Massachusetts,15712,PPP (D),2012-10-09,2012-10-11,Likely Voters,1051,Automated Phone,Pollster,Dem,Undecided,4
Massachusetts,15854,YouGov,2012-10-04,2012-10-11,Likely Voters,669,Internet,Nonpartisan,NA,Obama,55
Massachusetts,15854,YouGov,2012-10-04,2012-10-11,Likely Voters,669,Internet,Nonpartisan,NA,Romney,36
Massachusetts,15854,YouGov,2012-10-04,2012-10-11,Likely Voters,669,Internet,Nonpartisan,NA,Other,4
Massachusetts,15854,YouGov,2012-10-04,2012-10-11,Likely Voters,669,Internet,Nonpartisan,NA,Undecided,5
Massachusetts,15831,Rasmussen,2012-10-10,2012-10-10,Likely Voters,500,Automated Phone,Nonpartisan,NA,Obama,57
Massachusetts,15831,Rasmussen,2012-10-10,2012-10-10,Likely Voters,500,Automated Phone,Nonpartisan,NA,Romney,42
Massachusetts,15831,Rasmussen,2012-10-10,2012-10-10,Likely Voters,500,Automated Phone,Nonpartisan,NA,Other,NA
Massachusetts,15831,Rasmussen,2012-10-10,2012-10-10,Likely Voters,500,Automated Phone,Nonpartisan,NA,Undecided,1
Massachusetts,15638,UMass Amherst/YouGov,2012-10-02,2012-10-08,Likely Voters,437,Internet,Nonpartisan,NA,Obama,55
Massachusetts,15638,UMass Amherst/YouGov,2012-10-02,2012-10-08,Likely Voters,437,Internet,Nonpartisan,NA,Romney,34
Massachusetts,15638,UMass Amherst/YouGov,2012-10-02,2012-10-08,Likely Voters,437,Internet,Nonpartisan,NA,Other,2
Massachusetts,15638,UMass Amherst/YouGov,2012-10-02,2012-10-08,Likely Voters,437,Internet,Nonpartisan,NA,Undecided,9
Massachusetts,15620,MassINC/WBUR,2012-10-05,2012-10-07,Likely Voters,501,Live Phone,Nonpartisan,NA,Obama,52
Massachusetts,15620,MassINC/WBUR,2012-10-05,2012-10-07,Likely Voters,501,Live Phone,Nonpartisan,NA,Romney,36
Massachusetts,15620,MassINC/WBUR,2012-10-05,2012-10-07,Likely Voters,501,Live Phone,Nonpartisan,NA,Other,2
Massachusetts,15620,MassINC/WBUR,2012-10-05,2012-10-07,Likely Voters,501,Live Phone,Nonpartisan,NA,Undecided,10
Massachusetts,15510,Mass Insight/Opinion Dynamics,2012-09-25,2012-09-30,Registered Voters,405,Live Phone,Nonpartisan,NA,Obama,60
Massachusetts,15510,Mass Insight/Opinion Dynamics,2012-09-25,2012-09-30,Registered Voters,405,Live Phone,Nonpartisan,NA,Romney,34
Massachusetts,15510,Mass Insight/Opinion Dynamics,2012-09-25,2012-09-30,Registered Voters,405,Live Phone,Nonpartisan,NA,Other,NA
Massachusetts,15510,Mass Insight/Opinion Dynamics,2012-09-25,2012-09-30,Registered Voters,405,Live Phone,Nonpartisan,NA,Undecided,7
Massachusetts,15413,Boston Globe/UNH,2012-09-21,2012-09-27,Likely Voters,502,Live Phone,Nonpartisan,NA,Obama,57
Massachusetts,15413,Boston Globe/UNH,2012-09-21,2012-09-27,Likely Voters,502,Live Phone,Nonpartisan,NA,Romney,30
Massachusetts,15413,Boston Globe/UNH,2012-09-21,2012-09-27,Likely Voters,502,Live Phone,Nonpartisan,NA,Other,2
Massachusetts,15413,Boston Globe/UNH,2012-09-21,2012-09-27,Likely Voters,502,Live Phone,Nonpartisan,NA,Undecided,11
Massachusetts,15329,Rasmussen,2012-09-24,2012-09-24,Likely Voters,500,Automated Phone,Nonpartisan,NA,Obama,55
Massachusetts,15329,Rasmussen,2012-09-24,2012-09-24,Likely Voters,500,Automated Phone,Nonpartisan,NA,Romney,40
Massachusetts,15329,Rasmussen,2012-09-24,2012-09-24,Likely Voters,500,Automated Phone,Nonpartisan,NA,Other,3
Massachusetts,15329,Rasmussen,2012-09-24,2012-09-24,Likely Voters,500,Automated Phone,Nonpartisan,NA,Undecided,2
Massachusetts,15145,UMass Lowell/Herald,2012-09-13,2012-09-17,Likely Voters,497,Live Phone,Nonpartisan,NA,Obama,60
Massachusetts,15145,UMass Lowell/Herald,2012-09-13,2012-09-17,Likely Voters,497,Live Phone,Nonpartisan,NA,Romney,36
Massachusetts,15145,UMass Lowell/Herald,2012-09-13,2012-09-17,Likely Voters,497,Live Phone,Nonpartisan,NA,Other,NA
Massachusetts,15145,UMass Lowell/Herald,2012-09-13,2012-09-17,Likely Voters,497,Live Phone,Nonpartisan,NA,Undecided,5
Massachusetts,15111,PPP (D),2012-09-13,2012-09-16,Likely Voters,876,Automated Phone,Pollster,Dem,Obama,57
Massachusetts,15111,PPP (D),2012-09-13,2012-09-16,Likely Voters,876,Automated Phone,Pollster,Dem,Romney,39
Massachusetts,15111,PPP (D),2012-09-13,2012-09-16,Likely Voters,876,Automated Phone,Pollster,Dem,Other,NA
Massachusetts,15111,PPP (D),2012-09-13,2012-09-16,Likely Voters,876,Automated Phone,Pollster,Dem,Undecided,4
Massachusetts,15092,Suffolk,2012-09-13,2012-09-16,Likely Voters,600,Live Phone,Nonpartisan,NA,Obama,64
Massachusetts,15092,Suffolk,2012-09-13,2012-09-16,Likely Voters,600,Live Phone,Nonpartisan,NA,Romney,31
Massachusetts,15092,Suffolk,2012-09-13,2012-09-16,Likely Voters,600,Live Phone,Nonpartisan,NA,Other,3
Massachusetts,15092,Suffolk,2012-09-13,2012-09-16,Likely Voters,600,Live Phone,Nonpartisan,NA,Undecided,4
Massachusetts,15222,YouGov,2012-09-07,2012-09-14,Likely Voters,825,Internet,Nonpartisan,NA,Obama,55
Massachusetts,15222,YouGov,2012-09-07,2012-09-14,Likely Voters,825,Internet,Nonpartisan,NA,Romney,39
Massachusetts,15222,YouGov,2012-09-07,2012-09-14,Likely Voters,825,Internet,Nonpartisan,NA,Other,3
Massachusetts,15222,YouGov,2012-09-07,2012-09-14,Likely Voters,825,Internet,Nonpartisan,NA,Undecided,4
Massachusetts,15101,WNEU/MassLive.com,2012-09-06,2012-09-13,Likely Voters,444,Live Phone,Nonpartisan,NA,Obama,60
Massachusetts,15101,WNEU/MassLive.com,2012-09-06,2012-09-13,Likely Voters,444,Live Phone,Nonpartisan,NA,Romney,38
Massachusetts,15101,WNEU/MassLive.com,2012-09-06,2012-09-13,Likely Voters,444,Live Phone,Nonpartisan,NA,Other,NA
Massachusetts,15101,WNEU/MassLive.com,2012-09-06,2012-09-13,Likely Voters,444,Live Phone,Nonpartisan,NA,Undecided,3
Massachusetts,14954,Kimball Political Consulting (R),2012-09-07,2012-09-09,Likely Voters,756,Automated Phone,Pollster,Rep,Obama,56
Massachusetts,14954,Kimball Political Consulting (R),2012-09-07,2012-09-09,Likely Voters,756,Automated Phone,Pollster,Rep,Romney,40
Massachusetts,14954,Kimball Political Consulting (R),2012-09-07,2012-09-09,Likely Voters,756,Automated Phone,Pollster,Rep,Other,NA
Massachusetts,14954,Kimball Political Consulting (R),2012-09-07,2012-09-09,Likely Voters,756,Automated Phone,Pollster,Rep,Undecided,9
Massachusetts,14792,Kimball Political Consulting (R),2012-08-21,2012-08-21,Likely Voters,592,Automated Phone,Pollster,Rep,Obama,52
Massachusetts,14792,Kimball Political Consulting (R),2012-08-21,2012-08-21,Likely Voters,592,Automated Phone,Pollster,Rep,Romney,41
Massachusetts,14792,Kimball Political Consulting (R),2012-08-21,2012-08-21,Likely Voters,592,Automated Phone,Pollster,Rep,Other,NA
Massachusetts,14792,Kimball Political Consulting (R),2012-08-21,2012-08-21,Likely Voters,592,Automated Phone,Pollster,Rep,Undecided,7
Massachusetts,14738,PPP (D),2012-08-16,2012-08-19,Likely Voters,1115,Automated Phone,Pollster,Dem,Obama,55
Massachusetts,14738,PPP (D),2012-08-16,2012-08-19,Likely Voters,1115,Automated Phone,Pollster,Dem,Romney,39
Massachusetts,14738,PPP (D),2012-08-16,2012-08-19,Likely Voters,1115,Automated Phone,Pollster,Dem,Other,NA
Massachusetts,14738,PPP (D),2012-08-16,2012-08-19,Likely Voters,1115,Automated Phone,Pollster,Dem,Undecided,6
Massachusetts,14195,PPP (D),2012-06-22,2012-06-24,Likely Voters,902,Automated Phone,Pollster,Dem,Obama,55
Massachusetts,14195,PPP (D),2012-06-22,2012-06-24,Likely Voters,902,Automated Phone,Pollster,Dem,Romney,39
Massachusetts,14195,PPP (D),2012-06-22,2012-06-24,Likely Voters,902,Automated Phone,Pollster,Dem,Other,NA
Massachusetts,14195,PPP (D),2012-06-22,2012-06-24,Likely Voters,902,Automated Phone,Pollster,Dem,Undecided,6
Massachusetts,13986,WNEU/MassLive.com,2012-05-29,2012-05-31,Registered Voters,504,Live Phone,Nonpartisan,NA,Obama,56
Massachusetts,13986,WNEU/MassLive.com,2012-05-29,2012-05-31,Registered Voters,504,Live Phone,Nonpartisan,NA,Romney,34
Massachusetts,13986,WNEU/MassLive.com,2012-05-29,2012-05-31,Registered Voters,504,Live Phone,Nonpartisan,NA,Other,NA
Massachusetts,13986,WNEU/MassLive.com,2012-05-29,2012-05-31,Registered Voters,504,Live Phone,Nonpartisan,NA,Undecided,9
Massachusetts,13985,Boston Globe/UNH,2012-05-25,2012-05-31,Likely Voters,651,Live Phone,Nonpartisan,NA,Obama,46
Massachusetts,13985,Boston Globe/UNH,2012-05-25,2012-05-31,Likely Voters,651,Live Phone,Nonpartisan,NA,Romney,34
Massachusetts,13985,Boston Globe/UNH,2012-05-25,2012-05-31,Likely Voters,651,Live Phone,Nonpartisan,NA,Other,NA
Massachusetts,13985,Boston Globe/UNH,2012-05-25,2012-05-31,Likely Voters,651,Live Phone,Nonpartisan,NA,Undecided,19
Massachusetts,13887,Suffolk,2012-05-20,2012-05-22,Likely Voters,600,Live Phone,Nonpartisan,NA,Obama,59
Massachusetts,13887,Suffolk,2012-05-20,2012-05-22,Likely Voters,600,Live Phone,Nonpartisan,NA,Romney,34
Massachusetts,13887,Suffolk,2012-05-20,2012-05-22,Likely Voters,600,Live Phone,Nonpartisan,NA,Other,1
Massachusetts,13887,Suffolk,2012-05-20,2012-05-22,Likely Voters,600,Live Phone,Nonpartisan,NA,Undecided,5
Massachusetts,13718,Rasmussen,2012-05-07,2012-05-07,Likely Voters,500,Automated Phone,Nonpartisan,NA,Obama,56
Massachusetts,13718,Rasmussen,2012-05-07,2012-05-07,Likely Voters,500,Automated Phone,Nonpartisan,NA,Romney,35
Massachusetts,13718,Rasmussen,2012-05-07,2012-05-07,Likely Voters,500,Automated Phone,Nonpartisan,NA,Other,6
Massachusetts,13718,Rasmussen,2012-05-07,2012-05-07,Likely Voters,500,Automated Phone,Nonpartisan,NA,Undecided,2
Massachusetts,13505,Rasmussen,2012-04-09,2012-04-09,Likely Voters,500,Automated Phone,Nonpartisan,NA,Obama,51
Massachusetts,13505,Rasmussen,2012-04-09,2012-04-09,Likely Voters,500,Automated Phone,Nonpartisan,NA,Romney,40
Massachusetts,13505,Rasmussen,2012-04-09,2012-04-09,Likely Voters,500,Automated Phone,Nonpartisan,NA,Other,3
Massachusetts,13505,Rasmussen,2012-04-09,2012-04-09,Likely Voters,500,Automated Phone,Nonpartisan,NA,Undecided,6
Massachusetts,13398,Boston Globe/UNH,2012-03-21,2012-03-27,Likely Voters,544,Live Phone,Nonpartisan,NA,Obama,49
Massachusetts,13398,Boston Globe/UNH,2012-03-21,2012-03-27,Likely Voters,544,Live Phone,Nonpartisan,NA,Romney,33
Massachusetts,13398,Boston Globe/UNH,2012-03-21,2012-03-27,Likely Voters,544,Live Phone,Nonpartisan,NA,Other,NA
Massachusetts,13398,Boston Globe/UNH,2012-03-21,2012-03-27,Likely Voters,544,Live Phone,Nonpartisan,NA,Undecided,16
Massachusetts,13260,PPP (D),2012-03-16,2012-03-18,Registered Voters,936,Automated Phone,Pollster,Dem,Obama,58
Massachusetts,13260,PPP (D),2012-03-16,2012-03-18,Registered Voters,936,Automated Phone,Pollster,Dem,Romney,35
Massachusetts,13260,PPP (D),2012-03-16,2012-03-18,Registered Voters,936,Automated Phone,Pollster,Dem,Other,NA
Massachusetts,13260,PPP (D),2012-03-16,2012-03-18,Registered Voters,936,Automated Phone,Pollster,Dem,Undecided,7
Massachusetts,13112,WNEU,2012-02-23,2012-03-01,Registered Voters,527,Live Phone,Nonpartisan,NA,Obama,60
Massachusetts,13112,WNEU,2012-02-23,2012-03-01,Registered Voters,527,Live Phone,Nonpartisan,NA,Romney,36
Massachusetts,13112,WNEU,2012-02-23,2012-03-01,Registered Voters,527,Live Phone,Nonpartisan,NA,Other,NA
Massachusetts,13112,WNEU,2012-02-23,2012-03-01,Registered Voters,527,Live Phone,Nonpartisan,NA,Undecided,4
Massachusetts,13095,Rasmussen,2012-02-29,2012-02-29,Likely Voters,500,Automated Phone,Nonpartisan,NA,Obama,55
Massachusetts,13095,Rasmussen,2012-02-29,2012-02-29,Likely Voters,500,Automated Phone,Nonpartisan,NA,Romney,38
Massachusetts,13095,Rasmussen,2012-02-29,2012-02-29,Likely Voters,500,Automated Phone,Nonpartisan,NA,Other,4
Massachusetts,13095,Rasmussen,2012-02-29,2012-02-29,Likely Voters,500,Automated Phone,Nonpartisan,NA,Undecided,3
Massachusetts,12946,Suffolk,2012-02-11,2012-02-15,Registered Voters,600,Live Phone,Nonpartisan,NA,Obama,53
Massachusetts,12946,Suffolk,2012-02-11,2012-02-15,Registered Voters,600,Live Phone,Nonpartisan,NA,Romney,39
Massachusetts,12946,Suffolk,2012-02-11,2012-02-15,Registered Voters,600,Live Phone,Nonpartisan,NA,Other,2
Massachusetts,12946,Suffolk,2012-02-11,2012-02-15,Registered Voters,600,Live Phone,Nonpartisan,NA,Undecided,6
Massachusetts,12944,MassINC,2012-02-06,2012-02-09,Likely Voters,503,Live Phone,Nonpartisan,NA,Obama,55
Massachusetts,12944,MassINC,2012-02-06,2012-02-09,Likely Voters,503,Live Phone,Nonpartisan,NA,Romney,34
Massachusetts,12944,MassINC,2012-02-06,2012-02-09,Likely Voters,503,Live Phone,Nonpartisan,NA,Other,1
Massachusetts,12944,MassINC,2012-02-06,2012-02-09,Likely Voters,503,Live Phone,Nonpartisan,NA,Undecided,7
Massachusetts,13451,Mass Insight/Opinion Dynamics,2012-01-31,2012-02-04,Registered Voters,456,Live Phone,Nonpartisan,NA,Obama,53
Massachusetts,13451,Mass Insight/Opinion Dynamics,2012-01-31,2012-02-04,Registered Voters,456,Live Phone,Nonpartisan,NA,Romney,35
Massachusetts,13451,Mass Insight/Opinion Dynamics,2012-01-31,2012-02-04,Registered Voters,456,Live Phone,Nonpartisan,NA,Other,NA
Massachusetts,13451,Mass Insight/Opinion Dynamics,2012-01-31,2012-02-04,Registered Voters,456,Live Phone,Nonpartisan,NA,Undecided,NA
Maine,16680,MPRC,2012-11-01,2012-11-03,Likely Voters,905,Automated Phone,Nonpartisan,NA,Obama,53
Maine,16680,MPRC,2012-11-01,2012-11-03,Likely Voters,905,Automated Phone,Nonpartisan,NA,Romney,42
Maine,16680,MPRC,2012-11-01,2012-11-03,Likely Voters,905,Automated Phone,Nonpartisan,NA,Other,2
Maine,16680,MPRC,2012-11-01,2012-11-03,Likely Voters,905,Automated Phone,Nonpartisan,NA,Undecided,3
Maine,16486,PPP (D),2012-11-01,2012-11-02,Likely Voters,1633,Automated Phone,Pollster,Dem,Obama,55
Maine,16486,PPP (D),2012-11-01,2012-11-02,Likely Voters,1633,Automated Phone,Pollster,Dem,Romney,42
Maine,16486,PPP (D),2012-11-01,2012-11-02,Likely Voters,1633,Automated Phone,Pollster,Dem,Other,NA
Maine,16486,PPP (D),2012-11-01,2012-11-02,Likely Voters,1633,Automated Phone,Pollster,Dem,Undecided,2
Maine,16531,Critical Insights,2012-10-30,2012-10-31,Likely Voters,613,Live Phone,Nonpartisan,NA,Obama,49
Maine,16531,Critical Insights,2012-10-30,2012-10-31,Likely Voters,613,Live Phone,Nonpartisan,NA,Romney,42
Maine,16531,Critical Insights,2012-10-30,2012-10-31,Likely Voters,613,Live Phone,Nonpartisan,NA,Other,2
Maine,16531,Critical Insights,2012-10-30,2012-10-31,Likely Voters,613,Live Phone,Nonpartisan,NA,Undecided,6
Maine,15791,NMB (R-American Crossroads),2012-10-07,2012-10-08,Likely Voters,500,Live Phone,Sponsor,Rep,Obama,48
Maine,15791,NMB (R-American Crossroads),2012-10-07,2012-10-08,Likely Voters,500,Live Phone,Sponsor,Rep,Romney,44
Maine,15791,NMB (R-American Crossroads),2012-10-07,2012-10-08,Likely Voters,500,Live Phone,Sponsor,Rep,Other,NA
Maine,15791,NMB (R-American Crossroads),2012-10-07,2012-10-08,Likely Voters,500,Live Phone,Sponsor,Rep,Undecided,NA
Maine,15659,Pan Atlantic SMS Group,2012-09-24,2012-09-28,Likely Voters,400,Live Phone,Nonpartisan,NA,Obama,51
Maine,15659,Pan Atlantic SMS Group,2012-09-24,2012-09-28,Likely Voters,400,Live Phone,Nonpartisan,NA,Romney,37
Maine,15659,Pan Atlantic SMS Group,2012-09-24,2012-09-28,Likely Voters,400,Live Phone,Nonpartisan,NA,Other,3
Maine,15659,Pan Atlantic SMS Group,2012-09-24,2012-09-28,Likely Voters,400,Live Phone,Nonpartisan,NA,Undecided,10
Maine,15376,Rasmussen,2012-09-25,2012-09-25,Likely Voters,500,Automated Phone,Nonpartisan,NA,Obama,52
Maine,15376,Rasmussen,2012-09-25,2012-09-25,Likely Voters,500,Automated Phone,Nonpartisan,NA,Romney,40
Maine,15376,Rasmussen,2012-09-25,2012-09-25,Likely Voters,500,Automated Phone,Nonpartisan,NA,Other,4
Maine,15376,Rasmussen,2012-09-25,2012-09-25,Likely Voters,500,Automated Phone,Nonpartisan,NA,Undecided,4
Maine,15138,PPP (D),2012-09-17,2012-09-18,Likely Voters,804,Automated Phone,Pollster,Dem,Obama,55
Maine,15138,PPP (D),2012-09-17,2012-09-18,Likely Voters,804,Automated Phone,Pollster,Dem,Romney,39
Maine,15138,PPP (D),2012-09-17,2012-09-18,Likely Voters,804,Automated Phone,Pollster,Dem,Other,NA
Maine,15138,PPP (D),2012-09-17,2012-09-18,Likely Voters,804,Automated Phone,Pollster,Dem,Undecided,7
Maine,15133,MPRC/Maine People's Alliance (D),2012-09-15,2012-09-17,Likely Voters,856,Automated Phone,Sponsor,Dem,Obama,54
Maine,15133,MPRC/Maine People's Alliance (D),2012-09-15,2012-09-17,Likely Voters,856,Automated Phone,Sponsor,Dem,Romney,37
Maine,15133,MPRC/Maine People's Alliance (D),2012-09-15,2012-09-17,Likely Voters,856,Automated Phone,Sponsor,Dem,Other,2
Maine,15133,MPRC/Maine People's Alliance (D),2012-09-15,2012-09-17,Likely Voters,856,Automated Phone,Sponsor,Dem,Undecided,7
Maine,15430,Critical Insights,2012-09-12,2012-09-16,Likely Voters,618,Live Phone,Nonpartisan,NA,Obama,52
Maine,15430,Critical Insights,2012-09-12,2012-09-16,Likely Voters,618,Live Phone,Nonpartisan,NA,Romney,36
Maine,15430,Critical Insights,2012-09-12,2012-09-16,Likely Voters,618,Live Phone,Nonpartisan,NA,Other,NA
Maine,15430,Critical Insights,2012-09-12,2012-09-16,Likely Voters,618,Live Phone,Nonpartisan,NA,Undecided,NA
Maine,14297,Critical Insights,2012-06-20,2012-06-25,Registered Voters,615,Live Phone,Nonpartisan,NA,Obama,49
Maine,14297,Critical Insights,2012-06-20,2012-06-25,Registered Voters,615,Live Phone,Nonpartisan,NA,Romney,35
Maine,14297,Critical Insights,2012-06-20,2012-06-25,Registered Voters,615,Live Phone,Nonpartisan,NA,Other,NA
Maine,14297,Critical Insights,2012-06-20,2012-06-25,Registered Voters,615,Live Phone,Nonpartisan,NA,Undecided,13
Maine,14106,MassINC,2012-06-13,2012-06-14,Likely Voters,506,Live Phone,Nonpartisan,NA,Obama,48
Maine,14106,MassINC,2012-06-13,2012-06-14,Likely Voters,506,Live Phone,Nonpartisan,NA,Romney,34
Maine,14106,MassINC,2012-06-13,2012-06-14,Likely Voters,506,Live Phone,Nonpartisan,NA,Other,4
Maine,14106,MassINC,2012-06-13,2012-06-14,Likely Voters,506,Live Phone,Nonpartisan,NA,Undecided,13
Maine,13781,Critical Insights,2012-05-02,2012-05-07,Registered Voters,600,Live Phone,Nonpartisan,NA,Obama,50
Maine,13781,Critical Insights,2012-05-02,2012-05-07,Registered Voters,600,Live Phone,Nonpartisan,NA,Romney,42
Maine,13781,Critical Insights,2012-05-02,2012-05-07,Registered Voters,600,Live Phone,Nonpartisan,NA,Other,NA
Maine,13781,Critical Insights,2012-05-02,2012-05-07,Registered Voters,600,Live Phone,Nonpartisan,NA,Undecided,NA
Maine,13495,MPRC,2012-03-31,2012-04-02,Registered Voters,993,Automated Phone,Nonpartisan,NA,Obama,55
Maine,13495,MPRC,2012-03-31,2012-04-02,Registered Voters,993,Automated Phone,Nonpartisan,NA,Romney,37
Maine,13495,MPRC,2012-03-31,2012-04-02,Registered Voters,993,Automated Phone,Nonpartisan,NA,Other,NA
Maine,13495,MPRC,2012-03-31,2012-04-02,Registered Voters,993,Automated Phone,Nonpartisan,NA,Undecided,9
Maine,13447,PPP (D),2012-03-02,2012-03-04,Registered Voters,1256,Automated Phone,Pollster,Dem,Obama,58
Maine,13447,PPP (D),2012-03-02,2012-03-04,Registered Voters,1256,Automated Phone,Pollster,Dem,Romney,35
Maine,13447,PPP (D),2012-03-02,2012-03-04,Registered Voters,1256,Automated Phone,Pollster,Dem,Other,NA
Maine,13447,PPP (D),2012-03-02,2012-03-04,Registered Voters,1256,Automated Phone,Pollster,Dem,Undecided,7
Indiana,16590,YouGov,2012-10-31,2012-11-03,Likely Voters,768,Internet,Nonpartisan,NA,Obama,44
Indiana,16590,YouGov,2012-10-31,2012-11-03,Likely Voters,768,Internet,Nonpartisan,NA,Romney,51
Indiana,16590,YouGov,2012-10-31,2012-11-03,Likely Voters,768,Internet,Nonpartisan,NA,Other,2
Indiana,16590,YouGov,2012-10-31,2012-11-03,Likely Voters,768,Internet,Nonpartisan,NA,Undecided,4
Indiana,16551,Rasmussen,2012-11-01,2012-11-01,Likely Voters,600,Mixed,Nonpartisan,NA,Obama,43
Indiana,16551,Rasmussen,2012-11-01,2012-11-01,Likely Voters,600,Mixed,Nonpartisan,NA,Romney,52
Indiana,16551,Rasmussen,2012-11-01,2012-11-01,Likely Voters,600,Mixed,Nonpartisan,NA,Other,1
Indiana,16551,Rasmussen,2012-11-01,2012-11-01,Likely Voters,600,Mixed,Nonpartisan,NA,Undecided,4
Indiana,16446,McLaughlin (R-Mourdock),2012-10-31,2012-11-01,Likely Voters,600,Live Phone,Sponsor,Rep,Obama,41
Indiana,16446,McLaughlin (R-Mourdock),2012-10-31,2012-11-01,Likely Voters,600,Live Phone,Sponsor,Rep,Romney,54
Indiana,16446,McLaughlin (R-Mourdock),2012-10-31,2012-11-01,Likely Voters,600,Live Phone,Sponsor,Rep,Other,NA
Indiana,16446,McLaughlin (R-Mourdock),2012-10-31,2012-11-01,Likely Voters,600,Live Phone,Sponsor,Rep,Undecided,5
Indiana,16372,McLaughlin (R-Mourdock),2012-10-29,2012-10-30,Likely Voters,600,Live Phone,Sponsor,Rep,Obama,39
Indiana,16372,McLaughlin (R-Mourdock),2012-10-29,2012-10-30,Likely Voters,600,Live Phone,Sponsor,Rep,Romney,57
Indiana,16372,McLaughlin (R-Mourdock),2012-10-29,2012-10-30,Likely Voters,600,Live Phone,Sponsor,Rep,Other,NA
Indiana,16372,McLaughlin (R-Mourdock),2012-10-29,2012-10-30,Likely Voters,600,Live Phone,Sponsor,Rep,Undecided,4
Indiana,16323,Pharos Research Group,2012-10-26,2012-10-28,Likely Voters,753,Live Phone,Nonpartisan,NA,Obama,42
Indiana,16323,Pharos Research Group,2012-10-26,2012-10-28,Likely Voters,753,Live Phone,Nonpartisan,NA,Romney,55
Indiana,16323,Pharos Research Group,2012-10-26,2012-10-28,Likely Voters,753,Live Phone,Nonpartisan,NA,Other,NA
Indiana,16323,Pharos Research Group,2012-10-26,2012-10-28,Likely Voters,753,Live Phone,Nonpartisan,NA,Undecided,NA
Indiana,16187,McLaughlin (R-Mourdock),2012-10-24,2012-10-25,Likely Voters,600,Live Phone,Sponsor,Rep,Obama,41
Indiana,16187,McLaughlin (R-Mourdock),2012-10-24,2012-10-25,Likely Voters,600,Live Phone,Sponsor,Rep,Romney,55
Indiana,16187,McLaughlin (R-Mourdock),2012-10-24,2012-10-25,Likely Voters,600,Live Phone,Sponsor,Rep,Other,NA
Indiana,16187,McLaughlin (R-Mourdock),2012-10-24,2012-10-25,Likely Voters,600,Live Phone,Sponsor,Rep,Undecided,4
Indiana,15830,Rasmussen,2012-10-10,2012-10-11,Likely Voters,600,Mixed,Nonpartisan,NA,Obama,41
Indiana,15830,Rasmussen,2012-10-10,2012-10-11,Likely Voters,600,Mixed,Nonpartisan,NA,Romney,54
Indiana,15830,Rasmussen,2012-10-10,2012-10-11,Likely Voters,600,Mixed,Nonpartisan,NA,Other,1
Indiana,15830,Rasmussen,2012-10-10,2012-10-11,Likely Voters,600,Mixed,Nonpartisan,NA,Undecided,4
Indiana,15863,YouGov,2012-10-04,2012-10-11,Likely Voters,494,Internet,Nonpartisan,NA,Obama,41
Indiana,15863,YouGov,2012-10-04,2012-10-11,Likely Voters,494,Internet,Nonpartisan,NA,Romney,53
Indiana,15863,YouGov,2012-10-04,2012-10-11,Likely Voters,494,Internet,Nonpartisan,NA,Other,2
Indiana,15863,YouGov,2012-10-04,2012-10-11,Likely Voters,494,Internet,Nonpartisan,NA,Undecided,3
Indiana,15346,Howey-Depauw,2012-09-19,2012-09-23,Likely Voters,800,Live Phone,Nonpartisan,NA,Obama,40
Indiana,15346,Howey-Depauw,2012-09-19,2012-09-23,Likely Voters,800,Live Phone,Nonpartisan,NA,Romney,52
Indiana,15346,Howey-Depauw,2012-09-19,2012-09-23,Likely Voters,800,Live Phone,Nonpartisan,NA,Other,NA
Indiana,15346,Howey-Depauw,2012-09-19,2012-09-23,Likely Voters,800,Live Phone,Nonpartisan,NA,Undecided,NA
Indiana,15223,YouGov,2012-09-07,2012-09-14,Likely Voters,658,Internet,Nonpartisan,NA,Obama,45
Indiana,15223,YouGov,2012-09-07,2012-09-14,Likely Voters,658,Internet,Nonpartisan,NA,Romney,50
Indiana,15223,YouGov,2012-09-07,2012-09-14,Likely Voters,658,Internet,Nonpartisan,NA,Other,2
Indiana,15223,YouGov,2012-09-07,2012-09-14,Likely Voters,658,Internet,Nonpartisan,NA,Undecided,3
Indiana,15080,Global Strategy Group (D-Donnelly),2012-09-10,2012-09-12,Likely Voters,800,Live Phone,Sponsor,Dem,Obama,41
Indiana,15080,Global Strategy Group (D-Donnelly),2012-09-10,2012-09-12,Likely Voters,800,Live Phone,Sponsor,Dem,Romney,47
Indiana,15080,Global Strategy Group (D-Donnelly),2012-09-10,2012-09-12,Likely Voters,800,Live Phone,Sponsor,Dem,Other,NA
Indiana,15080,Global Strategy Group (D-Donnelly),2012-09-10,2012-09-12,Likely Voters,800,Live Phone,Sponsor,Dem,Undecided,NA
Indiana,14601,Rasmussen,2012-07-31,2012-08-01,Likely Voters,400,Mixed,Nonpartisan,NA,Obama,35
Indiana,14601,Rasmussen,2012-07-31,2012-08-01,Likely Voters,400,Mixed,Nonpartisan,NA,Romney,51
Indiana,14601,Rasmussen,2012-07-31,2012-08-01,Likely Voters,400,Mixed,Nonpartisan,NA,Other,3
Indiana,14601,Rasmussen,2012-07-31,2012-08-01,Likely Voters,400,Mixed,Nonpartisan,NA,Undecided,11
Indiana,13924,Rasmussen,2012-05-23,2012-05-24,Likely Voters,600,Internet,Nonpartisan,NA,Obama,42
Indiana,13924,Rasmussen,2012-05-23,2012-05-24,Likely Voters,600,Internet,Nonpartisan,NA,Romney,48
Indiana,13924,Rasmussen,2012-05-23,2012-05-24,Likely Voters,600,Internet,Nonpartisan,NA,Other,5
Indiana,13924,Rasmussen,2012-05-23,2012-05-24,Likely Voters,600,Internet,Nonpartisan,NA,Undecided,5
Indiana,13470,Howey-Depauw,2012-03-26,2012-03-28,Likely Voters,503,Live Phone,Nonpartisan,NA,Obama,40
Indiana,13470,Howey-Depauw,2012-03-26,2012-03-28,Likely Voters,503,Live Phone,Nonpartisan,NA,Romney,49
Indiana,13470,Howey-Depauw,2012-03-26,2012-03-28,Likely Voters,503,Live Phone,Nonpartisan,NA,Other,NA
Indiana,13470,Howey-Depauw,2012-03-26,2012-03-28,Likely Voters,503,Live Phone,Nonpartisan,NA,Undecided,NA
Illinois,16574,YouGov,2012-10-31,2012-11-03,Likely Voters,1126,Internet,Nonpartisan,NA,Obama,57
Illinois,16574,YouGov,2012-10-31,2012-11-03,Likely Voters,1126,Internet,Nonpartisan,NA,Romney,38
Illinois,16574,YouGov,2012-10-31,2012-11-03,Likely Voters,1126,Internet,Nonpartisan,NA,Other,2
Illinois,16574,YouGov,2012-10-31,2012-11-03,Likely Voters,1126,Internet,Nonpartisan,NA,Undecided,3
Illinois,16359,We Ask America,2012-10-30,2012-10-30,Likely Voters,1198,Automated Phone,Nonpartisan,NA,Obama,57
Illinois,16359,We Ask America,2012-10-30,2012-10-30,Likely Voters,1198,Automated Phone,Nonpartisan,NA,Romney,41
Illinois,16359,We Ask America,2012-10-30,2012-10-30,Likely Voters,1198,Automated Phone,Nonpartisan,NA,Other,2
Illinois,16359,We Ask America,2012-10-30,2012-10-30,Likely Voters,1198,Automated Phone,Nonpartisan,NA,Undecided,NA
Illinois,15851,YouGov,2012-10-04,2012-10-11,Likely Voters,849,Internet,Nonpartisan,NA,Obama,58
Illinois,15851,YouGov,2012-10-04,2012-10-11,Likely Voters,849,Internet,Nonpartisan,NA,Romney,38
Illinois,15851,YouGov,2012-10-04,2012-10-11,Likely Voters,849,Internet,Nonpartisan,NA,Other,1
Illinois,15851,YouGov,2012-10-04,2012-10-11,Likely Voters,849,Internet,Nonpartisan,NA,Undecided,3
Illinois,15708,Chicago Tribune/WGN,2012-10-04,2012-10-08,Likely Voters,700,Live Phone,Nonpartisan,NA,Obama,55
Illinois,15708,Chicago Tribune/WGN,2012-10-04,2012-10-08,Likely Voters,700,Live Phone,Nonpartisan,NA,Romney,36
Illinois,15708,Chicago Tribune/WGN,2012-10-04,2012-10-08,Likely Voters,700,Live Phone,Nonpartisan,NA,Other,4
Illinois,15708,Chicago Tribune/WGN,2012-10-04,2012-10-08,Likely Voters,700,Live Phone,Nonpartisan,NA,Undecided,5
Illinois,15228,YouGov,2012-09-07,2012-09-14,Likely Voters,1068,Internet,Nonpartisan,NA,Obama,59
Illinois,15228,YouGov,2012-09-07,2012-09-14,Likely Voters,1068,Internet,Nonpartisan,NA,Romney,36
Illinois,15228,YouGov,2012-09-07,2012-09-14,Likely Voters,1068,Internet,Nonpartisan,NA,Other,2
Illinois,15228,YouGov,2012-09-07,2012-09-14,Likely Voters,1068,Internet,Nonpartisan,NA,Undecided,3
Illinois,15079,Southern Illinois U,2012-09-04,2012-09-10,Registered Voters,1261,Live Phone,Nonpartisan,NA,Obama,47
Illinois,15079,Southern Illinois U,2012-09-04,2012-09-10,Registered Voters,1261,Live Phone,Nonpartisan,NA,Romney,34
Illinois,15079,Southern Illinois U,2012-09-04,2012-09-10,Registered Voters,1261,Live Phone,Nonpartisan,NA,Other,3
Illinois,15079,Southern Illinois U,2012-09-04,2012-09-10,Registered Voters,1261,Live Phone,Nonpartisan,NA,Undecided,16
Illinois,14961,We Ask America,2012-09-05,2012-09-05,Likely Voters,1382,Automated Phone,Nonpartisan,NA,Obama,54
Illinois,14961,We Ask America,2012-09-05,2012-09-05,Likely Voters,1382,Automated Phone,Nonpartisan,NA,Romney,37
Illinois,14961,We Ask America,2012-09-05,2012-09-05,Likely Voters,1382,Automated Phone,Nonpartisan,NA,Other,3
Illinois,14961,We Ask America,2012-09-05,2012-09-05,Likely Voters,1382,Automated Phone,Nonpartisan,NA,Undecided,6
Illinois,14839,Ipsos/Crain's Business Journal,2012-08-17,2012-08-23,Adults,600,Internet,Nonpartisan,NA,Obama,55
Illinois,14839,Ipsos/Crain's Business Journal,2012-08-17,2012-08-23,Adults,600,Internet,Nonpartisan,NA,Romney,29
Illinois,14839,Ipsos/Crain's Business Journal,2012-08-17,2012-08-23,Adults,600,Internet,Nonpartisan,NA,Other,NA
Illinois,14839,Ipsos/Crain's Business Journal,2012-08-17,2012-08-23,Adults,600,Internet,Nonpartisan,NA,Undecided,16
Illinois,14473,Ipsos/Crain's Business Journal,2012-07-16,2012-07-22,Adults,600,Internet,Nonpartisan,NA,Obama,51
Illinois,14473,Ipsos/Crain's Business Journal,2012-07-16,2012-07-22,Adults,600,Internet,Nonpartisan,NA,Romney,31
Illinois,14473,Ipsos/Crain's Business Journal,2012-07-16,2012-07-22,Adults,600,Internet,Nonpartisan,NA,Other,NA
Illinois,14473,Ipsos/Crain's Business Journal,2012-07-16,2012-07-22,Adults,600,Internet,Nonpartisan,NA,Undecided,14
Illinois,13446,Chicago Tribune,2012-02-02,2012-02-06,Registered Voters,600,Live Phone,Nonpartisan,NA,Obama,56
Illinois,13446,Chicago Tribune,2012-02-02,2012-02-06,Registered Voters,600,Live Phone,Nonpartisan,NA,Romney,35
Illinois,13446,Chicago Tribune,2012-02-02,2012-02-06,Registered Voters,600,Live Phone,Nonpartisan,NA,Other,NA
Illinois,13446,Chicago Tribune,2012-02-02,2012-02-06,Registered Voters,600,Live Phone,Nonpartisan,NA,Undecided,9
Georgia,16589,YouGov,2012-10-31,2012-11-03,Likely Voters,1070,Internet,Nonpartisan,NA,Obama,44
Georgia,16589,YouGov,2012-10-31,2012-11-03,Likely Voters,1070,Internet,Nonpartisan,NA,Romney,52
Georgia,16589,YouGov,2012-10-31,2012-11-03,Likely Voters,1070,Internet,Nonpartisan,NA,Other,1
Georgia,16589,YouGov,2012-10-31,2012-11-03,Likely Voters,1070,Internet,Nonpartisan,NA,Undecided,2
Georgia,16444,20/20 Insight (D-Better Georgia),2012-10-29,2012-10-31,Likely Voters,1316,Automated Phone,Sponsor,Dem,Obama,46
Georgia,16444,20/20 Insight (D-Better Georgia),2012-10-29,2012-10-31,Likely Voters,1316,Automated Phone,Sponsor,Dem,Romney,52
Georgia,16444,20/20 Insight (D-Better Georgia),2012-10-29,2012-10-31,Likely Voters,1316,Automated Phone,Sponsor,Dem,Other,1
Georgia,16444,20/20 Insight (D-Better Georgia),2012-10-29,2012-10-31,Likely Voters,1316,Automated Phone,Sponsor,Dem,Undecided,1
Georgia,16316,SurveyUSA,2012-10-25,2012-10-28,Likely Voters,574,IVR/Online,Nonpartisan,NA,Obama,44
Georgia,16316,SurveyUSA,2012-10-25,2012-10-28,Likely Voters,574,IVR/Online,Nonpartisan,NA,Romney,52
Georgia,16316,SurveyUSA,2012-10-25,2012-10-28,Likely Voters,574,IVR/Online,Nonpartisan,NA,Other,2
Georgia,16316,SurveyUSA,2012-10-25,2012-10-28,Likely Voters,574,IVR/Online,Nonpartisan,NA,Undecided,2
Georgia,15770,Abt SRBI Inc/Atlanta Journal-Constitution,2012-10-08,2012-10-11,Likely Voters,706,Live Phone,Nonpartisan,NA,Obama,43
Georgia,15770,Abt SRBI Inc/Atlanta Journal-Constitution,2012-10-08,2012-10-11,Likely Voters,706,Live Phone,Nonpartisan,NA,Romney,51
Georgia,15770,Abt SRBI Inc/Atlanta Journal-Constitution,2012-10-08,2012-10-11,Likely Voters,706,Live Phone,Nonpartisan,NA,Other,NA
Georgia,15770,Abt SRBI Inc/Atlanta Journal-Constitution,2012-10-08,2012-10-11,Likely Voters,706,Live Phone,Nonpartisan,NA,Undecided,5
Georgia,15862,YouGov,2012-10-04,2012-10-11,Likely Voters,776,Internet,Nonpartisan,NA,Obama,44
Georgia,15862,YouGov,2012-10-04,2012-10-11,Likely Voters,776,Internet,Nonpartisan,NA,Romney,52
Georgia,15862,YouGov,2012-10-04,2012-10-11,Likely Voters,776,Internet,Nonpartisan,NA,Other,1
Georgia,15862,YouGov,2012-10-04,2012-10-11,Likely Voters,776,Internet,Nonpartisan,NA,Undecided,3
Georgia,15184,InsiderAdvantage/Fox 5 Atlanta,2012-09-18,2012-09-18,Likely Voters,483,Live Phone,Nonpartisan,NA,Obama,35
Georgia,15184,InsiderAdvantage/Fox 5 Atlanta,2012-09-18,2012-09-18,Likely Voters,483,Live Phone,Nonpartisan,NA,Romney,56
Georgia,15184,InsiderAdvantage/Fox 5 Atlanta,2012-09-18,2012-09-18,Likely Voters,483,Live Phone,Nonpartisan,NA,Other,2
Georgia,15184,InsiderAdvantage/Fox 5 Atlanta,2012-09-18,2012-09-18,Likely Voters,483,Live Phone,Nonpartisan,NA,Undecided,7
Georgia,15224,YouGov,2012-09-07,2012-09-14,Likely Voters,1020,Internet,Nonpartisan,NA,Obama,44
Georgia,15224,YouGov,2012-09-07,2012-09-14,Likely Voters,1020,Internet,Nonpartisan,NA,Romney,51
Georgia,15224,YouGov,2012-09-07,2012-09-14,Likely Voters,1020,Internet,Nonpartisan,NA,Other,2
Georgia,15224,YouGov,2012-09-07,2012-09-14,Likely Voters,1020,Internet,Nonpartisan,NA,Undecided,3
Georgia,14730,20/20 Insight (D-Better Georgia),2012-08-15,2012-08-18,Likely Voters,1158,Automated Phone,Sponsor,Dem,Obama,46
Georgia,14730,20/20 Insight (D-Better Georgia),2012-08-15,2012-08-18,Likely Voters,1158,Automated Phone,Sponsor,Dem,Romney,49
Georgia,14730,20/20 Insight (D-Better Georgia),2012-08-15,2012-08-18,Likely Voters,1158,Automated Phone,Sponsor,Dem,Other,1
Georgia,14730,20/20 Insight (D-Better Georgia),2012-08-15,2012-08-18,Likely Voters,1158,Automated Phone,Sponsor,Dem,Undecided,4
Georgia,13912,InsiderAdvantage,2012-05-22,2012-05-22,Likely Voters,438,Automated Phone,Nonpartisan,NA,Obama,40
Georgia,13912,InsiderAdvantage,2012-05-22,2012-05-22,Likely Voters,438,Automated Phone,Nonpartisan,NA,Romney,52
Georgia,13912,InsiderAdvantage,2012-05-22,2012-05-22,Likely Voters,438,Automated Phone,Nonpartisan,NA,Other,NA
Georgia,13912,InsiderAdvantage,2012-05-22,2012-05-22,Likely Voters,438,Automated Phone,Nonpartisan,NA,Undecided,8
Georgia,13782,Landmark/Rosetta Stone,2012-05-10,2012-05-10,Registered Voters,600,Automated Phone,Pollster,Rep,Obama,40
Georgia,13782,Landmark/Rosetta Stone,2012-05-10,2012-05-10,Registered Voters,600,Automated Phone,Pollster,Rep,Romney,51
Georgia,13782,Landmark/Rosetta Stone,2012-05-10,2012-05-10,Registered Voters,600,Automated Phone,Pollster,Rep,Other,NA
Georgia,13782,Landmark/Rosetta Stone,2012-05-10,2012-05-10,Registered Voters,600,Automated Phone,Pollster,Rep,Undecided,NA
Georgia,13060,SurveyUSA,2012-02-23,2012-02-26,Registered Voters,1156,IVR/Online,Nonpartisan,NA,Obama,42
Georgia,13060,SurveyUSA,2012-02-23,2012-02-26,Registered Voters,1156,IVR/Online,Nonpartisan,NA,Romney,49
Georgia,13060,SurveyUSA,2012-02-23,2012-02-26,Registered Voters,1156,IVR/Online,Nonpartisan,NA,Other,NA
Georgia,13060,SurveyUSA,2012-02-23,2012-02-26,Registered Voters,1156,IVR/Online,Nonpartisan,NA,Undecided,8
Georgia,13073,SurveyUSA,2012-02-01,2012-02-02,Registered Voters,1144,IVR/Online,Nonpartisan,NA,Obama,43
Georgia,13073,SurveyUSA,2012-02-01,2012-02-02,Registered Voters,1144,IVR/Online,Nonpartisan,NA,Romney,51
Georgia,13073,SurveyUSA,2012-02-01,2012-02-02,Registered Voters,1144,IVR/Online,Nonpartisan,NA,Other,NA
Georgia,13073,SurveyUSA,2012-02-01,2012-02-02,Registered Voters,1144,IVR/Online,Nonpartisan,NA,Undecided,6
Connecticut,16571,YouGov,2012-10-31,2012-11-03,Likely Voters,895,Internet,Nonpartisan,NA,Obama,54
Connecticut,16571,YouGov,2012-10-31,2012-11-03,Likely Voters,895,Internet,Nonpartisan,NA,Romney,39
Connecticut,16571,YouGov,2012-10-31,2012-11-03,Likely Voters,895,Internet,Nonpartisan,NA,Other,2
Connecticut,16571,YouGov,2012-10-31,2012-11-03,Likely Voters,895,Internet,Nonpartisan,NA,Undecided,5
Connecticut,16485,PPP (D),2012-11-01,2012-11-02,Likely Voters,1220,Automated Phone,Pollster,Dem,Obama,55
Connecticut,16485,PPP (D),2012-11-01,2012-11-02,Likely Voters,1220,Automated Phone,Pollster,Dem,Romney,42
Connecticut,16485,PPP (D),2012-11-01,2012-11-02,Likely Voters,1220,Automated Phone,Pollster,Dem,Other,NA
Connecticut,16485,PPP (D),2012-11-01,2012-11-02,Likely Voters,1220,Automated Phone,Pollster,Dem,Undecided,3
Connecticut,16104,Quinnipiac,2012-10-19,2012-10-22,Likely Voters,1412,Live Phone,Nonpartisan,NA,Obama,55
Connecticut,16104,Quinnipiac,2012-10-19,2012-10-22,Likely Voters,1412,Live Phone,Nonpartisan,NA,Romney,41
Connecticut,16104,Quinnipiac,2012-10-19,2012-10-22,Likely Voters,1412,Live Phone,Nonpartisan,NA,Other,NA
Connecticut,16104,Quinnipiac,2012-10-19,2012-10-22,Likely Voters,1412,Live Phone,Nonpartisan,NA,Undecided,4
Connecticut,16092,Rasmussen,2012-10-21,2012-10-21,Likely Voters,500,Automated Phone,Nonpartisan,NA,Obama,52
Connecticut,16092,Rasmussen,2012-10-21,2012-10-21,Likely Voters,500,Automated Phone,Nonpartisan,NA,Romney,45
Connecticut,16092,Rasmussen,2012-10-21,2012-10-21,Likely Voters,500,Automated Phone,Nonpartisan,NA,Other,1
Connecticut,16092,Rasmussen,2012-10-21,2012-10-21,Likely Voters,500,Automated Phone,Nonpartisan,NA,Undecided,2
Connecticut,16063,SurveyUSA/WABC-TV,2012-10-19,2012-10-21,Likely Voters,575,IVR/Online,Nonpartisan,NA,Obama,53
Connecticut,16063,SurveyUSA/WABC-TV,2012-10-19,2012-10-21,Likely Voters,575,IVR/Online,Nonpartisan,NA,Romney,40
Connecticut,16063,SurveyUSA/WABC-TV,2012-10-19,2012-10-21,Likely Voters,575,IVR/Online,Nonpartisan,NA,Other,3
Connecticut,16063,SurveyUSA/WABC-TV,2012-10-19,2012-10-21,Likely Voters,575,IVR/Online,Nonpartisan,NA,Undecided,4
Connecticut,16168,Mason-Dixon,2012-10-15,2012-10-17,Likely Voters,625,Live Phone,Nonpartisan,NA,Obama,49
Connecticut,16168,Mason-Dixon,2012-10-15,2012-10-17,Likely Voters,625,Live Phone,Nonpartisan,NA,Romney,42
Connecticut,16168,Mason-Dixon,2012-10-15,2012-10-17,Likely Voters,625,Live Phone,Nonpartisan,NA,Other,NA
Connecticut,16168,Mason-Dixon,2012-10-15,2012-10-17,Likely Voters,625,Live Phone,Nonpartisan,NA,Undecided,NA
Connecticut,15928,PPP (D-LCV),2012-10-15,2012-10-16,Likely Voters,1015,Automated Phone,Sponsor,Dem,Obama,53
Connecticut,15928,PPP (D-LCV),2012-10-15,2012-10-16,Likely Voters,1015,Automated Phone,Sponsor,Dem,Romney,44
Connecticut,15928,PPP (D-LCV),2012-10-15,2012-10-16,Likely Voters,1015,Automated Phone,Sponsor,Dem,Other,NA
Connecticut,15928,PPP (D-LCV),2012-10-15,2012-10-16,Likely Voters,1015,Automated Phone,Sponsor,Dem,Undecided,4
Connecticut,15912,UConn/Hartford Courant,2012-10-11,2012-10-16,Likely Voters,574,Live Phone,Nonpartisan,NA,Obama,51
Connecticut,15912,UConn/Hartford Courant,2012-10-11,2012-10-16,Likely Voters,574,Live Phone,Nonpartisan,NA,Romney,37
Connecticut,15912,UConn/Hartford Courant,2012-10-11,2012-10-16,Likely Voters,574,Live Phone,Nonpartisan,NA,Other,NA
Connecticut,15912,UConn/Hartford Courant,2012-10-11,2012-10-16,Likely Voters,574,Live Phone,Nonpartisan,NA,Undecided,NA
Connecticut,15869,Siena,2012-10-04,2012-10-14,Likely Voters,552,Live Phone,Nonpartisan,NA,Obama,53
Connecticut,15869,Siena,2012-10-04,2012-10-14,Likely Voters,552,Live Phone,Nonpartisan,NA,Romney,38
Connecticut,15869,Siena,2012-10-04,2012-10-14,Likely Voters,552,Live Phone,Nonpartisan,NA,Other,NA
Connecticut,15869,Siena,2012-10-04,2012-10-14,Likely Voters,552,Live Phone,Nonpartisan,NA,Undecided,7
Connecticut,15859,YouGov,2012-10-04,2012-10-11,Likely Voters,434,Internet,Nonpartisan,NA,Obama,53
Connecticut,15859,YouGov,2012-10-04,2012-10-11,Likely Voters,434,Internet,Nonpartisan,NA,Romney,39
Connecticut,15859,YouGov,2012-10-04,2012-10-11,Likely Voters,434,Internet,Nonpartisan,NA,Other,3
Connecticut,15859,YouGov,2012-10-04,2012-10-11,Likely Voters,434,Internet,Nonpartisan,NA,Undecided,5
Connecticut,15637,Rasmussen,2012-10-07,2012-10-07,Likely Voters,500,Automated Phone,Nonpartisan,NA,Obama,51
Connecticut,15637,Rasmussen,2012-10-07,2012-10-07,Likely Voters,500,Automated Phone,Nonpartisan,NA,Romney,45
Connecticut,15637,Rasmussen,2012-10-07,2012-10-07,Likely Voters,500,Automated Phone,Nonpartisan,NA,Other,1
Connecticut,15637,Rasmussen,2012-10-07,2012-10-07,Likely Voters,500,Automated Phone,Nonpartisan,NA,Undecided,3
Connecticut,15513,Quinnipiac,2012-09-28,2012-10-02,Likely Voters,1696,Live Phone,Nonpartisan,NA,Obama,54
Connecticut,15513,Quinnipiac,2012-09-28,2012-10-02,Likely Voters,1696,Live Phone,Nonpartisan,NA,Romney,42
Connecticut,15513,Quinnipiac,2012-09-28,2012-10-02,Likely Voters,1696,Live Phone,Nonpartisan,NA,Other,NA
Connecticut,15513,Quinnipiac,2012-09-28,2012-10-02,Likely Voters,1696,Live Phone,Nonpartisan,NA,Undecided,4
Connecticut,15355,PPP (D),2012-09-24,2012-09-26,Likely Voters,801,Automated Phone,Pollster,Dem,Obama,54
Connecticut,15355,PPP (D),2012-09-24,2012-09-26,Likely Voters,801,Automated Phone,Pollster,Dem,Romney,41
Connecticut,15355,PPP (D),2012-09-24,2012-09-26,Likely Voters,801,Automated Phone,Pollster,Dem,Other,NA
Connecticut,15355,PPP (D),2012-09-24,2012-09-26,Likely Voters,801,Automated Phone,Pollster,Dem,Undecided,5
Connecticut,15150,UConn/Hartford Courant,2012-09-11,2012-09-16,Likely Voters,508,Live Phone,Nonpartisan,NA,Obama,53
Connecticut,15150,UConn/Hartford Courant,2012-09-11,2012-09-16,Likely Voters,508,Live Phone,Nonpartisan,NA,Romney,32
Connecticut,15150,UConn/Hartford Courant,2012-09-11,2012-09-16,Likely Voters,508,Live Phone,Nonpartisan,NA,Other,NA
Connecticut,15150,UConn/Hartford Courant,2012-09-11,2012-09-16,Likely Voters,508,Live Phone,Nonpartisan,NA,Undecided,12
Connecticut,15189,YouGov,2012-09-07,2012-09-14,Likely Voters,634,Internet,Nonpartisan,NA,Obama,53
Connecticut,15189,YouGov,2012-09-07,2012-09-14,Likely Voters,634,Internet,Nonpartisan,NA,Romney,40
Connecticut,15189,YouGov,2012-09-07,2012-09-14,Likely Voters,634,Internet,Nonpartisan,NA,Other,2
Connecticut,15189,YouGov,2012-09-07,2012-09-14,Likely Voters,634,Internet,Nonpartisan,NA,Undecided,5
Connecticut,14806,Quinnipiac,2012-08-22,2012-08-26,Likely Voters,NA,Live Phone,Nonpartisan,NA,Obama,52
Connecticut,14806,Quinnipiac,2012-08-22,2012-08-26,Likely Voters,NA,Live Phone,Nonpartisan,NA,Romney,45
Connecticut,14806,Quinnipiac,2012-08-22,2012-08-26,Likely Voters,NA,Live Phone,Nonpartisan,NA,Other,NA
Connecticut,14806,Quinnipiac,2012-08-22,2012-08-26,Likely Voters,NA,Live Phone,Nonpartisan,NA,Undecided,2
Connecticut,14822,PPP (D-League of Conservation Voters),2012-08-22,2012-08-23,Likely Voters,881,Automated Phone,Sponsor,Dem,Obama,53
Connecticut,14822,PPP (D-League of Conservation Voters),2012-08-22,2012-08-23,Likely Voters,881,Automated Phone,Sponsor,Dem,Romney,40
Connecticut,14822,PPP (D-League of Conservation Voters),2012-08-22,2012-08-23,Likely Voters,881,Automated Phone,Sponsor,Dem,Other,NA
Connecticut,14822,PPP (D-League of Conservation Voters),2012-08-22,2012-08-23,Likely Voters,881,Automated Phone,Sponsor,Dem,Undecided,7
Connecticut,14754,Rasmussen,2012-08-21,2012-08-21,Likely Voters,500,Automated Phone,Nonpartisan,NA,Obama,51
Connecticut,14754,Rasmussen,2012-08-21,2012-08-21,Likely Voters,500,Automated Phone,Nonpartisan,NA,Romney,43
Connecticut,14754,Rasmussen,2012-08-21,2012-08-21,Likely Voters,500,Automated Phone,Nonpartisan,NA,Other,3
Connecticut,14754,Rasmussen,2012-08-21,2012-08-21,Likely Voters,500,Automated Phone,Nonpartisan,NA,Undecided,3
Connecticut,14536,PPP (D),2012-07-26,2012-07-29,Likely Voters,771,Automated Phone,Pollster,Dem,Obama,51
Connecticut,14536,PPP (D),2012-07-26,2012-07-29,Likely Voters,771,Automated Phone,Pollster,Dem,Romney,43
Connecticut,14536,PPP (D),2012-07-26,2012-07-29,Likely Voters,771,Automated Phone,Pollster,Dem,Other,NA
Connecticut,14536,PPP (D),2012-07-26,2012-07-29,Likely Voters,771,Automated Phone,Pollster,Dem,Undecided,6
Connecticut,14016,Quinnipiac,2012-05-29,2012-06-03,Registered Voters,1408,Live Phone,Nonpartisan,NA,Obama,50
Connecticut,14016,Quinnipiac,2012-05-29,2012-06-03,Registered Voters,1408,Live Phone,Nonpartisan,NA,Romney,38
Connecticut,14016,Quinnipiac,2012-05-29,2012-06-03,Registered Voters,1408,Live Phone,Nonpartisan,NA,Other,2
Connecticut,14016,Quinnipiac,2012-05-29,2012-06-03,Registered Voters,1408,Live Phone,Nonpartisan,NA,Undecided,10
Connecticut,13292,Quinnipiac,2012-03-14,2012-03-19,Registered Voters,1622,Live Phone,Nonpartisan,NA,Obama,53
Connecticut,13292,Quinnipiac,2012-03-14,2012-03-19,Registered Voters,1622,Live Phone,Nonpartisan,NA,Romney,37
Connecticut,13292,Quinnipiac,2012-03-14,2012-03-19,Registered Voters,1622,Live Phone,Nonpartisan,NA,Other,1
Connecticut,13292,Quinnipiac,2012-03-14,2012-03-19,Registered Voters,1622,Live Phone,Nonpartisan,NA,Undecided,6
California,16569,YouGov,2012-10-31,2012-11-03,Likely Voters,1575,Internet,Nonpartisan,NA,Obama,55
California,16569,YouGov,2012-10-31,2012-11-03,Likely Voters,1575,Internet,Nonpartisan,NA,Romney,40
California,16569,YouGov,2012-10-31,2012-11-03,Likely Voters,1575,Internet,Nonpartisan,NA,Other,3
California,16569,YouGov,2012-10-31,2012-11-03,Likely Voters,1575,Internet,Nonpartisan,NA,Undecided,2
California,16496,Field/UC Berkeley,2012-10-17,2012-10-30,Likely Voters,1566,Live Phone,Nonpartisan,NA,Obama,54
California,16496,Field/UC Berkeley,2012-10-17,2012-10-30,Likely Voters,1566,Live Phone,Nonpartisan,NA,Romney,39
California,16496,Field/UC Berkeley,2012-10-17,2012-10-30,Likely Voters,1566,Live Phone,Nonpartisan,NA,Other,2
California,16496,Field/UC Berkeley,2012-10-17,2012-10-30,Likely Voters,1566,Live Phone,Nonpartisan,NA,Undecided,5
California,16376,CBRT/Pepperdine/M4,2012-10-21,2012-10-28,Likely Voters,2115,Internet,Nonpartisan,NA,Obama,56
California,16376,CBRT/Pepperdine/M4,2012-10-21,2012-10-28,Likely Voters,2115,Internet,Nonpartisan,NA,Romney,33
California,16376,CBRT/Pepperdine/M4,2012-10-21,2012-10-28,Likely Voters,2115,Internet,Nonpartisan,NA,Other,4
California,16376,CBRT/Pepperdine/M4,2012-10-21,2012-10-28,Likely Voters,2115,Internet,Nonpartisan,NA,Undecided,7
California,16136,USC/LATimes,2012-10-15,2012-10-21,Likely Voters,1440,Live Phone,Pollster,Dem,Obama,55
California,16136,USC/LATimes,2012-10-15,2012-10-21,Likely Voters,1440,Live Phone,Pollster,Dem,Romney,39
California,16136,USC/LATimes,2012-10-15,2012-10-21,Likely Voters,1440,Live Phone,Pollster,Dem,Other,NA
California,16136,USC/LATimes,2012-10-15,2012-10-21,Likely Voters,1440,Live Phone,Pollster,Dem,Undecided,2
California,16165,PPIC,2012-10-14,2012-10-21,Likely Voters,993,Live Phone,Nonpartisan,NA,Obama,53
California,16165,PPIC,2012-10-14,2012-10-21,Likely Voters,993,Live Phone,Nonpartisan,NA,Romney,41
California,16165,PPIC,2012-10-14,2012-10-21,Likely Voters,993,Live Phone,Nonpartisan,NA,Other,2
California,16165,PPIC,2012-10-14,2012-10-21,Likely Voters,993,Live Phone,Nonpartisan,NA,Undecided,4
California,15948,Reason/Rupe,2012-10-11,2012-10-15,Likely Voters,508,Live Phone,Nonpartisan,NA,Obama,53
California,15948,Reason/Rupe,2012-10-11,2012-10-15,Likely Voters,508,Live Phone,Nonpartisan,NA,Romney,38
California,15948,Reason/Rupe,2012-10-11,2012-10-15,Likely Voters,508,Live Phone,Nonpartisan,NA,Other,4
California,15948,Reason/Rupe,2012-10-11,2012-10-15,Likely Voters,508,Live Phone,Nonpartisan,NA,Undecided,5
California,15849,YouGov,2012-10-04,2012-10-11,Likely Voters,1169,Internet,Nonpartisan,NA,Obama,58
California,15849,YouGov,2012-10-04,2012-10-11,Likely Voters,1169,Internet,Nonpartisan,NA,Romney,39
California,15849,YouGov,2012-10-04,2012-10-11,Likely Voters,1169,Internet,Nonpartisan,NA,Other,2
California,15849,YouGov,2012-10-04,2012-10-11,Likely Voters,1169,Internet,Nonpartisan,NA,Undecided,1
California,15722,CBRT/Pepperdine/M4,2012-10-07,2012-10-10,Likely Voters,830,Internet,Nonpartisan,NA,Obama,54
California,15722,CBRT/Pepperdine/M4,2012-10-07,2012-10-10,Likely Voters,830,Internet,Nonpartisan,NA,Romney,33
California,15722,CBRT/Pepperdine/M4,2012-10-07,2012-10-10,Likely Voters,830,Internet,Nonpartisan,NA,Other,4
California,15722,CBRT/Pepperdine/M4,2012-10-07,2012-10-10,Likely Voters,830,Internet,Nonpartisan,NA,Undecided,9
California,15694,SurveyUSA,2012-10-07,2012-10-09,Likely Voters,539,IVR/Online,Nonpartisan,NA,Obama,53
California,15694,SurveyUSA,2012-10-07,2012-10-09,Likely Voters,539,IVR/Online,Nonpartisan,NA,Romney,39
California,15694,SurveyUSA,2012-10-07,2012-10-09,Likely Voters,539,IVR/Online,Nonpartisan,NA,Other,4
California,15694,SurveyUSA,2012-10-07,2012-10-09,Likely Voters,539,IVR/Online,Nonpartisan,NA,Undecided,4
California,15140,Field/UC Berkeley,2012-09-05,2012-09-17,Likely Voters,891,Live Phone,Nonpartisan,NA,Obama,58
California,15140,Field/UC Berkeley,2012-09-05,2012-09-17,Likely Voters,891,Live Phone,Nonpartisan,NA,Romney,34
California,15140,Field/UC Berkeley,2012-09-05,2012-09-17,Likely Voters,891,Live Phone,Nonpartisan,NA,Other,2
California,15140,Field/UC Berkeley,2012-09-05,2012-09-17,Likely Voters,891,Live Phone,Nonpartisan,NA,Undecided,6
California,15221,PPIC,2012-09-09,2012-09-16,Likely Voters,995,Live Phone,Nonpartisan,NA,Obama,53
California,15221,PPIC,2012-09-09,2012-09-16,Likely Voters,995,Live Phone,Nonpartisan,NA,Romney,39
California,15221,PPIC,2012-09-09,2012-09-16,Likely Voters,995,Live Phone,Nonpartisan,NA,Other,2
California,15221,PPIC,2012-09-09,2012-09-16,Likely Voters,995,Live Phone,Nonpartisan,NA,Undecided,6
California,15220,YouGov,2012-09-07,2012-09-14,Likely Voters,1361,Internet,Nonpartisan,NA,Obama,56
California,15220,YouGov,2012-09-07,2012-09-14,Likely Voters,1361,Internet,Nonpartisan,NA,Romney,39
California,15220,YouGov,2012-09-07,2012-09-14,Likely Voters,1361,Internet,Nonpartisan,NA,Other,3
California,15220,YouGov,2012-09-07,2012-09-14,Likely Voters,1361,Internet,Nonpartisan,NA,Undecided,2
California,15037,CBRT/Pepperdine/M4,2012-09-09,2012-09-12,Likely Voters,802,Internet,Nonpartisan,NA,Obama,55
California,15037,CBRT/Pepperdine/M4,2012-09-09,2012-09-12,Likely Voters,802,Internet,Nonpartisan,NA,Romney,33
California,15037,CBRT/Pepperdine/M4,2012-09-09,2012-09-12,Likely Voters,802,Internet,Nonpartisan,NA,Other,4
California,15037,CBRT/Pepperdine/M4,2012-09-09,2012-09-12,Likely Voters,802,Internet,Nonpartisan,NA,Undecided,7
California,14994,SurveyUSA,2012-09-09,2012-09-11,Likely Voters,524,IVR/Online,Nonpartisan,NA,Obama,57
California,14994,SurveyUSA,2012-09-09,2012-09-11,Likely Voters,524,IVR/Online,Nonpartisan,NA,Romney,35
California,14994,SurveyUSA,2012-09-09,2012-09-11,Likely Voters,524,IVR/Online,Nonpartisan,NA,Other,4
California,14994,SurveyUSA,2012-09-09,2012-09-11,Likely Voters,524,IVR/Online,Nonpartisan,NA,Undecided,3
California,14761,PACE/USC,2012-08-03,2012-08-07,Likely Voters,1041,Live Phone,Pollster,Dem,Obama,56
California,14761,PACE/USC,2012-08-03,2012-08-07,Likely Voters,1041,Live Phone,Pollster,Dem,Romney,33
California,14761,PACE/USC,2012-08-03,2012-08-07,Likely Voters,1041,Live Phone,Pollster,Dem,Other,4
California,14761,PACE/USC,2012-08-03,2012-08-07,Likely Voters,1041,Live Phone,Pollster,Dem,Undecided,8
California,14419,CBRT/Pepperdine/M4,2012-07-16,2012-07-17,Likely Voters,812,Internet,Nonpartisan,NA,Obama,52
California,14419,CBRT/Pepperdine/M4,2012-07-16,2012-07-17,Likely Voters,812,Internet,Nonpartisan,NA,Romney,33
California,14419,CBRT/Pepperdine/M4,2012-07-16,2012-07-17,Likely Voters,812,Internet,Nonpartisan,NA,Other,5
California,14419,CBRT/Pepperdine/M4,2012-07-16,2012-07-17,Likely Voters,812,Internet,Nonpartisan,NA,Undecided,10
California,14260,Field,2012-06-21,2012-07-02,Likely Voters,848,Live Phone,Nonpartisan,NA,Obama,55
California,14260,Field,2012-06-21,2012-07-02,Likely Voters,848,Live Phone,Nonpartisan,NA,Romney,37
California,14260,Field,2012-06-21,2012-07-02,Likely Voters,848,Live Phone,Nonpartisan,NA,Other,3
California,14260,Field,2012-06-21,2012-07-02,Likely Voters,848,Live Phone,Nonpartisan,NA,Undecided,5
California,13975,SurveyUSA,2012-05-27,2012-05-29,Registered Voters,1575,IVR/Online,Nonpartisan,NA,Obama,57
California,13975,SurveyUSA,2012-05-27,2012-05-29,Registered Voters,1575,IVR/Online,Nonpartisan,NA,Romney,36
California,13975,SurveyUSA,2012-05-27,2012-05-29,Registered Voters,1575,IVR/Online,Nonpartisan,NA,Other,NA
California,13975,SurveyUSA,2012-05-27,2012-05-29,Registered Voters,1575,IVR/Online,Nonpartisan,NA,Undecided,7
California,13976,Field,2012-05-21,2012-05-29,Registered Voters,710,Live Phone,Nonpartisan,NA,Obama,48
California,13976,Field,2012-05-21,2012-05-29,Registered Voters,710,Live Phone,Nonpartisan,NA,Romney,32
California,13976,Field,2012-05-21,2012-05-29,Registered Voters,710,Live Phone,Nonpartisan,NA,Other,NA
California,13976,Field,2012-05-21,2012-05-29,Registered Voters,710,Live Phone,Nonpartisan,NA,Undecided,17
California,13908,USC/LATimes,2012-05-17,2012-05-21,Registered Voters,1002,Live Phone,Pollster,Dem,Obama,56
California,13908,USC/LATimes,2012-05-17,2012-05-21,Registered Voters,1002,Live Phone,Pollster,Dem,Romney,37
California,13908,USC/LATimes,2012-05-17,2012-05-21,Registered Voters,1002,Live Phone,Pollster,Dem,Other,NA
California,13908,USC/LATimes,2012-05-17,2012-05-21,Registered Voters,1002,Live Phone,Pollster,Dem,Undecided,2
California,13907,PPIC,2012-05-14,2012-05-20,Likely Voters,894,Live Phone,Nonpartisan,NA,Obama,50
California,13907,PPIC,2012-05-14,2012-05-20,Likely Voters,894,Live Phone,Nonpartisan,NA,Romney,39
California,13907,PPIC,2012-05-14,2012-05-20,Likely Voters,894,Live Phone,Nonpartisan,NA,Other,3
California,13907,PPIC,2012-05-14,2012-05-20,Likely Voters,894,Live Phone,Nonpartisan,NA,Undecided,8
California,13427,SurveyUSA,2012-03-29,2012-04-02,Registered Voters,1995,IVR/Online,Nonpartisan,NA,Obama,62
California,13427,SurveyUSA,2012-03-29,2012-04-02,Registered Voters,1995,IVR/Online,Nonpartisan,NA,Romney,31
California,13427,SurveyUSA,2012-03-29,2012-04-02,Registered Voters,1995,IVR/Online,Nonpartisan,NA,Other,NA
California,13427,SurveyUSA,2012-03-29,2012-04-02,Registered Voters,1995,IVR/Online,Nonpartisan,NA,Undecided,8
California,13359,USC/LATimes,2012-03-14,2012-03-19,Registered Voters,1500,Live Phone,Nonpartisan,NA,Obama,57
California,13359,USC/LATimes,2012-03-14,2012-03-19,Registered Voters,1500,Live Phone,Nonpartisan,NA,Romney,36
California,13359,USC/LATimes,2012-03-14,2012-03-19,Registered Voters,1500,Live Phone,Nonpartisan,NA,Other,NA
California,13359,USC/LATimes,2012-03-14,2012-03-19,Registered Voters,1500,Live Phone,Nonpartisan,NA,Undecided,NA
California,13138,Field,2012-02-11,2012-02-18,Registered Voters,1003,Live Phone,Nonpartisan,NA,Obama,55
California,13138,Field,2012-02-11,2012-02-18,Registered Voters,1003,Live Phone,Nonpartisan,NA,Romney,35
California,13138,Field,2012-02-11,2012-02-18,Registered Voters,1003,Live Phone,Nonpartisan,NA,Other,NA
California,13138,Field,2012-02-11,2012-02-18,Registered Voters,1003,Live Phone,Nonpartisan,NA,Undecided,10
California,13137,Rasmussen,2012-02-08,2012-02-16,Likely Voters,500,Automated Phone,Nonpartisan,NA,Obama,57
California,13137,Rasmussen,2012-02-08,2012-02-16,Likely Voters,500,Automated Phone,Nonpartisan,NA,Romney,35
California,13137,Rasmussen,2012-02-08,2012-02-16,Likely Voters,500,Automated Phone,Nonpartisan,NA,Other,4
California,13137,Rasmussen,2012-02-08,2012-02-16,Likely Voters,500,Automated Phone,Nonpartisan,NA,Undecided,4
California,13139,SurveyUSA,2012-02-08,2012-02-09,Registered Voters,2088,IVR/Online,Nonpartisan,NA,Obama,60
California,13139,SurveyUSA,2012-02-08,2012-02-09,Registered Voters,2088,IVR/Online,Nonpartisan,NA,Romney,31
California,13139,SurveyUSA,2012-02-08,2012-02-09,Registered Voters,2088,IVR/Online,Nonpartisan,NA,Other,NA
California,13139,SurveyUSA,2012-02-08,2012-02-09,Registered Voters,2088,IVR/Online,Nonpartisan,NA,Undecided,9
Arkansas,16105,U of Arkansas,2012-10-09,2012-10-14,Likely Voters,642,Live Phone,Nonpartisan,NA,Obama,31
Arkansas,16105,U of Arkansas,2012-10-09,2012-10-14,Likely Voters,642,Live Phone,Nonpartisan,NA,Romney,58
Arkansas,16105,U of Arkansas,2012-10-09,2012-10-14,Likely Voters,642,Live Phone,Nonpartisan,NA,Other,NA
Arkansas,16105,U of Arkansas,2012-10-09,2012-10-14,Likely Voters,642,Live Phone,Nonpartisan,NA,Undecided,11
Arkansas,15292,Hendrix College,2012-09-17,2012-09-17,Likely Voters,2228,Automated Phone,Nonpartisan,NA,Obama,35
Arkansas,15292,Hendrix College,2012-09-17,2012-09-17,Likely Voters,2228,Automated Phone,Nonpartisan,NA,Romney,56
Arkansas,15292,Hendrix College,2012-09-17,2012-09-17,Likely Voters,2228,Automated Phone,Nonpartisan,NA,Other,NA
Arkansas,15292,Hendrix College,2012-09-17,2012-09-17,Likely Voters,2228,Automated Phone,Nonpartisan,NA,Undecided,7
Arkansas,13437,Hendrix College,2012-03-26,2012-03-26,Likely Voters,759,Automated Phone,Nonpartisan,NA,Obama,33
Arkansas,13437,Hendrix College,2012-03-26,2012-03-26,Likely Voters,759,Automated Phone,Nonpartisan,NA,Romney,57
Arkansas,13437,Hendrix College,2012-03-26,2012-03-26,Likely Voters,759,Automated Phone,Nonpartisan,NA,Other,NA
Arkansas,13437,Hendrix College,2012-03-26,2012-03-26,Likely Voters,759,Automated Phone,Nonpartisan,NA,Undecided,11
Wisconsin,16530,PPP (D),2012-11-02,2012-11-03,Likely Voters,1256,Automated Phone,Pollster,Dem,Obama,51
Wisconsin,16530,PPP (D),2012-11-02,2012-11-03,Likely Voters,1256,Automated Phone,Pollster,Dem,Romney,48
Wisconsin,16530,PPP (D),2012-11-02,2012-11-03,Likely Voters,1256,Automated Phone,Pollster,Dem,Other,NA
Wisconsin,16530,PPP (D),2012-11-02,2012-11-03,Likely Voters,1256,Automated Phone,Pollster,Dem,Undecided,1
Wisconsin,16648,Angus-Reid,2012-11-01,2012-11-03,Likely Voters,454,Internet,Nonpartisan,NA,Obama,53
Wisconsin,16648,Angus-Reid,2012-11-01,2012-11-03,Likely Voters,454,Internet,Nonpartisan,NA,Romney,46
Wisconsin,16648,Angus-Reid,2012-11-01,2012-11-03,Likely Voters,454,Internet,Nonpartisan,NA,Other,1
Wisconsin,16648,Angus-Reid,2012-11-01,2012-11-03,Likely Voters,454,Internet,Nonpartisan,NA,Undecided,NA
Wisconsin,16588,YouGov,2012-10-31,2012-11-03,Likely Voters,1225,Internet,Nonpartisan,NA,Obama,50
Wisconsin,16588,YouGov,2012-10-31,2012-11-03,Likely Voters,1225,Internet,Nonpartisan,NA,Romney,46
Wisconsin,16588,YouGov,2012-10-31,2012-11-03,Likely Voters,1225,Internet,Nonpartisan,NA,Other,1
Wisconsin,16588,YouGov,2012-10-31,2012-11-03,Likely Voters,1225,Internet,Nonpartisan,NA,Undecided,3
Wisconsin,16503,Grove Insight (D-Project New America/USAction),2012-11-01,2012-11-02,Likely Voters,500,Live Phone,Sponsor,Dem,Obama,48
Wisconsin,16503,Grove Insight (D-Project New America/USAction),2012-11-01,2012-11-02,Likely Voters,500,Live Phone,Sponsor,Dem,Romney,42
Wisconsin,16503,Grove Insight (D-Project New America/USAction),2012-11-01,2012-11-02,Likely Voters,500,Live Phone,Sponsor,Dem,Other,2
Wisconsin,16503,Grove Insight (D-Project New America/USAction),2012-11-01,2012-11-02,Likely Voters,500,Live Phone,Sponsor,Dem,Undecided,8
Wisconsin,16473,We Ask America,2012-10-30,2012-11-01,Likely Voters,1210,Automated Phone,Nonpartisan,NA,Obama,52
Wisconsin,16473,We Ask America,2012-10-30,2012-11-01,Likely Voters,1210,Automated Phone,Nonpartisan,NA,Romney,45
Wisconsin,16473,We Ask America,2012-10-30,2012-11-01,Likely Voters,1210,Automated Phone,Nonpartisan,NA,Other,4
Wisconsin,16473,We Ask America,2012-10-30,2012-11-01,Likely Voters,1210,Automated Phone,Nonpartisan,NA,Undecided,NA
Wisconsin,16431,Wenzel Strategies (R-Citizens United),2012-10-30,2012-10-31,Likely Voters,1074,Live Phone,Sponsor,Rep,Obama,49
Wisconsin,16431,Wenzel Strategies (R-Citizens United),2012-10-30,2012-10-31,Likely Voters,1074,Live Phone,Sponsor,Rep,Romney,47
Wisconsin,16431,Wenzel Strategies (R-Citizens United),2012-10-30,2012-10-31,Likely Voters,1074,Live Phone,Sponsor,Rep,Other,NA
Wisconsin,16431,Wenzel Strategies (R-Citizens United),2012-10-30,2012-10-31,Likely Voters,1074,Live Phone,Sponsor,Rep,Undecided,NA
Wisconsin,16605,Pulse Opinion Research/Let Freedom Ring (R),2012-10-30,2012-10-30,Likely Voters,1000,Automated Phone,Sponsor,Rep,Obama,49
Wisconsin,16605,Pulse Opinion Research/Let Freedom Ring (R),2012-10-30,2012-10-30,Likely Voters,1000,Automated Phone,Sponsor,Rep,Romney,48
Wisconsin,16605,Pulse Opinion Research/Let Freedom Ring (R),2012-10-30,2012-10-30,Likely Voters,1000,Automated Phone,Sponsor,Rep,Other,1
Wisconsin,16605,Pulse Opinion Research/Let Freedom Ring (R),2012-10-30,2012-10-30,Likely Voters,1000,Automated Phone,Sponsor,Rep,Undecided,2
Wisconsin,16352,PPP (D-Health Care for America Now),2012-10-29,2012-10-30,Likely Voters,825,Automated Phone,Sponsor,Dem,Obama,51
Wisconsin,16352,PPP (D-Health Care for America Now),2012-10-29,2012-10-30,Likely Voters,825,Automated Phone,Sponsor,Dem,Romney,46
Wisconsin,16352,PPP (D-Health Care for America Now),2012-10-29,2012-10-30,Likely Voters,825,Automated Phone,Sponsor,Dem,Other,NA
Wisconsin,16352,PPP (D-Health Care for America Now),2012-10-29,2012-10-30,Likely Voters,825,Automated Phone,Sponsor,Dem,Undecided,3
Wisconsin,16423,Rasmussen,2012-10-29,2012-10-29,Likely Voters,750,Automated Phone,Nonpartisan,NA,Obama,49
Wisconsin,16423,Rasmussen,2012-10-29,2012-10-29,Likely Voters,750,Automated Phone,Nonpartisan,NA,Romney,49
Wisconsin,16423,Rasmussen,2012-10-29,2012-10-29,Likely Voters,750,Automated Phone,Nonpartisan,NA,Other,NA
Wisconsin,16423,Rasmussen,2012-10-29,2012-10-29,Likely Voters,750,Automated Phone,Nonpartisan,NA,Undecided,2
Wisconsin,16397,NBC/WSJ/Marist,2012-10-28,2012-10-29,Likely Voters,1065,Live Phone,Nonpartisan,NA,Obama,49
Wisconsin,16397,NBC/WSJ/Marist,2012-10-28,2012-10-29,Likely Voters,1065,Live Phone,Nonpartisan,NA,Romney,46
Wisconsin,16397,NBC/WSJ/Marist,2012-10-28,2012-10-29,Likely Voters,1065,Live Phone,Nonpartisan,NA,Other,2
Wisconsin,16397,NBC/WSJ/Marist,2012-10-28,2012-10-29,Likely Voters,1065,Live Phone,Nonpartisan,NA,Undecided,3
Wisconsin,16432,St Norbert,2012-10-25,2012-10-29,Likely Voters,402,Live Phone,Nonpartisan,NA,Obama,52
Wisconsin,16432,St Norbert,2012-10-25,2012-10-29,Likely Voters,402,Live Phone,Nonpartisan,NA,Romney,43
Wisconsin,16432,St Norbert,2012-10-25,2012-10-29,Likely Voters,402,Live Phone,Nonpartisan,NA,Other,NA
Wisconsin,16432,St Norbert,2012-10-25,2012-10-29,Likely Voters,402,Live Phone,Nonpartisan,NA,Undecided,NA
Wisconsin,16383,Marquette Law School,2012-10-25,2012-10-28,Likely Voters,1243,Live Phone,Nonpartisan,NA,Obama,51
Wisconsin,16383,Marquette Law School,2012-10-25,2012-10-28,Likely Voters,1243,Live Phone,Nonpartisan,NA,Romney,43
Wisconsin,16383,Marquette Law School,2012-10-25,2012-10-28,Likely Voters,1243,Live Phone,Nonpartisan,NA,Other,NA
Wisconsin,16383,Marquette Law School,2012-10-25,2012-10-28,Likely Voters,1243,Live Phone,Nonpartisan,NA,Undecided,3
Wisconsin,16185,Rasmussen,2012-10-25,2012-10-25,Likely Voters,500,Automated Phone,Nonpartisan,NA,Obama,49
Wisconsin,16185,Rasmussen,2012-10-25,2012-10-25,Likely Voters,500,Automated Phone,Nonpartisan,NA,Romney,49
Wisconsin,16185,Rasmussen,2012-10-25,2012-10-25,Likely Voters,500,Automated Phone,Nonpartisan,NA,Other,1
Wisconsin,16185,Rasmussen,2012-10-25,2012-10-25,Likely Voters,500,Automated Phone,Nonpartisan,NA,Undecided,2
Wisconsin,16233,Grove Insight (D-Project New America),2012-10-24,2012-10-25,Likely Voters,500,Live Phone,Pollster,Dem,Obama,48
Wisconsin,16233,Grove Insight (D-Project New America),2012-10-24,2012-10-25,Likely Voters,500,Live Phone,Pollster,Dem,Romney,43
Wisconsin,16233,Grove Insight (D-Project New America),2012-10-24,2012-10-25,Likely Voters,500,Live Phone,Pollster,Dem,Other,NA
Wisconsin,16233,Grove Insight (D-Project New America),2012-10-24,2012-10-25,Likely Voters,500,Live Phone,Pollster,Dem,Undecided,9
Wisconsin,16159,PPP (D-Health Care for America Now),2012-10-23,2012-10-24,Likely Voters,827,Automated Phone,Sponsor,Dem,Obama,51
Wisconsin,16159,PPP (D-Health Care for America Now),2012-10-23,2012-10-24,Likely Voters,827,Automated Phone,Sponsor,Dem,Romney,45
Wisconsin,16159,PPP (D-Health Care for America Now),2012-10-23,2012-10-24,Likely Voters,827,Automated Phone,Sponsor,Dem,Other,NA
Wisconsin,16159,PPP (D-Health Care for America Now),2012-10-23,2012-10-24,Likely Voters,827,Automated Phone,Sponsor,Dem,Undecided,4
Wisconsin,16021,Angus-Reid,2012-10-18,2012-10-20,Likely Voters,469,Internet,Nonpartisan,NA,Obama,51
Wisconsin,16021,Angus-Reid,2012-10-18,2012-10-20,Likely Voters,469,Internet,Nonpartisan,NA,Romney,46
Wisconsin,16021,Angus-Reid,2012-10-18,2012-10-20,Likely Voters,469,Internet,Nonpartisan,NA,Other,3
Wisconsin,16021,Angus-Reid,2012-10-18,2012-10-20,Likely Voters,469,Internet,Nonpartisan,NA,Undecided,NA
Wisconsin,15960,Rasmussen,2012-10-18,2012-10-18,Likely Voters,500,Automated Phone,Nonpartisan,NA,Obama,50
Wisconsin,15960,Rasmussen,2012-10-18,2012-10-18,Likely Voters,500,Automated Phone,Nonpartisan,NA,Romney,48
Wisconsin,15960,Rasmussen,2012-10-18,2012-10-18,Likely Voters,500,Automated Phone,Nonpartisan,NA,Other,1
Wisconsin,15960,Rasmussen,2012-10-18,2012-10-18,Likely Voters,500,Automated Phone,Nonpartisan,NA,Undecided,0
Wisconsin,15994,Grove Insight (D-Project New America),2012-10-17,2012-10-18,Likely Voters,500,Live Phone,Pollster,Dem,Obama,47
Wisconsin,15994,Grove Insight (D-Project New America),2012-10-17,2012-10-18,Likely Voters,500,Live Phone,Pollster,Dem,Romney,44
Wisconsin,15994,Grove Insight (D-Project New America),2012-10-17,2012-10-18,Likely Voters,500,Live Phone,Pollster,Dem,Other,2
Wisconsin,15994,Grove Insight (D-Project New America),2012-10-17,2012-10-18,Likely Voters,500,Live Phone,Pollster,Dem,Undecided,8
Wisconsin,16127,Mason-Dixon,2012-10-15,2012-10-17,Likely Voters,625,Live Phone,Nonpartisan,NA,Obama,48
Wisconsin,16127,Mason-Dixon,2012-10-15,2012-10-17,Likely Voters,625,Live Phone,Nonpartisan,NA,Romney,46
Wisconsin,16127,Mason-Dixon,2012-10-15,2012-10-17,Likely Voters,625,Live Phone,Nonpartisan,NA,Other,NA
Wisconsin,16127,Mason-Dixon,2012-10-15,2012-10-17,Likely Voters,625,Live Phone,Nonpartisan,NA,Undecided,NA
Wisconsin,15938,NBC/WSJ/Marist,2012-10-15,2012-10-17,Likely Voters,1013,Live Phone,Nonpartisan,NA,Obama,51
Wisconsin,15938,NBC/WSJ/Marist,2012-10-15,2012-10-17,Likely Voters,1013,Live Phone,Nonpartisan,NA,Romney,45
Wisconsin,15938,NBC/WSJ/Marist,2012-10-15,2012-10-17,Likely Voters,1013,Live Phone,Nonpartisan,NA,Other,1
Wisconsin,15938,NBC/WSJ/Marist,2012-10-15,2012-10-17,Likely Voters,1013,Live Phone,Nonpartisan,NA,Undecided,3
Wisconsin,16079,Pulse Opinion Research/Let Freedom Ring (R),2012-10-15,2012-10-15,Likely Voters,1000,Automated Phone,Sponsor,Rep,Obama,50
Wisconsin,16079,Pulse Opinion Research/Let Freedom Ring (R),2012-10-15,2012-10-15,Likely Voters,1000,Automated Phone,Sponsor,Rep,Romney,47
Wisconsin,16079,Pulse Opinion Research/Let Freedom Ring (R),2012-10-15,2012-10-15,Likely Voters,1000,Automated Phone,Sponsor,Rep,Other,1
Wisconsin,16079,Pulse Opinion Research/Let Freedom Ring (R),2012-10-15,2012-10-15,Likely Voters,1000,Automated Phone,Sponsor,Rep,Undecided,2
Wisconsin,15886,Marquette Law School,2012-10-11,2012-10-14,Likely Voters,870,Live Phone,Nonpartisan,NA,Obama,49
Wisconsin,15886,Marquette Law School,2012-10-11,2012-10-14,Likely Voters,870,Live Phone,Nonpartisan,NA,Romney,48
Wisconsin,15886,Marquette Law School,2012-10-11,2012-10-14,Likely Voters,870,Live Phone,Nonpartisan,NA,Other,NA
Wisconsin,15886,Marquette Law School,2012-10-11,2012-10-14,Likely Voters,870,Live Phone,Nonpartisan,NA,Undecided,2
Wisconsin,15850,YouGov,2012-10-04,2012-10-11,Likely Voters,638,Internet,Nonpartisan,NA,Obama,51
Wisconsin,15850,YouGov,2012-10-04,2012-10-11,Likely Voters,638,Internet,Nonpartisan,NA,Romney,47
Wisconsin,15850,YouGov,2012-10-04,2012-10-11,Likely Voters,638,Internet,Nonpartisan,NA,Other,NA
Wisconsin,15850,YouGov,2012-10-04,2012-10-11,Likely Voters,638,Internet,Nonpartisan,NA,Undecided,2
Wisconsin,15660,Rasmussen,2012-10-09,2012-10-09,Likely Voters,500,Automated Phone,Nonpartisan,NA,Obama,51
Wisconsin,15660,Rasmussen,2012-10-09,2012-10-09,Likely Voters,500,Automated Phone,Nonpartisan,NA,Romney,49
Wisconsin,15660,Rasmussen,2012-10-09,2012-10-09,Likely Voters,500,Automated Phone,Nonpartisan,NA,Other,NA
Wisconsin,15660,Rasmussen,2012-10-09,2012-10-09,Likely Voters,500,Automated Phone,Nonpartisan,NA,Undecided,NA
Wisconsin,15682,Quinnipiac/NYT/CBS,2012-10-04,2012-10-09,Likely Voters,1327,Live Phone,Nonpartisan,NA,Obama,50
Wisconsin,15682,Quinnipiac/NYT/CBS,2012-10-04,2012-10-09,Likely Voters,1327,Live Phone,Nonpartisan,NA,Romney,47
Wisconsin,15682,Quinnipiac/NYT/CBS,2012-10-04,2012-10-09,Likely Voters,1327,Live Phone,Nonpartisan,NA,Other,NA
Wisconsin,15682,Quinnipiac/NYT/CBS,2012-10-04,2012-10-09,Likely Voters,1327,Live Phone,Nonpartisan,NA,Undecided,3
Wisconsin,15721,Pulse Opinion Research/Let Freedom Ring (R),2012-10-08,2012-10-08,Likely Voters,1000,Automated Phone,Sponsor,Rep,Obama,50
Wisconsin,15721,Pulse Opinion Research/Let Freedom Ring (R),2012-10-08,2012-10-08,Likely Voters,1000,Automated Phone,Sponsor,Rep,Romney,46
Wisconsin,15721,Pulse Opinion Research/Let Freedom Ring (R),2012-10-08,2012-10-08,Likely Voters,1000,Automated Phone,Sponsor,Rep,Other,2
Wisconsin,15721,Pulse Opinion Research/Let Freedom Ring (R),2012-10-08,2012-10-08,Likely Voters,1000,Automated Phone,Sponsor,Rep,Undecided,2
Wisconsin,15566,PPP (D),2012-10-04,2012-10-06,Likely Voters,979,Automated Phone,Pollster,Dem,Obama,49
Wisconsin,15566,PPP (D),2012-10-04,2012-10-06,Likely Voters,979,Automated Phone,Pollster,Dem,Romney,47
Wisconsin,15566,PPP (D),2012-10-04,2012-10-06,Likely Voters,979,Automated Phone,Pollster,Dem,Other,NA
Wisconsin,15566,PPP (D),2012-10-04,2012-10-06,Likely Voters,979,Automated Phone,Pollster,Dem,Undecided,3
Wisconsin,15725,Pulse Opinion Research/Let Freedom Ring (R),2012-10-01,2012-10-01,Likely Voters,1000,Automated Phone,Sponsor,Rep,Obama,51
Wisconsin,15725,Pulse Opinion Research/Let Freedom Ring (R),2012-10-01,2012-10-01,Likely Voters,1000,Automated Phone,Sponsor,Rep,Romney,44
Wisconsin,15725,Pulse Opinion Research/Let Freedom Ring (R),2012-10-01,2012-10-01,Likely Voters,1000,Automated Phone,Sponsor,Rep,Other,3
Wisconsin,15725,Pulse Opinion Research/Let Freedom Ring (R),2012-10-01,2012-10-01,Likely Voters,1000,Automated Phone,Sponsor,Rep,Undecided,2
Wisconsin,15492,JZ Analytics,2012-09-29,2012-09-30,Likely Voters,414,Internet,Nonpartisan,NA,Obama,49
Wisconsin,15492,JZ Analytics,2012-09-29,2012-09-30,Likely Voters,414,Internet,Nonpartisan,NA,Romney,39
Wisconsin,15492,JZ Analytics,2012-09-29,2012-09-30,Likely Voters,414,Internet,Nonpartisan,NA,Other,NA
Wisconsin,15492,JZ Analytics,2012-09-29,2012-09-30,Likely Voters,414,Internet,Nonpartisan,NA,Undecided,11
Wisconsin,15500,Marquette Law School,2012-09-27,2012-09-30,Likely Voters,894,Live Phone,Nonpartisan,NA,Obama,53
Wisconsin,15500,Marquette Law School,2012-09-27,2012-09-30,Likely Voters,894,Live Phone,Nonpartisan,NA,Romney,42
Wisconsin,15500,Marquette Law School,2012-09-27,2012-09-30,Likely Voters,894,Live Phone,Nonpartisan,NA,Other,NA
Wisconsin,15500,Marquette Law School,2012-09-27,2012-09-30,Likely Voters,894,Live Phone,Nonpartisan,NA,Undecided,3
Wisconsin,15258,We Ask America,2012-09-20,2012-09-23,Likely Voters,1238,Automated Phone,Nonpartisan,NA,Obama,53
Wisconsin,15258,We Ask America,2012-09-20,2012-09-23,Likely Voters,1238,Automated Phone,Nonpartisan,NA,Romney,41
Wisconsin,15258,We Ask America,2012-09-20,2012-09-23,Likely Voters,1238,Automated Phone,Nonpartisan,NA,Other,1
Wisconsin,15258,We Ask America,2012-09-20,2012-09-23,Likely Voters,1238,Automated Phone,Nonpartisan,NA,Undecided,5
Wisconsin,15168,PPP (D),2012-09-18,2012-09-19,Likely Voters,842,Automated Phone,Pollster,Dem,Obama,52
Wisconsin,15168,PPP (D),2012-09-18,2012-09-19,Likely Voters,842,Automated Phone,Pollster,Dem,Romney,45
Wisconsin,15168,PPP (D),2012-09-18,2012-09-19,Likely Voters,842,Automated Phone,Pollster,Dem,Other,NA
Wisconsin,15168,PPP (D),2012-09-18,2012-09-19,Likely Voters,842,Automated Phone,Pollster,Dem,Undecided,3
Wisconsin,15192,NBC/WSJ/Marist,2012-09-16,2012-09-18,Likely Voters,968,Live Phone,Nonpartisan,NA,Obama,50
Wisconsin,15192,NBC/WSJ/Marist,2012-09-16,2012-09-18,Likely Voters,968,Live Phone,Nonpartisan,NA,Romney,45
Wisconsin,15192,NBC/WSJ/Marist,2012-09-16,2012-09-18,Likely Voters,968,Live Phone,Nonpartisan,NA,Other,1
Wisconsin,15192,NBC/WSJ/Marist,2012-09-16,2012-09-18,Likely Voters,968,Live Phone,Nonpartisan,NA,Undecided,4
Wisconsin,15170,Rasmussen,2012-09-17,2012-09-17,Likely Voters,500,Automated Phone,Nonpartisan,NA,Obama,49
Wisconsin,15170,Rasmussen,2012-09-17,2012-09-17,Likely Voters,500,Automated Phone,Nonpartisan,NA,Romney,46
Wisconsin,15170,Rasmussen,2012-09-17,2012-09-17,Likely Voters,500,Automated Phone,Nonpartisan,NA,Other,2
Wisconsin,15170,Rasmussen,2012-09-17,2012-09-17,Likely Voters,500,Automated Phone,Nonpartisan,NA,Undecided,2
Wisconsin,15118,Quinnipiac/NYT/CBS,2012-09-11,2012-09-17,Likely Voters,1485,Live Phone,Nonpartisan,NA,Obama,51
Wisconsin,15118,Quinnipiac/NYT/CBS,2012-09-11,2012-09-17,Likely Voters,1485,Live Phone,Nonpartisan,NA,Romney,45
Wisconsin,15118,Quinnipiac/NYT/CBS,2012-09-11,2012-09-17,Likely Voters,1485,Live Phone,Nonpartisan,NA,Other,1
Wisconsin,15118,Quinnipiac/NYT/CBS,2012-09-11,2012-09-17,Likely Voters,1485,Live Phone,Nonpartisan,NA,Undecided,3
Wisconsin,15139,Marquette Law School,2012-09-13,2012-09-16,Likely Voters,601,Live Phone,Nonpartisan,NA,Obama,54
Wisconsin,15139,Marquette Law School,2012-09-13,2012-09-16,Likely Voters,601,Live Phone,Nonpartisan,NA,Romney,40
Wisconsin,15139,Marquette Law School,2012-09-13,2012-09-16,Likely Voters,601,Live Phone,Nonpartisan,NA,Other,NA
Wisconsin,15139,Marquette Law School,2012-09-13,2012-09-16,Likely Voters,601,Live Phone,Nonpartisan,NA,Undecided,5
Wisconsin,15165,YouGov,2012-09-07,2012-09-14,Likely Voters,753,Internet,Nonpartisan,NA,Obama,48
Wisconsin,15165,YouGov,2012-09-07,2012-09-14,Likely Voters,753,Internet,Nonpartisan,NA,Romney,47
Wisconsin,15165,YouGov,2012-09-07,2012-09-14,Likely Voters,753,Internet,Nonpartisan,NA,Other,1
Wisconsin,15165,YouGov,2012-09-07,2012-09-14,Likely Voters,753,Internet,Nonpartisan,NA,Undecided,4
Wisconsin,15084,PPP (D-Democracy for America),2012-09-12,2012-09-13,Likely Voters,959,Automated Phone,Sponsor,Dem,Obama,49
Wisconsin,15084,PPP (D-Democracy for America),2012-09-12,2012-09-13,Likely Voters,959,Automated Phone,Sponsor,Dem,Romney,48
Wisconsin,15084,PPP (D-Democracy for America),2012-09-12,2012-09-13,Likely Voters,959,Automated Phone,Sponsor,Dem,Other,NA
Wisconsin,15084,PPP (D-Democracy for America),2012-09-12,2012-09-13,Likely Voters,959,Automated Phone,Sponsor,Dem,Undecided,4
Wisconsin,14740,Quinnipiac/NYT/CBS,2012-08-15,2012-08-21,Likely Voters,1190,Live Phone,Nonpartisan,NA,Obama,49
Wisconsin,14740,Quinnipiac/NYT/CBS,2012-08-15,2012-08-21,Likely Voters,1190,Live Phone,Nonpartisan,NA,Romney,47
Wisconsin,14740,Quinnipiac/NYT/CBS,2012-08-15,2012-08-21,Likely Voters,1190,Live Phone,Nonpartisan,NA,Other,1
Wisconsin,14740,Quinnipiac/NYT/CBS,2012-08-15,2012-08-21,Likely Voters,1190,Live Phone,Nonpartisan,NA,Undecided,3
Wisconsin,14731,Marquette Law School,2012-08-16,2012-08-19,Likely Voters,576,Live Phone,Nonpartisan,NA,Obama,49
Wisconsin,14731,Marquette Law School,2012-08-16,2012-08-19,Likely Voters,576,Live Phone,Nonpartisan,NA,Romney,46
Wisconsin,14731,Marquette Law School,2012-08-16,2012-08-19,Likely Voters,576,Live Phone,Nonpartisan,NA,Other,NA
Wisconsin,14731,Marquette Law School,2012-08-16,2012-08-19,Likely Voters,576,Live Phone,Nonpartisan,NA,Undecided,4
Wisconsin,14711,PPP (D),2012-08-16,2012-08-19,Likely Voters,1308,Automated Phone,Pollster,Dem,Obama,47
Wisconsin,14711,PPP (D),2012-08-16,2012-08-19,Likely Voters,1308,Automated Phone,Pollster,Dem,Romney,48
Wisconsin,14711,PPP (D),2012-08-16,2012-08-19,Likely Voters,1308,Automated Phone,Pollster,Dem,Other,NA
Wisconsin,14711,PPP (D),2012-08-16,2012-08-19,Likely Voters,1308,Automated Phone,Pollster,Dem,Undecided,5
Wisconsin,14672,Rasmussen,2012-08-15,2012-08-15,Likely Voters,500,Automated Phone,Nonpartisan,NA,Obama,47
Wisconsin,14672,Rasmussen,2012-08-15,2012-08-15,Likely Voters,500,Automated Phone,Nonpartisan,NA,Romney,48
Wisconsin,14672,Rasmussen,2012-08-15,2012-08-15,Likely Voters,500,Automated Phone,Nonpartisan,NA,Other,3
Wisconsin,14672,Rasmussen,2012-08-15,2012-08-15,Likely Voters,500,Automated Phone,Nonpartisan,NA,Undecided,2
Wisconsin,14681,CNN,2012-08-13,2012-08-14,Registered Voters,920,Live Phone,Nonpartisan,NA,Obama,49
Wisconsin,14681,CNN,2012-08-13,2012-08-14,Registered Voters,920,Live Phone,Nonpartisan,NA,Romney,45
Wisconsin,14681,CNN,2012-08-13,2012-08-14,Registered Voters,920,Live Phone,Nonpartisan,NA,Other,NA
Wisconsin,14681,CNN,2012-08-13,2012-08-14,Registered Voters,920,Live Phone,Nonpartisan,NA,Undecided,NA
Wisconsin,14586,Quinnipiac/NYT/CBS,2012-07-31,2012-08-06,Likely Voters,1428,Live Phone,Nonpartisan,NA,Obama,51
Wisconsin,14586,Quinnipiac/NYT/CBS,2012-07-31,2012-08-06,Likely Voters,1428,Live Phone,Nonpartisan,NA,Romney,45
Wisconsin,14586,Quinnipiac/NYT/CBS,2012-07-31,2012-08-06,Likely Voters,1428,Live Phone,Nonpartisan,NA,Other,NA
Wisconsin,14586,Quinnipiac/NYT/CBS,2012-07-31,2012-08-06,Likely Voters,1428,Live Phone,Nonpartisan,NA,Undecided,4
Wisconsin,14599,Marquette Law School,2012-08-02,2012-08-05,Likely Voters,1188,Live Phone,Nonpartisan,NA,Obama,50
Wisconsin,14599,Marquette Law School,2012-08-02,2012-08-05,Likely Voters,1188,Live Phone,Nonpartisan,NA,Romney,45
Wisconsin,14599,Marquette Law School,2012-08-02,2012-08-05,Likely Voters,1188,Live Phone,Nonpartisan,NA,Other,NA
Wisconsin,14599,Marquette Law School,2012-08-02,2012-08-05,Likely Voters,1188,Live Phone,Nonpartisan,NA,Undecided,NA
Wisconsin,14477,Rasmussen,2012-07-25,2012-07-25,Likely Voters,500,Automated Phone,Nonpartisan,NA,Obama,49
Wisconsin,14477,Rasmussen,2012-07-25,2012-07-25,Likely Voters,500,Automated Phone,Nonpartisan,NA,Romney,46
Wisconsin,14477,Rasmussen,2012-07-25,2012-07-25,Likely Voters,500,Automated Phone,Nonpartisan,NA,Other,2
Wisconsin,14477,Rasmussen,2012-07-25,2012-07-25,Likely Voters,500,Automated Phone,Nonpartisan,NA,Undecided,4
Wisconsin,14386,We Ask America,2012-07-17,2012-07-18,Likely Voters,1162,Automated Phone,Nonpartisan,NA,Obama,49
Wisconsin,14386,We Ask America,2012-07-17,2012-07-18,Likely Voters,1162,Automated Phone,Nonpartisan,NA,Romney,42
Wisconsin,14386,We Ask America,2012-07-17,2012-07-18,Likely Voters,1162,Automated Phone,Nonpartisan,NA,Other,NA
Wisconsin,14386,We Ask America,2012-07-17,2012-07-18,Likely Voters,1162,Automated Phone,Nonpartisan,NA,Undecided,9
Wisconsin,14306,Marquette Law School,2012-07-05,2012-07-08,Likely Voters,810,Live Phone,Nonpartisan,NA,Obama,51
Wisconsin,14306,Marquette Law School,2012-07-05,2012-07-08,Likely Voters,810,Live Phone,Nonpartisan,NA,Romney,43
Wisconsin,14306,Marquette Law School,2012-07-05,2012-07-08,Likely Voters,810,Live Phone,Nonpartisan,NA,Other,NA
Wisconsin,14306,Marquette Law School,2012-07-05,2012-07-08,Likely Voters,810,Live Phone,Nonpartisan,NA,Undecided,6
Wisconsin,14298,PPP (D),2012-07-05,2012-07-08,Likely Voters,1057,Automated Phone,Pollster,Dem,Obama,50
Wisconsin,14298,PPP (D),2012-07-05,2012-07-08,Likely Voters,1057,Automated Phone,Pollster,Dem,Romney,44
Wisconsin,14298,PPP (D),2012-07-05,2012-07-08,Likely Voters,1057,Automated Phone,Pollster,Dem,Other,NA
Wisconsin,14298,PPP (D),2012-07-05,2012-07-08,Likely Voters,1057,Automated Phone,Pollster,Dem,Undecided,6
Wisconsin,14140,Marquette Law School,2012-06-13,2012-06-16,Likely Voters,594,Live Phone,Nonpartisan,NA,Obama,49
Wisconsin,14140,Marquette Law School,2012-06-13,2012-06-16,Likely Voters,594,Live Phone,Nonpartisan,NA,Romney,43
Wisconsin,14140,Marquette Law School,2012-06-13,2012-06-16,Likely Voters,594,Live Phone,Nonpartisan,NA,Other,NA
Wisconsin,14140,Marquette Law School,2012-06-13,2012-06-16,Likely Voters,594,Live Phone,Nonpartisan,NA,Undecided,NA
Wisconsin,14083,Rasmussen,2012-06-12,2012-06-12,Likely Voters,500,Automated Phone,Nonpartisan,NA,Obama,44
Wisconsin,14083,Rasmussen,2012-06-12,2012-06-12,Likely Voters,500,Automated Phone,Nonpartisan,NA,Romney,47
Wisconsin,14083,Rasmussen,2012-06-12,2012-06-12,Likely Voters,500,Automated Phone,Nonpartisan,NA,Other,5
Wisconsin,14083,Rasmussen,2012-06-12,2012-06-12,Likely Voters,500,Automated Phone,Nonpartisan,NA,Undecided,4
Wisconsin,14024,We Ask America,2012-06-03,2012-06-03,Likely Voters,1270,Automated Phone,Nonpartisan,NA,Obama,48
Wisconsin,14024,We Ask America,2012-06-03,2012-06-03,Likely Voters,1270,Automated Phone,Nonpartisan,NA,Romney,43
Wisconsin,14024,We Ask America,2012-06-03,2012-06-03,Likely Voters,1270,Automated Phone,Nonpartisan,NA,Other,NA
Wisconsin,14024,We Ask America,2012-06-03,2012-06-03,Likely Voters,1270,Automated Phone,Nonpartisan,NA,Undecided,9
Wisconsin,13954,Marquette Law School,2012-05-23,2012-05-26,Likely Voters,600,Live Phone,Nonpartisan,NA,Obama,51
Wisconsin,13954,Marquette Law School,2012-05-23,2012-05-26,Likely Voters,600,Live Phone,Nonpartisan,NA,Romney,43
Wisconsin,13954,Marquette Law School,2012-05-23,2012-05-26,Likely Voters,600,Live Phone,Nonpartisan,NA,Other,NA
Wisconsin,13954,Marquette Law School,2012-05-23,2012-05-26,Likely Voters,600,Live Phone,Nonpartisan,NA,Undecided,6
Wisconsin,13890,St Norbert,2012-05-17,2012-05-22,Likely Voters,406,Live Phone,Nonpartisan,NA,Obama,49
Wisconsin,13890,St Norbert,2012-05-17,2012-05-22,Likely Voters,406,Live Phone,Nonpartisan,NA,Romney,43
Wisconsin,13890,St Norbert,2012-05-17,2012-05-22,Likely Voters,406,Live Phone,Nonpartisan,NA,Other,4
Wisconsin,13890,St Norbert,2012-05-17,2012-05-22,Likely Voters,406,Live Phone,Nonpartisan,NA,Undecided,4
Wisconsin,13888,Reason/Rupe,2012-05-14,2012-05-20,Likely Voters,609,Live Phone,Nonpartisan,NA,Obama,46
Wisconsin,13888,Reason/Rupe,2012-05-14,2012-05-20,Likely Voters,609,Live Phone,Nonpartisan,NA,Romney,36
Wisconsin,13888,Reason/Rupe,2012-05-14,2012-05-20,Likely Voters,609,Live Phone,Nonpartisan,NA,Other,6
Wisconsin,13888,Reason/Rupe,2012-05-14,2012-05-20,Likely Voters,609,Live Phone,Nonpartisan,NA,Undecided,12
Wisconsin,13807,DailyKos/PPP (D),2012-05-11,2012-05-13,Registered Voters,851,Automated Phone,Sponsor,Dem,Obama,47
Wisconsin,13807,DailyKos/PPP (D),2012-05-11,2012-05-13,Registered Voters,851,Automated Phone,Sponsor,Dem,Romney,46
Wisconsin,13807,DailyKos/PPP (D),2012-05-11,2012-05-13,Registered Voters,851,Automated Phone,Sponsor,Dem,Other,NA
Wisconsin,13807,DailyKos/PPP (D),2012-05-11,2012-05-13,Registered Voters,851,Automated Phone,Sponsor,Dem,Undecided,7
Wisconsin,13815,Marquette Law School,2012-05-09,2012-05-12,Likely Voters,600,Live Phone,Nonpartisan,NA,Obama,46
Wisconsin,13815,Marquette Law School,2012-05-09,2012-05-12,Likely Voters,600,Live Phone,Nonpartisan,NA,Romney,46
Wisconsin,13815,Marquette Law School,2012-05-09,2012-05-12,Likely Voters,600,Live Phone,Nonpartisan,NA,Other,NA
Wisconsin,13815,Marquette Law School,2012-05-09,2012-05-12,Likely Voters,600,Live Phone,Nonpartisan,NA,Undecided,8
Wisconsin,13765,Rasmussen,2012-05-09,2012-05-09,Likely Voters,500,Automated Phone,Nonpartisan,NA,Obama,49
Wisconsin,13765,Rasmussen,2012-05-09,2012-05-09,Likely Voters,500,Automated Phone,Nonpartisan,NA,Romney,45
Wisconsin,13765,Rasmussen,2012-05-09,2012-05-09,Likely Voters,500,Automated Phone,Nonpartisan,NA,Other,4
Wisconsin,13765,Rasmussen,2012-05-09,2012-05-09,Likely Voters,500,Automated Phone,Nonpartisan,NA,Undecided,2
Wisconsin,13671,Marquette Law School,2012-04-26,2012-04-29,Registered Voters,705,Live Phone,Nonpartisan,NA,Obama,51
Wisconsin,13671,Marquette Law School,2012-04-26,2012-04-29,Registered Voters,705,Live Phone,Nonpartisan,NA,Romney,42
Wisconsin,13671,Marquette Law School,2012-04-26,2012-04-29,Registered Voters,705,Live Phone,Nonpartisan,NA,Other,NA
Wisconsin,13671,Marquette Law School,2012-04-26,2012-04-29,Registered Voters,705,Live Phone,Nonpartisan,NA,Undecided,NA
Wisconsin,13535,DailyKos/PPP (D),2012-04-13,2012-04-15,Likely Voters,1136,Automated Phone,Sponsor,Dem,Obama,50
Wisconsin,13535,DailyKos/PPP (D),2012-04-13,2012-04-15,Likely Voters,1136,Automated Phone,Sponsor,Dem,Romney,44
Wisconsin,13535,DailyKos/PPP (D),2012-04-13,2012-04-15,Likely Voters,1136,Automated Phone,Sponsor,Dem,Other,NA
Wisconsin,13535,DailyKos/PPP (D),2012-04-13,2012-04-15,Likely Voters,1136,Automated Phone,Sponsor,Dem,Undecided,6
Wisconsin,13375,Rasmussen,2012-03-27,2012-03-27,Likely Voters,500,Automated Phone,Nonpartisan,NA,Obama,52
Wisconsin,13375,Rasmussen,2012-03-27,2012-03-27,Likely Voters,500,Automated Phone,Nonpartisan,NA,Romney,41
Wisconsin,13375,Rasmussen,2012-03-27,2012-03-27,Likely Voters,500,Automated Phone,Nonpartisan,NA,Other,6
Wisconsin,13375,Rasmussen,2012-03-27,2012-03-27,Likely Voters,500,Automated Phone,Nonpartisan,NA,Undecided,2
Wisconsin,13384,NBC/Marist,2012-03-26,2012-03-27,Registered Voters,1391,Live Phone,Nonpartisan,NA,Obama,52
Wisconsin,13384,NBC/Marist,2012-03-26,2012-03-27,Registered Voters,1391,Live Phone,Nonpartisan,NA,Romney,35
Wisconsin,13384,NBC/Marist,2012-03-26,2012-03-27,Registered Voters,1391,Live Phone,Nonpartisan,NA,Other,NA
Wisconsin,13384,NBC/Marist,2012-03-26,2012-03-27,Registered Voters,1391,Live Phone,Nonpartisan,NA,Undecided,13
Wisconsin,13348,Marquette Law School,2012-03-22,2012-03-25,Registered Voters,707,Live Phone,Nonpartisan,NA,Obama,48
Wisconsin,13348,Marquette Law School,2012-03-22,2012-03-25,Registered Voters,707,Live Phone,Nonpartisan,NA,Romney,43
Wisconsin,13348,Marquette Law School,2012-03-22,2012-03-25,Registered Voters,707,Live Phone,Nonpartisan,NA,Other,NA
Wisconsin,13348,Marquette Law School,2012-03-22,2012-03-25,Registered Voters,707,Live Phone,Nonpartisan,NA,Undecided,10
Wisconsin,13079,Rasmussen,2012-02-27,2012-02-27,Likely Voters,500,Automated Phone,Nonpartisan,NA,Obama,47
Wisconsin,13079,Rasmussen,2012-02-27,2012-02-27,Likely Voters,500,Automated Phone,Nonpartisan,NA,Romney,42
Wisconsin,13079,Rasmussen,2012-02-27,2012-02-27,Likely Voters,500,Automated Phone,Nonpartisan,NA,Other,5
Wisconsin,13079,Rasmussen,2012-02-27,2012-02-27,Likely Voters,500,Automated Phone,Nonpartisan,NA,Undecided,5
Wisconsin,13389,PPP (D),2012-02-23,2012-02-26,Registered Voters,900,Live Phone,Pollster,Dem,Obama,53
Wisconsin,13389,PPP (D),2012-02-23,2012-02-26,Registered Voters,900,Live Phone,Pollster,Dem,Romney,39
Wisconsin,13389,PPP (D),2012-02-23,2012-02-26,Registered Voters,900,Live Phone,Pollster,Dem,Other,NA
Wisconsin,13389,PPP (D),2012-02-23,2012-02-26,Registered Voters,900,Live Phone,Pollster,Dem,Undecided,8
Wisconsin,13156,Marquette Law School,2012-02-16,2012-02-19,Registered Voters,716,Live Phone,Nonpartisan,NA,Obama,53
Wisconsin,13156,Marquette Law School,2012-02-16,2012-02-19,Registered Voters,716,Live Phone,Nonpartisan,NA,Romney,38
Wisconsin,13156,Marquette Law School,2012-02-16,2012-02-19,Registered Voters,716,Live Phone,Nonpartisan,NA,Other,NA
Wisconsin,13156,Marquette Law School,2012-02-16,2012-02-19,Registered Voters,716,Live Phone,Nonpartisan,NA,Undecided,6
Wisconsin,12632,Marquette Law School,2012-01-19,2012-01-22,Registered Voters,701,Live Phone,Nonpartisan,NA,Obama,48
Wisconsin,12632,Marquette Law School,2012-01-19,2012-01-22,Registered Voters,701,Live Phone,Nonpartisan,NA,Romney,40
Wisconsin,12632,Marquette Law School,2012-01-19,2012-01-22,Registered Voters,701,Live Phone,Nonpartisan,NA,Other,NA
Wisconsin,12632,Marquette Law School,2012-01-19,2012-01-22,Registered Voters,701,Live Phone,Nonpartisan,NA,Undecided,NA
Virginia,16664,Ipsos/Reuters (Web),2012-11-03,2012-11-05,Likely Voters,828,Internet,Nonpartisan,NA,Obama,48
Virginia,16664,Ipsos/Reuters (Web),2012-11-03,2012-11-05,Likely Voters,828,Internet,Nonpartisan,NA,Romney,46
Virginia,16664,Ipsos/Reuters (Web),2012-11-03,2012-11-05,Likely Voters,828,Internet,Nonpartisan,NA,Other,2
Virginia,16664,Ipsos/Reuters (Web),2012-11-03,2012-11-05,Likely Voters,828,Internet,Nonpartisan,NA,Undecided,5
Virginia,16620,Rasmussen,2012-11-04,2012-11-04,Likely Voters,750,Automated Phone,Nonpartisan,NA,Obama,48
Virginia,16620,Rasmussen,2012-11-04,2012-11-04,Likely Voters,750,Automated Phone,Nonpartisan,NA,Romney,50
Virginia,16620,Rasmussen,2012-11-04,2012-11-04,Likely Voters,750,Automated Phone,Nonpartisan,NA,Other,1
Virginia,16620,Rasmussen,2012-11-04,2012-11-04,Likely Voters,750,Automated Phone,Nonpartisan,NA,Undecided,1
Virginia,16608,PPP (D),2012-11-03,2012-11-04,Likely Voters,975,Automated Phone,Pollster,Dem,Obama,51
Virginia,16608,PPP (D),2012-11-03,2012-11-04,Likely Voters,975,Automated Phone,Pollster,Dem,Romney,47
Virginia,16608,PPP (D),2012-11-03,2012-11-04,Likely Voters,975,Automated Phone,Pollster,Dem,Other,NA
Virginia,16608,PPP (D),2012-11-03,2012-11-04,Likely Voters,975,Automated Phone,Pollster,Dem,Undecided,1
Virginia,16653,JZ Analytics/Newsmax,2012-11-02,2012-11-04,Likely Voters,814,Internet,Sponsor,Rep,Obama,52
Virginia,16653,JZ Analytics/Newsmax,2012-11-02,2012-11-04,Likely Voters,814,Internet,Sponsor,Rep,Romney,44
Virginia,16653,JZ Analytics/Newsmax,2012-11-02,2012-11-04,Likely Voters,814,Internet,Sponsor,Rep,Other,NA
Virginia,16653,JZ Analytics/Newsmax,2012-11-02,2012-11-04,Likely Voters,814,Internet,Sponsor,Rep,Undecided,4
Virginia,16578,YouGov,2012-10-31,2012-11-03,Likely Voters,1497,Internet,Nonpartisan,NA,Obama,48
Virginia,16578,YouGov,2012-10-31,2012-11-03,Likely Voters,1497,Internet,Nonpartisan,NA,Romney,46
Virginia,16578,YouGov,2012-10-31,2012-11-03,Likely Voters,1497,Internet,Nonpartisan,NA,Other,2
Virginia,16578,YouGov,2012-10-31,2012-11-03,Likely Voters,1497,Internet,Nonpartisan,NA,Undecided,5
Virginia,16614,NBC/WSJ/Marist,2012-11-01,2012-11-02,Likely Voters,1165,Live Phone,Nonpartisan,NA,Obama,48
Virginia,16614,NBC/WSJ/Marist,2012-11-01,2012-11-02,Likely Voters,1165,Live Phone,Nonpartisan,NA,Romney,47
Virginia,16614,NBC/WSJ/Marist,2012-11-01,2012-11-02,Likely Voters,1165,Live Phone,Nonpartisan,NA,Other,1
Virginia,16614,NBC/WSJ/Marist,2012-11-01,2012-11-02,Likely Voters,1165,Live Phone,Nonpartisan,NA,Undecided,3
Virginia,16478,Ipsos/Reuters (Web),2012-10-31,2012-11-02,Likely Voters,1065,Internet,Nonpartisan,NA,Obama,48
Virginia,16478,Ipsos/Reuters (Web),2012-10-31,2012-11-02,Likely Voters,1065,Internet,Nonpartisan,NA,Romney,45
Virginia,16478,Ipsos/Reuters (Web),2012-10-31,2012-11-02,Likely Voters,1065,Internet,Nonpartisan,NA,Other,5
Virginia,16478,Ipsos/Reuters (Web),2012-10-31,2012-11-02,Likely Voters,1065,Internet,Nonpartisan,NA,Undecided,2
Virginia,16642,Mellman (D-Americans United for Change),2012-10-30,2012-11-02,Likely Voters,800,Live Phone,Sponsor,Dem,Obama,48
Virginia,16642,Mellman (D-Americans United for Change),2012-10-30,2012-11-02,Likely Voters,800,Live Phone,Sponsor,Dem,Romney,45
Virginia,16642,Mellman (D-Americans United for Change),2012-10-30,2012-11-02,Likely Voters,800,Live Phone,Sponsor,Dem,Other,1
Virginia,16642,Mellman (D-Americans United for Change),2012-10-30,2012-11-02,Likely Voters,800,Live Phone,Sponsor,Dem,Undecided,4
Virginia,16474,We Ask America,2012-10-30,2012-11-01,Likely Voters,1069,Automated Phone,Nonpartisan,NA,Obama,49
Virginia,16474,We Ask America,2012-10-30,2012-11-01,Likely Voters,1069,Automated Phone,Nonpartisan,NA,Romney,48
Virginia,16474,We Ask America,2012-10-30,2012-11-01,Likely Voters,1069,Automated Phone,Nonpartisan,NA,Other,4
Virginia,16474,We Ask America,2012-10-30,2012-11-01,Likely Voters,1069,Automated Phone,Nonpartisan,NA,Undecided,NA
Virginia,16391,PPP (D-Health Care for America Now),2012-10-30,2012-10-31,Likely Voters,600,Automated Phone,Sponsor,Dem,Obama,49
Virginia,16391,PPP (D-Health Care for America Now),2012-10-30,2012-10-31,Likely Voters,600,Automated Phone,Sponsor,Dem,Romney,46
Virginia,16391,PPP (D-Health Care for America Now),2012-10-30,2012-10-31,Likely Voters,600,Automated Phone,Sponsor,Dem,Other,NA
Virginia,16391,PPP (D-Health Care for America Now),2012-10-30,2012-10-31,Likely Voters,600,Automated Phone,Sponsor,Dem,Undecided,4
Virginia,16603,Pulse Opinion Research/Let Freedom Ring (R),2012-10-30,2012-10-30,Likely Voters,1000,Automated Phone,Sponsor,Rep,Obama,49
Virginia,16603,Pulse Opinion Research/Let Freedom Ring (R),2012-10-30,2012-10-30,Likely Voters,1000,Automated Phone,Sponsor,Rep,Romney,48
Virginia,16603,Pulse Opinion Research/Let Freedom Ring (R),2012-10-30,2012-10-30,Likely Voters,1000,Automated Phone,Sponsor,Rep,Other,1
Virginia,16603,Pulse Opinion Research/Let Freedom Ring (R),2012-10-30,2012-10-30,Likely Voters,1000,Automated Phone,Sponsor,Rep,Undecided,3
Virginia,16403,JZ Analytics/Newsmax,2012-10-28,2012-10-30,Likely Voters,800,Internet,Sponsor,Rep,Obama,47
Virginia,16403,JZ Analytics/Newsmax,2012-10-28,2012-10-30,Likely Voters,800,Internet,Sponsor,Rep,Romney,48
Virginia,16403,JZ Analytics/Newsmax,2012-10-28,2012-10-30,Likely Voters,800,Internet,Sponsor,Rep,Other,NA
Virginia,16403,JZ Analytics/Newsmax,2012-10-28,2012-10-30,Likely Voters,800,Internet,Sponsor,Rep,Undecided,6
Virginia,16351,Quinnipiac/NYT/CBS,2012-10-23,2012-10-28,Likely Voters,1074,Live Phone,Nonpartisan,NA,Obama,49
Virginia,16351,Quinnipiac/NYT/CBS,2012-10-23,2012-10-28,Likely Voters,1074,Live Phone,Nonpartisan,NA,Romney,47
Virginia,16351,Quinnipiac/NYT/CBS,2012-10-23,2012-10-28,Likely Voters,1074,Live Phone,Nonpartisan,NA,Other,1
Virginia,16351,Quinnipiac/NYT/CBS,2012-10-23,2012-10-28,Likely Voters,1074,Live Phone,Nonpartisan,NA,Undecided,3
Virginia,16264,Garin-Hart-Yang (D-Priorities USA Action),2012-10-25,2012-10-27,Likely Voters,807,Live Phone,Sponsor,Dem,Obama,49
Virginia,16264,Garin-Hart-Yang (D-Priorities USA Action),2012-10-25,2012-10-27,Likely Voters,807,Live Phone,Sponsor,Dem,Romney,46
Virginia,16264,Garin-Hart-Yang (D-Priorities USA Action),2012-10-25,2012-10-27,Likely Voters,807,Live Phone,Sponsor,Dem,Other,NA
Virginia,16264,Garin-Hart-Yang (D-Priorities USA Action),2012-10-25,2012-10-27,Likely Voters,807,Live Phone,Sponsor,Dem,Undecided,NA
Virginia,16292,Gravis Marketing,2012-10-26,2012-10-26,Likely Voters,645,Automated Phone,Nonpartisan,NA,Obama,48
Virginia,16292,Gravis Marketing,2012-10-26,2012-10-26,Likely Voters,645,Automated Phone,Nonpartisan,NA,Romney,48
Virginia,16292,Gravis Marketing,2012-10-26,2012-10-26,Likely Voters,645,Automated Phone,Nonpartisan,NA,Other,NA
Virginia,16292,Gravis Marketing,2012-10-26,2012-10-26,Likely Voters,645,Automated Phone,Nonpartisan,NA,Undecided,4
Virginia,16360,Roanoke College,2012-10-23,2012-10-26,Likely Voters,638,Live Phone,Nonpartisan,NA,Obama,44
Virginia,16360,Roanoke College,2012-10-23,2012-10-26,Likely Voters,638,Live Phone,Nonpartisan,NA,Romney,50
Virginia,16360,Roanoke College,2012-10-23,2012-10-26,Likely Voters,638,Live Phone,Nonpartisan,NA,Other,4
Virginia,16360,Roanoke College,2012-10-23,2012-10-26,Likely Voters,638,Live Phone,Nonpartisan,NA,Undecided,3
Virginia,16229,Washington Post,2012-10-22,2012-10-26,Likely Voters,1228,Live Phone,Nonpartisan,NA,Obama,51
Virginia,16229,Washington Post,2012-10-22,2012-10-26,Likely Voters,1228,Live Phone,Nonpartisan,NA,Romney,47
Virginia,16229,Washington Post,2012-10-22,2012-10-26,Likely Voters,1228,Live Phone,Nonpartisan,NA,Other,1
Virginia,16229,Washington Post,2012-10-22,2012-10-26,Likely Voters,1228,Live Phone,Nonpartisan,NA,Undecided,2
Virginia,16210,JZ Analytics/Newsmax,2012-10-23,2012-10-25,Likely Voters,834,Internet,Sponsor,Rep,Obama,48
Virginia,16210,JZ Analytics/Newsmax,2012-10-23,2012-10-25,Likely Voters,834,Internet,Sponsor,Rep,Romney,48
Virginia,16210,JZ Analytics/Newsmax,2012-10-23,2012-10-25,Likely Voters,834,Internet,Sponsor,Rep,Other,NA
Virginia,16210,JZ Analytics/Newsmax,2012-10-23,2012-10-25,Likely Voters,834,Internet,Sponsor,Rep,Undecided,NA
Virginia,16207,Purple Strategies,2012-10-23,2012-10-25,Likely Voters,600,IVR/Online,Nonpartisan,NA,Obama,47
Virginia,16207,Purple Strategies,2012-10-23,2012-10-25,Likely Voters,600,IVR/Online,Nonpartisan,NA,Romney,47
Virginia,16207,Purple Strategies,2012-10-23,2012-10-25,Likely Voters,600,IVR/Online,Nonpartisan,NA,Other,NA
Virginia,16207,Purple Strategies,2012-10-23,2012-10-25,Likely Voters,600,IVR/Online,Nonpartisan,NA,Undecided,7
Virginia,16149,Rasmussen,2012-10-24,2012-10-24,Likely Voters,750,Automated Phone,Nonpartisan,NA,Obama,48
Virginia,16149,Rasmussen,2012-10-24,2012-10-24,Likely Voters,750,Automated Phone,Nonpartisan,NA,Romney,50
Virginia,16149,Rasmussen,2012-10-24,2012-10-24,Likely Voters,750,Automated Phone,Nonpartisan,NA,Other,NA
Virginia,16149,Rasmussen,2012-10-24,2012-10-24,Likely Voters,750,Automated Phone,Nonpartisan,NA,Undecided,1
Virginia,16173,FOX,2012-10-23,2012-10-24,Likely Voters,1126,Live Phone,Nonpartisan,NA,Obama,44
Virginia,16173,FOX,2012-10-23,2012-10-24,Likely Voters,1126,Live Phone,Nonpartisan,NA,Romney,46
Virginia,16173,FOX,2012-10-23,2012-10-24,Likely Voters,1126,Live Phone,Nonpartisan,NA,Other,2
Virginia,16173,FOX,2012-10-23,2012-10-24,Likely Voters,1126,Live Phone,Nonpartisan,NA,Undecided,7
Virginia,16132,PPP (D-Health Care for America Now),2012-10-23,2012-10-24,Likely Voters,722,Automated Phone,Sponsor,Dem,Obama,51
Virginia,16132,PPP (D-Health Care for America Now),2012-10-23,2012-10-24,Likely Voters,722,Automated Phone,Sponsor,Dem,Romney,46
Virginia,16132,PPP (D-Health Care for America Now),2012-10-23,2012-10-24,Likely Voters,722,Automated Phone,Sponsor,Dem,Other,NA
Virginia,16132,PPP (D-Health Care for America Now),2012-10-23,2012-10-24,Likely Voters,722,Automated Phone,Sponsor,Dem,Undecided,3
Virginia,16097,Mellman (D-Americans United for Change),2012-10-18,2012-10-21,Likely Voters,800,Live Phone,Sponsor,Dem,Obama,46
Virginia,16097,Mellman (D-Americans United for Change),2012-10-18,2012-10-21,Likely Voters,800,Live Phone,Sponsor,Dem,Romney,45
Virginia,16097,Mellman (D-Americans United for Change),2012-10-18,2012-10-21,Likely Voters,800,Live Phone,Sponsor,Dem,Other,NA
Virginia,16097,Mellman (D-Americans United for Change),2012-10-18,2012-10-21,Likely Voters,800,Live Phone,Sponsor,Dem,Undecided,8
Virginia,16042,Wenzel Strategies (R-Citizens United),2012-10-19,2012-10-20,Likely Voters,1000,Live Phone,Sponsor,Rep,Obama,47
Virginia,16042,Wenzel Strategies (R-Citizens United),2012-10-19,2012-10-20,Likely Voters,1000,Live Phone,Sponsor,Rep,Romney,49
Virginia,16042,Wenzel Strategies (R-Citizens United),2012-10-19,2012-10-20,Likely Voters,1000,Live Phone,Sponsor,Rep,Other,NA
Virginia,16042,Wenzel Strategies (R-Citizens United),2012-10-19,2012-10-20,Likely Voters,1000,Live Phone,Sponsor,Rep,Undecided,3
Virginia,15980,PPP (D-Health Care for America Now),2012-10-18,2012-10-19,Likely Voters,500,Automated Phone,Sponsor,Dem,Obama,49
Virginia,15980,PPP (D-Health Care for America Now),2012-10-18,2012-10-19,Likely Voters,500,Automated Phone,Sponsor,Dem,Romney,47
Virginia,15980,PPP (D-Health Care for America Now),2012-10-18,2012-10-19,Likely Voters,500,Automated Phone,Sponsor,Dem,Other,NA
Virginia,15980,PPP (D-Health Care for America Now),2012-10-18,2012-10-19,Likely Voters,500,Automated Phone,Sponsor,Dem,Undecided,4
Virginia,15972,Rasmussen,2012-10-18,2012-10-18,Likely Voters,750,Automated Phone,Nonpartisan,NA,Obama,47
Virginia,15972,Rasmussen,2012-10-18,2012-10-18,Likely Voters,750,Automated Phone,Nonpartisan,NA,Romney,50
Virginia,15972,Rasmussen,2012-10-18,2012-10-18,Likely Voters,750,Automated Phone,Nonpartisan,NA,Other,NA
Virginia,15972,Rasmussen,2012-10-18,2012-10-18,Likely Voters,750,Automated Phone,Nonpartisan,NA,Undecided,2
Virginia,16108,ODU/Virginian-Pilot,2012-09-19,2012-10-17,Likely Voters,465,Live Phone,Nonpartisan,NA,Obama,50
Virginia,16108,ODU/Virginian-Pilot,2012-09-19,2012-10-17,Likely Voters,465,Live Phone,Nonpartisan,NA,Romney,43
Virginia,16108,ODU/Virginian-Pilot,2012-09-19,2012-10-17,Likely Voters,465,Live Phone,Nonpartisan,NA,Other,3
Virginia,16108,ODU/Virginian-Pilot,2012-09-19,2012-10-17,Likely Voters,465,Live Phone,Nonpartisan,NA,Undecided,3
Virginia,15923,PPP (D-LCV),2012-10-15,2012-10-16,Likely Voters,733,Automated Phone,Sponsor,Dem,Obama,49
Virginia,15923,PPP (D-LCV),2012-10-15,2012-10-16,Likely Voters,733,Automated Phone,Sponsor,Dem,Romney,48
Virginia,15923,PPP (D-LCV),2012-10-15,2012-10-16,Likely Voters,733,Automated Phone,Sponsor,Dem,Other,NA
Virginia,15923,PPP (D-LCV),2012-10-15,2012-10-16,Likely Voters,733,Automated Phone,Sponsor,Dem,Undecided,NA
Virginia,16030,Pulse Opinion Research/Let Freedom Ring (R),2012-10-15,2012-10-15,Likely Voters,1000,Automated Phone,Sponsor,Rep,Obama,47
Virginia,16030,Pulse Opinion Research/Let Freedom Ring (R),2012-10-15,2012-10-15,Likely Voters,1000,Automated Phone,Sponsor,Rep,Romney,46
Virginia,16030,Pulse Opinion Research/Let Freedom Ring (R),2012-10-15,2012-10-15,Likely Voters,1000,Automated Phone,Sponsor,Rep,Other,4
Virginia,16030,Pulse Opinion Research/Let Freedom Ring (R),2012-10-15,2012-10-15,Likely Voters,1000,Automated Phone,Sponsor,Rep,Undecided,3
Virginia,15784,ARG,2012-10-12,2012-10-14,Likely Voters,600,Live Phone,Nonpartisan,NA,Obama,47
Virginia,15784,ARG,2012-10-12,2012-10-14,Likely Voters,600,Live Phone,Nonpartisan,NA,Romney,48
Virginia,15784,ARG,2012-10-12,2012-10-14,Likely Voters,600,Live Phone,Nonpartisan,NA,Other,1
Virginia,15784,ARG,2012-10-12,2012-10-14,Likely Voters,600,Live Phone,Nonpartisan,NA,Undecided,4
Virginia,15745,Rasmussen,2012-10-11,2012-10-11,Likely Voters,750,Automated Phone,Nonpartisan,NA,Obama,47
Virginia,15745,Rasmussen,2012-10-11,2012-10-11,Likely Voters,750,Automated Phone,Nonpartisan,NA,Romney,49
Virginia,15745,Rasmussen,2012-10-11,2012-10-11,Likely Voters,750,Automated Phone,Nonpartisan,NA,Other,1
Virginia,15745,Rasmussen,2012-10-11,2012-10-11,Likely Voters,750,Automated Phone,Nonpartisan,NA,Undecided,3
Virginia,15845,YouGov,2012-10-04,2012-10-11,Likely Voters,742,Internet,Nonpartisan,NA,Obama,46
Virginia,15845,YouGov,2012-10-04,2012-10-11,Likely Voters,742,Internet,Nonpartisan,NA,Romney,45
Virginia,15845,YouGov,2012-10-04,2012-10-11,Likely Voters,742,Internet,Nonpartisan,NA,Other,2
Virginia,15845,YouGov,2012-10-04,2012-10-11,Likely Voters,742,Internet,Nonpartisan,NA,Undecided,6
Virginia,15709,McLaughlin (R-Allen),2012-10-08,2012-10-09,Likely Voters,600,Live Phone,Sponsor,Rep,Obama,44
Virginia,15709,McLaughlin (R-Allen),2012-10-08,2012-10-09,Likely Voters,600,Live Phone,Sponsor,Rep,Romney,51
Virginia,15709,McLaughlin (R-Allen),2012-10-08,2012-10-09,Likely Voters,600,Live Phone,Sponsor,Rep,Other,1
Virginia,15709,McLaughlin (R-Allen),2012-10-08,2012-10-09,Likely Voters,600,Live Phone,Sponsor,Rep,Undecided,4
Virginia,15679,NBC/WSJ/Marist,2012-10-07,2012-10-09,Likely Voters,981,Live Phone,Nonpartisan,NA,Obama,47
Virginia,15679,NBC/WSJ/Marist,2012-10-07,2012-10-09,Likely Voters,981,Live Phone,Nonpartisan,NA,Romney,48
Virginia,15679,NBC/WSJ/Marist,2012-10-07,2012-10-09,Likely Voters,981,Live Phone,Nonpartisan,NA,Other,1
Virginia,15679,NBC/WSJ/Marist,2012-10-07,2012-10-09,Likely Voters,981,Live Phone,Nonpartisan,NA,Undecided,4
Virginia,15681,Quinnipiac/NYT/CBS,2012-10-04,2012-10-09,Likely Voters,1288,Live Phone,Nonpartisan,NA,Obama,51
Virginia,15681,Quinnipiac/NYT/CBS,2012-10-04,2012-10-09,Likely Voters,1288,Live Phone,Nonpartisan,NA,Romney,46
Virginia,15681,Quinnipiac/NYT/CBS,2012-10-04,2012-10-09,Likely Voters,1288,Live Phone,Nonpartisan,NA,Other,1
Virginia,15681,Quinnipiac/NYT/CBS,2012-10-04,2012-10-09,Likely Voters,1288,Live Phone,Nonpartisan,NA,Undecided,3
Virginia,15724,Pulse Opinion Research/Let Freedom Ring (R),2012-10-08,2012-10-08,Likely Voters,1000,Automated Phone,Sponsor,Rep,Obama,48
Virginia,15724,Pulse Opinion Research/Let Freedom Ring (R),2012-10-08,2012-10-08,Likely Voters,1000,Automated Phone,Sponsor,Rep,Romney,48
Virginia,15724,Pulse Opinion Research/Let Freedom Ring (R),2012-10-08,2012-10-08,Likely Voters,1000,Automated Phone,Sponsor,Rep,Other,2
Virginia,15724,Pulse Opinion Research/Let Freedom Ring (R),2012-10-08,2012-10-08,Likely Voters,1000,Automated Phone,Sponsor,Rep,Undecided,2
Virginia,15579,PPP (D),2012-10-04,2012-10-07,Likely Voters,725,Automated Phone,Pollster,Dem,Obama,50
Virginia,15579,PPP (D),2012-10-04,2012-10-07,Likely Voters,725,Automated Phone,Pollster,Dem,Romney,47
Virginia,15579,PPP (D),2012-10-04,2012-10-07,Likely Voters,725,Automated Phone,Pollster,Dem,Other,NA
Virginia,15579,PPP (D),2012-10-04,2012-10-07,Likely Voters,725,Automated Phone,Pollster,Dem,Undecided,3
Virginia,15541,Rasmussen,2012-10-04,2012-10-04,Likely Voters,500,Automated Phone,Nonpartisan,NA,Obama,48
Virginia,15541,Rasmussen,2012-10-04,2012-10-04,Likely Voters,500,Automated Phone,Nonpartisan,NA,Romney,49
Virginia,15541,Rasmussen,2012-10-04,2012-10-04,Likely Voters,500,Automated Phone,Nonpartisan,NA,Other,NA
Virginia,15541,Rasmussen,2012-10-04,2012-10-04,Likely Voters,500,Automated Phone,Nonpartisan,NA,Undecided,3
Virginia,15540,We Ask America,2012-10-04,2012-10-04,Likely Voters,1200,Automated Phone,Nonpartisan,NA,Obama,45
Virginia,15540,We Ask America,2012-10-04,2012-10-04,Likely Voters,1200,Automated Phone,Nonpartisan,NA,Romney,48
Virginia,15540,We Ask America,2012-10-04,2012-10-04,Likely Voters,1200,Automated Phone,Nonpartisan,NA,Other,2
Virginia,15540,We Ask America,2012-10-04,2012-10-04,Likely Voters,1200,Automated Phone,Nonpartisan,NA,Undecided,5
Virginia,15727,Pulse Opinion Research/Let Freedom Ring (R),2012-10-01,2012-10-01,Likely Voters,1000,Automated Phone,Sponsor,Rep,Obama,48
Virginia,15727,Pulse Opinion Research/Let Freedom Ring (R),2012-10-01,2012-10-01,Likely Voters,1000,Automated Phone,Sponsor,Rep,Romney,47
Virginia,15727,Pulse Opinion Research/Let Freedom Ring (R),2012-10-01,2012-10-01,Likely Voters,1000,Automated Phone,Sponsor,Rep,Other,2
Virginia,15727,Pulse Opinion Research/Let Freedom Ring (R),2012-10-01,2012-10-01,Likely Voters,1000,Automated Phone,Sponsor,Rep,Undecided,3
Virginia,15483,NBC/WSJ/Marist,2012-09-30,2012-10-01,Likely Voters,969,Live Phone,Nonpartisan,NA,Obama,48
Virginia,15483,NBC/WSJ/Marist,2012-09-30,2012-10-01,Likely Voters,969,Live Phone,Nonpartisan,NA,Romney,46
Virginia,15483,NBC/WSJ/Marist,2012-09-30,2012-10-01,Likely Voters,969,Live Phone,Nonpartisan,NA,Other,1
Virginia,15483,NBC/WSJ/Marist,2012-09-30,2012-10-01,Likely Voters,969,Live Phone,Nonpartisan,NA,Undecided,5
Virginia,15466,Roanoke College,2012-09-19,2012-09-28,Likely Voters,589,Live Phone,Nonpartisan,NA,Obama,47
Virginia,15466,Roanoke College,2012-09-19,2012-09-28,Likely Voters,589,Live Phone,Nonpartisan,NA,Romney,39
Virginia,15466,Roanoke College,2012-09-19,2012-09-28,Likely Voters,589,Live Phone,Nonpartisan,NA,Other,5
Virginia,15466,Roanoke College,2012-09-19,2012-09-28,Likely Voters,589,Live Phone,Nonpartisan,NA,Undecided,10
Virginia,15387,ARG,2012-09-24,2012-09-27,Likely Voters,600,Live Phone,Nonpartisan,NA,Obama,49
Virginia,15387,ARG,2012-09-24,2012-09-27,Likely Voters,600,Live Phone,Nonpartisan,NA,Romney,47
Virginia,15387,ARG,2012-09-24,2012-09-27,Likely Voters,600,Live Phone,Nonpartisan,NA,Other,1
Virginia,15387,ARG,2012-09-24,2012-09-27,Likely Voters,600,Live Phone,Nonpartisan,NA,Undecided,3
Virginia,15367,Suffolk/NBC12,2012-09-24,2012-09-26,Likely Voters,600,Live Phone,Nonpartisan,NA,Obama,46
Virginia,15367,Suffolk/NBC12,2012-09-24,2012-09-26,Likely Voters,600,Live Phone,Nonpartisan,NA,Romney,44
Virginia,15367,Suffolk/NBC12,2012-09-24,2012-09-26,Likely Voters,600,Live Phone,Nonpartisan,NA,Other,2
Virginia,15367,Suffolk/NBC12,2012-09-24,2012-09-26,Likely Voters,600,Live Phone,Nonpartisan,NA,Undecided,8
Virginia,15394,PPP (D)/NRDC,2012-09-17,2012-09-19,Likely Voters,2770,Automated Phone,Pollster,Dem,Obama,49
Virginia,15394,PPP (D)/NRDC,2012-09-17,2012-09-19,Likely Voters,2770,Automated Phone,Pollster,Dem,Romney,43
Virginia,15394,PPP (D)/NRDC,2012-09-17,2012-09-19,Likely Voters,2770,Automated Phone,Pollster,Dem,Other,NA
Virginia,15394,PPP (D)/NRDC,2012-09-17,2012-09-19,Likely Voters,2770,Automated Phone,Pollster,Dem,Undecided,8
Virginia,15202,Purple Strategies,2012-09-15,2012-09-19,Likely Voters,600,IVR/Online,Nonpartisan,NA,Obama,46
Virginia,15202,Purple Strategies,2012-09-15,2012-09-19,Likely Voters,600,IVR/Online,Nonpartisan,NA,Romney,43
Virginia,15202,Purple Strategies,2012-09-15,2012-09-19,Likely Voters,600,IVR/Online,Nonpartisan,NA,Other,NA
Virginia,15202,Purple Strategies,2012-09-15,2012-09-19,Likely Voters,600,IVR/Online,Nonpartisan,NA,Undecided,11
Virginia,15148,FOX,2012-09-16,2012-09-18,Likely Voters,1006,Live Phone,Nonpartisan,NA,Obama,49
Virginia,15148,FOX,2012-09-16,2012-09-18,Likely Voters,1006,Live Phone,Nonpartisan,NA,Romney,42
Virginia,15148,FOX,2012-09-16,2012-09-18,Likely Voters,1006,Live Phone,Nonpartisan,NA,Other,3
Virginia,15148,FOX,2012-09-16,2012-09-18,Likely Voters,1006,Live Phone,Nonpartisan,NA,Undecided,6
Virginia,15122,We Ask America,2012-09-17,2012-09-17,Likely Voters,1238,Automated Phone,Nonpartisan,NA,Obama,49
Virginia,15122,We Ask America,2012-09-17,2012-09-17,Likely Voters,1238,Automated Phone,Nonpartisan,NA,Romney,46
Virginia,15122,We Ask America,2012-09-17,2012-09-17,Likely Voters,1238,Automated Phone,Nonpartisan,NA,Other,1
Virginia,15122,We Ask America,2012-09-17,2012-09-17,Likely Voters,1238,Automated Phone,Nonpartisan,NA,Undecided,5
Virginia,15119,Quinnipiac/NYT/CBS,2012-09-11,2012-09-17,Likely Voters,1474,Live Phone,Nonpartisan,NA,Obama,50
Virginia,15119,Quinnipiac/NYT/CBS,2012-09-11,2012-09-17,Likely Voters,1474,Live Phone,Nonpartisan,NA,Romney,46
Virginia,15119,Quinnipiac/NYT/CBS,2012-09-11,2012-09-17,Likely Voters,1474,Live Phone,Nonpartisan,NA,Other,1
Virginia,15119,Quinnipiac/NYT/CBS,2012-09-11,2012-09-17,Likely Voters,1474,Live Phone,Nonpartisan,NA,Undecided,3
Virginia,15072,PPP (D),2012-09-13,2012-09-16,Likely Voters,1021,Automated Phone,Pollster,Dem,Obama,51
Virginia,15072,PPP (D),2012-09-13,2012-09-16,Likely Voters,1021,Automated Phone,Pollster,Dem,Romney,46
Virginia,15072,PPP (D),2012-09-13,2012-09-16,Likely Voters,1021,Automated Phone,Pollster,Dem,Other,NA
Virginia,15072,PPP (D),2012-09-13,2012-09-16,Likely Voters,1021,Automated Phone,Pollster,Dem,Undecided,3
Virginia,15106,Washington Post,2012-09-12,2012-09-16,Likely Voters,847,Live Phone,Nonpartisan,NA,Obama,52
Virginia,15106,Washington Post,2012-09-12,2012-09-16,Likely Voters,847,Live Phone,Nonpartisan,NA,Romney,44
Virginia,15106,Washington Post,2012-09-12,2012-09-16,Likely Voters,847,Live Phone,Nonpartisan,NA,Other,NA
Virginia,15106,Washington Post,2012-09-12,2012-09-16,Likely Voters,847,Live Phone,Nonpartisan,NA,Undecided,NA
Virginia,15164,YouGov,2012-09-07,2012-09-14,Likely Voters,1047,Internet,Nonpartisan,NA,Obama,48
Virginia,15164,YouGov,2012-09-07,2012-09-14,Likely Voters,1047,Internet,Nonpartisan,NA,Romney,44
Virginia,15164,YouGov,2012-09-07,2012-09-14,Likely Voters,1047,Internet,Nonpartisan,NA,Other,2
Virginia,15164,YouGov,2012-09-07,2012-09-14,Likely Voters,1047,Internet,Nonpartisan,NA,Undecided,6
Virginia,15044,Rasmussen,2012-09-13,2012-09-13,Likely Voters,500,Automated Phone,Nonpartisan,NA,Obama,49
Virginia,15044,Rasmussen,2012-09-13,2012-09-13,Likely Voters,500,Automated Phone,Nonpartisan,NA,Romney,48
Virginia,15044,Rasmussen,2012-09-13,2012-09-13,Likely Voters,500,Automated Phone,Nonpartisan,NA,Other,1
Virginia,15044,Rasmussen,2012-09-13,2012-09-13,Likely Voters,500,Automated Phone,Nonpartisan,NA,Undecided,2
Virginia,15029,NBC/WSJ/Marist,2012-09-09,2012-09-11,Likely Voters,996,Live Phone,Nonpartisan,NA,Obama,49
Virginia,15029,NBC/WSJ/Marist,2012-09-09,2012-09-11,Likely Voters,996,Live Phone,Nonpartisan,NA,Romney,44
Virginia,15029,NBC/WSJ/Marist,2012-09-09,2012-09-11,Likely Voters,996,Live Phone,Nonpartisan,NA,Other,2
Virginia,15029,NBC/WSJ/Marist,2012-09-09,2012-09-11,Likely Voters,996,Live Phone,Nonpartisan,NA,Undecided,5
Virginia,14971,Gravis Marketing,2012-09-08,2012-09-09,Likely Voters,2238,Automated Phone,Nonpartisan,NA,Obama,44
Virginia,14971,Gravis Marketing,2012-09-08,2012-09-09,Likely Voters,2238,Automated Phone,Nonpartisan,NA,Romney,49
Virginia,14971,Gravis Marketing,2012-09-08,2012-09-09,Likely Voters,2238,Automated Phone,Nonpartisan,NA,Other,NA
Virginia,14971,Gravis Marketing,2012-09-08,2012-09-09,Likely Voters,2238,Automated Phone,Nonpartisan,NA,Undecided,7
Virginia,14789,Rasmussen,2012-08-23,2012-08-23,Likely Voters,500,Automated Phone,Nonpartisan,NA,Obama,47
Virginia,14789,Rasmussen,2012-08-23,2012-08-23,Likely Voters,500,Automated Phone,Nonpartisan,NA,Romney,47
Virginia,14789,Rasmussen,2012-08-23,2012-08-23,Likely Voters,500,Automated Phone,Nonpartisan,NA,Other,3
Virginia,14789,Rasmussen,2012-08-23,2012-08-23,Likely Voters,500,Automated Phone,Nonpartisan,NA,Undecided,3
Virginia,14717,PPP (D),2012-08-16,2012-08-19,Likely Voters,855,Automated Phone,Pollster,Dem,Obama,50
Virginia,14717,PPP (D),2012-08-16,2012-08-19,Likely Voters,855,Automated Phone,Pollster,Dem,Romney,45
Virginia,14717,PPP (D),2012-08-16,2012-08-19,Likely Voters,855,Automated Phone,Pollster,Dem,Other,NA
Virginia,14717,PPP (D),2012-08-16,2012-08-19,Likely Voters,855,Automated Phone,Pollster,Dem,Undecided,5
Virginia,14666,Purple Strategies,2012-08-13,2012-08-14,Likely Voters,600,Automated Phone,Nonpartisan,NA,Obama,45
Virginia,14666,Purple Strategies,2012-08-13,2012-08-14,Likely Voters,600,Automated Phone,Nonpartisan,NA,Romney,48
Virginia,14666,Purple Strategies,2012-08-13,2012-08-14,Likely Voters,600,Automated Phone,Nonpartisan,NA,Other,NA
Virginia,14666,Purple Strategies,2012-08-13,2012-08-14,Likely Voters,600,Automated Phone,Nonpartisan,NA,Undecided,8
Virginia,14594,Rasmussen,2012-08-07,2012-08-07,Likely Voters,500,Automated Phone,Nonpartisan,NA,Obama,48
Virginia,14594,Rasmussen,2012-08-07,2012-08-07,Likely Voters,500,Automated Phone,Nonpartisan,NA,Romney,46
Virginia,14594,Rasmussen,2012-08-07,2012-08-07,Likely Voters,500,Automated Phone,Nonpartisan,NA,Other,2
Virginia,14594,Rasmussen,2012-08-07,2012-08-07,Likely Voters,500,Automated Phone,Nonpartisan,NA,Undecided,3
Virginia,14585,Quinnipiac/NYT/CBS,2012-07-31,2012-08-06,Likely Voters,1412,Live Phone,Nonpartisan,NA,Obama,49
Virginia,14585,Quinnipiac/NYT/CBS,2012-07-31,2012-08-06,Likely Voters,1412,Live Phone,Nonpartisan,NA,Romney,45
Virginia,14585,Quinnipiac/NYT/CBS,2012-07-31,2012-08-06,Likely Voters,1412,Live Phone,Nonpartisan,NA,Other,1
Virginia,14585,Quinnipiac/NYT/CBS,2012-07-31,2012-08-06,Likely Voters,1412,Live Phone,Nonpartisan,NA,Undecided,5
Virginia,14375,Rasmussen,2012-07-16,2012-07-17,Likely Voters,500,Automated Phone,Nonpartisan,NA,Obama,47
Virginia,14375,Rasmussen,2012-07-16,2012-07-17,Likely Voters,500,Automated Phone,Nonpartisan,NA,Romney,46
Virginia,14375,Rasmussen,2012-07-16,2012-07-17,Likely Voters,500,Automated Phone,Nonpartisan,NA,Other,3
Virginia,14375,Rasmussen,2012-07-16,2012-07-17,Likely Voters,500,Automated Phone,Nonpartisan,NA,Undecided,3
Virginia,14383,Quinnipiac,2012-07-11,2012-07-16,Registered Voters,1673,Live Phone,Nonpartisan,NA,Obama,44
Virginia,14383,Quinnipiac,2012-07-11,2012-07-16,Registered Voters,1673,Live Phone,Nonpartisan,NA,Romney,44
Virginia,14383,Quinnipiac,2012-07-11,2012-07-16,Registered Voters,1673,Live Phone,Nonpartisan,NA,Other,2
Virginia,14383,Quinnipiac,2012-07-11,2012-07-16,Registered Voters,1673,Live Phone,Nonpartisan,NA,Undecided,10
Virginia,14356,Purple Strategies,2012-07-09,2012-07-13,Likely Voters,600,Automated Phone,Nonpartisan,NA,Obama,46
Virginia,14356,Purple Strategies,2012-07-09,2012-07-13,Likely Voters,600,Automated Phone,Nonpartisan,NA,Romney,44
Virginia,14356,Purple Strategies,2012-07-09,2012-07-13,Likely Voters,600,Automated Phone,Nonpartisan,NA,Other,NA
Virginia,14356,Purple Strategies,2012-07-09,2012-07-13,Likely Voters,600,Automated Phone,Nonpartisan,NA,Undecided,10
Virginia,14286,PPP (D),2012-07-05,2012-07-08,Registered Voters,647,Automated Phone,Pollster,Dem,Obama,50
Virginia,14286,PPP (D),2012-07-05,2012-07-08,Registered Voters,647,Automated Phone,Pollster,Dem,Romney,42
Virginia,14286,PPP (D),2012-07-05,2012-07-08,Registered Voters,647,Automated Phone,Pollster,Dem,Other,NA
Virginia,14286,PPP (D),2012-07-05,2012-07-08,Registered Voters,647,Automated Phone,Pollster,Dem,Undecided,8
Virginia,14324,Garin-Hart-Yang (D-Priorities USA),2012-06-25,2012-07-03,Likely Voters,810,Live Phone,Sponsor,Dem,Obama,46
Virginia,14324,Garin-Hart-Yang (D-Priorities USA),2012-06-25,2012-07-03,Likely Voters,810,Live Phone,Sponsor,Dem,Romney,43
Virginia,14324,Garin-Hart-Yang (D-Priorities USA),2012-06-25,2012-07-03,Likely Voters,810,Live Phone,Sponsor,Dem,Other,NA
Virginia,14324,Garin-Hart-Yang (D-Priorities USA),2012-06-25,2012-07-03,Likely Voters,810,Live Phone,Sponsor,Dem,Undecided,NA
Virginia,14173,We Ask America,2012-06-25,2012-06-25,Likely Voters,1106,Automated Phone,Nonpartisan,NA,Obama,43
Virginia,14173,We Ask America,2012-06-25,2012-06-25,Likely Voters,1106,Automated Phone,Nonpartisan,NA,Romney,48
Virginia,14173,We Ask America,2012-06-25,2012-06-25,Likely Voters,1106,Automated Phone,Nonpartisan,NA,Other,NA
Virginia,14173,We Ask America,2012-06-25,2012-06-25,Likely Voters,1106,Automated Phone,Nonpartisan,NA,Undecided,9
Virginia,14194,ODU/Virginian-Pilot,2012-05-16,2012-06-15,Registered Voters,776,Live Phone,Nonpartisan,NA,Obama,49
Virginia,14194,ODU/Virginian-Pilot,2012-05-16,2012-06-15,Registered Voters,776,Live Phone,Nonpartisan,NA,Romney,42
Virginia,14194,ODU/Virginian-Pilot,2012-05-16,2012-06-15,Registered Voters,776,Live Phone,Nonpartisan,NA,Other,1
Virginia,14194,ODU/Virginian-Pilot,2012-05-16,2012-06-15,Registered Voters,776,Live Phone,Nonpartisan,NA,Undecided,8
Virginia,14035,Purple Strategies,2012-05-31,2012-06-05,Likely Voters,600,Automated Phone,Nonpartisan,NA,Obama,49
Virginia,14035,Purple Strategies,2012-05-31,2012-06-05,Likely Voters,600,Automated Phone,Nonpartisan,NA,Romney,46
Virginia,14035,Purple Strategies,2012-05-31,2012-06-05,Likely Voters,600,Automated Phone,Nonpartisan,NA,Other,NA
Virginia,14035,Purple Strategies,2012-05-31,2012-06-05,Likely Voters,600,Automated Phone,Nonpartisan,NA,Undecided,5
Virginia,14020,Quinnipiac,2012-05-30,2012-06-04,Registered Voters,1282,Live Phone,Nonpartisan,NA,Obama,47
Virginia,14020,Quinnipiac,2012-05-30,2012-06-04,Registered Voters,1282,Live Phone,Nonpartisan,NA,Romney,42
Virginia,14020,Quinnipiac,2012-05-30,2012-06-04,Registered Voters,1282,Live Phone,Nonpartisan,NA,Other,3
Virginia,14020,Quinnipiac,2012-05-30,2012-06-04,Registered Voters,1282,Live Phone,Nonpartisan,NA,Undecided,8
Virginia,14001,Rasmussen,2012-06-03,2012-06-03,Likely Voters,500,Automated Phone,Nonpartisan,NA,Obama,47
Virginia,14001,Rasmussen,2012-06-03,2012-06-03,Likely Voters,500,Automated Phone,Nonpartisan,NA,Romney,47
Virginia,14001,Rasmussen,2012-06-03,2012-06-03,Likely Voters,500,Automated Phone,Nonpartisan,NA,Other,3
Virginia,14001,Rasmussen,2012-06-03,2012-06-03,Likely Voters,500,Automated Phone,Nonpartisan,NA,Undecided,3
Virginia,13893,NBC/Marist,2012-05-17,2012-05-20,Registered Voters,1076,Live Phone,Nonpartisan,NA,Obama,48
Virginia,13893,NBC/Marist,2012-05-17,2012-05-20,Registered Voters,1076,Live Phone,Nonpartisan,NA,Romney,44
Virginia,13893,NBC/Marist,2012-05-17,2012-05-20,Registered Voters,1076,Live Phone,Nonpartisan,NA,Other,1
Virginia,13893,NBC/Marist,2012-05-17,2012-05-20,Registered Voters,1076,Live Phone,Nonpartisan,NA,Undecided,7
Virginia,13686,Washington Post,2012-04-28,2012-05-02,Registered Voters,964,Live Phone,Nonpartisan,NA,Obama,51
Virginia,13686,Washington Post,2012-04-28,2012-05-02,Registered Voters,964,Live Phone,Nonpartisan,NA,Romney,44
Virginia,13686,Washington Post,2012-04-28,2012-05-02,Registered Voters,964,Live Phone,Nonpartisan,NA,Other,3
Virginia,13686,Washington Post,2012-04-28,2012-05-02,Registered Voters,964,Live Phone,Nonpartisan,NA,Undecided,2
Virginia,13657,PPP (D),2012-04-26,2012-04-29,Registered Voters,680,Automated Phone,Pollster,Dem,Obama,51
Virginia,13657,PPP (D),2012-04-26,2012-04-29,Registered Voters,680,Automated Phone,Pollster,Dem,Romney,43
Virginia,13657,PPP (D),2012-04-26,2012-04-29,Registered Voters,680,Automated Phone,Pollster,Dem,Other,NA
Virginia,13657,PPP (D),2012-04-26,2012-04-29,Registered Voters,680,Automated Phone,Pollster,Dem,Undecided,6
Virginia,13612,Rasmussen,2012-04-23,2012-04-23,Likely Voters,500,Automated Phone,Nonpartisan,NA,Obama,44
Virginia,13612,Rasmussen,2012-04-23,2012-04-23,Likely Voters,500,Automated Phone,Nonpartisan,NA,Romney,45
Virginia,13612,Rasmussen,2012-04-23,2012-04-23,Likely Voters,500,Automated Phone,Nonpartisan,NA,Other,6
Virginia,13612,Rasmussen,2012-04-23,2012-04-23,Likely Voters,500,Automated Phone,Nonpartisan,NA,Undecided,5
Virginia,13620,Purple Strategies,2012-04-19,2012-04-23,Likely Voters,600,Automated Phone,Nonpartisan,NA,Obama,48
Virginia,13620,Purple Strategies,2012-04-19,2012-04-23,Likely Voters,600,Automated Phone,Nonpartisan,NA,Romney,46
Virginia,13620,Purple Strategies,2012-04-19,2012-04-23,Likely Voters,600,Automated Phone,Nonpartisan,NA,Other,NA
Virginia,13620,Purple Strategies,2012-04-19,2012-04-23,Likely Voters,600,Automated Phone,Nonpartisan,NA,Undecided,6
Virginia,13494,Roanoke College,2012-03-26,2012-04-05,Registered Voters,537,Live Phone,Nonpartisan,NA,Obama,40
Virginia,13494,Roanoke College,2012-03-26,2012-04-05,Registered Voters,537,Live Phone,Nonpartisan,NA,Romney,46
Virginia,13494,Roanoke College,2012-03-26,2012-04-05,Registered Voters,537,Live Phone,Nonpartisan,NA,Other,NA
Virginia,13494,Roanoke College,2012-03-26,2012-04-05,Registered Voters,537,Live Phone,Nonpartisan,NA,Undecided,NA
Virginia,13295,Rasmussen,2012-03-20,2012-03-20,Likely Voters,500,Automated Phone,Nonpartisan,NA,Obama,51
Virginia,13295,Rasmussen,2012-03-20,2012-03-20,Likely Voters,500,Automated Phone,Nonpartisan,NA,Romney,42
Virginia,13295,Rasmussen,2012-03-20,2012-03-20,Likely Voters,500,Automated Phone,Nonpartisan,NA,Other,4
Virginia,13295,Rasmussen,2012-03-20,2012-03-20,Likely Voters,500,Automated Phone,Nonpartisan,NA,Undecided,4
Virginia,13274,Quinnipiac,2012-03-13,2012-03-18,Registered Voters,1034,Live Phone,Nonpartisan,NA,Obama,50
Virginia,13274,Quinnipiac,2012-03-13,2012-03-18,Registered Voters,1034,Live Phone,Nonpartisan,NA,Romney,42
Virginia,13274,Quinnipiac,2012-03-13,2012-03-18,Registered Voters,1034,Live Phone,Nonpartisan,NA,Other,1
Virginia,13274,Quinnipiac,2012-03-13,2012-03-18,Registered Voters,1034,Live Phone,Nonpartisan,NA,Undecided,3
Virginia,13121,NBC/Marist,2012-02-29,2012-03-02,Registered Voters,1273,Live Phone,Nonpartisan,NA,Obama,52
Virginia,13121,NBC/Marist,2012-02-29,2012-03-02,Registered Voters,1273,Live Phone,Nonpartisan,NA,Romney,35
Virginia,13121,NBC/Marist,2012-02-29,2012-03-02,Registered Voters,1273,Live Phone,Nonpartisan,NA,Other,NA
Virginia,13121,NBC/Marist,2012-02-29,2012-03-02,Registered Voters,1273,Live Phone,Nonpartisan,NA,Undecided,12
Virginia,13080,Roanoke College,2012-02-13,2012-02-26,Adults,607,Live Phone,Nonpartisan,NA,Obama,42
Virginia,13080,Roanoke College,2012-02-13,2012-02-26,Adults,607,Live Phone,Nonpartisan,NA,Romney,43
Virginia,13080,Roanoke College,2012-02-13,2012-02-26,Adults,607,Live Phone,Nonpartisan,NA,Other,NA
Virginia,13080,Roanoke College,2012-02-13,2012-02-26,Adults,607,Live Phone,Nonpartisan,NA,Undecided,16
Virginia,13152,Rasmussen,2012-02-21,2012-02-21,Likely Voters,500,Automated Phone,Nonpartisan,NA,Obama,49
Virginia,13152,Rasmussen,2012-02-21,2012-02-21,Likely Voters,500,Automated Phone,Nonpartisan,NA,Romney,43
Virginia,13152,Rasmussen,2012-02-21,2012-02-21,Likely Voters,500,Automated Phone,Nonpartisan,NA,Other,5
Virginia,13152,Rasmussen,2012-02-21,2012-02-21,Likely Voters,500,Automated Phone,Nonpartisan,NA,Undecided,3
Virginia,13153,Christopher Newport /Times Dispatch,2012-02-04,2012-02-13,Registered Voters,1018,Live Phone,Nonpartisan,NA,Obama,43
Virginia,13153,Christopher Newport /Times Dispatch,2012-02-04,2012-02-13,Registered Voters,1018,Live Phone,Nonpartisan,NA,Romney,46
Virginia,13153,Christopher Newport /Times Dispatch,2012-02-04,2012-02-13,Registered Voters,1018,Live Phone,Nonpartisan,NA,Other,7
Virginia,13153,Christopher Newport /Times Dispatch,2012-02-04,2012-02-13,Registered Voters,1018,Live Phone,Nonpartisan,NA,Undecided,4
Virginia,12745,Quinnipiac,2012-02-01,2012-02-06,Registered Voters,1544,Live Phone,Nonpartisan,NA,Obama,47
Virginia,12745,Quinnipiac,2012-02-01,2012-02-06,Registered Voters,1544,Live Phone,Nonpartisan,NA,Romney,43
Virginia,12745,Quinnipiac,2012-02-01,2012-02-06,Registered Voters,1544,Live Phone,Nonpartisan,NA,Other,1
Virginia,12745,Quinnipiac,2012-02-01,2012-02-06,Registered Voters,1544,Live Phone,Nonpartisan,NA,Undecided,8
Virginia,12872,Mason-Dixon,2012-01-16,2012-01-18,Likely Voters,625,Live Phone,Nonpartisan,NA,Obama,45
Virginia,12872,Mason-Dixon,2012-01-16,2012-01-18,Likely Voters,625,Live Phone,Nonpartisan,NA,Romney,44
Virginia,12872,Mason-Dixon,2012-01-16,2012-01-18,Likely Voters,625,Live Phone,Nonpartisan,NA,Other,NA
Virginia,12872,Mason-Dixon,2012-01-16,2012-01-18,Likely Voters,625,Live Phone,Nonpartisan,NA,Undecided,11
Pennsylvania,16660,Gravis Marketing,2012-11-04,2012-11-04,Likely Voters,1060,Automated Phone,Nonpartisan,NA,Obama,49
Pennsylvania,16660,Gravis Marketing,2012-11-04,2012-11-04,Likely Voters,1060,Automated Phone,Nonpartisan,NA,Romney,46
Pennsylvania,16660,Gravis Marketing,2012-11-04,2012-11-04,Likely Voters,1060,Automated Phone,Nonpartisan,NA,Other,NA
Pennsylvania,16660,Gravis Marketing,2012-11-04,2012-11-04,Likely Voters,1060,Automated Phone,Nonpartisan,NA,Undecided,NA
Pennsylvania,16628,Angus-Reid,2012-11-02,2012-11-04,Likely Voters,479,Internet,Nonpartisan,NA,Obama,51
Pennsylvania,16628,Angus-Reid,2012-11-02,2012-11-04,Likely Voters,479,Internet,Nonpartisan,NA,Romney,47
Pennsylvania,16628,Angus-Reid,2012-11-02,2012-11-04,Likely Voters,479,Internet,Nonpartisan,NA,Other,2
Pennsylvania,16628,Angus-Reid,2012-11-02,2012-11-04,Likely Voters,479,Internet,Nonpartisan,NA,Undecided,NA
Pennsylvania,16529,PPP (D),2012-11-02,2012-11-03,Likely Voters,790,Automated Phone,Pollster,Dem,Obama,52
Pennsylvania,16529,PPP (D),2012-11-02,2012-11-03,Likely Voters,790,Automated Phone,Pollster,Dem,Romney,46
Pennsylvania,16529,PPP (D),2012-11-02,2012-11-03,Likely Voters,790,Automated Phone,Pollster,Dem,Other,NA
Pennsylvania,16529,PPP (D),2012-11-02,2012-11-03,Likely Voters,790,Automated Phone,Pollster,Dem,Undecided,1
Pennsylvania,16559,Muhlenberg,2012-11-01,2012-11-03,Likely Voters,430,Live Phone,Nonpartisan,NA,Obama,49
Pennsylvania,16559,Muhlenberg,2012-11-01,2012-11-03,Likely Voters,430,Live Phone,Nonpartisan,NA,Romney,46
Pennsylvania,16559,Muhlenberg,2012-11-01,2012-11-03,Likely Voters,430,Live Phone,Nonpartisan,NA,Other,2
Pennsylvania,16559,Muhlenberg,2012-11-01,2012-11-03,Likely Voters,430,Live Phone,Nonpartisan,NA,Undecided,3
Pennsylvania,16581,YouGov,2012-10-31,2012-11-03,Likely Voters,1273,Internet,Nonpartisan,NA,Obama,52
Pennsylvania,16581,YouGov,2012-10-31,2012-11-03,Likely Voters,1273,Internet,Nonpartisan,NA,Romney,44
Pennsylvania,16581,YouGov,2012-10-31,2012-11-03,Likely Voters,1273,Internet,Nonpartisan,NA,Other,1
Pennsylvania,16581,YouGov,2012-10-31,2012-11-03,Likely Voters,1273,Internet,Nonpartisan,NA,Undecided,3
Pennsylvania,16537,Susquehanna (R)/Pittsburgh Tribune-Review,2012-10-29,2012-10-31,Likely Voters,800,Automated Phone,Pollster,Rep,Obama,47
Pennsylvania,16537,Susquehanna (R)/Pittsburgh Tribune-Review,2012-10-29,2012-10-31,Likely Voters,800,Automated Phone,Pollster,Rep,Romney,47
Pennsylvania,16537,Susquehanna (R)/Pittsburgh Tribune-Review,2012-10-29,2012-10-31,Likely Voters,800,Automated Phone,Pollster,Rep,Other,NA
Pennsylvania,16537,Susquehanna (R)/Pittsburgh Tribune-Review,2012-10-29,2012-10-31,Likely Voters,800,Automated Phone,Pollster,Rep,Undecided,NA
Pennsylvania,16604,Pulse Opinion Research/Let Freedom Ring (R),2012-10-30,2012-10-30,Likely Voters,1000,Automated Phone,Sponsor,Rep,Obama,49
Pennsylvania,16604,Pulse Opinion Research/Let Freedom Ring (R),2012-10-30,2012-10-30,Likely Voters,1000,Automated Phone,Sponsor,Rep,Romney,46
Pennsylvania,16604,Pulse Opinion Research/Let Freedom Ring (R),2012-10-30,2012-10-30,Likely Voters,1000,Automated Phone,Sponsor,Rep,Other,2
Pennsylvania,16604,Pulse Opinion Research/Let Freedom Ring (R),2012-10-30,2012-10-30,Likely Voters,1000,Automated Phone,Sponsor,Rep,Undecided,3
Pennsylvania,16348,Franklin and Marshall College,2012-10-23,2012-10-28,Likely Voters,547,Live Phone,Nonpartisan,NA,Obama,49
Pennsylvania,16348,Franklin and Marshall College,2012-10-23,2012-10-28,Likely Voters,547,Live Phone,Nonpartisan,NA,Romney,45
Pennsylvania,16348,Franklin and Marshall College,2012-10-23,2012-10-28,Likely Voters,547,Live Phone,Nonpartisan,NA,Other,2
Pennsylvania,16348,Franklin and Marshall College,2012-10-23,2012-10-28,Likely Voters,547,Live Phone,Nonpartisan,NA,Undecided,4
Pennsylvania,16212,Philadelphia Inquirer/National Research (R)/GSG (D),2012-10-23,2012-10-25,Likely Voters,600,Live Phone,Nonpartisan,NA,Obama,49
Pennsylvania,16212,Philadelphia Inquirer/National Research (R)/GSG (D),2012-10-23,2012-10-25,Likely Voters,600,Live Phone,Nonpartisan,NA,Romney,43
Pennsylvania,16212,Philadelphia Inquirer/National Research (R)/GSG (D),2012-10-23,2012-10-25,Likely Voters,600,Live Phone,Nonpartisan,NA,Other,NA
Pennsylvania,16212,Philadelphia Inquirer/National Research (R)/GSG (D),2012-10-23,2012-10-25,Likely Voters,600,Live Phone,Nonpartisan,NA,Undecided,7
Pennsylvania,16155,Rasmussen,2012-10-24,2012-10-24,Likely Voters,500,Automated Phone,Nonpartisan,NA,Obama,51
Pennsylvania,16155,Rasmussen,2012-10-24,2012-10-24,Likely Voters,500,Automated Phone,Nonpartisan,NA,Romney,46
Pennsylvania,16155,Rasmussen,2012-10-24,2012-10-24,Likely Voters,500,Automated Phone,Nonpartisan,NA,Other,1
Pennsylvania,16155,Rasmussen,2012-10-24,2012-10-24,Likely Voters,500,Automated Phone,Nonpartisan,NA,Undecided,2
Pennsylvania,16045,Gravis Marketing,2012-10-21,2012-10-21,Likely Voters,887,Automated Phone,Nonpartisan,NA,Obama,48
Pennsylvania,16045,Gravis Marketing,2012-10-21,2012-10-21,Likely Voters,887,Automated Phone,Nonpartisan,NA,Romney,45
Pennsylvania,16045,Gravis Marketing,2012-10-21,2012-10-21,Likely Voters,887,Automated Phone,Nonpartisan,NA,Other,NA
Pennsylvania,16045,Gravis Marketing,2012-10-21,2012-10-21,Likely Voters,887,Automated Phone,Nonpartisan,NA,Undecided,6
Pennsylvania,16252,Pharos Research Group,2012-10-19,2012-10-21,Likely Voters,760,Live Phone,Nonpartisan,NA,Obama,49
Pennsylvania,16252,Pharos Research Group,2012-10-19,2012-10-21,Likely Voters,760,Live Phone,Nonpartisan,NA,Romney,46
Pennsylvania,16252,Pharos Research Group,2012-10-19,2012-10-21,Likely Voters,760,Live Phone,Nonpartisan,NA,Other,NA
Pennsylvania,16252,Pharos Research Group,2012-10-19,2012-10-21,Likely Voters,760,Live Phone,Nonpartisan,NA,Undecided,NA
Pennsylvania,16015,Muhlenberg,2012-10-17,2012-10-21,Likely Voters,444,Live Phone,Nonpartisan,NA,Obama,50
Pennsylvania,16015,Muhlenberg,2012-10-17,2012-10-21,Likely Voters,444,Live Phone,Nonpartisan,NA,Romney,45
Pennsylvania,16015,Muhlenberg,2012-10-17,2012-10-21,Likely Voters,444,Live Phone,Nonpartisan,NA,Other,2
Pennsylvania,16015,Muhlenberg,2012-10-17,2012-10-21,Likely Voters,444,Live Phone,Nonpartisan,NA,Undecided,3
Pennsylvania,16018,Angus-Reid,2012-10-18,2012-10-20,Likely Voters,511,Internet,Nonpartisan,NA,Obama,52
Pennsylvania,16018,Angus-Reid,2012-10-18,2012-10-20,Likely Voters,511,Internet,Nonpartisan,NA,Romney,42
Pennsylvania,16018,Angus-Reid,2012-10-18,2012-10-20,Likely Voters,511,Internet,Nonpartisan,NA,Other,6
Pennsylvania,16018,Angus-Reid,2012-10-18,2012-10-20,Likely Voters,511,Internet,Nonpartisan,NA,Undecided,NA
Pennsylvania,16029,Pulse Opinion Research/Let Freedom Ring (R),2012-10-15,2012-10-15,Likely Voters,1000,Automated Phone,Sponsor,Rep,Obama,48
Pennsylvania,16029,Pulse Opinion Research/Let Freedom Ring (R),2012-10-15,2012-10-15,Likely Voters,1000,Automated Phone,Sponsor,Rep,Romney,44
Pennsylvania,16029,Pulse Opinion Research/Let Freedom Ring (R),2012-10-15,2012-10-15,Likely Voters,1000,Automated Phone,Sponsor,Rep,Other,3
Pennsylvania,16029,Pulse Opinion Research/Let Freedom Ring (R),2012-10-15,2012-10-15,Likely Voters,1000,Automated Phone,Sponsor,Rep,Undecided,5
Pennsylvania,15818,Quinnipiac,2012-10-12,2012-10-14,Likely Voters,1519,Live Phone,Nonpartisan,NA,Obama,50
Pennsylvania,15818,Quinnipiac,2012-10-12,2012-10-14,Likely Voters,1519,Live Phone,Nonpartisan,NA,Romney,46
Pennsylvania,15818,Quinnipiac,2012-10-12,2012-10-14,Likely Voters,1519,Live Phone,Nonpartisan,NA,Other,1
Pennsylvania,15818,Quinnipiac,2012-10-12,2012-10-14,Likely Voters,1519,Live Phone,Nonpartisan,NA,Undecided,3
Pennsylvania,15801,PPP (D),2012-10-12,2012-10-14,Likely Voters,500,Automated Phone,Pollster,Dem,Obama,51
Pennsylvania,15801,PPP (D),2012-10-12,2012-10-14,Likely Voters,500,Automated Phone,Pollster,Dem,Romney,44
Pennsylvania,15801,PPP (D),2012-10-12,2012-10-14,Likely Voters,500,Automated Phone,Pollster,Dem,Other,NA
Pennsylvania,15801,PPP (D),2012-10-12,2012-10-14,Likely Voters,500,Automated Phone,Pollster,Dem,Undecided,6
Pennsylvania,15800,Muhlenberg,2012-10-10,2012-10-14,Likely Voters,438,Live Phone,Nonpartisan,NA,Obama,49
Pennsylvania,15800,Muhlenberg,2012-10-10,2012-10-14,Likely Voters,438,Live Phone,Nonpartisan,NA,Romney,45
Pennsylvania,15800,Muhlenberg,2012-10-10,2012-10-14,Likely Voters,438,Live Phone,Nonpartisan,NA,Other,3
Pennsylvania,15800,Muhlenberg,2012-10-10,2012-10-14,Likely Voters,438,Live Phone,Nonpartisan,NA,Undecided,3
Pennsylvania,15940,Susquehanna (R - Republican State Committee of Pennsylvania),2012-10-11,2012-10-13,Likely Voters,1376,Automated Phone,Sponsor,Rep,Obama,45
Pennsylvania,15940,Susquehanna (R - Republican State Committee of Pennsylvania),2012-10-11,2012-10-13,Likely Voters,1376,Automated Phone,Sponsor,Rep,Romney,49
Pennsylvania,15940,Susquehanna (R - Republican State Committee of Pennsylvania),2012-10-11,2012-10-13,Likely Voters,1376,Automated Phone,Sponsor,Rep,Other,3
Pennsylvania,15940,Susquehanna (R - Republican State Committee of Pennsylvania),2012-10-11,2012-10-13,Likely Voters,1376,Automated Phone,Sponsor,Rep,Undecided,2
Pennsylvania,15858,YouGov,2012-10-04,2012-10-11,Likely Voters,966,Internet,Nonpartisan,NA,Obama,51
Pennsylvania,15858,YouGov,2012-10-04,2012-10-11,Likely Voters,966,Internet,Nonpartisan,NA,Romney,44
Pennsylvania,15858,YouGov,2012-10-04,2012-10-11,Likely Voters,966,Internet,Nonpartisan,NA,Other,1
Pennsylvania,15858,YouGov,2012-10-04,2012-10-11,Likely Voters,966,Internet,Nonpartisan,NA,Undecided,4
Pennsylvania,15654,Rasmussen,2012-10-09,2012-10-09,Likely Voters,500,Automated Phone,Nonpartisan,NA,Obama,51
Pennsylvania,15654,Rasmussen,2012-10-09,2012-10-09,Likely Voters,500,Automated Phone,Nonpartisan,NA,Romney,46
Pennsylvania,15654,Rasmussen,2012-10-09,2012-10-09,Likely Voters,500,Automated Phone,Nonpartisan,NA,Other,1
Pennsylvania,15654,Rasmussen,2012-10-09,2012-10-09,Likely Voters,500,Automated Phone,Nonpartisan,NA,Undecided,1
Pennsylvania,15703,Pulse Opinion Research/Let Freedom Ring (R),2012-10-08,2012-10-08,Likely Voters,1000,Automated Phone,Sponsor,Rep,Obama,47
Pennsylvania,15703,Pulse Opinion Research/Let Freedom Ring (R),2012-10-08,2012-10-08,Likely Voters,1000,Automated Phone,Sponsor,Rep,Romney,45
Pennsylvania,15703,Pulse Opinion Research/Let Freedom Ring (R),2012-10-08,2012-10-08,Likely Voters,1000,Automated Phone,Sponsor,Rep,Other,NA
Pennsylvania,15703,Pulse Opinion Research/Let Freedom Ring (R),2012-10-08,2012-10-08,Likely Voters,1000,Automated Phone,Sponsor,Rep,Undecided,NA
Pennsylvania,15692,Philadelphia Inquirer/National Research (R)/GSG (D),2012-10-04,2012-10-08,Likely Voters,600,Live Phone,Nonpartisan,NA,Obama,50
Pennsylvania,15692,Philadelphia Inquirer/National Research (R)/GSG (D),2012-10-04,2012-10-08,Likely Voters,600,Live Phone,Nonpartisan,NA,Romney,42
Pennsylvania,15692,Philadelphia Inquirer/National Research (R)/GSG (D),2012-10-04,2012-10-08,Likely Voters,600,Live Phone,Nonpartisan,NA,Other,NA
Pennsylvania,15692,Philadelphia Inquirer/National Research (R)/GSG (D),2012-10-04,2012-10-08,Likely Voters,600,Live Phone,Nonpartisan,NA,Undecided,8
Pennsylvania,15599,Susquehanna (R),2012-10-04,2012-10-06,Likely Voters,725,Live Phone,Pollster,Rep,Obama,47
Pennsylvania,15599,Susquehanna (R),2012-10-04,2012-10-06,Likely Voters,725,Live Phone,Pollster,Rep,Romney,45
Pennsylvania,15599,Susquehanna (R),2012-10-04,2012-10-06,Likely Voters,725,Live Phone,Pollster,Rep,Other,3
Pennsylvania,15599,Susquehanna (R),2012-10-04,2012-10-06,Likely Voters,725,Live Phone,Pollster,Rep,Undecided,4
Pennsylvania,15617,Siena,2012-10-01,2012-10-05,Likely Voters,545,Live Phone,Nonpartisan,NA,Obama,43
Pennsylvania,15617,Siena,2012-10-01,2012-10-05,Likely Voters,545,Live Phone,Nonpartisan,NA,Romney,40
Pennsylvania,15617,Siena,2012-10-01,2012-10-05,Likely Voters,545,Live Phone,Nonpartisan,NA,Other,NA
Pennsylvania,15617,Siena,2012-10-01,2012-10-05,Likely Voters,545,Live Phone,Nonpartisan,NA,Undecided,12
Pennsylvania,15384,Muhlenberg,2012-09-22,2012-09-26,Likely Voters,427,Live Phone,Nonpartisan,NA,Obama,49
Pennsylvania,15384,Muhlenberg,2012-09-22,2012-09-26,Likely Voters,427,Live Phone,Nonpartisan,NA,Romney,42
Pennsylvania,15384,Muhlenberg,2012-09-22,2012-09-26,Likely Voters,427,Live Phone,Nonpartisan,NA,Other,4
Pennsylvania,15384,Muhlenberg,2012-09-22,2012-09-26,Likely Voters,427,Live Phone,Nonpartisan,NA,Undecided,5
Pennsylvania,15315,Quinnipiac/NYT/CBS,2012-09-18,2012-09-24,Likely Voters,1180,Live Phone,Nonpartisan,NA,Obama,54
Pennsylvania,15315,Quinnipiac/NYT/CBS,2012-09-18,2012-09-24,Likely Voters,1180,Live Phone,Nonpartisan,NA,Romney,42
Pennsylvania,15315,Quinnipiac/NYT/CBS,2012-09-18,2012-09-24,Likely Voters,1180,Live Phone,Nonpartisan,NA,Other,1
Pennsylvania,15315,Quinnipiac/NYT/CBS,2012-09-18,2012-09-24,Likely Voters,1180,Live Phone,Nonpartisan,NA,Undecided,2
Pennsylvania,15323,Franklin and Marshall College,2012-09-18,2012-09-23,Likely Voters,392,Live Phone,Nonpartisan,NA,Obama,52
Pennsylvania,15323,Franklin and Marshall College,2012-09-18,2012-09-23,Likely Voters,392,Live Phone,Nonpartisan,NA,Romney,43
Pennsylvania,15323,Franklin and Marshall College,2012-09-18,2012-09-23,Likely Voters,392,Live Phone,Nonpartisan,NA,Other,NA
Pennsylvania,15323,Franklin and Marshall College,2012-09-18,2012-09-23,Likely Voters,392,Live Phone,Nonpartisan,NA,Undecided,3
Pennsylvania,15276,Susquehanna (R)/Tribune-Review,2012-09-18,2012-09-20,Likely Voters,800,Live Phone,Pollster,Rep,Obama,47
Pennsylvania,15276,Susquehanna (R)/Tribune-Review,2012-09-18,2012-09-20,Likely Voters,800,Live Phone,Pollster,Rep,Romney,45
Pennsylvania,15276,Susquehanna (R)/Tribune-Review,2012-09-18,2012-09-20,Likely Voters,800,Live Phone,Pollster,Rep,Other,NA
Pennsylvania,15276,Susquehanna (R)/Tribune-Review,2012-09-18,2012-09-20,Likely Voters,800,Live Phone,Pollster,Rep,Undecided,6
Pennsylvania,15264,Mercyhurst University,2012-09-12,2012-09-20,Likely Voters,522,Live Phone,Nonpartisan,NA,Obama,48
Pennsylvania,15264,Mercyhurst University,2012-09-12,2012-09-20,Likely Voters,522,Live Phone,Nonpartisan,NA,Romney,40
Pennsylvania,15264,Mercyhurst University,2012-09-12,2012-09-20,Likely Voters,522,Live Phone,Nonpartisan,NA,Other,5
Pennsylvania,15264,Mercyhurst University,2012-09-12,2012-09-20,Likely Voters,522,Live Phone,Nonpartisan,NA,Undecided,6
Pennsylvania,15232,Rasmussen,2012-09-19,2012-09-19,Likely Voters,500,Automated Phone,Nonpartisan,NA,Obama,51
Pennsylvania,15232,Rasmussen,2012-09-19,2012-09-19,Likely Voters,500,Automated Phone,Nonpartisan,NA,Romney,39
Pennsylvania,15232,Rasmussen,2012-09-19,2012-09-19,Likely Voters,500,Automated Phone,Nonpartisan,NA,Other,3
Pennsylvania,15232,Rasmussen,2012-09-19,2012-09-19,Likely Voters,500,Automated Phone,Nonpartisan,NA,Undecided,7
Pennsylvania,15157,We Ask America,2012-09-18,2012-09-18,Likely Voters,1214,Automated Phone,Nonpartisan,NA,Obama,48
Pennsylvania,15157,We Ask America,2012-09-18,2012-09-18,Likely Voters,1214,Automated Phone,Nonpartisan,NA,Romney,42
Pennsylvania,15157,We Ask America,2012-09-18,2012-09-18,Likely Voters,1214,Automated Phone,Nonpartisan,NA,Other,1
Pennsylvania,15157,We Ask America,2012-09-18,2012-09-18,Likely Voters,1214,Automated Phone,Nonpartisan,NA,Undecided,9
Pennsylvania,15398,PPP (D)/NRDC,2012-09-17,2012-09-18,Likely Voters,2051,Automated Phone,Pollster,Dem,Obama,52
Pennsylvania,15398,PPP (D)/NRDC,2012-09-17,2012-09-18,Likely Voters,2051,Automated Phone,Pollster,Dem,Romney,40
Pennsylvania,15398,PPP (D)/NRDC,2012-09-17,2012-09-18,Likely Voters,2051,Automated Phone,Pollster,Dem,Other,NA
Pennsylvania,15398,PPP (D)/NRDC,2012-09-17,2012-09-18,Likely Voters,2051,Automated Phone,Pollster,Dem,Undecided,8
Pennsylvania,15203,Susquehanna (R-Republican State Committee of Pennsylvania),2012-09-15,2012-09-17,Likely Voters,800,Live Phone,Pollster,Rep,Obama,48
Pennsylvania,15203,Susquehanna (R-Republican State Committee of Pennsylvania),2012-09-15,2012-09-17,Likely Voters,800,Live Phone,Pollster,Rep,Romney,47
Pennsylvania,15203,Susquehanna (R-Republican State Committee of Pennsylvania),2012-09-15,2012-09-17,Likely Voters,800,Live Phone,Pollster,Rep,Other,1
Pennsylvania,15203,Susquehanna (R-Republican State Committee of Pennsylvania),2012-09-15,2012-09-17,Likely Voters,800,Live Phone,Pollster,Rep,Undecided,3
Pennsylvania,15114,Muhlenberg,2012-09-10,2012-09-16,Likely Voters,640,Live Phone,Nonpartisan,NA,Obama,50
Pennsylvania,15114,Muhlenberg,2012-09-10,2012-09-16,Likely Voters,640,Live Phone,Nonpartisan,NA,Romney,41
Pennsylvania,15114,Muhlenberg,2012-09-10,2012-09-16,Likely Voters,640,Live Phone,Nonpartisan,NA,Other,5
Pennsylvania,15114,Muhlenberg,2012-09-10,2012-09-16,Likely Voters,640,Live Phone,Nonpartisan,NA,Undecided,4
Pennsylvania,15180,YouGov,2012-09-07,2012-09-14,Likely Voters,1139,Internet,Nonpartisan,NA,Obama,52
Pennsylvania,15180,YouGov,2012-09-07,2012-09-14,Likely Voters,1139,Internet,Nonpartisan,NA,Romney,43
Pennsylvania,15180,YouGov,2012-09-07,2012-09-14,Likely Voters,1139,Internet,Nonpartisan,NA,Other,2
Pennsylvania,15180,YouGov,2012-09-07,2012-09-14,Likely Voters,1139,Internet,Nonpartisan,NA,Undecided,2
Pennsylvania,15076,Philadelphia Inquirer/National Research (R)/GSG (D),2012-09-09,2012-09-12,Likely Voters,600,Live Phone,Nonpartisan,NA,Obama,50
Pennsylvania,15076,Philadelphia Inquirer/National Research (R)/GSG (D),2012-09-09,2012-09-12,Likely Voters,600,Live Phone,Nonpartisan,NA,Romney,39
Pennsylvania,15076,Philadelphia Inquirer/National Research (R)/GSG (D),2012-09-09,2012-09-12,Likely Voters,600,Live Phone,Nonpartisan,NA,Other,NA
Pennsylvania,15076,Philadelphia Inquirer/National Research (R)/GSG (D),2012-09-09,2012-09-12,Likely Voters,600,Live Phone,Nonpartisan,NA,Undecided,11
Pennsylvania,14787,Philadelphia Inquirer,2012-08-21,2012-08-23,Likely Voters,601,Live Phone,Nonpartisan,NA,Obama,51
Pennsylvania,14787,Philadelphia Inquirer,2012-08-21,2012-08-23,Likely Voters,601,Live Phone,Nonpartisan,NA,Romney,42
Pennsylvania,14787,Philadelphia Inquirer,2012-08-21,2012-08-23,Likely Voters,601,Live Phone,Nonpartisan,NA,Other,NA
Pennsylvania,14787,Philadelphia Inquirer,2012-08-21,2012-08-23,Likely Voters,601,Live Phone,Nonpartisan,NA,Undecided,7
Pennsylvania,14748,Muhlenberg,2012-08-20,2012-08-22,Likely Voters,422,Live Phone,Nonpartisan,NA,Obama,49
Pennsylvania,14748,Muhlenberg,2012-08-20,2012-08-22,Likely Voters,422,Live Phone,Nonpartisan,NA,Romney,40
Pennsylvania,14748,Muhlenberg,2012-08-20,2012-08-22,Likely Voters,422,Live Phone,Nonpartisan,NA,Other,NA
Pennsylvania,14748,Muhlenberg,2012-08-20,2012-08-22,Likely Voters,422,Live Phone,Nonpartisan,NA,Undecided,NA
Pennsylvania,14673,Franklin and Marshall College,2012-08-07,2012-08-12,Registered Voters,681,Live Phone,Nonpartisan,NA,Obama,47
Pennsylvania,14673,Franklin and Marshall College,2012-08-07,2012-08-12,Registered Voters,681,Live Phone,Nonpartisan,NA,Romney,42
Pennsylvania,14673,Franklin and Marshall College,2012-08-07,2012-08-12,Registered Voters,681,Live Phone,Nonpartisan,NA,Other,NA
Pennsylvania,14673,Franklin and Marshall College,2012-08-07,2012-08-12,Registered Voters,681,Live Phone,Nonpartisan,NA,Undecided,7
Pennsylvania,14521,Quinnipiac/NYT/CBS,2012-07-24,2012-07-30,Likely Voters,1168,Live Phone,Nonpartisan,NA,Obama,53
Pennsylvania,14521,Quinnipiac/NYT/CBS,2012-07-24,2012-07-30,Likely Voters,1168,Live Phone,Nonpartisan,NA,Romney,42
Pennsylvania,14521,Quinnipiac/NYT/CBS,2012-07-24,2012-07-30,Likely Voters,1168,Live Phone,Nonpartisan,NA,Other,1
Pennsylvania,14521,Quinnipiac/NYT/CBS,2012-07-24,2012-07-30,Likely Voters,1168,Live Phone,Nonpartisan,NA,Undecided,4
Pennsylvania,14444,PPP (D),2012-07-21,2012-07-23,Likely Voters,758,Automated Phone,Pollster,Dem,Obama,49
Pennsylvania,14444,PPP (D),2012-07-21,2012-07-23,Likely Voters,758,Automated Phone,Pollster,Dem,Romney,43
Pennsylvania,14444,PPP (D),2012-07-21,2012-07-23,Likely Voters,758,Automated Phone,Pollster,Dem,Other,NA
Pennsylvania,14444,PPP (D),2012-07-21,2012-07-23,Likely Voters,758,Automated Phone,Pollster,Dem,Undecided,8
Pennsylvania,14494,Susquehanna (R),2012-07-19,2012-07-23,Likely Voters,800,Automated Phone,Pollster,Rep,Obama,46
Pennsylvania,14494,Susquehanna (R),2012-07-19,2012-07-23,Likely Voters,800,Automated Phone,Pollster,Rep,Romney,43
Pennsylvania,14494,Susquehanna (R),2012-07-19,2012-07-23,Likely Voters,800,Automated Phone,Pollster,Rep,Other,NA
Pennsylvania,14494,Susquehanna (R),2012-07-19,2012-07-23,Likely Voters,800,Automated Phone,Pollster,Rep,Undecided,NA
Pennsylvania,14401,Rasmussen,2012-07-18,2012-07-18,Likely Voters,500,Automated Phone,Nonpartisan,NA,Obama,48
Pennsylvania,14401,Rasmussen,2012-07-18,2012-07-18,Likely Voters,500,Automated Phone,Nonpartisan,NA,Romney,44
Pennsylvania,14401,Rasmussen,2012-07-18,2012-07-18,Likely Voters,500,Automated Phone,Nonpartisan,NA,Other,4
Pennsylvania,14401,Rasmussen,2012-07-18,2012-07-18,Likely Voters,500,Automated Phone,Nonpartisan,NA,Undecided,5
Pennsylvania,14295,We Ask America,2012-07-09,2012-07-10,Likely Voters,1227,Automated Phone,Nonpartisan,NA,Obama,47
Pennsylvania,14295,We Ask America,2012-07-09,2012-07-10,Likely Voters,1227,Automated Phone,Nonpartisan,NA,Romney,40
Pennsylvania,14295,We Ask America,2012-07-09,2012-07-10,Likely Voters,1227,Automated Phone,Nonpartisan,NA,Other,NA
Pennsylvania,14295,We Ask America,2012-07-09,2012-07-10,Likely Voters,1227,Automated Phone,Nonpartisan,NA,Undecided,13
Pennsylvania,14323,Garin-Hart-Yang (D-Priorities USA),2012-06-25,2012-07-03,Likely Voters,816,Live Phone,Sponsor,Dem,Obama,49
Pennsylvania,14323,Garin-Hart-Yang (D-Priorities USA),2012-06-25,2012-07-03,Likely Voters,816,Live Phone,Sponsor,Dem,Romney,40
Pennsylvania,14323,Garin-Hart-Yang (D-Priorities USA),2012-06-25,2012-07-03,Likely Voters,816,Live Phone,Sponsor,Dem,Other,NA
Pennsylvania,14323,Garin-Hart-Yang (D-Priorities USA),2012-06-25,2012-07-03,Likely Voters,816,Live Phone,Sponsor,Dem,Undecided,NA
Pennsylvania,14189,Quinnipiac,2012-06-19,2012-06-25,Registered Voters,1252,Live Phone,Nonpartisan,NA,Obama,45
Pennsylvania,14189,Quinnipiac,2012-06-19,2012-06-25,Registered Voters,1252,Live Phone,Nonpartisan,NA,Romney,39
Pennsylvania,14189,Quinnipiac,2012-06-19,2012-06-25,Registered Voters,1252,Live Phone,Nonpartisan,NA,Other,4
Pennsylvania,14189,Quinnipiac,2012-06-19,2012-06-25,Registered Voters,1252,Live Phone,Nonpartisan,NA,Undecided,13
Pennsylvania,14067,Quinnipiac,2012-06-05,2012-06-10,Registered Voters,997,Live Phone,Nonpartisan,NA,Obama,46
Pennsylvania,14067,Quinnipiac,2012-06-05,2012-06-10,Registered Voters,997,Live Phone,Nonpartisan,NA,Romney,40
Pennsylvania,14067,Quinnipiac,2012-06-05,2012-06-10,Registered Voters,997,Live Phone,Nonpartisan,NA,Other,2
Pennsylvania,14067,Quinnipiac,2012-06-05,2012-06-10,Registered Voters,997,Live Phone,Nonpartisan,NA,Undecided,12
Pennsylvania,14014,Franklin and Marshall College,2012-05-29,2012-06-04,Registered Voters,412,Live Phone,Nonpartisan,NA,Obama,48
Pennsylvania,14014,Franklin and Marshall College,2012-05-29,2012-06-04,Registered Voters,412,Live Phone,Nonpartisan,NA,Romney,36
Pennsylvania,14014,Franklin and Marshall College,2012-05-29,2012-06-04,Registered Voters,412,Live Phone,Nonpartisan,NA,Other,5
Pennsylvania,14014,Franklin and Marshall College,2012-05-29,2012-06-04,Registered Voters,412,Live Phone,Nonpartisan,NA,Undecided,12
Pennsylvania,13876,Rasmussen,2012-05-21,2012-05-21,Likely Voters,500,Automated Phone,Nonpartisan,NA,Obama,47
Pennsylvania,13876,Rasmussen,2012-05-21,2012-05-21,Likely Voters,500,Automated Phone,Nonpartisan,NA,Romney,41
Pennsylvania,13876,Rasmussen,2012-05-21,2012-05-21,Likely Voters,500,Automated Phone,Nonpartisan,NA,Other,7
Pennsylvania,13876,Rasmussen,2012-05-21,2012-05-21,Likely Voters,500,Automated Phone,Nonpartisan,NA,Undecided,5
Pennsylvania,13866,PPP (D),2012-05-17,2012-05-20,Likely Voters,671,Automated Phone,Pollster,Dem,Obama,50
Pennsylvania,13866,PPP (D),2012-05-17,2012-05-20,Likely Voters,671,Automated Phone,Pollster,Dem,Romney,42
Pennsylvania,13866,PPP (D),2012-05-17,2012-05-20,Likely Voters,671,Automated Phone,Pollster,Dem,Other,NA
Pennsylvania,13866,PPP (D),2012-05-17,2012-05-20,Likely Voters,671,Automated Phone,Pollster,Dem,Undecided,8
Pennsylvania,13678,Quinnipiac,2012-04-25,2012-05-01,Registered Voters,1167,Live Phone,Nonpartisan,NA,Obama,47
Pennsylvania,13678,Quinnipiac,2012-04-25,2012-05-01,Registered Voters,1167,Live Phone,Nonpartisan,NA,Romney,39
Pennsylvania,13678,Quinnipiac,2012-04-25,2012-05-01,Registered Voters,1167,Live Phone,Nonpartisan,NA,Other,2
Pennsylvania,13678,Quinnipiac,2012-04-25,2012-05-01,Registered Voters,1167,Live Phone,Nonpartisan,NA,Undecided,8
Pennsylvania,13591,Muhlenberg,2012-03-23,2012-04-01,Registered Voters,492,Live Phone,Nonpartisan,NA,Obama,45
Pennsylvania,13591,Muhlenberg,2012-03-23,2012-04-01,Registered Voters,492,Live Phone,Nonpartisan,NA,Romney,40
Pennsylvania,13591,Muhlenberg,2012-03-23,2012-04-01,Registered Voters,492,Live Phone,Nonpartisan,NA,Other,11
Pennsylvania,13591,Muhlenberg,2012-03-23,2012-04-01,Registered Voters,492,Live Phone,Nonpartisan,NA,Undecided,4
Pennsylvania,13370,Quinnipiac,2012-03-20,2012-03-26,Registered Voters,1232,Live Phone,Nonpartisan,NA,Obama,45
Pennsylvania,13370,Quinnipiac,2012-03-20,2012-03-26,Registered Voters,1232,Live Phone,Nonpartisan,NA,Romney,42
Pennsylvania,13370,Quinnipiac,2012-03-20,2012-03-26,Registered Voters,1232,Live Phone,Nonpartisan,NA,Other,2
Pennsylvania,13370,Quinnipiac,2012-03-20,2012-03-26,Registered Voters,1232,Live Phone,Nonpartisan,NA,Undecided,7
Pennsylvania,13251,Quinnipiac,2012-03-07,2012-03-12,Registered Voters,1256,Live Phone,Nonpartisan,NA,Obama,46
Pennsylvania,13251,Quinnipiac,2012-03-07,2012-03-12,Registered Voters,1256,Live Phone,Nonpartisan,NA,Romney,40
Pennsylvania,13251,Quinnipiac,2012-03-07,2012-03-12,Registered Voters,1256,Live Phone,Nonpartisan,NA,Other,2
Pennsylvania,13251,Quinnipiac,2012-03-07,2012-03-12,Registered Voters,1256,Live Phone,Nonpartisan,NA,Undecided,8
Pennsylvania,13252,PPP (D),2012-03-08,2012-03-11,Likely Voters,689,Automated Phone,Pollster,Dem,Obama,49
Pennsylvania,13252,PPP (D),2012-03-08,2012-03-11,Likely Voters,689,Automated Phone,Pollster,Dem,Romney,42
Pennsylvania,13252,PPP (D),2012-03-08,2012-03-11,Likely Voters,689,Automated Phone,Pollster,Dem,Other,NA
Pennsylvania,13252,PPP (D),2012-03-08,2012-03-11,Likely Voters,689,Automated Phone,Pollster,Dem,Undecided,9
Pennsylvania,13151,Rasmussen,2012-02-08,2012-02-23,Likely Voters,438,Automated Phone,Nonpartisan,NA,Obama,45
Pennsylvania,13151,Rasmussen,2012-02-08,2012-02-23,Likely Voters,438,Automated Phone,Nonpartisan,NA,Romney,44
Pennsylvania,13151,Rasmussen,2012-02-08,2012-02-23,Likely Voters,438,Automated Phone,Nonpartisan,NA,Other,8
Pennsylvania,13151,Rasmussen,2012-02-08,2012-02-23,Likely Voters,438,Automated Phone,Nonpartisan,NA,Undecided,3
Pennsylvania,13149,Muhlenberg,2012-02-15,2012-02-21,Registered Voters,625,Live Phone,Nonpartisan,NA,Obama,48
Pennsylvania,13149,Muhlenberg,2012-02-15,2012-02-21,Registered Voters,625,Live Phone,Nonpartisan,NA,Romney,37
Pennsylvania,13149,Muhlenberg,2012-02-15,2012-02-21,Registered Voters,625,Live Phone,Nonpartisan,NA,Other,9
Pennsylvania,13149,Muhlenberg,2012-02-15,2012-02-21,Registered Voters,625,Live Phone,Nonpartisan,NA,Undecided,6
Pennsylvania,13150,Franklin and Marshall College,2012-02-14,2012-02-20,Registered Voters,592,Live Phone,Nonpartisan,NA,Obama,41
Pennsylvania,13150,Franklin and Marshall College,2012-02-14,2012-02-20,Registered Voters,592,Live Phone,Nonpartisan,NA,Romney,33
Pennsylvania,13150,Franklin and Marshall College,2012-02-14,2012-02-20,Registered Voters,592,Live Phone,Nonpartisan,NA,Other,8
Pennsylvania,13150,Franklin and Marshall College,2012-02-14,2012-02-20,Registered Voters,592,Live Phone,Nonpartisan,NA,Undecided,18
Pennsylvania,12835,Susquehanna (R),2012-02-02,2012-02-06,Registered Voters,800,Automated Phone,Pollster,Rep,Obama,43
Pennsylvania,12835,Susquehanna (R),2012-02-02,2012-02-06,Registered Voters,800,Automated Phone,Pollster,Rep,Romney,45
Pennsylvania,12835,Susquehanna (R),2012-02-02,2012-02-06,Registered Voters,800,Automated Phone,Pollster,Rep,Other,NA
Pennsylvania,12835,Susquehanna (R),2012-02-02,2012-02-06,Registered Voters,800,Automated Phone,Pollster,Rep,Undecided,NA
Pennsylvania,13432,Franklin and Marshall College,2012-01-17,2012-01-22,Registered Voters,614,Live Phone,Nonpartisan,NA,Obama,41
Pennsylvania,13432,Franklin and Marshall College,2012-01-17,2012-01-22,Registered Voters,614,Live Phone,Nonpartisan,NA,Romney,30
Pennsylvania,13432,Franklin and Marshall College,2012-01-17,2012-01-22,Registered Voters,614,Live Phone,Nonpartisan,NA,Other,6
Pennsylvania,13432,Franklin and Marshall College,2012-01-17,2012-01-22,Registered Voters,614,Live Phone,Nonpartisan,NA,Undecided,24
Ohio,16657,Gravis Marketing,2012-11-04,2012-11-05,Likely Voters,1316,Automated Phone,Nonpartisan,NA,Obama,49
Ohio,16657,Gravis Marketing,2012-11-04,2012-11-05,Likely Voters,1316,Automated Phone,Nonpartisan,NA,Romney,48
Ohio,16657,Gravis Marketing,2012-11-04,2012-11-05,Likely Voters,1316,Automated Phone,Nonpartisan,NA,Other,NA
Ohio,16657,Gravis Marketing,2012-11-04,2012-11-05,Likely Voters,1316,Automated Phone,Nonpartisan,NA,Undecided,NA
Ohio,16672,JZ Analytics/Newsmax,2012-11-03,2012-11-05,Likely Voters,832,Internet,Sponsor,Rep,Obama,51
Ohio,16672,JZ Analytics/Newsmax,2012-11-03,2012-11-05,Likely Voters,832,Internet,Sponsor,Rep,Romney,44
Ohio,16672,JZ Analytics/Newsmax,2012-11-03,2012-11-05,Likely Voters,832,Internet,Sponsor,Rep,Other,NA
Ohio,16672,JZ Analytics/Newsmax,2012-11-03,2012-11-05,Likely Voters,832,Internet,Sponsor,Rep,Undecided,6
Ohio,16665,Ipsos/Reuters (Web),2012-11-03,2012-11-05,Likely Voters,680,Internet,Nonpartisan,NA,Obama,50
Ohio,16665,Ipsos/Reuters (Web),2012-11-03,2012-11-05,Likely Voters,680,Internet,Nonpartisan,NA,Romney,46
Ohio,16665,Ipsos/Reuters (Web),2012-11-03,2012-11-05,Likely Voters,680,Internet,Nonpartisan,NA,Other,1
Ohio,16665,Ipsos/Reuters (Web),2012-11-03,2012-11-05,Likely Voters,680,Internet,Nonpartisan,NA,Undecided,2
Ohio,16632,Rasmussen,2012-11-04,2012-11-04,Likely Voters,750,Automated Phone,Nonpartisan,NA,Obama,49
Ohio,16632,Rasmussen,2012-11-04,2012-11-04,Likely Voters,750,Automated Phone,Nonpartisan,NA,Romney,49
Ohio,16632,Rasmussen,2012-11-04,2012-11-04,Likely Voters,750,Automated Phone,Nonpartisan,NA,Other,1
Ohio,16632,Rasmussen,2012-11-04,2012-11-04,Likely Voters,750,Automated Phone,Nonpartisan,NA,Undecided,1
Ohio,16607,PPP (D),2012-11-03,2012-11-04,Likely Voters,1000,Automated Phone,Pollster,Dem,Obama,52
Ohio,16607,PPP (D),2012-11-03,2012-11-04,Likely Voters,1000,Automated Phone,Pollster,Dem,Romney,47
Ohio,16607,PPP (D),2012-11-03,2012-11-04,Likely Voters,1000,Automated Phone,Pollster,Dem,Other,NA
Ohio,16607,PPP (D),2012-11-03,2012-11-04,Likely Voters,1000,Automated Phone,Pollster,Dem,Undecided,2
Ohio,16675,Angus-Reid,2012-11-02,2012-11-04,Likely Voters,572,Internet,Nonpartisan,NA,Obama,51
Ohio,16675,Angus-Reid,2012-11-02,2012-11-04,Likely Voters,572,Internet,Nonpartisan,NA,Romney,48
Ohio,16675,Angus-Reid,2012-11-02,2012-11-04,Likely Voters,572,Internet,Nonpartisan,NA,Other,1
Ohio,16675,Angus-Reid,2012-11-02,2012-11-04,Likely Voters,572,Internet,Nonpartisan,NA,Undecided,NA
Ohio,16639,SurveyUSA,2012-11-01,2012-11-04,Likely Voters,803,IVR/Online,Nonpartisan,NA,Obama,49
Ohio,16639,SurveyUSA,2012-11-01,2012-11-04,Likely Voters,803,IVR/Online,Nonpartisan,NA,Romney,44
Ohio,16639,SurveyUSA,2012-11-01,2012-11-04,Likely Voters,803,IVR/Online,Nonpartisan,NA,Other,3
Ohio,16639,SurveyUSA,2012-11-01,2012-11-04,Likely Voters,803,IVR/Online,Nonpartisan,NA,Undecided,4
Ohio,16627,The Ohio Poll/University of Cincinnati,2012-10-31,2012-11-04,Likely Voters,889,Live Phone,Nonpartisan,NA,Obama,50
Ohio,16627,The Ohio Poll/University of Cincinnati,2012-10-31,2012-11-04,Likely Voters,889,Live Phone,Nonpartisan,NA,Romney,49
Ohio,16627,The Ohio Poll/University of Cincinnati,2012-10-31,2012-11-04,Likely Voters,889,Live Phone,Nonpartisan,NA,Other,NA
Ohio,16627,The Ohio Poll/University of Cincinnati,2012-10-31,2012-11-04,Likely Voters,889,Live Phone,Nonpartisan,NA,Undecided,NA
Ohio,16591,YouGov,2012-10-31,2012-11-03,Likely Voters,1620,Internet,Nonpartisan,NA,Obama,49
Ohio,16591,YouGov,2012-10-31,2012-11-03,Likely Voters,1620,Internet,Nonpartisan,NA,Romney,46
Ohio,16591,YouGov,2012-10-31,2012-11-03,Likely Voters,1620,Internet,Nonpartisan,NA,Other,2
Ohio,16591,YouGov,2012-10-31,2012-11-03,Likely Voters,1620,Internet,Nonpartisan,NA,Undecided,3
Ohio,16536,Columbus Dispatch,2012-10-24,2012-11-03,Likely Voters,1501,Mail,Nonpartisan,NA,Obama,50
Ohio,16536,Columbus Dispatch,2012-10-24,2012-11-03,Likely Voters,1501,Mail,Nonpartisan,NA,Romney,48
Ohio,16536,Columbus Dispatch,2012-10-24,2012-11-03,Likely Voters,1501,Mail,Nonpartisan,NA,Other,NA
Ohio,16536,Columbus Dispatch,2012-10-24,2012-11-03,Likely Voters,1501,Mail,Nonpartisan,NA,Undecided,NA
Ohio,16505,Grove Insight (D-Project New America/USAction),2012-11-01,2012-11-02,Likely Voters,500,Live Phone,Sponsor,Dem,Obama,49
Ohio,16505,Grove Insight (D-Project New America/USAction),2012-11-01,2012-11-02,Likely Voters,500,Live Phone,Sponsor,Dem,Romney,45
Ohio,16505,Grove Insight (D-Project New America/USAction),2012-11-01,2012-11-02,Likely Voters,500,Live Phone,Sponsor,Dem,Other,1
Ohio,16505,Grove Insight (D-Project New America/USAction),2012-11-01,2012-11-02,Likely Voters,500,Live Phone,Sponsor,Dem,Undecided,4
Ohio,16480,Ipsos/Reuters (Web),2012-10-31,2012-11-02,Likely Voters,1012,Internet,Nonpartisan,NA,Obama,47
Ohio,16480,Ipsos/Reuters (Web),2012-10-31,2012-11-02,Likely Voters,1012,Internet,Nonpartisan,NA,Romney,45
Ohio,16480,Ipsos/Reuters (Web),2012-10-31,2012-11-02,Likely Voters,1012,Internet,Nonpartisan,NA,Other,3
Ohio,16480,Ipsos/Reuters (Web),2012-10-31,2012-11-02,Likely Voters,1012,Internet,Nonpartisan,NA,Undecided,4
Ohio,16469,Rasmussen,2012-11-01,2012-11-01,Likely Voters,750,Automated Phone,Nonpartisan,NA,Obama,49
Ohio,16469,Rasmussen,2012-11-01,2012-11-01,Likely Voters,750,Automated Phone,Nonpartisan,NA,Romney,49
Ohio,16469,Rasmussen,2012-11-01,2012-11-01,Likely Voters,750,Automated Phone,Nonpartisan,NA,Other,2
Ohio,16469,Rasmussen,2012-11-01,2012-11-01,Likely Voters,750,Automated Phone,Nonpartisan,NA,Undecided,1
Ohio,16489,NBC/WSJ/Marist,2012-10-31,2012-11-01,Likely Voters,971,Live Phone,Nonpartisan,NA,Obama,51
Ohio,16489,NBC/WSJ/Marist,2012-10-31,2012-11-01,Likely Voters,971,Live Phone,Nonpartisan,NA,Romney,45
Ohio,16489,NBC/WSJ/Marist,2012-10-31,2012-11-01,Likely Voters,971,Live Phone,Nonpartisan,NA,Other,1
Ohio,16489,NBC/WSJ/Marist,2012-10-31,2012-11-01,Likely Voters,971,Live Phone,Nonpartisan,NA,Undecided,3
Ohio,16476,CNN,2012-10-30,2012-11-01,Likely Voters,796,Live Phone,Nonpartisan,NA,Obama,50
Ohio,16476,CNN,2012-10-30,2012-11-01,Likely Voters,796,Live Phone,Nonpartisan,NA,Romney,47
Ohio,16476,CNN,2012-10-30,2012-11-01,Likely Voters,796,Live Phone,Nonpartisan,NA,Other,1
Ohio,16476,CNN,2012-10-30,2012-11-01,Likely Voters,796,Live Phone,Nonpartisan,NA,Undecided,3
Ohio,16475,We Ask America,2012-10-30,2012-11-01,Likely Voters,1649,Automated Phone,Nonpartisan,NA,Obama,50
Ohio,16475,We Ask America,2012-10-30,2012-11-01,Likely Voters,1649,Automated Phone,Nonpartisan,NA,Romney,46
Ohio,16475,We Ask America,2012-10-30,2012-11-01,Likely Voters,1649,Automated Phone,Nonpartisan,NA,Other,4
Ohio,16475,We Ask America,2012-10-30,2012-11-01,Likely Voters,1649,Automated Phone,Nonpartisan,NA,Undecided,NA
Ohio,16430,Wenzel Strategies (R-Citizens United),2012-10-30,2012-10-31,Likely Voters,1281,Live Phone,Sponsor,Rep,Obama,46
Ohio,16430,Wenzel Strategies (R-Citizens United),2012-10-30,2012-10-31,Likely Voters,1281,Live Phone,Sponsor,Rep,Romney,49
Ohio,16430,Wenzel Strategies (R-Citizens United),2012-10-30,2012-10-31,Likely Voters,1281,Live Phone,Sponsor,Rep,Other,NA
Ohio,16430,Wenzel Strategies (R-Citizens United),2012-10-30,2012-10-31,Likely Voters,1281,Live Phone,Sponsor,Rep,Undecided,NA
Ohio,16368,PPP (D-Health Care for America Now),2012-10-29,2012-10-30,Likely Voters,600,Automated Phone,Sponsor,Dem,Obama,50
Ohio,16368,PPP (D-Health Care for America Now),2012-10-29,2012-10-30,Likely Voters,600,Automated Phone,Sponsor,Dem,Romney,45
Ohio,16368,PPP (D-Health Care for America Now),2012-10-29,2012-10-30,Likely Voters,600,Automated Phone,Sponsor,Dem,Other,NA
Ohio,16368,PPP (D-Health Care for America Now),2012-10-29,2012-10-30,Likely Voters,600,Automated Phone,Sponsor,Dem,Undecided,4
Ohio,16402,JZ Analytics/Newsmax,2012-10-28,2012-10-30,Likely Voters,826,Internet,Sponsor,Rep,Obama,50
Ohio,16402,JZ Analytics/Newsmax,2012-10-28,2012-10-30,Likely Voters,826,Internet,Sponsor,Rep,Romney,44
Ohio,16402,JZ Analytics/Newsmax,2012-10-28,2012-10-30,Likely Voters,826,Internet,Sponsor,Rep,Other,NA
Ohio,16402,JZ Analytics/Newsmax,2012-10-28,2012-10-30,Likely Voters,826,Internet,Sponsor,Rep,Undecided,5
Ohio,16373,The Ohio Poll/University of Cincinnati,2012-10-25,2012-10-30,Likely Voters,1141,Live Phone,Nonpartisan,NA,Obama,48
Ohio,16373,The Ohio Poll/University of Cincinnati,2012-10-25,2012-10-30,Likely Voters,1141,Live Phone,Nonpartisan,NA,Romney,46
Ohio,16373,The Ohio Poll/University of Cincinnati,2012-10-25,2012-10-30,Likely Voters,1141,Live Phone,Nonpartisan,NA,Other,4
Ohio,16373,The Ohio Poll/University of Cincinnati,2012-10-25,2012-10-30,Likely Voters,1141,Live Phone,Nonpartisan,NA,Undecided,2
Ohio,16602,Pulse Opinion Research/Let Freedom Ring (R),2012-10-29,2012-10-29,Likely Voters,1000,Automated Phone,Sponsor,Rep,Obama,48
Ohio,16602,Pulse Opinion Research/Let Freedom Ring (R),2012-10-29,2012-10-29,Likely Voters,1000,Automated Phone,Sponsor,Rep,Romney,46
Ohio,16602,Pulse Opinion Research/Let Freedom Ring (R),2012-10-29,2012-10-29,Likely Voters,1000,Automated Phone,Sponsor,Rep,Other,3
Ohio,16602,Pulse Opinion Research/Let Freedom Ring (R),2012-10-29,2012-10-29,Likely Voters,1000,Automated Phone,Sponsor,Rep,Undecided,3
Ohio,16338,Grove Insight (D-Project New America/USAction),2012-10-28,2012-10-29,Likely Voters,500,Live Phone,Sponsor,Dem,Obama,48
Ohio,16338,Grove Insight (D-Project New America/USAction),2012-10-28,2012-10-29,Likely Voters,500,Live Phone,Sponsor,Dem,Romney,45
Ohio,16338,Grove Insight (D-Project New America/USAction),2012-10-28,2012-10-29,Likely Voters,500,Live Phone,Sponsor,Dem,Other,NA
Ohio,16338,Grove Insight (D-Project New America/USAction),2012-10-28,2012-10-29,Likely Voters,500,Live Phone,Sponsor,Dem,Undecided,NA
Ohio,16347,SurveyUSA,2012-10-26,2012-10-29,Likely Voters,603,IVR/Online,Nonpartisan,NA,Obama,48
Ohio,16347,SurveyUSA,2012-10-26,2012-10-29,Likely Voters,603,IVR/Online,Nonpartisan,NA,Romney,45
Ohio,16347,SurveyUSA,2012-10-26,2012-10-29,Likely Voters,603,IVR/Online,Nonpartisan,NA,Other,2
Ohio,16347,SurveyUSA,2012-10-26,2012-10-29,Likely Voters,603,IVR/Online,Nonpartisan,NA,Undecided,6
Ohio,16262,Rasmussen,2012-10-28,2012-10-28,Likely Voters,750,Automated Phone,Nonpartisan,NA,Obama,48
Ohio,16262,Rasmussen,2012-10-28,2012-10-28,Likely Voters,750,Automated Phone,Nonpartisan,NA,Romney,50
Ohio,16262,Rasmussen,2012-10-28,2012-10-28,Likely Voters,750,Automated Phone,Nonpartisan,NA,Other,1
Ohio,16262,Rasmussen,2012-10-28,2012-10-28,Likely Voters,750,Automated Phone,Nonpartisan,NA,Undecided,1
Ohio,16327,Pharos Research Group,2012-10-26,2012-10-28,Likely Voters,765,Live Phone,Nonpartisan,NA,Obama,49
Ohio,16327,Pharos Research Group,2012-10-26,2012-10-28,Likely Voters,765,Live Phone,Nonpartisan,NA,Romney,46
Ohio,16327,Pharos Research Group,2012-10-26,2012-10-28,Likely Voters,765,Live Phone,Nonpartisan,NA,Other,NA
Ohio,16327,Pharos Research Group,2012-10-26,2012-10-28,Likely Voters,765,Live Phone,Nonpartisan,NA,Undecided,5
Ohio,16253,PPP (D),2012-10-26,2012-10-28,Likely Voters,718,Automated Phone,Pollster,Dem,Obama,51
Ohio,16253,PPP (D),2012-10-26,2012-10-28,Likely Voters,718,Automated Phone,Pollster,Dem,Romney,47
Ohio,16253,PPP (D),2012-10-26,2012-10-28,Likely Voters,718,Automated Phone,Pollster,Dem,Other,NA
Ohio,16253,PPP (D),2012-10-26,2012-10-28,Likely Voters,718,Automated Phone,Pollster,Dem,Undecided,2
Ohio,16349,Quinnipiac/NYT/CBS,2012-10-23,2012-10-28,Likely Voters,1100,Live Phone,Nonpartisan,NA,Obama,50
Ohio,16349,Quinnipiac/NYT/CBS,2012-10-23,2012-10-28,Likely Voters,1100,Live Phone,Nonpartisan,NA,Romney,45
Ohio,16349,Quinnipiac/NYT/CBS,2012-10-23,2012-10-28,Likely Voters,1100,Live Phone,Nonpartisan,NA,Other,1
Ohio,16349,Quinnipiac/NYT/CBS,2012-10-23,2012-10-28,Likely Voters,1100,Live Phone,Nonpartisan,NA,Undecided,4
Ohio,16254,Gravis Marketing,2012-10-27,2012-10-27,Likely Voters,730,Automated Phone,Nonpartisan,NA,Obama,50
Ohio,16254,Gravis Marketing,2012-10-27,2012-10-27,Likely Voters,730,Automated Phone,Nonpartisan,NA,Romney,49
Ohio,16254,Gravis Marketing,2012-10-27,2012-10-27,Likely Voters,730,Automated Phone,Nonpartisan,NA,Other,NA
Ohio,16254,Gravis Marketing,2012-10-27,2012-10-27,Likely Voters,730,Automated Phone,Nonpartisan,NA,Undecided,2
Ohio,16313,Mellman (D-Americans United for Change),2012-10-23,2012-10-25,Likely Voters,600,Live Phone,Sponsor,Dem,Obama,49
Ohio,16313,Mellman (D-Americans United for Change),2012-10-23,2012-10-25,Likely Voters,600,Live Phone,Sponsor,Dem,Romney,44
Ohio,16313,Mellman (D-Americans United for Change),2012-10-23,2012-10-25,Likely Voters,600,Live Phone,Sponsor,Dem,Other,NA
Ohio,16313,Mellman (D-Americans United for Change),2012-10-23,2012-10-25,Likely Voters,600,Live Phone,Sponsor,Dem,Undecided,7
Ohio,16211,CNN,2012-10-23,2012-10-25,Likely Voters,741,Live Phone,Nonpartisan,NA,Obama,50
Ohio,16211,CNN,2012-10-23,2012-10-25,Likely Voters,741,Live Phone,Nonpartisan,NA,Romney,46
Ohio,16211,CNN,2012-10-23,2012-10-25,Likely Voters,741,Live Phone,Nonpartisan,NA,Other,1
Ohio,16211,CNN,2012-10-23,2012-10-25,Likely Voters,741,Live Phone,Nonpartisan,NA,Undecided,4
Ohio,16208,Purple Strategies,2012-10-23,2012-10-25,Likely Voters,600,IVR/Online,Nonpartisan,NA,Obama,46
Ohio,16208,Purple Strategies,2012-10-23,2012-10-25,Likely Voters,600,IVR/Online,Nonpartisan,NA,Romney,44
Ohio,16208,Purple Strategies,2012-10-23,2012-10-25,Likely Voters,600,IVR/Online,Nonpartisan,NA,Other,1
Ohio,16208,Purple Strategies,2012-10-23,2012-10-25,Likely Voters,600,IVR/Online,Nonpartisan,NA,Undecided,8
Ohio,16190,ARG,2012-10-23,2012-10-25,Likely Voters,600,Live Phone,Nonpartisan,NA,Obama,49
Ohio,16190,ARG,2012-10-23,2012-10-25,Likely Voters,600,Live Phone,Nonpartisan,NA,Romney,47
Ohio,16190,ARG,2012-10-23,2012-10-25,Likely Voters,600,Live Phone,Nonpartisan,NA,Other,1
Ohio,16190,ARG,2012-10-23,2012-10-25,Likely Voters,600,Live Phone,Nonpartisan,NA,Undecided,3
Ohio,16100,Rasmussen,2012-10-23,2012-10-23,Likely Voters,750,Automated Phone,Nonpartisan,NA,Obama,48
Ohio,16100,Rasmussen,2012-10-23,2012-10-23,Likely Voters,750,Automated Phone,Nonpartisan,NA,Romney,48
Ohio,16100,Rasmussen,2012-10-23,2012-10-23,Likely Voters,750,Automated Phone,Nonpartisan,NA,Other,2
Ohio,16100,Rasmussen,2012-10-23,2012-10-23,Likely Voters,750,Automated Phone,Nonpartisan,NA,Undecided,3
Ohio,16122,Time,2012-10-22,2012-10-23,Likely Voters,742,Live Phone,Nonpartisan,NA,Obama,49
Ohio,16122,Time,2012-10-22,2012-10-23,Likely Voters,742,Live Phone,Nonpartisan,NA,Romney,44
Ohio,16122,Time,2012-10-22,2012-10-23,Likely Voters,742,Live Phone,Nonpartisan,NA,Other,1
Ohio,16122,Time,2012-10-22,2012-10-23,Likely Voters,742,Live Phone,Nonpartisan,NA,Undecided,6
Ohio,16121,Lake Research (D-USAction),2012-10-20,2012-10-23,Likely Voters,600,Live Phone,Sponsor,Dem,Obama,46
Ohio,16121,Lake Research (D-USAction),2012-10-20,2012-10-23,Likely Voters,600,Live Phone,Sponsor,Dem,Romney,44
Ohio,16121,Lake Research (D-USAction),2012-10-20,2012-10-23,Likely Voters,600,Live Phone,Sponsor,Dem,Other,NA
Ohio,16121,Lake Research (D-USAction),2012-10-20,2012-10-23,Likely Voters,600,Live Phone,Sponsor,Dem,Undecided,9
Ohio,16234,Ohio Newspaper Organization/University of Cincinnati,2012-10-18,2012-10-23,Likely Voters,1015,Live Phone,Nonpartisan,NA,Obama,49
Ohio,16234,Ohio Newspaper Organization/University of Cincinnati,2012-10-18,2012-10-23,Likely Voters,1015,Live Phone,Nonpartisan,NA,Romney,49
Ohio,16234,Ohio Newspaper Organization/University of Cincinnati,2012-10-18,2012-10-23,Likely Voters,1015,Live Phone,Nonpartisan,NA,Other,1
Ohio,16234,Ohio Newspaper Organization/University of Cincinnati,2012-10-18,2012-10-23,Likely Voters,1015,Live Phone,Nonpartisan,NA,Undecided,1
Ohio,16098,SurveyUSA,2012-10-20,2012-10-22,Likely Voters,609,IVR/Online,Nonpartisan,NA,Obama,47
Ohio,16098,SurveyUSA,2012-10-20,2012-10-22,Likely Voters,609,IVR/Online,Nonpartisan,NA,Romney,44
Ohio,16098,SurveyUSA,2012-10-20,2012-10-22,Likely Voters,609,IVR/Online,Nonpartisan,NA,Other,2
Ohio,16098,SurveyUSA,2012-10-20,2012-10-22,Likely Voters,609,IVR/Online,Nonpartisan,NA,Undecided,6
Ohio,16251,Pharos Research Group,2012-10-19,2012-10-21,Likely Voters,810,Live Phone,Nonpartisan,NA,Obama,50
Ohio,16251,Pharos Research Group,2012-10-19,2012-10-21,Likely Voters,810,Live Phone,Nonpartisan,NA,Romney,45
Ohio,16251,Pharos Research Group,2012-10-19,2012-10-21,Likely Voters,810,Live Phone,Nonpartisan,NA,Other,NA
Ohio,16251,Pharos Research Group,2012-10-19,2012-10-21,Likely Voters,810,Live Phone,Nonpartisan,NA,Undecided,NA
Ohio,16035,Suffolk,2012-10-18,2012-10-21,Likely Voters,600,Live Phone,Nonpartisan,NA,Obama,47
Ohio,16035,Suffolk,2012-10-18,2012-10-21,Likely Voters,600,Live Phone,Nonpartisan,NA,Romney,47
Ohio,16035,Suffolk,2012-10-18,2012-10-21,Likely Voters,600,Live Phone,Nonpartisan,NA,Other,3
Ohio,16035,Suffolk,2012-10-18,2012-10-21,Likely Voters,600,Live Phone,Nonpartisan,NA,Undecided,5
Ohio,16008,Angus-Reid,2012-10-18,2012-10-20,Likely Voters,502,Internet,Nonpartisan,NA,Obama,48
Ohio,16008,Angus-Reid,2012-10-18,2012-10-20,Likely Voters,502,Internet,Nonpartisan,NA,Romney,48
Ohio,16008,Angus-Reid,2012-10-18,2012-10-20,Likely Voters,502,Internet,Nonpartisan,NA,Other,4
Ohio,16008,Angus-Reid,2012-10-18,2012-10-20,Likely Voters,502,Internet,Nonpartisan,NA,Undecided,NA
Ohio,15993,PPP (D),2012-10-18,2012-10-20,Likely Voters,523,Automated Phone,Pollster,Dem,Obama,49
Ohio,15993,PPP (D),2012-10-18,2012-10-20,Likely Voters,523,Automated Phone,Pollster,Dem,Romney,48
Ohio,15993,PPP (D),2012-10-18,2012-10-20,Likely Voters,523,Automated Phone,Pollster,Dem,Other,NA
Ohio,15993,PPP (D),2012-10-18,2012-10-20,Likely Voters,523,Automated Phone,Pollster,Dem,Undecided,3
Ohio,16014,Quinnipiac/CBS,2012-10-17,2012-10-20,Likely Voters,1548,Live Phone,Nonpartisan,NA,Obama,50
Ohio,16014,Quinnipiac/CBS,2012-10-17,2012-10-20,Likely Voters,1548,Live Phone,Nonpartisan,NA,Romney,45
Ohio,16014,Quinnipiac/CBS,2012-10-17,2012-10-20,Likely Voters,1548,Live Phone,Nonpartisan,NA,Other,1
Ohio,16014,Quinnipiac/CBS,2012-10-17,2012-10-20,Likely Voters,1548,Live Phone,Nonpartisan,NA,Undecided,3
Ohio,15981,Gravis Marketing,2012-10-18,2012-10-19,Likely Voters,1943,Automated Phone,Nonpartisan,NA,Obama,47
Ohio,15981,Gravis Marketing,2012-10-18,2012-10-19,Likely Voters,1943,Automated Phone,Nonpartisan,NA,Romney,47
Ohio,15981,Gravis Marketing,2012-10-18,2012-10-19,Likely Voters,1943,Automated Phone,Nonpartisan,NA,Other,NA
Ohio,15981,Gravis Marketing,2012-10-18,2012-10-19,Likely Voters,1943,Automated Phone,Nonpartisan,NA,Undecided,6
Ohio,15970,FOX,2012-10-17,2012-10-18,Likely Voters,1131,Live Phone,Nonpartisan,NA,Obama,46
Ohio,15970,FOX,2012-10-17,2012-10-18,Likely Voters,1131,Live Phone,Nonpartisan,NA,Romney,43
Ohio,15970,FOX,2012-10-17,2012-10-18,Likely Voters,1131,Live Phone,Nonpartisan,NA,Other,1
Ohio,15970,FOX,2012-10-17,2012-10-18,Likely Voters,1131,Live Phone,Nonpartisan,NA,Undecided,10
Ohio,15908,Rasmussen,2012-10-17,2012-10-17,Likely Voters,750,Automated Phone,Nonpartisan,NA,Obama,49
Ohio,15908,Rasmussen,2012-10-17,2012-10-17,Likely Voters,750,Automated Phone,Nonpartisan,NA,Romney,48
Ohio,15908,Rasmussen,2012-10-17,2012-10-17,Likely Voters,750,Automated Phone,Nonpartisan,NA,Other,1
Ohio,15908,Rasmussen,2012-10-17,2012-10-17,Likely Voters,750,Automated Phone,Nonpartisan,NA,Undecided,2
Ohio,16033,Pulse Opinion Research/Let Freedom Ring (R),2012-10-15,2012-10-15,Likely Voters,1000,Automated Phone,Sponsor,Rep,Obama,46
Ohio,16033,Pulse Opinion Research/Let Freedom Ring (R),2012-10-15,2012-10-15,Likely Voters,1000,Automated Phone,Sponsor,Rep,Romney,47
Ohio,16033,Pulse Opinion Research/Let Freedom Ring (R),2012-10-15,2012-10-15,Likely Voters,1000,Automated Phone,Sponsor,Rep,Other,3
Ohio,16033,Pulse Opinion Research/Let Freedom Ring (R),2012-10-15,2012-10-15,Likely Voters,1000,Automated Phone,Sponsor,Rep,Undecided,4
Ohio,15905,SurveyUSA,2012-10-12,2012-10-15,Likely Voters,613,IVR/Online,Nonpartisan,NA,Obama,45
Ohio,15905,SurveyUSA,2012-10-12,2012-10-15,Likely Voters,613,IVR/Online,Nonpartisan,NA,Romney,42
Ohio,15905,SurveyUSA,2012-10-12,2012-10-15,Likely Voters,613,IVR/Online,Nonpartisan,NA,Other,3
Ohio,15905,SurveyUSA,2012-10-12,2012-10-15,Likely Voters,613,IVR/Online,Nonpartisan,NA,Undecided,9
Ohio,15762,PPP (D),2012-10-12,2012-10-13,Likely Voters,880,Automated Phone,Pollster,Dem,Obama,51
Ohio,15762,PPP (D),2012-10-12,2012-10-13,Likely Voters,880,Automated Phone,Pollster,Dem,Romney,46
Ohio,15762,PPP (D),2012-10-12,2012-10-13,Likely Voters,880,Automated Phone,Pollster,Dem,Other,NA
Ohio,15762,PPP (D),2012-10-12,2012-10-13,Likely Voters,880,Automated Phone,Pollster,Dem,Undecided,3
Ohio,15855,YouGov,2012-10-04,2012-10-11,Likely Voters,851,Internet,Nonpartisan,NA,Obama,50
Ohio,15855,YouGov,2012-10-04,2012-10-11,Likely Voters,851,Internet,Nonpartisan,NA,Romney,46
Ohio,15855,YouGov,2012-10-04,2012-10-11,Likely Voters,851,Internet,Nonpartisan,NA,Other,2
Ohio,15855,YouGov,2012-10-04,2012-10-11,Likely Voters,851,Internet,Nonpartisan,NA,Undecided,2
Ohio,15697,Rasmussen,2012-10-10,2012-10-10,Likely Voters,750,Automated Phone,Nonpartisan,NA,Obama,48
Ohio,15697,Rasmussen,2012-10-10,2012-10-10,Likely Voters,750,Automated Phone,Nonpartisan,NA,Romney,47
Ohio,15697,Rasmussen,2012-10-10,2012-10-10,Likely Voters,750,Automated Phone,Nonpartisan,NA,Other,2
Ohio,15697,Rasmussen,2012-10-10,2012-10-10,Likely Voters,750,Automated Phone,Nonpartisan,NA,Undecided,3
Ohio,15698,Gravis Marketing,2012-10-06,2012-10-10,Likely Voters,1313,Automated Phone,Nonpartisan,NA,Obama,45
Ohio,15698,Gravis Marketing,2012-10-06,2012-10-10,Likely Voters,1313,Automated Phone,Nonpartisan,NA,Romney,46
Ohio,15698,Gravis Marketing,2012-10-06,2012-10-10,Likely Voters,1313,Automated Phone,Nonpartisan,NA,Other,NA
Ohio,15698,Gravis Marketing,2012-10-06,2012-10-10,Likely Voters,1313,Automated Phone,Nonpartisan,NA,Undecided,9
Ohio,15678,NBC/WSJ/Marist,2012-10-07,2012-10-09,Likely Voters,994,Live Phone,Nonpartisan,NA,Obama,51
Ohio,15678,NBC/WSJ/Marist,2012-10-07,2012-10-09,Likely Voters,994,Live Phone,Nonpartisan,NA,Romney,45
Ohio,15678,NBC/WSJ/Marist,2012-10-07,2012-10-09,Likely Voters,994,Live Phone,Nonpartisan,NA,Other,1
Ohio,15678,NBC/WSJ/Marist,2012-10-07,2012-10-09,Likely Voters,994,Live Phone,Nonpartisan,NA,Undecided,4
Ohio,15723,Pulse Opinion Research/Let Freedom Ring (R),2012-10-08,2012-10-08,Likely Voters,1000,Automated Phone,Sponsor,Rep,Obama,47
Ohio,15723,Pulse Opinion Research/Let Freedom Ring (R),2012-10-08,2012-10-08,Likely Voters,1000,Automated Phone,Sponsor,Rep,Romney,46
Ohio,15723,Pulse Opinion Research/Let Freedom Ring (R),2012-10-08,2012-10-08,Likely Voters,1000,Automated Phone,Sponsor,Rep,Other,3
Ohio,15723,Pulse Opinion Research/Let Freedom Ring (R),2012-10-08,2012-10-08,Likely Voters,1000,Automated Phone,Sponsor,Rep,Undecided,4
Ohio,15642,SurveyUSA,2012-10-05,2012-10-08,Likely Voters,808,IVR/Online,Nonpartisan,NA,Obama,45
Ohio,15642,SurveyUSA,2012-10-05,2012-10-08,Likely Voters,808,IVR/Online,Nonpartisan,NA,Romney,44
Ohio,15642,SurveyUSA,2012-10-05,2012-10-08,Likely Voters,808,IVR/Online,Nonpartisan,NA,Other,3
Ohio,15642,SurveyUSA,2012-10-05,2012-10-08,Likely Voters,808,IVR/Online,Nonpartisan,NA,Undecided,8
Ohio,15640,CNN,2012-10-05,2012-10-08,Likely Voters,722,Live Phone,Nonpartisan,NA,Obama,51
Ohio,15640,CNN,2012-10-05,2012-10-08,Likely Voters,722,Live Phone,Nonpartisan,NA,Romney,47
Ohio,15640,CNN,2012-10-05,2012-10-08,Likely Voters,722,Live Phone,Nonpartisan,NA,Other,NA
Ohio,15640,CNN,2012-10-05,2012-10-08,Likely Voters,722,Live Phone,Nonpartisan,NA,Undecided,2
Ohio,15627,ARG,2012-10-05,2012-10-08,Likely Voters,600,Live Phone,Nonpartisan,NA,Obama,47
Ohio,15627,ARG,2012-10-05,2012-10-08,Likely Voters,600,Live Phone,Nonpartisan,NA,Romney,48
Ohio,15627,ARG,2012-10-05,2012-10-08,Likely Voters,600,Live Phone,Nonpartisan,NA,Other,1
Ohio,15627,ARG,2012-10-05,2012-10-08,Likely Voters,600,Live Phone,Nonpartisan,NA,Undecided,4
Ohio,15588,Wenzel Strategies (R-Citizens United),2012-10-04,2012-10-05,Likely Voters,1072,Live Phone,Sponsor,Rep,Obama,47
Ohio,15588,Wenzel Strategies (R-Citizens United),2012-10-04,2012-10-05,Likely Voters,1072,Live Phone,Sponsor,Rep,Romney,48
Ohio,15588,Wenzel Strategies (R-Citizens United),2012-10-04,2012-10-05,Likely Voters,1072,Live Phone,Sponsor,Rep,Other,NA
Ohio,15588,Wenzel Strategies (R-Citizens United),2012-10-04,2012-10-05,Likely Voters,1072,Live Phone,Sponsor,Rep,Undecided,5
Ohio,15542,Rasmussen,2012-10-04,2012-10-04,Likely Voters,500,Automated Phone,Nonpartisan,NA,Obama,50
Ohio,15542,Rasmussen,2012-10-04,2012-10-04,Likely Voters,500,Automated Phone,Nonpartisan,NA,Romney,49
Ohio,15542,Rasmussen,2012-10-04,2012-10-04,Likely Voters,500,Automated Phone,Nonpartisan,NA,Other,1
Ohio,15542,Rasmussen,2012-10-04,2012-10-04,Likely Voters,500,Automated Phone,Nonpartisan,NA,Undecided,1
Ohio,15536,We Ask America,2012-10-04,2012-10-04,Likely Voters,1200,Automated Phone,Nonpartisan,NA,Obama,46
Ohio,15536,We Ask America,2012-10-04,2012-10-04,Likely Voters,1200,Automated Phone,Nonpartisan,NA,Romney,47
Ohio,15536,We Ask America,2012-10-04,2012-10-04,Likely Voters,1200,Automated Phone,Nonpartisan,NA,Other,1
Ohio,15536,We Ask America,2012-10-04,2012-10-04,Likely Voters,1200,Automated Phone,Nonpartisan,NA,Undecided,6
Ohio,15726,Pulse Opinion Research/Let Freedom Ring (R),2012-10-01,2012-10-01,Likely Voters,1000,Automated Phone,Sponsor,Rep,Obama,50
Ohio,15726,Pulse Opinion Research/Let Freedom Ring (R),2012-10-01,2012-10-01,Likely Voters,1000,Automated Phone,Sponsor,Rep,Romney,43
Ohio,15726,Pulse Opinion Research/Let Freedom Ring (R),2012-10-01,2012-10-01,Likely Voters,1000,Automated Phone,Sponsor,Rep,Other,3
Ohio,15726,Pulse Opinion Research/Let Freedom Ring (R),2012-10-01,2012-10-01,Likely Voters,1000,Automated Phone,Sponsor,Rep,Undecided,4
Ohio,15482,NBC/WSJ/Marist,2012-09-30,2012-10-01,Likely Voters,931,Live Phone,Nonpartisan,NA,Obama,51
Ohio,15482,NBC/WSJ/Marist,2012-09-30,2012-10-01,Likely Voters,931,Live Phone,Nonpartisan,NA,Romney,43
Ohio,15482,NBC/WSJ/Marist,2012-09-30,2012-10-01,Likely Voters,931,Live Phone,Nonpartisan,NA,Other,1
Ohio,15482,NBC/WSJ/Marist,2012-09-30,2012-10-01,Likely Voters,931,Live Phone,Nonpartisan,NA,Undecided,4
Ohio,15417,PPP (D),2012-09-27,2012-09-30,Likely Voters,897,Automated Phone,Pollster,Dem,Obama,49
Ohio,15417,PPP (D),2012-09-27,2012-09-30,Likely Voters,897,Automated Phone,Pollster,Dem,Romney,45
Ohio,15417,PPP (D),2012-09-27,2012-09-30,Likely Voters,897,Automated Phone,Pollster,Dem,Other,NA
Ohio,15417,PPP (D),2012-09-27,2012-09-30,Likely Voters,897,Automated Phone,Pollster,Dem,Undecided,7
Ohio,15418,Columbus Dispatch,2012-09-19,2012-09-29,Likely Voters,1662,Mail,Nonpartisan,NA,Obama,51
Ohio,15418,Columbus Dispatch,2012-09-19,2012-09-29,Likely Voters,1662,Mail,Nonpartisan,NA,Romney,42
Ohio,15418,Columbus Dispatch,2012-09-19,2012-09-29,Likely Voters,1662,Mail,Nonpartisan,NA,Other,NA
Ohio,15418,Columbus Dispatch,2012-09-19,2012-09-29,Likely Voters,1662,Mail,Nonpartisan,NA,Undecided,NA
Ohio,15314,Quinnipiac/NYT/CBS,2012-09-18,2012-09-24,Likely Voters,1162,Live Phone,Nonpartisan,NA,Obama,53
Ohio,15314,Quinnipiac/NYT/CBS,2012-09-18,2012-09-24,Likely Voters,1162,Live Phone,Nonpartisan,NA,Romney,43
Ohio,15314,Quinnipiac/NYT/CBS,2012-09-18,2012-09-24,Likely Voters,1162,Live Phone,Nonpartisan,NA,Other,1
Ohio,15314,Quinnipiac/NYT/CBS,2012-09-18,2012-09-24,Likely Voters,1162,Live Phone,Nonpartisan,NA,Undecided,3
Ohio,15288,Washington Post,2012-09-19,2012-09-23,Likely Voters,759,Live Phone,Nonpartisan,NA,Obama,52
Ohio,15288,Washington Post,2012-09-19,2012-09-23,Likely Voters,759,Live Phone,Nonpartisan,NA,Romney,44
Ohio,15288,Washington Post,2012-09-19,2012-09-23,Likely Voters,759,Live Phone,Nonpartisan,NA,Other,2
Ohio,15288,Washington Post,2012-09-19,2012-09-23,Likely Voters,759,Live Phone,Nonpartisan,NA,Undecided,2
Ohio,15298,Gravis Marketing,2012-09-21,2012-09-22,Likely Voters,594,Automated Phone,Nonpartisan,NA,Obama,45
Ohio,15298,Gravis Marketing,2012-09-21,2012-09-22,Likely Voters,594,Automated Phone,Nonpartisan,NA,Romney,44
Ohio,15298,Gravis Marketing,2012-09-21,2012-09-22,Likely Voters,594,Automated Phone,Nonpartisan,NA,Other,NA
Ohio,15298,Gravis Marketing,2012-09-21,2012-09-22,Likely Voters,594,Automated Phone,Nonpartisan,NA,Undecided,10
Ohio,15201,Purple Strategies,2012-09-15,2012-09-19,Likely Voters,600,IVR/Online,Nonpartisan,NA,Obama,48
Ohio,15201,Purple Strategies,2012-09-15,2012-09-19,Likely Voters,600,IVR/Online,Nonpartisan,NA,Romney,44
Ohio,15201,Purple Strategies,2012-09-15,2012-09-19,Likely Voters,600,IVR/Online,Nonpartisan,NA,Other,NA
Ohio,15201,Purple Strategies,2012-09-15,2012-09-19,Likely Voters,600,IVR/Online,Nonpartisan,NA,Undecided,8
Ohio,15147,FOX,2012-09-16,2012-09-18,Likely Voters,1009,Live Phone,Nonpartisan,NA,Obama,49
Ohio,15147,FOX,2012-09-16,2012-09-18,Likely Voters,1009,Live Phone,Nonpartisan,NA,Romney,42
Ohio,15147,FOX,2012-09-16,2012-09-18,Likely Voters,1009,Live Phone,Nonpartisan,NA,Other,3
Ohio,15147,FOX,2012-09-16,2012-09-18,Likely Voters,1009,Live Phone,Nonpartisan,NA,Undecided,7
Ohio,15395,PPP (D)/NRDC,2012-09-14,2012-09-18,Likely Voters,2890,Automated Phone,Pollster,Dem,Obama,50
Ohio,15395,PPP (D)/NRDC,2012-09-14,2012-09-18,Likely Voters,2890,Automated Phone,Pollster,Dem,Romney,44
Ohio,15395,PPP (D)/NRDC,2012-09-14,2012-09-18,Likely Voters,2890,Automated Phone,Pollster,Dem,Other,NA
Ohio,15395,PPP (D)/NRDC,2012-09-14,2012-09-18,Likely Voters,2890,Automated Phone,Pollster,Dem,Undecided,6
Ohio,15247,Ohio Newspaper Organization/University of Cincinnati,2012-09-13,2012-09-18,Likely Voters,861,Live Phone,Nonpartisan,NA,Obama,51
Ohio,15247,Ohio Newspaper Organization/University of Cincinnati,2012-09-13,2012-09-18,Likely Voters,861,Live Phone,Nonpartisan,NA,Romney,46
Ohio,15247,Ohio Newspaper Organization/University of Cincinnati,2012-09-13,2012-09-18,Likely Voters,861,Live Phone,Nonpartisan,NA,Other,1
Ohio,15247,Ohio Newspaper Organization/University of Cincinnati,2012-09-13,2012-09-18,Likely Voters,861,Live Phone,Nonpartisan,NA,Undecided,2
Ohio,15174,Caddell/McLaughlin (R)/Secure America Now,2012-09-13,2012-09-15,Likely Voters,600,Live Phone,Pollster,Rep,Obama,47
Ohio,15174,Caddell/McLaughlin (R)/Secure America Now,2012-09-13,2012-09-15,Likely Voters,600,Live Phone,Pollster,Rep,Romney,44
Ohio,15174,Caddell/McLaughlin (R)/Secure America Now,2012-09-13,2012-09-15,Likely Voters,600,Live Phone,Pollster,Rep,Other,NA
Ohio,15174,Caddell/McLaughlin (R)/Secure America Now,2012-09-13,2012-09-15,Likely Voters,600,Live Phone,Pollster,Rep,Undecided,9
Ohio,15179,YouGov,2012-09-07,2012-09-14,Likely Voters,1036,Internet,Nonpartisan,NA,Obama,47
Ohio,15179,YouGov,2012-09-07,2012-09-14,Likely Voters,1036,Internet,Nonpartisan,NA,Romney,44
Ohio,15179,YouGov,2012-09-07,2012-09-14,Likely Voters,1036,Internet,Nonpartisan,NA,Other,6
Ohio,15179,YouGov,2012-09-07,2012-09-14,Likely Voters,1036,Internet,Nonpartisan,NA,Undecided,2
Ohio,15017,Rasmussen,2012-09-12,2012-09-12,Likely Voters,500,Automated Phone,Nonpartisan,NA,Obama,47
Ohio,15017,Rasmussen,2012-09-12,2012-09-12,Likely Voters,500,Automated Phone,Nonpartisan,NA,Romney,46
Ohio,15017,Rasmussen,2012-09-12,2012-09-12,Likely Voters,500,Automated Phone,Nonpartisan,NA,Other,3
Ohio,15017,Rasmussen,2012-09-12,2012-09-12,Likely Voters,500,Automated Phone,Nonpartisan,NA,Undecided,3
Ohio,15009,ARG,2012-09-10,2012-09-12,Likely Voters,600,Live Phone,Nonpartisan,NA,Obama,48
Ohio,15009,ARG,2012-09-10,2012-09-12,Likely Voters,600,Live Phone,Nonpartisan,NA,Romney,47
Ohio,15009,ARG,2012-09-10,2012-09-12,Likely Voters,600,Live Phone,Nonpartisan,NA,Other,1
Ohio,15009,ARG,2012-09-10,2012-09-12,Likely Voters,600,Live Phone,Nonpartisan,NA,Undecided,4
Ohio,15030,NBC/WSJ/Marist,2012-09-09,2012-09-11,Likely Voters,979,Live Phone,Nonpartisan,NA,Obama,50
Ohio,15030,NBC/WSJ/Marist,2012-09-09,2012-09-11,Likely Voters,979,Live Phone,Nonpartisan,NA,Romney,43
Ohio,15030,NBC/WSJ/Marist,2012-09-09,2012-09-11,Likely Voters,979,Live Phone,Nonpartisan,NA,Other,1
Ohio,15030,NBC/WSJ/Marist,2012-09-09,2012-09-11,Likely Voters,979,Live Phone,Nonpartisan,NA,Undecided,6
Ohio,14939,PPP (D),2012-09-07,2012-09-09,Likely Voters,1072,Automated Phone,Pollster,Dem,Obama,50
Ohio,14939,PPP (D),2012-09-07,2012-09-09,Likely Voters,1072,Automated Phone,Pollster,Dem,Romney,45
Ohio,14939,PPP (D),2012-09-07,2012-09-09,Likely Voters,1072,Automated Phone,Pollster,Dem,Other,NA
Ohio,14939,PPP (D),2012-09-07,2012-09-09,Likely Voters,1072,Automated Phone,Pollster,Dem,Undecided,5
Ohio,14964,Gravis Marketing,2012-09-07,2012-09-08,Likely Voters,1548,Automated Phone,Nonpartisan,NA,Obama,47
Ohio,14964,Gravis Marketing,2012-09-07,2012-09-08,Likely Voters,1548,Automated Phone,Nonpartisan,NA,Romney,43
Ohio,14964,Gravis Marketing,2012-09-07,2012-09-08,Likely Voters,1548,Automated Phone,Nonpartisan,NA,Other,NA
Ohio,14964,Gravis Marketing,2012-09-07,2012-09-08,Likely Voters,1548,Automated Phone,Nonpartisan,NA,Undecided,10
Ohio,14894,Gravis Marketing,2012-09-02,2012-09-02,Registered Voters,1381,Automated Phone,Nonpartisan,NA,Obama,44
Ohio,14894,Gravis Marketing,2012-09-02,2012-09-02,Registered Voters,1381,Automated Phone,Nonpartisan,NA,Romney,47
Ohio,14894,Gravis Marketing,2012-09-02,2012-09-02,Registered Voters,1381,Automated Phone,Nonpartisan,NA,Other,NA
Ohio,14894,Gravis Marketing,2012-09-02,2012-09-02,Registered Voters,1381,Automated Phone,Nonpartisan,NA,Undecided,10
Ohio,14834,Gravis Marketing,2012-08-27,2012-08-27,Likely Voters,1397,Automated Phone,Nonpartisan,NA,Obama,45
Ohio,14834,Gravis Marketing,2012-08-27,2012-08-27,Likely Voters,1397,Automated Phone,Nonpartisan,NA,Romney,44
Ohio,14834,Gravis Marketing,2012-08-27,2012-08-27,Likely Voters,1397,Automated Phone,Nonpartisan,NA,Other,NA
Ohio,14834,Gravis Marketing,2012-08-27,2012-08-27,Likely Voters,1397,Automated Phone,Nonpartisan,NA,Undecided,10
Ohio,14785,Columbus Dispatch,2012-08-15,2012-08-25,Likely Voters,1758,Mail,Nonpartisan,NA,Obama,45
Ohio,14785,Columbus Dispatch,2012-08-15,2012-08-25,Likely Voters,1758,Mail,Nonpartisan,NA,Romney,45
Ohio,14785,Columbus Dispatch,2012-08-15,2012-08-25,Likely Voters,1758,Mail,Nonpartisan,NA,Other,NA
Ohio,14785,Columbus Dispatch,2012-08-15,2012-08-25,Likely Voters,1758,Mail,Nonpartisan,NA,Undecided,NA
Ohio,14741,Quinnipiac/NYT/CBS,2012-08-21,2012-08-21,Likely Voters,1253,Live Phone,Nonpartisan,NA,Obama,50
Ohio,14741,Quinnipiac/NYT/CBS,2012-08-21,2012-08-21,Likely Voters,1253,Live Phone,Nonpartisan,NA,Romney,44
Ohio,14741,Quinnipiac/NYT/CBS,2012-08-21,2012-08-21,Likely Voters,1253,Live Phone,Nonpartisan,NA,Other,2
Ohio,14741,Quinnipiac/NYT/CBS,2012-08-21,2012-08-21,Likely Voters,1253,Live Phone,Nonpartisan,NA,Undecided,4
Ohio,14742,The Ohio Poll/University of Cincinnati,2012-08-16,2012-08-21,Likely Voters,808,Live Phone,Nonpartisan,NA,Obama,49
Ohio,14742,The Ohio Poll/University of Cincinnati,2012-08-16,2012-08-21,Likely Voters,808,Live Phone,Nonpartisan,NA,Romney,46
Ohio,14742,The Ohio Poll/University of Cincinnati,2012-08-16,2012-08-21,Likely Voters,808,Live Phone,Nonpartisan,NA,Other,2
Ohio,14742,The Ohio Poll/University of Cincinnati,2012-08-16,2012-08-21,Likely Voters,808,Live Phone,Nonpartisan,NA,Undecided,2
Ohio,14667,Purple Strategies,2012-08-13,2012-08-14,Likely Voters,600,Automated Phone,Nonpartisan,NA,Obama,44
Ohio,14667,Purple Strategies,2012-08-13,2012-08-14,Likely Voters,600,Automated Phone,Nonpartisan,NA,Romney,46
Ohio,14667,Purple Strategies,2012-08-13,2012-08-14,Likely Voters,600,Automated Phone,Nonpartisan,NA,Other,NA
Ohio,14667,Purple Strategies,2012-08-13,2012-08-14,Likely Voters,600,Automated Phone,Nonpartisan,NA,Undecided,10
Ohio,14648,Rasmussen,2012-08-13,2012-08-13,Likely Voters,500,Automated Phone,Nonpartisan,NA,Obama,45
Ohio,14648,Rasmussen,2012-08-13,2012-08-13,Likely Voters,500,Automated Phone,Nonpartisan,NA,Romney,45
Ohio,14648,Rasmussen,2012-08-13,2012-08-13,Likely Voters,500,Automated Phone,Nonpartisan,NA,Other,6
Ohio,14648,Rasmussen,2012-08-13,2012-08-13,Likely Voters,500,Automated Phone,Nonpartisan,NA,Undecided,4
Ohio,14651,PPP (D),2012-08-09,2012-08-12,Likely Voters,961,Automated Phone,Pollster,Dem,Obama,48
Ohio,14651,PPP (D),2012-08-09,2012-08-12,Likely Voters,961,Automated Phone,Pollster,Dem,Romney,45
Ohio,14651,PPP (D),2012-08-09,2012-08-12,Likely Voters,961,Automated Phone,Pollster,Dem,Other,NA
Ohio,14651,PPP (D),2012-08-09,2012-08-12,Likely Voters,961,Automated Phone,Pollster,Dem,Undecided,6
Ohio,14520,Quinnipiac/NYT/CBS,2012-07-24,2012-07-30,Likely Voters,1193,Live Phone,Nonpartisan,NA,Obama,50
Ohio,14520,Quinnipiac/NYT/CBS,2012-07-24,2012-07-30,Likely Voters,1193,Live Phone,Nonpartisan,NA,Romney,44
Ohio,14520,Quinnipiac/NYT/CBS,2012-07-24,2012-07-30,Likely Voters,1193,Live Phone,Nonpartisan,NA,Other,1
Ohio,14520,Quinnipiac/NYT/CBS,2012-07-24,2012-07-30,Likely Voters,1193,Live Phone,Nonpartisan,NA,Undecided,4
Ohio,14470,We Ask America,2012-07-24,2012-07-24,Likely Voters,1115,Automated Phone,Nonpartisan,NA,Obama,48
Ohio,14470,We Ask America,2012-07-24,2012-07-24,Likely Voters,1115,Automated Phone,Nonpartisan,NA,Romney,40
Ohio,14470,We Ask America,2012-07-24,2012-07-24,Likely Voters,1115,Automated Phone,Nonpartisan,NA,Other,2
Ohio,14470,We Ask America,2012-07-24,2012-07-24,Likely Voters,1115,Automated Phone,Nonpartisan,NA,Undecided,10
Ohio,14492,Magellan (R-Opportunity Ohio),2012-07-23,2012-07-24,Likely Voters,597,Automated Phone,Pollster,Rep,Obama,45
Ohio,14492,Magellan (R-Opportunity Ohio),2012-07-23,2012-07-24,Likely Voters,597,Automated Phone,Pollster,Rep,Romney,43
Ohio,14492,Magellan (R-Opportunity Ohio),2012-07-23,2012-07-24,Likely Voters,597,Automated Phone,Pollster,Rep,Other,9
Ohio,14492,Magellan (R-Opportunity Ohio),2012-07-23,2012-07-24,Likely Voters,597,Automated Phone,Pollster,Rep,Undecided,3
Ohio,14394,Rasmussen,2012-07-18,2012-07-18,Likely Voters,500,Automated Phone,Nonpartisan,NA,Obama,47
Ohio,14394,Rasmussen,2012-07-18,2012-07-18,Likely Voters,500,Automated Phone,Nonpartisan,NA,Romney,45
Ohio,14394,Rasmussen,2012-07-18,2012-07-18,Likely Voters,500,Automated Phone,Nonpartisan,NA,Other,5
Ohio,14394,Rasmussen,2012-07-18,2012-07-18,Likely Voters,500,Automated Phone,Nonpartisan,NA,Undecided,4
Ohio,14357,Purple Strategies,2012-07-09,2012-07-13,Likely Voters,600,Automated Phone,Nonpartisan,NA,Obama,48
Ohio,14357,Purple Strategies,2012-07-09,2012-07-13,Likely Voters,600,Automated Phone,Nonpartisan,NA,Romney,45
Ohio,14357,Purple Strategies,2012-07-09,2012-07-13,Likely Voters,600,Automated Phone,Nonpartisan,NA,Other,NA
Ohio,14357,Purple Strategies,2012-07-09,2012-07-13,Likely Voters,600,Automated Phone,Nonpartisan,NA,Undecided,7
Ohio,14322,Garin-Hart-Yang (D-Priorities USA),2012-06-25,2012-07-03,Likely Voters,805,Live Phone,Sponsor,Dem,Obama,48
Ohio,14322,Garin-Hart-Yang (D-Priorities USA),2012-06-25,2012-07-03,Likely Voters,805,Live Phone,Sponsor,Dem,Romney,41
Ohio,14322,Garin-Hart-Yang (D-Priorities USA),2012-06-25,2012-07-03,Likely Voters,805,Live Phone,Sponsor,Dem,Other,NA
Ohio,14322,Garin-Hart-Yang (D-Priorities USA),2012-06-25,2012-07-03,Likely Voters,805,Live Phone,Sponsor,Dem,Undecided,NA
Ohio,14188,Quinnipiac,2012-06-19,2012-06-25,Registered Voters,1237,Live Phone,Nonpartisan,NA,Obama,47
Ohio,14188,Quinnipiac,2012-06-19,2012-06-25,Registered Voters,1237,Live Phone,Nonpartisan,NA,Romney,38
Ohio,14188,Quinnipiac,2012-06-19,2012-06-25,Registered Voters,1237,Live Phone,Nonpartisan,NA,Other,3
Ohio,14188,Quinnipiac,2012-06-19,2012-06-25,Registered Voters,1237,Live Phone,Nonpartisan,NA,Undecided,12
Ohio,14177,PPP (D),2012-06-21,2012-06-24,Likely Voters,673,Automated Phone,Pollster,Dem,Obama,47
Ohio,14177,PPP (D),2012-06-21,2012-06-24,Likely Voters,673,Automated Phone,Pollster,Dem,Romney,44
Ohio,14177,PPP (D),2012-06-21,2012-06-24,Likely Voters,673,Automated Phone,Pollster,Dem,Other,NA
Ohio,14177,PPP (D),2012-06-21,2012-06-24,Likely Voters,673,Automated Phone,Pollster,Dem,Undecided,9
Ohio,14036,Purple Strategies,2012-05-31,2012-06-05,Likely Voters,600,Automated Phone,Nonpartisan,NA,Obama,45
Ohio,14036,Purple Strategies,2012-05-31,2012-06-05,Likely Voters,600,Automated Phone,Nonpartisan,NA,Romney,48
Ohio,14036,Purple Strategies,2012-05-31,2012-06-05,Likely Voters,600,Automated Phone,Nonpartisan,NA,Other,NA
Ohio,14036,Purple Strategies,2012-05-31,2012-06-05,Likely Voters,600,Automated Phone,Nonpartisan,NA,Undecided,8
Ohio,13965,Rasmussen,2012-05-29,2012-05-29,Likely Voters,500,Automated Phone,Nonpartisan,NA,Obama,44
Ohio,13965,Rasmussen,2012-05-29,2012-05-29,Likely Voters,500,Automated Phone,Nonpartisan,NA,Romney,46
Ohio,13965,Rasmussen,2012-05-29,2012-05-29,Likely Voters,500,Automated Phone,Nonpartisan,NA,Other,6
Ohio,13965,Rasmussen,2012-05-29,2012-05-29,Likely Voters,500,Automated Phone,Nonpartisan,NA,Undecided,5
Ohio,13892,NBC/Marist,2012-05-17,2012-05-20,Registered Voters,1103,Live Phone,Nonpartisan,NA,Obama,48
Ohio,13892,NBC/Marist,2012-05-17,2012-05-20,Registered Voters,1103,Live Phone,Nonpartisan,NA,Romney,42
Ohio,13892,NBC/Marist,2012-05-17,2012-05-20,Registered Voters,1103,Live Phone,Nonpartisan,NA,Other,2
Ohio,13892,NBC/Marist,2012-05-17,2012-05-20,Registered Voters,1103,Live Phone,Nonpartisan,NA,Undecided,8
Ohio,13724,Quinnipiac,2012-05-02,2012-05-07,Registered Voters,1069,Live Phone,Nonpartisan,NA,Obama,45
Ohio,13724,Quinnipiac,2012-05-02,2012-05-07,Registered Voters,1069,Live Phone,Nonpartisan,NA,Romney,44
Ohio,13724,Quinnipiac,2012-05-02,2012-05-07,Registered Voters,1069,Live Phone,Nonpartisan,NA,Other,2
Ohio,13724,Quinnipiac,2012-05-02,2012-05-07,Registered Voters,1069,Live Phone,Nonpartisan,NA,Undecided,10
Ohio,13708,PPP (D),2012-04-28,2012-05-06,Likely Voters,875,Automated Phone,Pollster,Dem,Obama,50
Ohio,13708,PPP (D),2012-04-28,2012-05-06,Likely Voters,875,Automated Phone,Pollster,Dem,Romney,43
Ohio,13708,PPP (D),2012-04-28,2012-05-06,Likely Voters,875,Automated Phone,Pollster,Dem,Other,NA
Ohio,13708,PPP (D),2012-04-28,2012-05-06,Likely Voters,875,Automated Phone,Pollster,Dem,Undecided,8
Ohio,13676,Quinnipiac,2012-04-25,2012-05-01,Registered Voters,1130,Live Phone,Nonpartisan,NA,Obama,44
Ohio,13676,Quinnipiac,2012-04-25,2012-05-01,Registered Voters,1130,Live Phone,Nonpartisan,NA,Romney,42
Ohio,13676,Quinnipiac,2012-04-25,2012-05-01,Registered Voters,1130,Live Phone,Nonpartisan,NA,Other,3
Ohio,13676,Quinnipiac,2012-04-25,2012-05-01,Registered Voters,1130,Live Phone,Nonpartisan,NA,Undecided,11
Ohio,13619,Purple Strategies,2012-04-19,2012-04-23,Likely Voters,600,Automated Phone,Nonpartisan,NA,Obama,49
Ohio,13619,Purple Strategies,2012-04-19,2012-04-23,Likely Voters,600,Automated Phone,Nonpartisan,NA,Romney,44
Ohio,13619,Purple Strategies,2012-04-19,2012-04-23,Likely Voters,600,Automated Phone,Nonpartisan,NA,Other,NA
Ohio,13619,Purple Strategies,2012-04-19,2012-04-23,Likely Voters,600,Automated Phone,Nonpartisan,NA,Undecided,7
Ohio,13578,Rasmussen,2012-04-18,2012-04-18,Likely Voters,500,Automated Phone,Nonpartisan,NA,Obama,46
Ohio,13578,Rasmussen,2012-04-18,2012-04-18,Likely Voters,500,Automated Phone,Nonpartisan,NA,Romney,42
Ohio,13578,Rasmussen,2012-04-18,2012-04-18,Likely Voters,500,Automated Phone,Nonpartisan,NA,Other,NA
Ohio,13578,Rasmussen,2012-04-18,2012-04-18,Likely Voters,500,Automated Phone,Nonpartisan,NA,Undecided,NA
Ohio,13571,FOX,2012-04-15,2012-04-17,Registered Voters,606,Live Phone,Nonpartisan,NA,Obama,45
Ohio,13571,FOX,2012-04-15,2012-04-17,Registered Voters,606,Live Phone,Nonpartisan,NA,Romney,39
Ohio,13571,FOX,2012-04-15,2012-04-17,Registered Voters,606,Live Phone,Nonpartisan,NA,Other,3
Ohio,13571,FOX,2012-04-15,2012-04-17,Registered Voters,606,Live Phone,Nonpartisan,NA,Undecided,12
Ohio,13371,Rasmussen,2012-03-26,2012-03-26,Likely Voters,500,Automated Phone,Nonpartisan,NA,Obama,48
Ohio,13371,Rasmussen,2012-03-26,2012-03-26,Likely Voters,500,Automated Phone,Nonpartisan,NA,Romney,40
Ohio,13371,Rasmussen,2012-03-26,2012-03-26,Likely Voters,500,Automated Phone,Nonpartisan,NA,Other,8
Ohio,13371,Rasmussen,2012-03-26,2012-03-26,Likely Voters,500,Automated Phone,Nonpartisan,NA,Undecided,3
Ohio,13369,Quinnipiac,2012-03-20,2012-03-26,Registered Voters,1246,Live Phone,Nonpartisan,NA,Obama,47
Ohio,13369,Quinnipiac,2012-03-20,2012-03-26,Registered Voters,1246,Live Phone,Nonpartisan,NA,Romney,41
Ohio,13369,Quinnipiac,2012-03-20,2012-03-26,Registered Voters,1246,Live Phone,Nonpartisan,NA,Other,2
Ohio,13369,Quinnipiac,2012-03-20,2012-03-26,Registered Voters,1246,Live Phone,Nonpartisan,NA,Undecided,7
Ohio,13107,NBC/Marist,2012-02-29,2012-03-02,Registered Voters,1573,Live Phone,Nonpartisan,NA,Obama,50
Ohio,13107,NBC/Marist,2012-02-29,2012-03-02,Registered Voters,1573,Live Phone,Nonpartisan,NA,Romney,38
Ohio,13107,NBC/Marist,2012-02-29,2012-03-02,Registered Voters,1573,Live Phone,Nonpartisan,NA,Other,NA
Ohio,13107,NBC/Marist,2012-02-29,2012-03-02,Registered Voters,1573,Live Phone,Nonpartisan,NA,Undecided,12
Ohio,13147,FOX,2012-02-11,2012-02-13,Likely Voters,505,Automated Phone,Nonpartisan,NA,Obama,38
Ohio,13147,FOX,2012-02-11,2012-02-13,Likely Voters,505,Automated Phone,Nonpartisan,NA,Romney,44
Ohio,13147,FOX,2012-02-11,2012-02-13,Likely Voters,505,Automated Phone,Nonpartisan,NA,Other,2
Ohio,13147,FOX,2012-02-11,2012-02-13,Likely Voters,505,Automated Phone,Nonpartisan,NA,Undecided,9
Ohio,13148,Quinnipiac,2012-02-07,2012-02-12,Registered Voters,1421,Live Phone,Nonpartisan,NA,Obama,46
Ohio,13148,Quinnipiac,2012-02-07,2012-02-12,Registered Voters,1421,Live Phone,Nonpartisan,NA,Romney,44
Ohio,13148,Quinnipiac,2012-02-07,2012-02-12,Registered Voters,1421,Live Phone,Nonpartisan,NA,Other,1
Ohio,13148,Quinnipiac,2012-02-07,2012-02-12,Registered Voters,1421,Live Phone,Nonpartisan,NA,Undecided,7
Ohio,12834,Rasmussen,2012-02-08,2012-02-08,Likely Voters,500,Automated Phone,Nonpartisan,NA,Obama,45
Ohio,12834,Rasmussen,2012-02-08,2012-02-08,Likely Voters,500,Automated Phone,Nonpartisan,NA,Romney,41
Ohio,12834,Rasmussen,2012-02-08,2012-02-08,Likely Voters,500,Automated Phone,Nonpartisan,NA,Other,10
Ohio,12834,Rasmussen,2012-02-08,2012-02-08,Likely Voters,500,Automated Phone,Nonpartisan,NA,Undecided,4
Ohio,12696,PPP (D),2012-01-28,2012-01-29,Likely Voters,820,Automated Phone,Pollster,Dem,Obama,49
Ohio,12696,PPP (D),2012-01-28,2012-01-29,Likely Voters,820,Automated Phone,Pollster,Dem,Romney,42
Ohio,12696,PPP (D),2012-01-28,2012-01-29,Likely Voters,820,Automated Phone,Pollster,Dem,Other,NA
Ohio,12696,PPP (D),2012-01-28,2012-01-29,Likely Voters,820,Automated Phone,Pollster,Dem,Undecided,9
Ohio,12500,Quinnipiac,2012-01-09,2012-01-16,Registered Voters,1610,Live Phone,Nonpartisan,NA,Obama,44
Ohio,12500,Quinnipiac,2012-01-09,2012-01-16,Registered Voters,1610,Live Phone,Nonpartisan,NA,Romney,42
Ohio,12500,Quinnipiac,2012-01-09,2012-01-16,Registered Voters,1610,Live Phone,Nonpartisan,NA,Other,3
Ohio,12500,Quinnipiac,2012-01-09,2012-01-16,Registered Voters,1610,Live Phone,Nonpartisan,NA,Undecided,8
North Carolina,16621,Gravis Marketing,2012-11-04,2012-11-04,Likely Voters,1130,Automated Phone,Nonpartisan,NA,Obama,46
North Carolina,16621,Gravis Marketing,2012-11-04,2012-11-04,Likely Voters,1130,Automated Phone,Nonpartisan,NA,Romney,50
North Carolina,16621,Gravis Marketing,2012-11-04,2012-11-04,Likely Voters,1130,Automated Phone,Nonpartisan,NA,Other,NA
North Carolina,16621,Gravis Marketing,2012-11-04,2012-11-04,Likely Voters,1130,Automated Phone,Nonpartisan,NA,Undecided,4
North Carolina,16613,PPP (D),2012-11-03,2012-11-04,Likely Voters,926,Automated Phone,Pollster,Dem,Obama,49
North Carolina,16613,PPP (D),2012-11-03,2012-11-04,Likely Voters,926,Automated Phone,Pollster,Dem,Romney,49
North Carolina,16613,PPP (D),2012-11-03,2012-11-04,Likely Voters,926,Automated Phone,Pollster,Dem,Other,NA
North Carolina,16613,PPP (D),2012-11-03,2012-11-04,Likely Voters,926,Automated Phone,Pollster,Dem,Undecided,1
North Carolina,16572,YouGov,2012-10-31,2012-11-03,Likely Voters,1500,Internet,Nonpartisan,NA,Obama,47
North Carolina,16572,YouGov,2012-10-31,2012-11-03,Likely Voters,1500,Internet,Nonpartisan,NA,Romney,49
North Carolina,16572,YouGov,2012-10-31,2012-11-03,Likely Voters,1500,Internet,Nonpartisan,NA,Other,1
North Carolina,16572,YouGov,2012-10-31,2012-11-03,Likely Voters,1500,Internet,Nonpartisan,NA,Undecided,3
North Carolina,16377,PPP (D),2012-10-29,2012-10-31,Likely Voters,730,Automated Phone,Pollster,Dem,Obama,49
North Carolina,16377,PPP (D),2012-10-29,2012-10-31,Likely Voters,730,Automated Phone,Pollster,Dem,Romney,49
North Carolina,16377,PPP (D),2012-10-29,2012-10-31,Likely Voters,730,Automated Phone,Pollster,Dem,Other,NA
North Carolina,16377,PPP (D),2012-10-29,2012-10-31,Likely Voters,730,Automated Phone,Pollster,Dem,Undecided,1
North Carolina,16426,High Point University,2012-10-22,2012-10-30,Registered Voters,403,Live Phone,Nonpartisan,NA,Obama,45
North Carolina,16426,High Point University,2012-10-22,2012-10-30,Registered Voters,403,Live Phone,Nonpartisan,NA,Romney,46
North Carolina,16426,High Point University,2012-10-22,2012-10-30,Registered Voters,403,Live Phone,Nonpartisan,NA,Other,NA
North Carolina,16426,High Point University,2012-10-22,2012-10-30,Registered Voters,403,Live Phone,Nonpartisan,NA,Undecided,9
North Carolina,16356,SurveyUSA,2012-10-27,2012-10-29,Likely Voters,682,IVR/Online,Nonpartisan,NA,Obama,45
North Carolina,16356,SurveyUSA,2012-10-27,2012-10-29,Likely Voters,682,IVR/Online,Nonpartisan,NA,Romney,50
North Carolina,16356,SurveyUSA,2012-10-27,2012-10-29,Likely Voters,682,IVR/Online,Nonpartisan,NA,Other,2
North Carolina,16356,SurveyUSA,2012-10-27,2012-10-29,Likely Voters,682,IVR/Online,Nonpartisan,NA,Undecided,3
North Carolina,16267,Elon,2012-10-21,2012-10-26,Likely Voters,1238,Live Phone,Nonpartisan,NA,Obama,45
North Carolina,16267,Elon,2012-10-21,2012-10-26,Likely Voters,1238,Live Phone,Nonpartisan,NA,Romney,45
North Carolina,16267,Elon,2012-10-21,2012-10-26,Likely Voters,1238,Live Phone,Nonpartisan,NA,Other,NA
North Carolina,16267,Elon,2012-10-21,2012-10-26,Likely Voters,1238,Live Phone,Nonpartisan,NA,Undecided,9
North Carolina,16217,Rasmussen,2012-10-25,2012-10-25,Likely Voters,500,Automated Phone,Nonpartisan,NA,Obama,46
North Carolina,16217,Rasmussen,2012-10-25,2012-10-25,Likely Voters,500,Automated Phone,Nonpartisan,NA,Romney,52
North Carolina,16217,Rasmussen,2012-10-25,2012-10-25,Likely Voters,500,Automated Phone,Nonpartisan,NA,Other,1
North Carolina,16217,Rasmussen,2012-10-25,2012-10-25,Likely Voters,500,Automated Phone,Nonpartisan,NA,Undecided,1
North Carolina,16162,PPP (D),2012-10-23,2012-10-25,Likely Voters,880,Automated Phone,Pollster,Dem,Obama,48
North Carolina,16162,PPP (D),2012-10-23,2012-10-25,Likely Voters,880,Automated Phone,Pollster,Dem,Romney,48
North Carolina,16162,PPP (D),2012-10-23,2012-10-25,Likely Voters,880,Automated Phone,Pollster,Dem,Other,NA
North Carolina,16162,PPP (D),2012-10-23,2012-10-25,Likely Voters,880,Automated Phone,Pollster,Dem,Undecided,4
North Carolina,16198,Gravis Marketing,2012-10-24,2012-10-24,Likely Voters,1723,Automated Phone,Nonpartisan,NA,Obama,45
North Carolina,16198,Gravis Marketing,2012-10-24,2012-10-24,Likely Voters,1723,Automated Phone,Nonpartisan,NA,Romney,53
North Carolina,16198,Gravis Marketing,2012-10-24,2012-10-24,Likely Voters,1723,Automated Phone,Nonpartisan,NA,Other,NA
North Carolina,16198,Gravis Marketing,2012-10-24,2012-10-24,Likely Voters,1723,Automated Phone,Nonpartisan,NA,Undecided,3
North Carolina,16232,Grove Insight (D-Project New America),2012-10-23,2012-10-24,Likely Voters,500,Live Phone,Pollster,Dem,Obama,47
North Carolina,16232,Grove Insight (D-Project New America),2012-10-23,2012-10-24,Likely Voters,500,Live Phone,Pollster,Dem,Romney,44
North Carolina,16232,Grove Insight (D-Project New America),2012-10-23,2012-10-24,Likely Voters,500,Live Phone,Pollster,Dem,Other,2
North Carolina,16232,Grove Insight (D-Project New America),2012-10-23,2012-10-24,Likely Voters,500,Live Phone,Pollster,Dem,Undecided,7
North Carolina,16195,Civitas (R) / National Research (R),2012-10-20,2012-10-21,Likely Voters,600,Live Phone,Pollster,Rep,Obama,47
North Carolina,16195,Civitas (R) / National Research (R),2012-10-20,2012-10-21,Likely Voters,600,Live Phone,Pollster,Rep,Romney,48
North Carolina,16195,Civitas (R) / National Research (R),2012-10-20,2012-10-21,Likely Voters,600,Live Phone,Pollster,Rep,Other,NA
North Carolina,16195,Civitas (R) / National Research (R),2012-10-20,2012-10-21,Likely Voters,600,Live Phone,Pollster,Rep,Undecided,5
North Carolina,15957,Grove Insight (D-Project New America),2012-10-17,2012-10-18,Likely Voters,500,Live Phone,Pollster,Dem,Obama,47
North Carolina,15957,Grove Insight (D-Project New America),2012-10-17,2012-10-18,Likely Voters,500,Live Phone,Pollster,Dem,Romney,44
North Carolina,15957,Grove Insight (D-Project New America),2012-10-17,2012-10-18,Likely Voters,500,Live Phone,Pollster,Dem,Other,NA
North Carolina,15957,Grove Insight (D-Project New America),2012-10-17,2012-10-18,Likely Voters,500,Live Phone,Pollster,Dem,Undecided,NA
North Carolina,15918,Rasmussen,2012-10-17,2012-10-17,Likely Voters,500,Automated Phone,Nonpartisan,NA,Obama,46
North Carolina,15918,Rasmussen,2012-10-17,2012-10-17,Likely Voters,500,Automated Phone,Nonpartisan,NA,Romney,52
North Carolina,15918,Rasmussen,2012-10-17,2012-10-17,Likely Voters,500,Automated Phone,Nonpartisan,NA,Other,NA
North Carolina,15918,Rasmussen,2012-10-17,2012-10-17,Likely Voters,500,Automated Phone,Nonpartisan,NA,Undecided,1
North Carolina,15775,PPP (D),2012-10-12,2012-10-14,Likely Voters,1084,Automated Phone,Pollster,Dem,Obama,47
North Carolina,15775,PPP (D),2012-10-12,2012-10-14,Likely Voters,1084,Automated Phone,Pollster,Dem,Romney,49
North Carolina,15775,PPP (D),2012-10-12,2012-10-14,Likely Voters,1084,Automated Phone,Pollster,Dem,Other,NA
North Carolina,15775,PPP (D),2012-10-12,2012-10-14,Likely Voters,1084,Automated Phone,Pollster,Dem,Undecided,4
North Carolina,15986,Tel Opinion Research (R-North Carolina Republican Party),2012-10-12,2012-10-13,Likely Voters,600,Live Phone,Sponsor,Rep,Obama,45
North Carolina,15986,Tel Opinion Research (R-North Carolina Republican Party),2012-10-12,2012-10-13,Likely Voters,600,Live Phone,Sponsor,Rep,Romney,49
North Carolina,15986,Tel Opinion Research (R-North Carolina Republican Party),2012-10-12,2012-10-13,Likely Voters,600,Live Phone,Sponsor,Rep,Other,NA
North Carolina,15986,Tel Opinion Research (R-North Carolina Republican Party),2012-10-12,2012-10-13,Likely Voters,600,Live Phone,Sponsor,Rep,Undecided,NA
North Carolina,15843,YouGov,2012-10-04,2012-10-11,Likely Voters,810,Internet,Nonpartisan,NA,Obama,48
North Carolina,15843,YouGov,2012-10-04,2012-10-11,Likely Voters,810,Internet,Nonpartisan,NA,Romney,49
North Carolina,15843,YouGov,2012-10-04,2012-10-11,Likely Voters,810,Internet,Nonpartisan,NA,Other,1
North Carolina,15843,YouGov,2012-10-04,2012-10-11,Likely Voters,810,Internet,Nonpartisan,NA,Undecided,2
North Carolina,15757,High Point University/UNC,2012-09-29,2012-10-10,Registered Voters,605,Live Phone,Nonpartisan,NA,Obama,46
North Carolina,15757,High Point University/UNC,2012-09-29,2012-10-10,Registered Voters,605,Live Phone,Nonpartisan,NA,Romney,45
North Carolina,15757,High Point University/UNC,2012-09-29,2012-10-10,Registered Voters,605,Live Phone,Nonpartisan,NA,Other,2
North Carolina,15757,High Point University/UNC,2012-09-29,2012-10-10,Registered Voters,605,Live Phone,Nonpartisan,NA,Undecided,7
North Carolina,15701,Rasmussen,2012-10-09,2012-10-09,Likely Voters,500,Automated Phone,Nonpartisan,NA,Obama,48
North Carolina,15701,Rasmussen,2012-10-09,2012-10-09,Likely Voters,500,Automated Phone,Nonpartisan,NA,Romney,51
North Carolina,15701,Rasmussen,2012-10-09,2012-10-09,Likely Voters,500,Automated Phone,Nonpartisan,NA,Other,1
North Carolina,15701,Rasmussen,2012-10-09,2012-10-09,Likely Voters,500,Automated Phone,Nonpartisan,NA,Undecided,1
North Carolina,15630,Gravis Marketing,2012-10-06,2012-10-08,Likely Voters,1325,Automated Phone,Nonpartisan,NA,Obama,41
North Carolina,15630,Gravis Marketing,2012-10-06,2012-10-08,Likely Voters,1325,Automated Phone,Nonpartisan,NA,Romney,50
North Carolina,15630,Gravis Marketing,2012-10-06,2012-10-08,Likely Voters,1325,Automated Phone,Nonpartisan,NA,Other,NA
North Carolina,15630,Gravis Marketing,2012-10-06,2012-10-08,Likely Voters,1325,Automated Phone,Nonpartisan,NA,Undecided,9
North Carolina,15490,Rasmussen,2012-10-02,2012-10-02,Likely Voters,500,Automated Phone,Nonpartisan,NA,Obama,47
North Carolina,15490,Rasmussen,2012-10-02,2012-10-02,Likely Voters,500,Automated Phone,Nonpartisan,NA,Romney,51
North Carolina,15490,Rasmussen,2012-10-02,2012-10-02,Likely Voters,500,Automated Phone,Nonpartisan,NA,Other,1
North Carolina,15490,Rasmussen,2012-10-02,2012-10-02,Likely Voters,500,Automated Phone,Nonpartisan,NA,Undecided,1
North Carolina,15477,SurveyUSA,2012-09-29,2012-10-01,Likely Voters,573,IVR/Online,Nonpartisan,NA,Obama,49
North Carolina,15477,SurveyUSA,2012-09-29,2012-10-01,Likely Voters,573,IVR/Online,Nonpartisan,NA,Romney,47
North Carolina,15477,SurveyUSA,2012-09-29,2012-10-01,Likely Voters,573,IVR/Online,Nonpartisan,NA,Other,2
North Carolina,15477,SurveyUSA,2012-09-29,2012-10-01,Likely Voters,573,IVR/Online,Nonpartisan,NA,Undecided,2
North Carolina,15433,ARG,2012-09-28,2012-09-30,Likely Voters,600,Live Phone,Nonpartisan,NA,Obama,46
North Carolina,15433,ARG,2012-09-28,2012-09-30,Likely Voters,600,Live Phone,Nonpartisan,NA,Romney,50
North Carolina,15433,ARG,2012-09-28,2012-09-30,Likely Voters,600,Live Phone,Nonpartisan,NA,Other,1
North Carolina,15433,ARG,2012-09-28,2012-09-30,Likely Voters,600,Live Phone,Nonpartisan,NA,Undecided,3
North Carolina,15416,PPP (D),2012-09-27,2012-09-30,Likely Voters,981,Automated Phone,Pollster,Dem,Obama,48
North Carolina,15416,PPP (D),2012-09-27,2012-09-30,Likely Voters,981,Automated Phone,Pollster,Dem,Romney,48
North Carolina,15416,PPP (D),2012-09-27,2012-09-30,Likely Voters,981,Automated Phone,Pollster,Dem,Other,NA
North Carolina,15416,PPP (D),2012-09-27,2012-09-30,Likely Voters,981,Automated Phone,Pollster,Dem,Undecided,4
North Carolina,15369,NBC/WSJ/Marist,2012-09-23,2012-09-25,Likely Voters,1035,Live Phone,Nonpartisan,NA,Obama,48
North Carolina,15369,NBC/WSJ/Marist,2012-09-23,2012-09-25,Likely Voters,1035,Live Phone,Nonpartisan,NA,Romney,46
North Carolina,15369,NBC/WSJ/Marist,2012-09-23,2012-09-25,Likely Voters,1035,Live Phone,Nonpartisan,NA,Other,1
North Carolina,15369,NBC/WSJ/Marist,2012-09-23,2012-09-25,Likely Voters,1035,Live Phone,Nonpartisan,NA,Undecided,5
North Carolina,15268,Civitas (R) / National Research (R),2012-09-18,2012-09-19,Registered Voters,600,Live Phone,Pollster,Rep,Obama,49
North Carolina,15268,Civitas (R) / National Research (R),2012-09-18,2012-09-19,Registered Voters,600,Live Phone,Pollster,Rep,Romney,45
North Carolina,15268,Civitas (R) / National Research (R),2012-09-18,2012-09-19,Registered Voters,600,Live Phone,Pollster,Rep,Other,NA
North Carolina,15268,Civitas (R) / National Research (R),2012-09-18,2012-09-19,Registered Voters,600,Live Phone,Pollster,Rep,Undecided,7
North Carolina,15205,Purple Strategies,2012-09-15,2012-09-19,Likely Voters,600,IVR/Online,Nonpartisan,NA,Obama,48
North Carolina,15205,Purple Strategies,2012-09-15,2012-09-19,Likely Voters,600,IVR/Online,Nonpartisan,NA,Romney,46
North Carolina,15205,Purple Strategies,2012-09-15,2012-09-19,Likely Voters,600,IVR/Online,Nonpartisan,NA,Other,NA
North Carolina,15205,Purple Strategies,2012-09-15,2012-09-19,Likely Voters,600,IVR/Online,Nonpartisan,NA,Undecided,6
North Carolina,15198,High Point University/Fox 8,2012-09-08,2012-09-18,Registered Voters,448,Live Phone,Nonpartisan,NA,Obama,46
North Carolina,15198,High Point University/Fox 8,2012-09-08,2012-09-18,Registered Voters,448,Live Phone,Nonpartisan,NA,Romney,43
North Carolina,15198,High Point University/Fox 8,2012-09-08,2012-09-18,Registered Voters,448,Live Phone,Nonpartisan,NA,Other,3
North Carolina,15198,High Point University/Fox 8,2012-09-08,2012-09-18,Registered Voters,448,Live Phone,Nonpartisan,NA,Undecided,9
North Carolina,15154,YouGov,2012-09-07,2012-09-14,Likely Voters,1060,Internet,Nonpartisan,NA,Obama,46
North Carolina,15154,YouGov,2012-09-07,2012-09-14,Likely Voters,1060,Internet,Nonpartisan,NA,Romney,48
North Carolina,15154,YouGov,2012-09-07,2012-09-14,Likely Voters,1060,Internet,Nonpartisan,NA,Other,2
North Carolina,15154,YouGov,2012-09-07,2012-09-14,Likely Voters,1060,Internet,Nonpartisan,NA,Undecided,4
North Carolina,15034,Rasmussen,2012-09-13,2012-09-13,Likely Voters,500,Automated Phone,Nonpartisan,NA,Obama,45
North Carolina,15034,Rasmussen,2012-09-13,2012-09-13,Likely Voters,500,Automated Phone,Nonpartisan,NA,Romney,51
North Carolina,15034,Rasmussen,2012-09-13,2012-09-13,Likely Voters,500,Automated Phone,Nonpartisan,NA,Other,1
North Carolina,15034,Rasmussen,2012-09-13,2012-09-13,Likely Voters,500,Automated Phone,Nonpartisan,NA,Undecided,3
North Carolina,14940,PPP (D),2012-09-07,2012-09-09,Likely Voters,1087,Automated Phone,Pollster,Dem,Obama,49
North Carolina,14940,PPP (D),2012-09-07,2012-09-09,Likely Voters,1087,Automated Phone,Pollster,Dem,Romney,48
North Carolina,14940,PPP (D),2012-09-07,2012-09-09,Likely Voters,1087,Automated Phone,Pollster,Dem,Other,NA
North Carolina,14940,PPP (D),2012-09-07,2012-09-09,Likely Voters,1087,Automated Phone,Pollster,Dem,Undecided,3
North Carolina,14948,Civitas (R) / SurveyUSA,2012-09-04,2012-09-06,Registered Voters,500,Automated Phone,Pollster,Rep,Obama,43
North Carolina,14948,Civitas (R) / SurveyUSA,2012-09-04,2012-09-06,Registered Voters,500,Automated Phone,Pollster,Rep,Romney,53
North Carolina,14948,Civitas (R) / SurveyUSA,2012-09-04,2012-09-06,Registered Voters,500,Automated Phone,Pollster,Rep,Other,3
North Carolina,14948,Civitas (R) / SurveyUSA,2012-09-04,2012-09-06,Registered Voters,500,Automated Phone,Pollster,Rep,Undecided,1
North Carolina,14869,PPP (D),2012-08-31,2012-09-02,Likely Voters,1012,Automated Phone,Pollster,Dem,Obama,48
North Carolina,14869,PPP (D),2012-08-31,2012-09-02,Likely Voters,1012,Automated Phone,Pollster,Dem,Romney,48
North Carolina,14869,PPP (D),2012-08-31,2012-09-02,Likely Voters,1012,Automated Phone,Pollster,Dem,Other,NA
North Carolina,14869,PPP (D),2012-08-31,2012-09-02,Likely Voters,1012,Automated Phone,Pollster,Dem,Undecided,4
North Carolina,14876,High Point University/SurveyUSA,2012-08-26,2012-08-30,Registered Voters,543,IVR/Online,Nonpartisan,NA,Obama,43
North Carolina,14876,High Point University/SurveyUSA,2012-08-26,2012-08-30,Registered Voters,543,IVR/Online,Nonpartisan,NA,Romney,46
North Carolina,14876,High Point University/SurveyUSA,2012-08-26,2012-08-30,Registered Voters,543,IVR/Online,Nonpartisan,NA,Other,5
North Carolina,14876,High Point University/SurveyUSA,2012-08-26,2012-08-30,Registered Voters,543,IVR/Online,Nonpartisan,NA,Undecided,6
North Carolina,14878,Elon,2012-08-25,2012-08-30,Likely Voters,1089,Live Phone,Nonpartisan,NA,Obama,43
North Carolina,14878,Elon,2012-08-25,2012-08-30,Likely Voters,1089,Live Phone,Nonpartisan,NA,Romney,47
North Carolina,14878,Elon,2012-08-25,2012-08-30,Likely Voters,1089,Live Phone,Nonpartisan,NA,Other,3
North Carolina,14878,Elon,2012-08-25,2012-08-30,Likely Voters,1089,Live Phone,Nonpartisan,NA,Undecided,6
North Carolina,14801,CNN/Time/ORC,2012-08-22,2012-08-26,Likely Voters,766,Live Phone,Nonpartisan,NA,Obama,47
North Carolina,14801,CNN/Time/ORC,2012-08-22,2012-08-26,Likely Voters,766,Live Phone,Nonpartisan,NA,Romney,48
North Carolina,14801,CNN/Time/ORC,2012-08-22,2012-08-26,Likely Voters,766,Live Phone,Nonpartisan,NA,Other,1
North Carolina,14801,CNN/Time/ORC,2012-08-22,2012-08-26,Likely Voters,766,Live Phone,Nonpartisan,NA,Undecided,3
North Carolina,14796,High Point University/SurveyUSA,2012-08-18,2012-08-23,Registered Voters,540,IVR/Online,Nonpartisan,NA,Obama,43
North Carolina,14796,High Point University/SurveyUSA,2012-08-18,2012-08-23,Registered Voters,540,IVR/Online,Nonpartisan,NA,Romney,43
North Carolina,14796,High Point University/SurveyUSA,2012-08-18,2012-08-23,Registered Voters,540,IVR/Online,Nonpartisan,NA,Other,6
North Carolina,14796,High Point University/SurveyUSA,2012-08-18,2012-08-23,Registered Voters,540,IVR/Online,Nonpartisan,NA,Undecided,8
North Carolina,14578,PPP (D),2012-08-02,2012-08-05,Likely Voters,813,Automated Phone,Pollster,Dem,Obama,49
North Carolina,14578,PPP (D),2012-08-02,2012-08-05,Likely Voters,813,Automated Phone,Pollster,Dem,Romney,46
North Carolina,14578,PPP (D),2012-08-02,2012-08-05,Likely Voters,813,Automated Phone,Pollster,Dem,Other,NA
North Carolina,14578,PPP (D),2012-08-02,2012-08-05,Likely Voters,813,Automated Phone,Pollster,Dem,Undecided,5
North Carolina,14549,Rasmussen,2012-08-01,2012-08-01,Likely Voters,500,Automated Phone,Nonpartisan,NA,Obama,44
North Carolina,14549,Rasmussen,2012-08-01,2012-08-01,Likely Voters,500,Automated Phone,Nonpartisan,NA,Romney,49
North Carolina,14549,Rasmussen,2012-08-01,2012-08-01,Likely Voters,500,Automated Phone,Nonpartisan,NA,Other,3
North Carolina,14549,Rasmussen,2012-08-01,2012-08-01,Likely Voters,500,Automated Phone,Nonpartisan,NA,Undecided,4
North Carolina,14405,Civitas (R) / National Research (R),2012-07-16,2012-07-18,Registered Voters,600,Live Phone,Pollster,Rep,Obama,48
North Carolina,14405,Civitas (R) / National Research (R),2012-07-16,2012-07-18,Registered Voters,600,Live Phone,Pollster,Rep,Romney,49
North Carolina,14405,Civitas (R) / National Research (R),2012-07-16,2012-07-18,Registered Voters,600,Live Phone,Pollster,Rep,Other,NA
North Carolina,14405,Civitas (R) / National Research (R),2012-07-16,2012-07-18,Registered Voters,600,Live Phone,Pollster,Rep,Undecided,3
North Carolina,14285,PPP (D),2012-07-05,2012-07-08,Registered Voters,775,Automated Phone,Pollster,Dem,Obama,47
North Carolina,14285,PPP (D),2012-07-05,2012-07-08,Registered Voters,775,Automated Phone,Pollster,Dem,Romney,46
North Carolina,14285,PPP (D),2012-07-05,2012-07-08,Registered Voters,775,Automated Phone,Pollster,Dem,Other,NA
North Carolina,14285,PPP (D),2012-07-05,2012-07-08,Registered Voters,775,Automated Phone,Pollster,Dem,Undecided,6
North Carolina,14326,Project New America/Myers (D),2012-07-01,2012-07-08,Likely Voters,500,Live Phone,Pollster,Dem,Obama,48
North Carolina,14326,Project New America/Myers (D),2012-07-01,2012-07-08,Likely Voters,500,Live Phone,Pollster,Dem,Romney,49
North Carolina,14326,Project New America/Myers (D),2012-07-01,2012-07-08,Likely Voters,500,Live Phone,Pollster,Dem,Other,NA
North Carolina,14326,Project New America/Myers (D),2012-07-01,2012-07-08,Likely Voters,500,Live Phone,Pollster,Dem,Undecided,3
North Carolina,14242,Civitas (R) / SurveyUSA,2012-06-29,2012-07-01,Registered Voters,558,Automated Phone,Pollster,Rep,Obama,45
North Carolina,14242,Civitas (R) / SurveyUSA,2012-06-29,2012-07-01,Registered Voters,558,Automated Phone,Pollster,Rep,Romney,50
North Carolina,14242,Civitas (R) / SurveyUSA,2012-06-29,2012-07-01,Registered Voters,558,Automated Phone,Pollster,Rep,Other,3
North Carolina,14242,Civitas (R) / SurveyUSA,2012-06-29,2012-07-01,Registered Voters,558,Automated Phone,Pollster,Rep,Undecided,2
North Carolina,14178,Rasmussen,2012-06-25,2012-06-25,Likely Voters,500,Automated Phone,Nonpartisan,NA,Obama,44
North Carolina,14178,Rasmussen,2012-06-25,2012-06-25,Likely Voters,500,Automated Phone,Nonpartisan,NA,Romney,47
North Carolina,14178,Rasmussen,2012-06-25,2012-06-25,Likely Voters,500,Automated Phone,Nonpartisan,NA,Other,3
North Carolina,14178,Rasmussen,2012-06-25,2012-06-25,Likely Voters,500,Automated Phone,Nonpartisan,NA,Undecided,6
North Carolina,14206,NBC/Marist,2012-06-24,2012-06-25,Registered Voters,1019,Live Phone,Nonpartisan,NA,Obama,46
North Carolina,14206,NBC/Marist,2012-06-24,2012-06-25,Registered Voters,1019,Live Phone,Nonpartisan,NA,Romney,44
North Carolina,14206,NBC/Marist,2012-06-24,2012-06-25,Registered Voters,1019,Live Phone,Nonpartisan,NA,Other,1
North Carolina,14206,NBC/Marist,2012-06-24,2012-06-25,Registered Voters,1019,Live Phone,Nonpartisan,NA,Undecided,9
North Carolina,14073,PPP (D),2012-06-07,2012-06-10,Likely Voters,810,Automated Phone,Pollster,Dem,Obama,46
North Carolina,14073,PPP (D),2012-06-07,2012-06-10,Likely Voters,810,Automated Phone,Pollster,Dem,Romney,48
North Carolina,14073,PPP (D),2012-06-07,2012-06-10,Likely Voters,810,Automated Phone,Pollster,Dem,Other,NA
North Carolina,14073,PPP (D),2012-06-07,2012-06-10,Likely Voters,810,Automated Phone,Pollster,Dem,Undecided,6
North Carolina,13870,SurveyUSA,2012-05-18,2012-05-21,Likely Voters,524,IVR/Online,Nonpartisan,NA,Obama,44
North Carolina,13870,SurveyUSA,2012-05-18,2012-05-21,Likely Voters,524,IVR/Online,Nonpartisan,NA,Romney,45
North Carolina,13870,SurveyUSA,2012-05-18,2012-05-21,Likely Voters,524,IVR/Online,Nonpartisan,NA,Other,4
North Carolina,13870,SurveyUSA,2012-05-18,2012-05-21,Likely Voters,524,IVR/Online,Nonpartisan,NA,Undecided,6
North Carolina,13895,Civitas (R) / National Research (R),2012-05-19,2012-05-20,Registered Voters,600,Live Phone,Pollster,Rep,Obama,45
North Carolina,13895,Civitas (R) / National Research (R),2012-05-19,2012-05-20,Registered Voters,600,Live Phone,Pollster,Rep,Romney,47
North Carolina,13895,Civitas (R) / National Research (R),2012-05-19,2012-05-20,Registered Voters,600,Live Phone,Pollster,Rep,Other,NA
North Carolina,13895,Civitas (R) / National Research (R),2012-05-19,2012-05-20,Registered Voters,600,Live Phone,Pollster,Rep,Undecided,6
North Carolina,13810,Rasmussen,2012-05-14,2012-05-14,Likely Voters,500,Automated Phone,Nonpartisan,NA,Obama,43
North Carolina,13810,Rasmussen,2012-05-14,2012-05-14,Likely Voters,500,Automated Phone,Nonpartisan,NA,Romney,51
North Carolina,13810,Rasmussen,2012-05-14,2012-05-14,Likely Voters,500,Automated Phone,Nonpartisan,NA,Other,2
North Carolina,13810,Rasmussen,2012-05-14,2012-05-14,Likely Voters,500,Automated Phone,Nonpartisan,NA,Undecided,4
North Carolina,13811,PPP (D),2012-05-10,2012-05-13,Likely Voters,666,Automated Phone,Pollster,Dem,Obama,48
North Carolina,13811,PPP (D),2012-05-10,2012-05-13,Likely Voters,666,Automated Phone,Pollster,Dem,Romney,47
North Carolina,13811,PPP (D),2012-05-10,2012-05-13,Likely Voters,666,Automated Phone,Pollster,Dem,Other,NA
North Carolina,13811,PPP (D),2012-05-10,2012-05-13,Likely Voters,666,Automated Phone,Pollster,Dem,Undecided,5
North Carolina,13661,SurveyUSA,2012-04-26,2012-04-30,Registered Voters,1636,IVR/Online,Nonpartisan,NA,Obama,47
North Carolina,13661,SurveyUSA,2012-04-26,2012-04-30,Registered Voters,1636,IVR/Online,Nonpartisan,NA,Romney,43
North Carolina,13661,SurveyUSA,2012-04-26,2012-04-30,Registered Voters,1636,IVR/Online,Nonpartisan,NA,Other,NA
North Carolina,13661,SurveyUSA,2012-04-26,2012-04-30,Registered Voters,1636,IVR/Online,Nonpartisan,NA,Undecided,9
North Carolina,13523,Rasmussen,2012-04-10,2012-04-10,Likely Voters,500,Automated Phone,Nonpartisan,NA,Obama,44
North Carolina,13523,Rasmussen,2012-04-10,2012-04-10,Likely Voters,500,Automated Phone,Nonpartisan,NA,Romney,46
North Carolina,13523,Rasmussen,2012-04-10,2012-04-10,Likely Voters,500,Automated Phone,Nonpartisan,NA,Other,4
North Carolina,13523,Rasmussen,2012-04-10,2012-04-10,Likely Voters,500,Automated Phone,Nonpartisan,NA,Undecided,6
North Carolina,13503,PPP (D),2012-04-04,2012-04-07,Likely Voters,975,Automated Phone,Pollster,Dem,Obama,49
North Carolina,13503,PPP (D),2012-04-04,2012-04-07,Likely Voters,975,Automated Phone,Pollster,Dem,Romney,44
North Carolina,13503,PPP (D),2012-04-04,2012-04-07,Likely Voters,975,Automated Phone,Pollster,Dem,Other,NA
North Carolina,13503,PPP (D),2012-04-04,2012-04-07,Likely Voters,975,Automated Phone,Pollster,Dem,Undecided,8
North Carolina,13250,PPP (D),2012-03-08,2012-03-11,Registered Voters,804,Automated Phone,Pollster,Dem,Obama,49
North Carolina,13250,PPP (D),2012-03-08,2012-03-11,Registered Voters,804,Automated Phone,Pollster,Dem,Romney,46
North Carolina,13250,PPP (D),2012-03-08,2012-03-11,Registered Voters,804,Automated Phone,Pollster,Dem,Other,NA
North Carolina,13250,PPP (D),2012-03-08,2012-03-11,Registered Voters,804,Automated Phone,Pollster,Dem,Undecided,5
North Carolina,12820,PPP (D),2012-02-03,2012-02-05,Likely Voters,1052,Automated Phone,Pollster,Dem,Obama,47
North Carolina,12820,PPP (D),2012-02-03,2012-02-05,Likely Voters,1052,Automated Phone,Pollster,Dem,Romney,46
North Carolina,12820,PPP (D),2012-02-03,2012-02-05,Likely Voters,1052,Automated Phone,Pollster,Dem,Other,NA
North Carolina,12820,PPP (D),2012-02-03,2012-02-05,Likely Voters,1052,Automated Phone,Pollster,Dem,Undecided,7
North Carolina,12670,Civitas (R) / National Research (R),2012-01-09,2012-01-11,Registered Voters,300,Live Phone,Pollster,Rep,Obama,39
North Carolina,12670,Civitas (R) / National Research (R),2012-01-09,2012-01-11,Registered Voters,300,Live Phone,Pollster,Rep,Romney,48
North Carolina,12670,Civitas (R) / National Research (R),2012-01-09,2012-01-11,Registered Voters,300,Live Phone,Pollster,Rep,Other,NA
North Carolina,12670,Civitas (R) / National Research (R),2012-01-09,2012-01-11,Registered Voters,300,Live Phone,Pollster,Rep,Undecided,11
North Carolina,12446,PPP (D),2012-01-05,2012-01-08,Registered Voters,780,Automated Phone,Pollster,Dem,Obama,46
North Carolina,12446,PPP (D),2012-01-05,2012-01-08,Registered Voters,780,Automated Phone,Pollster,Dem,Romney,45
North Carolina,12446,PPP (D),2012-01-05,2012-01-08,Registered Voters,780,Automated Phone,Pollster,Dem,Other,NA
North Carolina,12446,PPP (D),2012-01-05,2012-01-08,Registered Voters,780,Automated Phone,Pollster,Dem,Undecided,9
New Mexico,16597,YouGov,2012-10-31,2012-11-03,Likely Voters,650,Internet,Nonpartisan,NA,Obama,49
New Mexico,16597,YouGov,2012-10-31,2012-11-03,Likely Voters,650,Internet,Nonpartisan,NA,Romney,43
New Mexico,16597,YouGov,2012-10-31,2012-11-03,Likely Voters,650,Internet,Nonpartisan,NA,Other,5
New Mexico,16597,YouGov,2012-10-31,2012-11-03,Likely Voters,650,Internet,Nonpartisan,NA,Undecided,3
New Mexico,16545,POS (R-Wilson),2012-10-30,2012-10-31,Likely Voters,500,Live Phone,Sponsor,Rep,Obama,49
New Mexico,16545,POS (R-Wilson),2012-10-30,2012-10-31,Likely Voters,500,Live Phone,Sponsor,Rep,Romney,41
New Mexico,16545,POS (R-Wilson),2012-10-30,2012-10-31,Likely Voters,500,Live Phone,Sponsor,Rep,Other,6
New Mexico,16545,POS (R-Wilson),2012-10-30,2012-10-31,Likely Voters,500,Live Phone,Sponsor,Rep,Undecided,NA
New Mexico,16335,POS (R-Wilson),2012-10-21,2012-10-22,Likely Voters,500,Live Phone,Sponsor,Rep,Obama,47
New Mexico,16335,POS (R-Wilson),2012-10-21,2012-10-22,Likely Voters,500,Live Phone,Sponsor,Rep,Romney,42
New Mexico,16335,POS (R-Wilson),2012-10-21,2012-10-22,Likely Voters,500,Live Phone,Sponsor,Rep,Other,6
New Mexico,16335,POS (R-Wilson),2012-10-21,2012-10-22,Likely Voters,500,Live Phone,Sponsor,Rep,Undecided,NA
New Mexico,15798,Albuquerque Journal,2012-10-09,2012-10-10,Likely Voters,658,Live Phone,Nonpartisan,NA,Obama,49
New Mexico,15798,Albuquerque Journal,2012-10-09,2012-10-10,Likely Voters,658,Live Phone,Nonpartisan,NA,Romney,39
New Mexico,15798,Albuquerque Journal,2012-10-09,2012-10-10,Likely Voters,658,Live Phone,Nonpartisan,NA,Other,6
New Mexico,15798,Albuquerque Journal,2012-10-09,2012-10-10,Likely Voters,658,Live Phone,Nonpartisan,NA,Undecided,5
New Mexico,15647,Rasmussen,2012-10-08,2012-10-08,Likely Voters,500,Automated Phone,Nonpartisan,NA,Obama,54
New Mexico,15647,Rasmussen,2012-10-08,2012-10-08,Likely Voters,500,Automated Phone,Nonpartisan,NA,Romney,43
New Mexico,15647,Rasmussen,2012-10-08,2012-10-08,Likely Voters,500,Automated Phone,Nonpartisan,NA,Other,2
New Mexico,15647,Rasmussen,2012-10-08,2012-10-08,Likely Voters,500,Automated Phone,Nonpartisan,NA,Undecided,2
New Mexico,16662,PPP (D-League of Conservation Voters),2012-10-02,2012-10-03,Likely Voters,778,Automated Phone,Sponsor,Dem,Obama,52
New Mexico,16662,PPP (D-League of Conservation Voters),2012-10-02,2012-10-03,Likely Voters,778,Automated Phone,Sponsor,Dem,Romney,43
New Mexico,16662,PPP (D-League of Conservation Voters),2012-10-02,2012-10-03,Likely Voters,778,Automated Phone,Sponsor,Dem,Other,NA
New Mexico,16662,PPP (D-League of Conservation Voters),2012-10-02,2012-10-03,Likely Voters,778,Automated Phone,Sponsor,Dem,Undecided,5
New Mexico,15451,Rasmussen,2012-09-27,2012-09-27,Likely Voters,500,Automated Phone,Nonpartisan,NA,Obama,51
New Mexico,15451,Rasmussen,2012-09-27,2012-09-27,Likely Voters,500,Automated Phone,Nonpartisan,NA,Romney,40
New Mexico,15451,Rasmussen,2012-09-27,2012-09-27,Likely Voters,500,Automated Phone,Nonpartisan,NA,Other,6
New Mexico,15451,Rasmussen,2012-09-27,2012-09-27,Likely Voters,500,Automated Phone,Nonpartisan,NA,Undecided,2
New Mexico,15446,We Ask America,2012-09-25,2012-09-27,Likely Voters,1258,Automated Phone,Nonpartisan,NA,Obama,51
New Mexico,15446,We Ask America,2012-09-25,2012-09-27,Likely Voters,1258,Automated Phone,Nonpartisan,NA,Romney,41
New Mexico,15446,We Ask America,2012-09-25,2012-09-27,Likely Voters,1258,Automated Phone,Nonpartisan,NA,Other,4
New Mexico,15446,We Ask America,2012-09-25,2012-09-27,Likely Voters,1258,Automated Phone,Nonpartisan,NA,Undecided,5
New Mexico,15401,POS (R-Wilson),2012-09-25,2012-09-27,Likely Voters,500,Live Phone,Sponsor,Rep,Obama,47
New Mexico,15401,POS (R-Wilson),2012-09-25,2012-09-27,Likely Voters,500,Live Phone,Sponsor,Rep,Romney,40
New Mexico,15401,POS (R-Wilson),2012-09-25,2012-09-27,Likely Voters,500,Live Phone,Sponsor,Rep,Other,9
New Mexico,15401,POS (R-Wilson),2012-09-25,2012-09-27,Likely Voters,500,Live Phone,Sponsor,Rep,Undecided,NA
New Mexico,15397,PPP (D)/NRDC,2012-09-17,2012-09-20,Likely Voters,3111,Automated Phone,Pollster,Dem,Obama,52
New Mexico,15397,PPP (D)/NRDC,2012-09-17,2012-09-20,Likely Voters,3111,Automated Phone,Pollster,Dem,Romney,43
New Mexico,15397,PPP (D)/NRDC,2012-09-17,2012-09-20,Likely Voters,3111,Automated Phone,Pollster,Dem,Other,NA
New Mexico,15397,PPP (D)/NRDC,2012-09-17,2012-09-20,Likely Voters,3111,Automated Phone,Pollster,Dem,Undecided,6
New Mexico,15194,YouGov,2012-09-07,2012-09-14,Likely Voters,293,Internet,Nonpartisan,NA,Obama,51
New Mexico,15194,YouGov,2012-09-07,2012-09-14,Likely Voters,293,Internet,Nonpartisan,NA,Romney,43
New Mexico,15194,YouGov,2012-09-07,2012-09-14,Likely Voters,293,Internet,Nonpartisan,NA,Other,4
New Mexico,15194,YouGov,2012-09-07,2012-09-14,Likely Voters,293,Internet,Nonpartisan,NA,Undecided,1
New Mexico,14981,PPP (D-League of Conservation Voters),2012-09-07,2012-09-09,Likely Voters,1122,Automated Phone,Sponsor,Dem,Obama,53
New Mexico,14981,PPP (D-League of Conservation Voters),2012-09-07,2012-09-09,Likely Voters,1122,Automated Phone,Sponsor,Dem,Romney,42
New Mexico,14981,PPP (D-League of Conservation Voters),2012-09-07,2012-09-09,Likely Voters,1122,Automated Phone,Sponsor,Dem,Other,NA
New Mexico,14981,PPP (D-League of Conservation Voters),2012-09-07,2012-09-09,Likely Voters,1122,Automated Phone,Sponsor,Dem,Undecided,5
New Mexico,14945,Albuquerque Journal,2012-09-03,2012-09-06,Likely Voters,667,Live Phone,Nonpartisan,NA,Obama,45
New Mexico,14945,Albuquerque Journal,2012-09-03,2012-09-06,Likely Voters,667,Live Phone,Nonpartisan,NA,Romney,40
New Mexico,14945,Albuquerque Journal,2012-09-03,2012-09-06,Likely Voters,667,Live Phone,Nonpartisan,NA,Other,7
New Mexico,14945,Albuquerque Journal,2012-09-03,2012-09-06,Likely Voters,667,Live Phone,Nonpartisan,NA,Undecided,8
New Mexico,14736,Rasmussen,2012-08-21,2012-08-21,Likely Voters,500,Automated Phone,Nonpartisan,NA,Obama,52
New Mexico,14736,Rasmussen,2012-08-21,2012-08-21,Likely Voters,500,Automated Phone,Nonpartisan,NA,Romney,38
New Mexico,14736,Rasmussen,2012-08-21,2012-08-21,Likely Voters,500,Automated Phone,Nonpartisan,NA,Other,9
New Mexico,14736,Rasmussen,2012-08-21,2012-08-21,Likely Voters,500,Automated Phone,Nonpartisan,NA,Undecided,1
New Mexico,14380,PPP (D),2012-07-13,2012-07-16,Likely Voters,724,Automated Phone,Pollster,Dem,Obama,49
New Mexico,14380,PPP (D),2012-07-13,2012-07-16,Likely Voters,724,Automated Phone,Pollster,Dem,Romney,44
New Mexico,14380,PPP (D),2012-07-13,2012-07-16,Likely Voters,724,Automated Phone,Pollster,Dem,Other,NA
New Mexico,14380,PPP (D),2012-07-13,2012-07-16,Likely Voters,724,Automated Phone,Pollster,Dem,Undecided,6
New Mexico,13979,FMMMA (D),2012-05-16,2012-05-21,Registered Voters,502,Live Phone,Pollster,Dem,Obama,48
New Mexico,13979,FMMMA (D),2012-05-16,2012-05-21,Registered Voters,502,Live Phone,Pollster,Dem,Romney,35
New Mexico,13979,FMMMA (D),2012-05-16,2012-05-21,Registered Voters,502,Live Phone,Pollster,Dem,Other,12
New Mexico,13979,FMMMA (D),2012-05-16,2012-05-21,Registered Voters,502,Live Phone,Pollster,Dem,Undecided,5
New Mexico,13626,PPP (D),2012-04-19,2012-04-22,Likely Voters,526,Automated Phone,Pollster,Dem,Obama,48
New Mexico,13626,PPP (D),2012-04-19,2012-04-22,Likely Voters,526,Automated Phone,Pollster,Dem,Romney,35
New Mexico,13626,PPP (D),2012-04-19,2012-04-22,Likely Voters,526,Automated Phone,Pollster,Dem,Other,15
New Mexico,13626,PPP (D),2012-04-19,2012-04-22,Likely Voters,526,Automated Phone,Pollster,Dem,Undecided,2
New Mexico,13487,Rasmussen,2012-04-03,2012-04-03,Likely Voters,500,Automated Phone,Nonpartisan,NA,Obama,52
New Mexico,13487,Rasmussen,2012-04-03,2012-04-03,Likely Voters,500,Automated Phone,Nonpartisan,NA,Romney,36
New Mexico,13487,Rasmussen,2012-04-03,2012-04-03,Likely Voters,500,Automated Phone,Nonpartisan,NA,Other,9
New Mexico,13487,Rasmussen,2012-04-03,2012-04-03,Likely Voters,500,Automated Phone,Nonpartisan,NA,Undecided,3
New Mexico,13145,Rasmussen,2012-02-14,2012-02-14,Likely Voters,500,Automated Phone,Nonpartisan,NA,Obama,55
New Mexico,13145,Rasmussen,2012-02-14,2012-02-14,Likely Voters,500,Automated Phone,Nonpartisan,NA,Romney,36
New Mexico,13145,Rasmussen,2012-02-14,2012-02-14,Likely Voters,500,Automated Phone,Nonpartisan,NA,Other,5
New Mexico,13145,Rasmussen,2012-02-14,2012-02-14,Likely Voters,500,Automated Phone,Nonpartisan,NA,Undecided,5
New Hampshire,16654,Rasmussen,2012-11-04,2012-11-04,Likely Voters,750,Automated Phone,Nonpartisan,NA,Obama,50
New Hampshire,16654,Rasmussen,2012-11-04,2012-11-04,Likely Voters,750,Automated Phone,Nonpartisan,NA,Romney,48
New Hampshire,16654,Rasmussen,2012-11-04,2012-11-04,Likely Voters,750,Automated Phone,Nonpartisan,NA,Other,NA
New Hampshire,16654,Rasmussen,2012-11-04,2012-11-04,Likely Voters,750,Automated Phone,Nonpartisan,NA,Undecided,2
New Hampshire,16647,New England College,2012-11-03,2012-11-04,Likely Voters,687,Automated Phone,Nonpartisan,NA,Obama,50
New Hampshire,16647,New England College,2012-11-03,2012-11-04,Likely Voters,687,Automated Phone,Nonpartisan,NA,Romney,46
New Hampshire,16647,New England College,2012-11-03,2012-11-04,Likely Voters,687,Automated Phone,Nonpartisan,NA,Other,1
New Hampshire,16647,New England College,2012-11-03,2012-11-04,Likely Voters,687,Automated Phone,Nonpartisan,NA,Undecided,3
New Hampshire,16600,PPP (D),2012-11-03,2012-11-04,Likely Voters,1550,Automated Phone,Pollster,Dem,Obama,50
New Hampshire,16600,PPP (D),2012-11-03,2012-11-04,Likely Voters,1550,Automated Phone,Pollster,Dem,Romney,48
New Hampshire,16600,PPP (D),2012-11-03,2012-11-04,Likely Voters,1550,Automated Phone,Pollster,Dem,Other,NA
New Hampshire,16600,PPP (D),2012-11-03,2012-11-04,Likely Voters,1550,Automated Phone,Pollster,Dem,Undecided,1
New Hampshire,16638,ARG,2012-11-02,2012-11-04,Likely Voters,600,Live Phone,Nonpartisan,NA,Obama,49
New Hampshire,16638,ARG,2012-11-02,2012-11-04,Likely Voters,600,Live Phone,Nonpartisan,NA,Romney,49
New Hampshire,16638,ARG,2012-11-02,2012-11-04,Likely Voters,600,Live Phone,Nonpartisan,NA,Other,1
New Hampshire,16638,ARG,2012-11-02,2012-11-04,Likely Voters,600,Live Phone,Nonpartisan,NA,Undecided,2
New Hampshire,16623,UNH/WMUR,2012-11-01,2012-11-04,Likely Voters,776,Live Phone,Nonpartisan,NA,Obama,50
New Hampshire,16623,UNH/WMUR,2012-11-01,2012-11-04,Likely Voters,776,Live Phone,Nonpartisan,NA,Romney,46
New Hampshire,16623,UNH/WMUR,2012-11-01,2012-11-04,Likely Voters,776,Live Phone,Nonpartisan,NA,Other,1
New Hampshire,16623,UNH/WMUR,2012-11-01,2012-11-04,Likely Voters,776,Live Phone,Nonpartisan,NA,Undecided,3
New Hampshire,16595,YouGov,2012-10-31,2012-11-03,Likely Voters,690,Internet,Nonpartisan,NA,Obama,47
New Hampshire,16595,YouGov,2012-10-31,2012-11-03,Likely Voters,690,Internet,Nonpartisan,NA,Romney,43
New Hampshire,16595,YouGov,2012-10-31,2012-11-03,Likely Voters,690,Internet,Nonpartisan,NA,Other,4
New Hampshire,16595,YouGov,2012-10-31,2012-11-03,Likely Voters,690,Internet,Nonpartisan,NA,Undecided,6
New Hampshire,16528,UNH/WMUR,2012-10-31,2012-11-02,Likely Voters,502,Live Phone,Nonpartisan,NA,Obama,48
New Hampshire,16528,UNH/WMUR,2012-10-31,2012-11-02,Likely Voters,502,Live Phone,Nonpartisan,NA,Romney,48
New Hampshire,16528,UNH/WMUR,2012-10-31,2012-11-02,Likely Voters,502,Live Phone,Nonpartisan,NA,Other,2
New Hampshire,16528,UNH/WMUR,2012-10-31,2012-11-02,Likely Voters,502,Live Phone,Nonpartisan,NA,Undecided,3
New Hampshire,16495,Gravis Marketing,2012-11-01,2012-11-01,Likely Voters,497,Automated Phone,Nonpartisan,NA,Obama,50
New Hampshire,16495,Gravis Marketing,2012-11-01,2012-11-01,Likely Voters,497,Automated Phone,Nonpartisan,NA,Romney,49
New Hampshire,16495,Gravis Marketing,2012-11-01,2012-11-01,Likely Voters,497,Automated Phone,Nonpartisan,NA,Other,NA
New Hampshire,16495,Gravis Marketing,2012-11-01,2012-11-01,Likely Voters,497,Automated Phone,Nonpartisan,NA,Undecided,NA
New Hampshire,16447,New England College,2012-10-29,2012-10-31,Likely Voters,1017,Automated Phone,Nonpartisan,NA,Obama,50
New Hampshire,16447,New England College,2012-10-29,2012-10-31,Likely Voters,1017,Automated Phone,Nonpartisan,NA,Romney,44
New Hampshire,16447,New England College,2012-10-29,2012-10-31,Likely Voters,1017,Automated Phone,Nonpartisan,NA,Other,2
New Hampshire,16447,New England College,2012-10-29,2012-10-31,Likely Voters,1017,Automated Phone,Nonpartisan,NA,Undecided,4
New Hampshire,16398,NBC/WSJ/Marist,2012-10-28,2012-10-29,Likely Voters,1013,Live Phone,Nonpartisan,NA,Obama,49
New Hampshire,16398,NBC/WSJ/Marist,2012-10-28,2012-10-29,Likely Voters,1013,Live Phone,Nonpartisan,NA,Romney,47
New Hampshire,16398,NBC/WSJ/Marist,2012-10-28,2012-10-29,Likely Voters,1013,Live Phone,Nonpartisan,NA,Other,1
New Hampshire,16398,NBC/WSJ/Marist,2012-10-28,2012-10-29,Likely Voters,1013,Live Phone,Nonpartisan,NA,Undecided,3
New Hampshire,16255,PPP (D),2012-10-26,2012-10-28,Likely Voters,874,Automated Phone,Pollster,Dem,Obama,49
New Hampshire,16255,PPP (D),2012-10-26,2012-10-28,Likely Voters,874,Automated Phone,Pollster,Dem,Romney,47
New Hampshire,16255,PPP (D),2012-10-26,2012-10-28,Likely Voters,874,Automated Phone,Pollster,Dem,Other,NA
New Hampshire,16255,PPP (D),2012-10-26,2012-10-28,Likely Voters,874,Automated Phone,Pollster,Dem,Undecided,5
New Hampshire,16317,Lake Research (D-USAction),2012-10-24,2012-10-28,Likely Voters,400,Live Phone,Sponsor,Dem,Obama,47
New Hampshire,16317,Lake Research (D-USAction),2012-10-24,2012-10-28,Likely Voters,400,Live Phone,Sponsor,Dem,Romney,42
New Hampshire,16317,Lake Research (D-USAction),2012-10-24,2012-10-28,Likely Voters,400,Live Phone,Sponsor,Dem,Other,4
New Hampshire,16317,Lake Research (D-USAction),2012-10-24,2012-10-28,Likely Voters,400,Live Phone,Sponsor,Dem,Undecided,7
New Hampshire,16245,Grove Insight (D-Project New America),2012-10-24,2012-10-25,Likely Voters,500,Live Phone,Pollster,Dem,Obama,47
New Hampshire,16245,Grove Insight (D-Project New America),2012-10-24,2012-10-25,Likely Voters,500,Live Phone,Pollster,Dem,Romney,44
New Hampshire,16245,Grove Insight (D-Project New America),2012-10-24,2012-10-25,Likely Voters,500,Live Phone,Pollster,Dem,Other,2
New Hampshire,16245,Grove Insight (D-Project New America),2012-10-24,2012-10-25,Likely Voters,500,Live Phone,Pollster,Dem,Undecided,7
New Hampshire,16204,New England College,2012-10-23,2012-10-25,Likely Voters,571,Automated Phone,Nonpartisan,NA,Obama,49
New Hampshire,16204,New England College,2012-10-23,2012-10-25,Likely Voters,571,Automated Phone,Nonpartisan,NA,Romney,46
New Hampshire,16204,New England College,2012-10-23,2012-10-25,Likely Voters,571,Automated Phone,Nonpartisan,NA,Other,2
New Hampshire,16204,New England College,2012-10-23,2012-10-25,Likely Voters,571,Automated Phone,Nonpartisan,NA,Undecided,4
New Hampshire,16106,Rasmussen,2012-10-23,2012-10-23,Likely Voters,500,Automated Phone,Nonpartisan,NA,Obama,48
New Hampshire,16106,Rasmussen,2012-10-23,2012-10-23,Likely Voters,500,Automated Phone,Nonpartisan,NA,Romney,50
New Hampshire,16106,Rasmussen,2012-10-23,2012-10-23,Likely Voters,500,Automated Phone,Nonpartisan,NA,Other,1
New Hampshire,16106,Rasmussen,2012-10-23,2012-10-23,Likely Voters,500,Automated Phone,Nonpartisan,NA,Undecided,1
New Hampshire,16070,ARG,2012-10-19,2012-10-22,Likely Voters,600,Live Phone,Nonpartisan,NA,Obama,47
New Hampshire,16070,ARG,2012-10-19,2012-10-22,Likely Voters,600,Live Phone,Nonpartisan,NA,Romney,49
New Hampshire,16070,ARG,2012-10-19,2012-10-22,Likely Voters,600,Live Phone,Nonpartisan,NA,Other,1
New Hampshire,16070,ARG,2012-10-19,2012-10-22,Likely Voters,600,Live Phone,Nonpartisan,NA,Undecided,3
New Hampshire,16107,Lake Research (D-USAction),2012-10-18,2012-10-22,Likely Voters,400,Live Phone,Sponsor,Dem,Obama,48
New Hampshire,16107,Lake Research (D-USAction),2012-10-18,2012-10-22,Likely Voters,400,Live Phone,Sponsor,Dem,Romney,45
New Hampshire,16107,Lake Research (D-USAction),2012-10-18,2012-10-22,Likely Voters,400,Live Phone,Sponsor,Dem,Other,NA
New Hampshire,16107,Lake Research (D-USAction),2012-10-18,2012-10-22,Likely Voters,400,Live Phone,Sponsor,Dem,Undecided,7
New Hampshire,16050,UNH,2012-10-17,2012-10-21,Likely Voters,773,Live Phone,Nonpartisan,NA,Obama,51
New Hampshire,16050,UNH,2012-10-17,2012-10-21,Likely Voters,773,Live Phone,Nonpartisan,NA,Romney,42
New Hampshire,16050,UNH,2012-10-17,2012-10-21,Likely Voters,773,Live Phone,Nonpartisan,NA,Other,2
New Hampshire,16050,UNH,2012-10-17,2012-10-21,Likely Voters,773,Live Phone,Nonpartisan,NA,Undecided,5
New Hampshire,15964,PPP (D),2012-10-17,2012-10-19,Likely Voters,1036,Automated Phone,Pollster,Dem,Obama,48
New Hampshire,15964,PPP (D),2012-10-17,2012-10-19,Likely Voters,1036,Automated Phone,Pollster,Dem,Romney,49
New Hampshire,15964,PPP (D),2012-10-17,2012-10-19,Likely Voters,1036,Automated Phone,Pollster,Dem,Other,NA
New Hampshire,15964,PPP (D),2012-10-17,2012-10-19,Likely Voters,1036,Automated Phone,Pollster,Dem,Undecided,3
New Hampshire,15868,Rasmussen,2012-10-15,2012-10-15,Likely Voters,500,Automated Phone,Nonpartisan,NA,Obama,50
New Hampshire,15868,Rasmussen,2012-10-15,2012-10-15,Likely Voters,500,Automated Phone,Nonpartisan,NA,Romney,49
New Hampshire,15868,Rasmussen,2012-10-15,2012-10-15,Likely Voters,500,Automated Phone,Nonpartisan,NA,Other,NA
New Hampshire,15868,Rasmussen,2012-10-15,2012-10-15,Likely Voters,500,Automated Phone,Nonpartisan,NA,Undecided,1
New Hampshire,15815,Suffolk,2012-10-12,2012-10-14,Likely Voters,500,Live Phone,Nonpartisan,NA,Obama,47
New Hampshire,15815,Suffolk,2012-10-12,2012-10-14,Likely Voters,500,Live Phone,Nonpartisan,NA,Romney,47
New Hampshire,15815,Suffolk,2012-10-12,2012-10-14,Likely Voters,500,Live Phone,Nonpartisan,NA,Other,2
New Hampshire,15815,Suffolk,2012-10-12,2012-10-14,Likely Voters,500,Live Phone,Nonpartisan,NA,Undecided,4
New Hampshire,15735,ARG,2012-10-09,2012-10-11,Likely Voters,600,Live Phone,Nonpartisan,NA,Obama,46
New Hampshire,15735,ARG,2012-10-09,2012-10-11,Likely Voters,600,Live Phone,Nonpartisan,NA,Romney,50
New Hampshire,15735,ARG,2012-10-09,2012-10-11,Likely Voters,600,Live Phone,Nonpartisan,NA,Other,1
New Hampshire,15735,ARG,2012-10-09,2012-10-11,Likely Voters,600,Live Phone,Nonpartisan,NA,Undecided,3
New Hampshire,15665,Rasmussen,2012-10-09,2012-10-09,Likely Voters,500,Automated Phone,Nonpartisan,NA,Obama,48
New Hampshire,15665,Rasmussen,2012-10-09,2012-10-09,Likely Voters,500,Automated Phone,Nonpartisan,NA,Romney,48
New Hampshire,15665,Rasmussen,2012-10-09,2012-10-09,Likely Voters,500,Automated Phone,Nonpartisan,NA,Other,3
New Hampshire,15665,Rasmussen,2012-10-09,2012-10-09,Likely Voters,500,Automated Phone,Nonpartisan,NA,Undecided,1
New Hampshire,15641,UNH/WMUR,2012-09-30,2012-10-06,Likely Voters,545,Live Phone,Nonpartisan,NA,Obama,50
New Hampshire,15641,UNH/WMUR,2012-09-30,2012-10-06,Likely Voters,545,Live Phone,Nonpartisan,NA,Romney,44
New Hampshire,15641,UNH/WMUR,2012-09-30,2012-10-06,Likely Voters,545,Live Phone,Nonpartisan,NA,Other,2
New Hampshire,15641,UNH/WMUR,2012-09-30,2012-10-06,Likely Voters,545,Live Phone,Nonpartisan,NA,Undecided,4
New Hampshire,15447,UNH/WMUR,2012-09-27,2012-09-30,Likely Voters,588,Live Phone,Nonpartisan,NA,Obama,54
New Hampshire,15447,UNH/WMUR,2012-09-27,2012-09-30,Likely Voters,588,Live Phone,Nonpartisan,NA,Romney,39
New Hampshire,15447,UNH/WMUR,2012-09-27,2012-09-30,Likely Voters,588,Live Phone,Nonpartisan,NA,Other,3
New Hampshire,15447,UNH/WMUR,2012-09-27,2012-09-30,Likely Voters,588,Live Phone,Nonpartisan,NA,Undecided,4
New Hampshire,15386,ARG,2012-09-25,2012-09-27,Likely Voters,600,Live Phone,Nonpartisan,NA,Obama,50
New Hampshire,15386,ARG,2012-09-25,2012-09-27,Likely Voters,600,Live Phone,Nonpartisan,NA,Romney,45
New Hampshire,15386,ARG,2012-09-25,2012-09-27,Likely Voters,600,Live Phone,Nonpartisan,NA,Other,1
New Hampshire,15386,ARG,2012-09-25,2012-09-27,Likely Voters,600,Live Phone,Nonpartisan,NA,Undecided,4
New Hampshire,15476,PPP (D-Progressive Change Campaign Committee),2012-09-24,2012-09-25,Likely Voters,862,Automated Phone,Sponsor,Dem,Obama,51
New Hampshire,15476,PPP (D-Progressive Change Campaign Committee),2012-09-24,2012-09-25,Likely Voters,862,Automated Phone,Sponsor,Dem,Romney,44
New Hampshire,15476,PPP (D-Progressive Change Campaign Committee),2012-09-24,2012-09-25,Likely Voters,862,Automated Phone,Sponsor,Dem,Other,NA
New Hampshire,15476,PPP (D-Progressive Change Campaign Committee),2012-09-24,2012-09-25,Likely Voters,862,Automated Phone,Sponsor,Dem,Undecided,6
New Hampshire,15370,NBC/WSJ/Marist,2012-09-23,2012-09-25,Likely Voters,1012,Live Phone,Nonpartisan,NA,Obama,51
New Hampshire,15370,NBC/WSJ/Marist,2012-09-23,2012-09-25,Likely Voters,1012,Live Phone,Nonpartisan,NA,Romney,44
New Hampshire,15370,NBC/WSJ/Marist,2012-09-23,2012-09-25,Likely Voters,1012,Live Phone,Nonpartisan,NA,Other,1
New Hampshire,15370,NBC/WSJ/Marist,2012-09-23,2012-09-25,Likely Voters,1012,Live Phone,Nonpartisan,NA,Undecided,4
New Hampshire,15344,GQR (D-New Hampshire Democratic Party),2012-09-15,2012-09-19,Likely Voters,600,Live Phone,Sponsor,Dem,Obama,52
New Hampshire,15344,GQR (D-New Hampshire Democratic Party),2012-09-15,2012-09-19,Likely Voters,600,Live Phone,Sponsor,Dem,Romney,45
New Hampshire,15344,GQR (D-New Hampshire Democratic Party),2012-09-15,2012-09-19,Likely Voters,600,Live Phone,Sponsor,Dem,Other,NA
New Hampshire,15344,GQR (D-New Hampshire Democratic Party),2012-09-15,2012-09-19,Likely Voters,600,Live Phone,Sponsor,Dem,Undecided,NA
New Hampshire,15130,Rasmussen,2012-09-18,2012-09-18,Likely Voters,500,Automated Phone,Nonpartisan,NA,Obama,45
New Hampshire,15130,Rasmussen,2012-09-18,2012-09-18,Likely Voters,500,Automated Phone,Nonpartisan,NA,Romney,48
New Hampshire,15130,Rasmussen,2012-09-18,2012-09-18,Likely Voters,500,Automated Phone,Nonpartisan,NA,Other,4
New Hampshire,15130,Rasmussen,2012-09-18,2012-09-18,Likely Voters,500,Automated Phone,Nonpartisan,NA,Undecided,3
New Hampshire,15107,ARG,2012-09-15,2012-09-17,Likely Voters,463,Live Phone,Nonpartisan,NA,Obama,48
New Hampshire,15107,ARG,2012-09-15,2012-09-17,Likely Voters,463,Live Phone,Nonpartisan,NA,Romney,47
New Hampshire,15107,ARG,2012-09-15,2012-09-17,Likely Voters,463,Live Phone,Nonpartisan,NA,Other,NA
New Hampshire,15107,ARG,2012-09-15,2012-09-17,Likely Voters,463,Live Phone,Nonpartisan,NA,Undecided,NA
New Hampshire,15152,YouGov,2012-09-07,2012-09-14,Likely Voters,340,Internet,Nonpartisan,NA,Obama,48
New Hampshire,15152,YouGov,2012-09-07,2012-09-14,Likely Voters,340,Internet,Nonpartisan,NA,Romney,42
New Hampshire,15152,YouGov,2012-09-07,2012-09-14,Likely Voters,340,Internet,Nonpartisan,NA,Other,5
New Hampshire,15152,YouGov,2012-09-07,2012-09-14,Likely Voters,340,Internet,Nonpartisan,NA,Undecided,5
New Hampshire,15025,UNH/WMUR,2012-09-04,2012-09-10,Likely Voters,592,Live Phone,Nonpartisan,NA,Obama,45
New Hampshire,15025,UNH/WMUR,2012-09-04,2012-09-10,Likely Voters,592,Live Phone,Nonpartisan,NA,Romney,40
New Hampshire,15025,UNH/WMUR,2012-09-04,2012-09-10,Likely Voters,592,Live Phone,Nonpartisan,NA,Other,3
New Hampshire,15025,UNH/WMUR,2012-09-04,2012-09-10,Likely Voters,592,Live Phone,Nonpartisan,NA,Undecided,12
New Hampshire,14654,PPP (D),2012-08-09,2012-08-12,Likely Voters,1055,Automated Phone,Pollster,Dem,Obama,51
New Hampshire,14654,PPP (D),2012-08-09,2012-08-12,Likely Voters,1055,Automated Phone,Pollster,Dem,Romney,45
New Hampshire,14654,PPP (D),2012-08-09,2012-08-12,Likely Voters,1055,Automated Phone,Pollster,Dem,Other,NA
New Hampshire,14654,PPP (D),2012-08-09,2012-08-12,Likely Voters,1055,Automated Phone,Pollster,Dem,Undecided,5
New Hampshire,14645,UNH/WMUR,2012-08-01,2012-08-12,Likely Voters,555,Live Phone,Nonpartisan,NA,Obama,49
New Hampshire,14645,UNH/WMUR,2012-08-01,2012-08-12,Likely Voters,555,Live Phone,Nonpartisan,NA,Romney,46
New Hampshire,14645,UNH/WMUR,2012-08-01,2012-08-12,Likely Voters,555,Live Phone,Nonpartisan,NA,Other,NA
New Hampshire,14645,UNH/WMUR,2012-08-01,2012-08-12,Likely Voters,555,Live Phone,Nonpartisan,NA,Undecided,NA
New Hampshire,14660,PPP (D-Democracy for America),2012-08-07,2012-08-08,Likely Voters,1591,Automated Phone,Sponsor,Dem,Obama,50
New Hampshire,14660,PPP (D-Democracy for America),2012-08-07,2012-08-08,Likely Voters,1591,Automated Phone,Sponsor,Dem,Romney,44
New Hampshire,14660,PPP (D-Democracy for America),2012-08-07,2012-08-08,Likely Voters,1591,Automated Phone,Sponsor,Dem,Other,NA
New Hampshire,14660,PPP (D-Democracy for America),2012-08-07,2012-08-08,Likely Voters,1591,Automated Phone,Sponsor,Dem,Undecided,6
New Hampshire,14370,UNH/WMUR,2012-07-05,2012-07-15,Likely Voters,470,Live Phone,Nonpartisan,NA,Obama,49
New Hampshire,14370,UNH/WMUR,2012-07-05,2012-07-15,Likely Voters,470,Live Phone,Nonpartisan,NA,Romney,45
New Hampshire,14370,UNH/WMUR,2012-07-05,2012-07-15,Likely Voters,470,Live Phone,Nonpartisan,NA,Other,NA
New Hampshire,14370,UNH/WMUR,2012-07-05,2012-07-15,Likely Voters,470,Live Phone,Nonpartisan,NA,Undecided,NA
New Hampshire,14205,NBC/Marist,2012-06-24,2012-06-25,Registered Voters,1029,Live Phone,Nonpartisan,NA,Obama,45
New Hampshire,14205,NBC/Marist,2012-06-24,2012-06-25,Registered Voters,1029,Live Phone,Nonpartisan,NA,Romney,45
New Hampshire,14205,NBC/Marist,2012-06-24,2012-06-25,Registered Voters,1029,Live Phone,Nonpartisan,NA,Other,1
New Hampshire,14205,NBC/Marist,2012-06-24,2012-06-25,Registered Voters,1029,Live Phone,Nonpartisan,NA,Undecided,8
New Hampshire,14167,ARG,2012-06-21,2012-06-24,Likely Voters,417,Live Phone,Nonpartisan,NA,Obama,49
New Hampshire,14167,ARG,2012-06-21,2012-06-24,Likely Voters,417,Live Phone,Nonpartisan,NA,Romney,46
New Hampshire,14167,ARG,2012-06-21,2012-06-24,Likely Voters,417,Live Phone,Nonpartisan,NA,Other,NA
New Hampshire,14167,ARG,2012-06-21,2012-06-24,Likely Voters,417,Live Phone,Nonpartisan,NA,Undecided,6
New Hampshire,14145,Rasmussen,2012-06-20,2012-06-20,Likely Voters,500,Automated Phone,Nonpartisan,NA,Obama,48
New Hampshire,14145,Rasmussen,2012-06-20,2012-06-20,Likely Voters,500,Automated Phone,Nonpartisan,NA,Romney,43
New Hampshire,14145,Rasmussen,2012-06-20,2012-06-20,Likely Voters,500,Automated Phone,Nonpartisan,NA,Other,2
New Hampshire,14145,Rasmussen,2012-06-20,2012-06-20,Likely Voters,500,Automated Phone,Nonpartisan,NA,Undecided,6
New Hampshire,13806,PPP (D),2012-05-10,2012-05-13,Likely Voters,1163,Automated Phone,Pollster,Dem,Obama,53
New Hampshire,13806,PPP (D),2012-05-10,2012-05-13,Likely Voters,1163,Automated Phone,Pollster,Dem,Romney,41
New Hampshire,13806,PPP (D),2012-05-10,2012-05-13,Likely Voters,1163,Automated Phone,Pollster,Dem,Other,NA
New Hampshire,13806,PPP (D),2012-05-10,2012-05-13,Likely Voters,1163,Automated Phone,Pollster,Dem,Undecided,6
New Hampshire,13594,UNH/WMUR,2012-04-09,2012-04-20,Likely Voters,486,Live Phone,Nonpartisan,NA,Obama,51
New Hampshire,13594,UNH/WMUR,2012-04-09,2012-04-20,Likely Voters,486,Live Phone,Nonpartisan,NA,Romney,42
New Hampshire,13594,UNH/WMUR,2012-04-09,2012-04-20,Likely Voters,486,Live Phone,Nonpartisan,NA,Other,2
New Hampshire,13594,UNH/WMUR,2012-04-09,2012-04-20,Likely Voters,486,Live Phone,Nonpartisan,NA,Undecided,5
New Hampshire,13561,Dartmouth,2012-04-02,2012-04-05,Registered Voters,403,Live Phone,Nonpartisan,NA,Obama,42
New Hampshire,13561,Dartmouth,2012-04-02,2012-04-05,Registered Voters,403,Live Phone,Nonpartisan,NA,Romney,44
New Hampshire,13561,Dartmouth,2012-04-02,2012-04-05,Registered Voters,403,Live Phone,Nonpartisan,NA,Other,NA
New Hampshire,13561,Dartmouth,2012-04-02,2012-04-05,Registered Voters,403,Live Phone,Nonpartisan,NA,Undecided,NA
New Hampshire,13424,ARG,2012-03-15,2012-03-18,Registered Voters,557,Live Phone,Nonpartisan,NA,Obama,48
New Hampshire,13424,ARG,2012-03-15,2012-03-18,Registered Voters,557,Live Phone,Nonpartisan,NA,Romney,41
New Hampshire,13424,ARG,2012-03-15,2012-03-18,Registered Voters,557,Live Phone,Nonpartisan,NA,Other,NA
New Hampshire,13424,ARG,2012-03-15,2012-03-18,Registered Voters,557,Live Phone,Nonpartisan,NA,Undecided,11
New Hampshire,12833,UNH/WMUR,2012-01-25,2012-02-02,Likely Voters,495,Live Phone,Nonpartisan,NA,Obama,50
New Hampshire,12833,UNH/WMUR,2012-01-25,2012-02-02,Likely Voters,495,Live Phone,Nonpartisan,NA,Romney,40
New Hampshire,12833,UNH/WMUR,2012-01-25,2012-02-02,Likely Voters,495,Live Phone,Nonpartisan,NA,Other,NA
New Hampshire,12833,UNH/WMUR,2012-01-25,2012-02-02,Likely Voters,495,Live Phone,Nonpartisan,NA,Undecided,9
Nevada,16645,PPP (D),2012-11-03,2012-11-04,Likely Voters,750,Automated Phone,Pollster,Dem,Obama,51
Nevada,16645,PPP (D),2012-11-03,2012-11-04,Likely Voters,750,Automated Phone,Pollster,Dem,Romney,47
Nevada,16645,PPP (D),2012-11-03,2012-11-04,Likely Voters,750,Automated Phone,Pollster,Dem,Other,NA
Nevada,16645,PPP (D),2012-11-03,2012-11-04,Likely Voters,750,Automated Phone,Pollster,Dem,Undecided,1
Nevada,16592,YouGov,2012-10-31,2012-11-03,Likely Voters,732,Internet,Nonpartisan,NA,Obama,49
Nevada,16592,YouGov,2012-10-31,2012-11-03,Likely Voters,732,Internet,Nonpartisan,NA,Romney,45
Nevada,16592,YouGov,2012-10-31,2012-11-03,Likely Voters,732,Internet,Nonpartisan,NA,Other,2
Nevada,16592,YouGov,2012-10-31,2012-11-03,Likely Voters,732,Internet,Nonpartisan,NA,Undecided,3
Nevada,16493,Mellman (D-Americans United for Change),2012-10-29,2012-10-31,Likely Voters,600,Live Phone,Sponsor,Dem,Obama,50
Nevada,16493,Mellman (D-Americans United for Change),2012-10-29,2012-10-31,Likely Voters,600,Live Phone,Sponsor,Dem,Romney,44
Nevada,16493,Mellman (D-Americans United for Change),2012-10-29,2012-10-31,Likely Voters,600,Live Phone,Sponsor,Dem,Other,NA
Nevada,16493,Mellman (D-Americans United for Change),2012-10-29,2012-10-31,Likely Voters,600,Live Phone,Sponsor,Dem,Undecided,4
Nevada,16409,SurveyUSA,2012-10-23,2012-10-29,Likely Voters,1212,Mixed,Nonpartisan,NA,Obama,50
Nevada,16409,SurveyUSA,2012-10-23,2012-10-29,Likely Voters,1212,Mixed,Nonpartisan,NA,Romney,46
Nevada,16409,SurveyUSA,2012-10-23,2012-10-29,Likely Voters,1212,Mixed,Nonpartisan,NA,Other,2
Nevada,16409,SurveyUSA,2012-10-23,2012-10-29,Likely Voters,1212,Mixed,Nonpartisan,NA,Undecided,2
Nevada,16308,Grove Insight (D-Project New America/USAction),2012-10-27,2012-10-28,Likely Voters,500,Live Phone,Pollster,Dem,Obama,49
Nevada,16308,Grove Insight (D-Project New America/USAction),2012-10-27,2012-10-28,Likely Voters,500,Live Phone,Pollster,Dem,Romney,43
Nevada,16308,Grove Insight (D-Project New America/USAction),2012-10-27,2012-10-28,Likely Voters,500,Live Phone,Pollster,Dem,Other,NA
Nevada,16308,Grove Insight (D-Project New America/USAction),2012-10-27,2012-10-28,Likely Voters,500,Live Phone,Pollster,Dem,Undecided,NA
Nevada,16183,Gravis Marketing,2012-10-24,2012-10-24,Likely Voters,955,Automated Phone,Nonpartisan,NA,Obama,50
Nevada,16183,Gravis Marketing,2012-10-24,2012-10-24,Likely Voters,955,Automated Phone,Nonpartisan,NA,Romney,49
Nevada,16183,Gravis Marketing,2012-10-24,2012-10-24,Likely Voters,955,Automated Phone,Nonpartisan,NA,Other,NA
Nevada,16183,Gravis Marketing,2012-10-24,2012-10-24,Likely Voters,955,Automated Phone,Nonpartisan,NA,Undecided,2
Nevada,16174,NBC/WSJ/Marist,2012-10-23,2012-10-24,Likely Voters,1042,Live Phone,Nonpartisan,NA,Obama,50
Nevada,16174,NBC/WSJ/Marist,2012-10-23,2012-10-24,Likely Voters,1042,Live Phone,Nonpartisan,NA,Romney,47
Nevada,16174,NBC/WSJ/Marist,2012-10-23,2012-10-24,Likely Voters,1042,Live Phone,Nonpartisan,NA,Other,1
Nevada,16174,NBC/WSJ/Marist,2012-10-23,2012-10-24,Likely Voters,1042,Live Phone,Nonpartisan,NA,Undecided,2
Nevada,16123,PPP (D),2012-10-22,2012-10-24,Likely Voters,636,Automated Phone,Pollster,Dem,Obama,51
Nevada,16123,PPP (D),2012-10-22,2012-10-24,Likely Voters,636,Automated Phone,Pollster,Dem,Romney,47
Nevada,16123,PPP (D),2012-10-22,2012-10-24,Likely Voters,636,Automated Phone,Pollster,Dem,Other,NA
Nevada,16123,PPP (D),2012-10-22,2012-10-24,Likely Voters,636,Automated Phone,Pollster,Dem,Undecided,2
Nevada,16111,Rasmussen,2012-10-23,2012-10-23,Likely Voters,500,Automated Phone,Nonpartisan,NA,Obama,50
Nevada,16111,Rasmussen,2012-10-23,2012-10-23,Likely Voters,500,Automated Phone,Nonpartisan,NA,Romney,48
Nevada,16111,Rasmussen,2012-10-23,2012-10-23,Likely Voters,500,Automated Phone,Nonpartisan,NA,Other,1
Nevada,16111,Rasmussen,2012-10-23,2012-10-23,Likely Voters,500,Automated Phone,Nonpartisan,NA,Undecided,1
Nevada,16069,ARG,2012-10-19,2012-10-22,Likely Voters,600,Live Phone,Nonpartisan,NA,Obama,49
Nevada,16069,ARG,2012-10-19,2012-10-22,Likely Voters,600,Live Phone,Nonpartisan,NA,Romney,47
Nevada,16069,ARG,2012-10-19,2012-10-22,Likely Voters,600,Live Phone,Nonpartisan,NA,Other,1
Nevada,16069,ARG,2012-10-19,2012-10-22,Likely Voters,600,Live Phone,Nonpartisan,NA,Undecided,3
Nevada,15958,Mellman (D-Americans United for Change),2012-10-15,2012-10-17,Likely Voters,600,Live Phone,Sponsor,Dem,Obama,51
Nevada,15958,Mellman (D-Americans United for Change),2012-10-15,2012-10-17,Likely Voters,600,Live Phone,Sponsor,Dem,Romney,43
Nevada,15958,Mellman (D-Americans United for Change),2012-10-15,2012-10-17,Likely Voters,600,Live Phone,Sponsor,Dem,Other,NA
Nevada,15958,Mellman (D-Americans United for Change),2012-10-15,2012-10-17,Likely Voters,600,Live Phone,Sponsor,Dem,Undecided,NA
Nevada,15911,Grove Insight (D-Project New America),2012-10-15,2012-10-16,Likely Voters,500,Live Phone,Pollster,Dem,Obama,50
Nevada,15911,Grove Insight (D-Project New America),2012-10-15,2012-10-16,Likely Voters,500,Live Phone,Pollster,Dem,Romney,43
Nevada,15911,Grove Insight (D-Project New America),2012-10-15,2012-10-16,Likely Voters,500,Live Phone,Pollster,Dem,Other,4
Nevada,15911,Grove Insight (D-Project New America),2012-10-15,2012-10-16,Likely Voters,500,Live Phone,Pollster,Dem,Undecided,4
Nevada,15879,Rasmussen,2012-10-15,2012-10-15,Likely Voters,500,Automated Phone,Nonpartisan,NA,Obama,50
Nevada,15879,Rasmussen,2012-10-15,2012-10-15,Likely Voters,500,Automated Phone,Nonpartisan,NA,Romney,47
Nevada,15879,Rasmussen,2012-10-15,2012-10-15,Likely Voters,500,Automated Phone,Nonpartisan,NA,Other,2
Nevada,15879,Rasmussen,2012-10-15,2012-10-15,Likely Voters,500,Automated Phone,Nonpartisan,NA,Undecided,1
Nevada,15874,SurveyUSA,2012-10-11,2012-10-15,Likely Voters,806,Mixed,Nonpartisan,NA,Obama,48
Nevada,15874,SurveyUSA,2012-10-11,2012-10-15,Likely Voters,806,Mixed,Nonpartisan,NA,Romney,45
Nevada,15874,SurveyUSA,2012-10-11,2012-10-15,Likely Voters,806,Mixed,Nonpartisan,NA,Other,3
Nevada,15874,SurveyUSA,2012-10-11,2012-10-15,Likely Voters,806,Mixed,Nonpartisan,NA,Undecided,3
Nevada,15853,YouGov,2012-10-04,2012-10-11,Likely Voters,358,Internet,Nonpartisan,NA,Obama,50
Nevada,15853,YouGov,2012-10-04,2012-10-11,Likely Voters,358,Internet,Nonpartisan,NA,Romney,45
Nevada,15853,YouGov,2012-10-04,2012-10-11,Likely Voters,358,Internet,Nonpartisan,NA,Other,1
Nevada,15853,YouGov,2012-10-04,2012-10-11,Likely Voters,358,Internet,Nonpartisan,NA,Undecided,3
Nevada,15676,PPP (D),2012-10-08,2012-10-10,Likely Voters,594,Automated Phone,Pollster,Dem,Obama,51
Nevada,15676,PPP (D),2012-10-08,2012-10-10,Likely Voters,594,Automated Phone,Pollster,Dem,Romney,47
Nevada,15676,PPP (D),2012-10-08,2012-10-10,Likely Voters,594,Automated Phone,Pollster,Dem,Other,NA
Nevada,15676,PPP (D),2012-10-08,2012-10-10,Likely Voters,594,Automated Phone,Pollster,Dem,Undecided,2
Nevada,15687,Suffolk/KSNV,2012-10-06,2012-10-09,Likely Voters,500,Live Phone,Nonpartisan,NA,Obama,47
Nevada,15687,Suffolk/KSNV,2012-10-06,2012-10-09,Likely Voters,500,Live Phone,Nonpartisan,NA,Romney,45
Nevada,15687,Suffolk/KSNV,2012-10-06,2012-10-09,Likely Voters,500,Live Phone,Nonpartisan,NA,Other,2
Nevada,15687,Suffolk/KSNV,2012-10-06,2012-10-09,Likely Voters,500,Live Phone,Nonpartisan,NA,Undecided,6
Nevada,15631,Rasmussen,2012-10-08,2012-10-08,Likely Voters,500,Automated Phone,Nonpartisan,NA,Obama,47
Nevada,15631,Rasmussen,2012-10-08,2012-10-08,Likely Voters,500,Automated Phone,Nonpartisan,NA,Romney,47
Nevada,15631,Rasmussen,2012-10-08,2012-10-08,Likely Voters,500,Automated Phone,Nonpartisan,NA,Other,3
Nevada,15631,Rasmussen,2012-10-08,2012-10-08,Likely Voters,500,Automated Phone,Nonpartisan,NA,Undecided,3
Nevada,15648,SurveyUSA,2012-10-03,2012-10-08,Likely Voters,1222,Mixed,Nonpartisan,NA,Obama,47
Nevada,15648,SurveyUSA,2012-10-03,2012-10-08,Likely Voters,1222,Mixed,Nonpartisan,NA,Romney,46
Nevada,15648,SurveyUSA,2012-10-03,2012-10-08,Likely Voters,1222,Mixed,Nonpartisan,NA,Other,3
Nevada,15648,SurveyUSA,2012-10-03,2012-10-08,Likely Voters,1222,Mixed,Nonpartisan,NA,Undecided,4
Nevada,15554,Gravis Marketing,2012-10-03,2012-10-03,Likely Voters,1006,Automated Phone,Nonpartisan,NA,Obama,49
Nevada,15554,Gravis Marketing,2012-10-03,2012-10-03,Likely Voters,1006,Automated Phone,Nonpartisan,NA,Romney,48
Nevada,15554,Gravis Marketing,2012-10-03,2012-10-03,Likely Voters,1006,Automated Phone,Nonpartisan,NA,Other,NA
Nevada,15554,Gravis Marketing,2012-10-03,2012-10-03,Likely Voters,1006,Automated Phone,Nonpartisan,NA,Undecided,3
Nevada,15453,We Ask America,2012-09-25,2012-09-27,Likely Voters,1078,Automated Phone,Nonpartisan,NA,Obama,53
Nevada,15453,We Ask America,2012-09-25,2012-09-27,Likely Voters,1078,Automated Phone,Nonpartisan,NA,Romney,42
Nevada,15453,We Ask America,2012-09-25,2012-09-27,Likely Voters,1078,Automated Phone,Nonpartisan,NA,Other,2
Nevada,15453,We Ask America,2012-09-25,2012-09-27,Likely Voters,1078,Automated Phone,Nonpartisan,NA,Undecided,3
Nevada,15371,NBC/WSJ/Marist,2012-09-23,2012-09-25,Likely Voters,984,Live Phone,Nonpartisan,NA,Obama,49
Nevada,15371,NBC/WSJ/Marist,2012-09-23,2012-09-25,Likely Voters,984,Live Phone,Nonpartisan,NA,Romney,47
Nevada,15371,NBC/WSJ/Marist,2012-09-23,2012-09-25,Likely Voters,984,Live Phone,Nonpartisan,NA,Other,1
Nevada,15371,NBC/WSJ/Marist,2012-09-23,2012-09-25,Likely Voters,984,Live Phone,Nonpartisan,NA,Undecided,3
Nevada,15272,ARG,2012-09-20,2012-09-23,Likely Voters,600,Live Phone,Nonpartisan,NA,Obama,51
Nevada,15272,ARG,2012-09-20,2012-09-23,Likely Voters,600,Live Phone,Nonpartisan,NA,Romney,44
Nevada,15272,ARG,2012-09-20,2012-09-23,Likely Voters,600,Live Phone,Nonpartisan,NA,Other,1
Nevada,15272,ARG,2012-09-20,2012-09-23,Likely Voters,600,Live Phone,Nonpartisan,NA,Undecided,4
Nevada,15302,POS (R),2012-09-19,2012-09-20,Likely Voters,500,Live Phone,Pollster,Rep,Obama,46
Nevada,15302,POS (R),2012-09-19,2012-09-20,Likely Voters,500,Live Phone,Pollster,Rep,Romney,46
Nevada,15302,POS (R),2012-09-19,2012-09-20,Likely Voters,500,Live Phone,Pollster,Rep,Other,5
Nevada,15302,POS (R),2012-09-19,2012-09-20,Likely Voters,500,Live Phone,Pollster,Rep,Undecided,2
Nevada,15301,PPP (D-League of Conservation Voters),2012-09-18,2012-09-20,Likely Voters,501,Automated Phone,Sponsor,Dem,Obama,52
Nevada,15301,PPP (D-League of Conservation Voters),2012-09-18,2012-09-20,Likely Voters,501,Automated Phone,Sponsor,Dem,Romney,43
Nevada,15301,PPP (D-League of Conservation Voters),2012-09-18,2012-09-20,Likely Voters,501,Automated Phone,Sponsor,Dem,Other,NA
Nevada,15301,PPP (D-League of Conservation Voters),2012-09-18,2012-09-20,Likely Voters,501,Automated Phone,Sponsor,Dem,Undecided,5
Nevada,15175,Rasmussen,2012-09-18,2012-09-18,Likely Voters,500,Automated Phone,Nonpartisan,NA,Obama,47
Nevada,15175,Rasmussen,2012-09-18,2012-09-18,Likely Voters,500,Automated Phone,Nonpartisan,NA,Romney,45
Nevada,15175,Rasmussen,2012-09-18,2012-09-18,Likely Voters,500,Automated Phone,Nonpartisan,NA,Other,4
Nevada,15175,Rasmussen,2012-09-18,2012-09-18,Likely Voters,500,Automated Phone,Nonpartisan,NA,Undecided,3
Nevada,15182,CNN,2012-09-14,2012-09-18,Likely Voters,741,Live Phone,Nonpartisan,NA,Obama,49
Nevada,15182,CNN,2012-09-14,2012-09-18,Likely Voters,741,Live Phone,Nonpartisan,NA,Romney,46
Nevada,15182,CNN,2012-09-14,2012-09-18,Likely Voters,741,Live Phone,Nonpartisan,NA,Other,1
Nevada,15182,CNN,2012-09-14,2012-09-18,Likely Voters,741,Live Phone,Nonpartisan,NA,Undecided,4
Nevada,15155,YouGov,2012-09-07,2012-09-14,Likely Voters,541,Internet,Nonpartisan,NA,Obama,51
Nevada,15155,YouGov,2012-09-07,2012-09-14,Likely Voters,541,Internet,Nonpartisan,NA,Romney,44
Nevada,15155,YouGov,2012-09-07,2012-09-14,Likely Voters,541,Internet,Nonpartisan,NA,Other,2
Nevada,15155,YouGov,2012-09-07,2012-09-14,Likely Voters,541,Internet,Nonpartisan,NA,Undecided,3
Nevada,14828,PPP (D),2012-08-23,2012-08-26,Likely Voters,831,Automated Phone,Pollster,Dem,Obama,50
Nevada,14828,PPP (D),2012-08-23,2012-08-26,Likely Voters,831,Automated Phone,Pollster,Dem,Romney,47
Nevada,14828,PPP (D),2012-08-23,2012-08-26,Likely Voters,831,Automated Phone,Pollster,Dem,Other,NA
Nevada,14828,PPP (D),2012-08-23,2012-08-26,Likely Voters,831,Automated Phone,Pollster,Dem,Undecided,4
Nevada,14725,SurveyUSA,2012-08-16,2012-08-21,Likely Voters,869,IVR/Online,Nonpartisan,NA,Obama,47
Nevada,14725,SurveyUSA,2012-08-16,2012-08-21,Likely Voters,869,IVR/Online,Nonpartisan,NA,Romney,45
Nevada,14725,SurveyUSA,2012-08-16,2012-08-21,Likely Voters,869,IVR/Online,Nonpartisan,NA,Other,5
Nevada,14725,SurveyUSA,2012-08-16,2012-08-21,Likely Voters,869,IVR/Online,Nonpartisan,NA,Undecided,4
Nevada,14462,Rasmussen,2012-07-24,2012-07-24,Likely Voters,500,Automated Phone,Nonpartisan,NA,Obama,50
Nevada,14462,Rasmussen,2012-07-24,2012-07-24,Likely Voters,500,Automated Phone,Nonpartisan,NA,Romney,45
Nevada,14462,Rasmussen,2012-07-24,2012-07-24,Likely Voters,500,Automated Phone,Nonpartisan,NA,Other,1
Nevada,14462,Rasmussen,2012-07-24,2012-07-24,Likely Voters,500,Automated Phone,Nonpartisan,NA,Undecided,4
Nevada,14387,We Ask America,2012-07-17,2012-07-18,Likely Voters,1092,Automated Phone,Nonpartisan,NA,Obama,49
Nevada,14387,We Ask America,2012-07-17,2012-07-18,Likely Voters,1092,Automated Phone,Nonpartisan,NA,Romney,43
Nevada,14387,We Ask America,2012-07-17,2012-07-18,Likely Voters,1092,Automated Phone,Nonpartisan,NA,Other,2
Nevada,14387,We Ask America,2012-07-17,2012-07-18,Likely Voters,1092,Automated Phone,Nonpartisan,NA,Undecided,6
Nevada,14389,Magellan (R),2012-07-16,2012-07-17,Registered Voters,665,Mixed,Pollster,Rep,Obama,50
Nevada,14389,Magellan (R),2012-07-16,2012-07-17,Registered Voters,665,Mixed,Pollster,Rep,Romney,46
Nevada,14389,Magellan (R),2012-07-16,2012-07-17,Registered Voters,665,Mixed,Pollster,Rep,Other,NA
Nevada,14389,Magellan (R),2012-07-16,2012-07-17,Registered Voters,665,Mixed,Pollster,Rep,Undecided,4
Nevada,14087,PPP (D),2012-06-07,2012-06-10,Likely Voters,500,Automated Phone,Pollster,Dem,Obama,48
Nevada,14087,PPP (D),2012-06-07,2012-06-10,Likely Voters,500,Automated Phone,Pollster,Dem,Romney,42
Nevada,14087,PPP (D),2012-06-07,2012-06-10,Likely Voters,500,Automated Phone,Pollster,Dem,Other,NA
Nevada,14087,PPP (D),2012-06-07,2012-06-10,Likely Voters,500,Automated Phone,Pollster,Dem,Undecided,10
Nevada,13961,NBC/Marist,2012-05-22,2012-05-24,Registered Voters,1040,Live Phone,Nonpartisan,NA,Obama,48
Nevada,13961,NBC/Marist,2012-05-22,2012-05-24,Registered Voters,1040,Live Phone,Nonpartisan,NA,Romney,46
Nevada,13961,NBC/Marist,2012-05-22,2012-05-24,Registered Voters,1040,Live Phone,Nonpartisan,NA,Other,1
Nevada,13961,NBC/Marist,2012-05-22,2012-05-24,Registered Voters,1040,Live Phone,Nonpartisan,NA,Undecided,5
Nevada,13659,Rasmussen,2012-04-30,2012-04-30,Likely Voters,500,Automated Phone,Nonpartisan,NA,Obama,52
Nevada,13659,Rasmussen,2012-04-30,2012-04-30,Likely Voters,500,Automated Phone,Nonpartisan,NA,Romney,44
Nevada,13659,Rasmussen,2012-04-30,2012-04-30,Likely Voters,500,Automated Phone,Nonpartisan,NA,Other,2
Nevada,13659,Rasmussen,2012-04-30,2012-04-30,Likely Voters,500,Automated Phone,Nonpartisan,NA,Undecided,2
Nevada,13430,PPP (D),2012-03-29,2012-04-01,Registered Voters,553,Automated Phone,Pollster,Dem,Obama,51
Nevada,13430,PPP (D),2012-03-29,2012-04-01,Registered Voters,553,Automated Phone,Pollster,Dem,Romney,43
Nevada,13430,PPP (D),2012-03-29,2012-04-01,Registered Voters,553,Automated Phone,Pollster,Dem,Other,NA
Nevada,13430,PPP (D),2012-03-29,2012-04-01,Registered Voters,553,Automated Phone,Pollster,Dem,Undecided,6
Nevada,13272,Rasmussen,2012-03-19,2012-03-19,Likely Voters,500,Automated Phone,Nonpartisan,NA,Obama,50
Nevada,13272,Rasmussen,2012-03-19,2012-03-19,Likely Voters,500,Automated Phone,Nonpartisan,NA,Romney,44
Nevada,13272,Rasmussen,2012-03-19,2012-03-19,Likely Voters,500,Automated Phone,Nonpartisan,NA,Other,3
Nevada,13272,Rasmussen,2012-03-19,2012-03-19,Likely Voters,500,Automated Phone,Nonpartisan,NA,Undecided,2
Missouri,16550,PPP (D),2012-11-02,2012-11-03,Likely Voters,835,Automated Phone,Pollster,Dem,Obama,45
Missouri,16550,PPP (D),2012-11-02,2012-11-03,Likely Voters,835,Automated Phone,Pollster,Dem,Romney,53
Missouri,16550,PPP (D),2012-11-02,2012-11-03,Likely Voters,835,Automated Phone,Pollster,Dem,Other,NA
Missouri,16550,PPP (D),2012-11-02,2012-11-03,Likely Voters,835,Automated Phone,Pollster,Dem,Undecided,2
Missouri,16593,YouGov,2012-10-31,2012-11-03,Likely Voters,779,Internet,Nonpartisan,NA,Obama,42
Missouri,16593,YouGov,2012-10-31,2012-11-03,Likely Voters,779,Internet,Nonpartisan,NA,Romney,53
Missouri,16593,YouGov,2012-10-31,2012-11-03,Likely Voters,779,Internet,Nonpartisan,NA,Other,NA
Missouri,16593,YouGov,2012-10-31,2012-11-03,Likely Voters,779,Internet,Nonpartisan,NA,Undecided,3
Missouri,16615,SurveyUSA,2012-10-28,2012-11-03,Likely Voters,589,IVR/Online,Nonpartisan,NA,Obama,43
Missouri,16615,SurveyUSA,2012-10-28,2012-11-03,Likely Voters,589,IVR/Online,Nonpartisan,NA,Romney,50
Missouri,16615,SurveyUSA,2012-10-28,2012-11-03,Likely Voters,589,IVR/Online,Nonpartisan,NA,Other,NA
Missouri,16615,SurveyUSA,2012-10-28,2012-11-03,Likely Voters,589,IVR/Online,Nonpartisan,NA,Undecided,3
Missouri,16395,We Ask America,2012-10-30,2012-10-30,Likely Voters,1217,Automated Phone,Nonpartisan,NA,Obama,42
Missouri,16395,We Ask America,2012-10-30,2012-10-30,Likely Voters,1217,Automated Phone,Nonpartisan,NA,Romney,54
Missouri,16395,We Ask America,2012-10-30,2012-10-30,Likely Voters,1217,Automated Phone,Nonpartisan,NA,Other,NA
Missouri,16395,We Ask America,2012-10-30,2012-10-30,Likely Voters,1217,Automated Phone,Nonpartisan,NA,Undecided,NA
Missouri,16218,Mason-Dixon,2012-10-23,2012-10-25,Likely Voters,625,Live Phone,Nonpartisan,NA,Obama,41
Missouri,16218,Mason-Dixon,2012-10-23,2012-10-25,Likely Voters,625,Live Phone,Nonpartisan,NA,Romney,54
Missouri,16218,Mason-Dixon,2012-10-23,2012-10-25,Likely Voters,625,Live Phone,Nonpartisan,NA,Other,NA
Missouri,16218,Mason-Dixon,2012-10-23,2012-10-25,Likely Voters,625,Live Phone,Nonpartisan,NA,Undecided,4
Missouri,16009,PPP (D),2012-10-19,2012-10-21,Likely Voters,582,Automated Phone,Pollster,Dem,Obama,46
Missouri,16009,PPP (D),2012-10-19,2012-10-21,Likely Voters,582,Automated Phone,Pollster,Dem,Romney,52
Missouri,16009,PPP (D),2012-10-19,2012-10-21,Likely Voters,582,Automated Phone,Pollster,Dem,Other,NA
Missouri,16009,PPP (D),2012-10-19,2012-10-21,Likely Voters,582,Automated Phone,Pollster,Dem,Undecided,2
Missouri,15947,Rasmussen,2012-10-17,2012-10-17,Likely Voters,500,Automated Phone,Nonpartisan,NA,Obama,43
Missouri,15947,Rasmussen,2012-10-17,2012-10-17,Likely Voters,500,Automated Phone,Nonpartisan,NA,Romney,54
Missouri,15947,Rasmussen,2012-10-17,2012-10-17,Likely Voters,500,Automated Phone,Nonpartisan,NA,Other,NA
Missouri,15947,Rasmussen,2012-10-17,2012-10-17,Likely Voters,500,Automated Phone,Nonpartisan,NA,Undecided,3
Missouri,15813,Wenzel Strategies (R),2012-10-12,2012-10-13,Likely Voters,1000,Live Phone,Pollster,Rep,Obama,41
Missouri,15813,Wenzel Strategies (R),2012-10-12,2012-10-13,Likely Voters,1000,Live Phone,Pollster,Rep,Romney,55
Missouri,15813,Wenzel Strategies (R),2012-10-12,2012-10-13,Likely Voters,1000,Live Phone,Pollster,Rep,Other,NA
Missouri,15813,Wenzel Strategies (R),2012-10-12,2012-10-13,Likely Voters,1000,Live Phone,Pollster,Rep,Undecided,4
Missouri,15864,YouGov,2012-10-04,2012-10-11,Likely Voters,546,Internet,Nonpartisan,NA,Obama,42
Missouri,15864,YouGov,2012-10-04,2012-10-11,Likely Voters,546,Internet,Nonpartisan,NA,Romney,52
Missouri,15864,YouGov,2012-10-04,2012-10-11,Likely Voters,546,Internet,Nonpartisan,NA,Other,NA
Missouri,15864,YouGov,2012-10-04,2012-10-11,Likely Voters,546,Internet,Nonpartisan,NA,Undecided,4
Missouri,15497,PPP (D),2012-10-01,2012-10-03,Likely Voters,700,Automated Phone,Pollster,Dem,Obama,45
Missouri,15497,PPP (D),2012-10-01,2012-10-03,Likely Voters,700,Automated Phone,Pollster,Dem,Romney,51
Missouri,15497,PPP (D),2012-10-01,2012-10-03,Likely Voters,700,Automated Phone,Pollster,Dem,Other,NA
Missouri,15497,PPP (D),2012-10-01,2012-10-03,Likely Voters,700,Automated Phone,Pollster,Dem,Undecided,4
Missouri,15514,Rasmussen,2012-10-02,2012-10-02,Likely Voters,500,Automated Phone,Nonpartisan,NA,Obama,46
Missouri,15514,Rasmussen,2012-10-02,2012-10-02,Likely Voters,500,Automated Phone,Nonpartisan,NA,Romney,49
Missouri,15514,Rasmussen,2012-10-02,2012-10-02,Likely Voters,500,Automated Phone,Nonpartisan,NA,Other,NA
Missouri,15514,Rasmussen,2012-10-02,2012-10-02,Likely Voters,500,Automated Phone,Nonpartisan,NA,Undecided,3
Missouri,15546,Wenzel Strategies (R-Akin),2012-09-30,2012-10-01,Likely Voters,675,Live Phone,Sponsor,Rep,Obama,40
Missouri,15546,Wenzel Strategies (R-Akin),2012-09-30,2012-10-01,Likely Voters,675,Live Phone,Sponsor,Rep,Romney,50
Missouri,15546,Wenzel Strategies (R-Akin),2012-09-30,2012-10-01,Likely Voters,675,Live Phone,Sponsor,Rep,Other,NA
Missouri,15546,Wenzel Strategies (R-Akin),2012-09-30,2012-10-01,Likely Voters,675,Live Phone,Sponsor,Rep,Undecided,NA
Missouri,15455,We Ask America,2012-09-25,2012-09-27,Likely Voters,1145,Automated Phone,Nonpartisan,NA,Obama,45
Missouri,15455,We Ask America,2012-09-25,2012-09-27,Likely Voters,1145,Automated Phone,Nonpartisan,NA,Romney,48
Missouri,15455,We Ask America,2012-09-25,2012-09-27,Likely Voters,1145,Automated Phone,Nonpartisan,NA,Other,NA
Missouri,15455,We Ask America,2012-09-25,2012-09-27,Likely Voters,1145,Automated Phone,Nonpartisan,NA,Undecided,6
Missouri,15341,Chilenski Strategies/Missouri Scout,2012-09-20,2012-09-20,Likely Voters,817,Automated Phone,Nonpartisan,NA,Obama,44
Missouri,15341,Chilenski Strategies/Missouri Scout,2012-09-20,2012-09-20,Likely Voters,817,Automated Phone,Nonpartisan,NA,Romney,50
Missouri,15341,Chilenski Strategies/Missouri Scout,2012-09-20,2012-09-20,Likely Voters,817,Automated Phone,Nonpartisan,NA,Other,NA
Missouri,15341,Chilenski Strategies/Missouri Scout,2012-09-20,2012-09-20,Likely Voters,817,Automated Phone,Nonpartisan,NA,Undecided,6
Missouri,15225,YouGov,2012-09-07,2012-09-14,Likely Voters,734,Internet,Nonpartisan,NA,Obama,43
Missouri,15225,YouGov,2012-09-07,2012-09-14,Likely Voters,734,Internet,Nonpartisan,NA,Romney,50
Missouri,15225,YouGov,2012-09-07,2012-09-14,Likely Voters,734,Internet,Nonpartisan,NA,Other,NA
Missouri,15225,YouGov,2012-09-07,2012-09-14,Likely Voters,734,Internet,Nonpartisan,NA,Undecided,4
Missouri,14997,Rasmussen,2012-09-11,2012-09-11,Likely Voters,500,Automated Phone,Nonpartisan,NA,Obama,45
Missouri,14997,Rasmussen,2012-09-11,2012-09-11,Likely Voters,500,Automated Phone,Nonpartisan,NA,Romney,48
Missouri,14997,Rasmussen,2012-09-11,2012-09-11,Likely Voters,500,Automated Phone,Nonpartisan,NA,Other,NA
Missouri,14997,Rasmussen,2012-09-11,2012-09-11,Likely Voters,500,Automated Phone,Nonpartisan,NA,Undecided,3
Missouri,15007,Wenzel Strategies (R-Citizens United),2012-09-10,2012-09-11,Likely Voters,850,Live Phone,Sponsor,Rep,Obama,38
Missouri,15007,Wenzel Strategies (R-Citizens United),2012-09-10,2012-09-11,Likely Voters,850,Live Phone,Sponsor,Rep,Romney,57
Missouri,15007,Wenzel Strategies (R-Citizens United),2012-09-10,2012-09-11,Likely Voters,850,Live Phone,Sponsor,Rep,Other,NA
Missouri,15007,Wenzel Strategies (R-Citizens United),2012-09-10,2012-09-11,Likely Voters,850,Live Phone,Sponsor,Rep,Undecided,5
Missouri,14838,PPP (D),2012-08-28,2012-08-29,Likely Voters,621,Automated Phone,Pollster,Dem,Obama,41
Missouri,14838,PPP (D),2012-08-28,2012-08-29,Likely Voters,621,Automated Phone,Pollster,Dem,Romney,53
Missouri,14838,PPP (D),2012-08-28,2012-08-29,Likely Voters,621,Automated Phone,Pollster,Dem,Other,NA
Missouri,14838,PPP (D),2012-08-28,2012-08-29,Likely Voters,621,Automated Phone,Pollster,Dem,Undecided,6
Missouri,14836,Gravis Marketing,2012-08-23,2012-08-23,Likely Voters,1057,Automated Phone,Nonpartisan,NA,Obama,36
Missouri,14836,Gravis Marketing,2012-08-23,2012-08-23,Likely Voters,1057,Automated Phone,Nonpartisan,NA,Romney,53
Missouri,14836,Gravis Marketing,2012-08-23,2012-08-23,Likely Voters,1057,Automated Phone,Nonpartisan,NA,Other,NA
Missouri,14836,Gravis Marketing,2012-08-23,2012-08-23,Likely Voters,1057,Automated Phone,Nonpartisan,NA,Undecided,7
Missouri,14770,Mason-Dixon,2012-08-22,2012-08-23,Likely Voters,625,Live Phone,Nonpartisan,NA,Obama,43
Missouri,14770,Mason-Dixon,2012-08-22,2012-08-23,Likely Voters,625,Live Phone,Nonpartisan,NA,Romney,50
Missouri,14770,Mason-Dixon,2012-08-22,2012-08-23,Likely Voters,625,Live Phone,Nonpartisan,NA,Other,NA
Missouri,14770,Mason-Dixon,2012-08-22,2012-08-23,Likely Voters,625,Live Phone,Nonpartisan,NA,Undecided,NA
Missouri,14759,Rasmussen,2012-08-22,2012-08-22,Likely Voters,500,Automated Phone,Nonpartisan,NA,Obama,47
Missouri,14759,Rasmussen,2012-08-22,2012-08-22,Likely Voters,500,Automated Phone,Nonpartisan,NA,Romney,46
Missouri,14759,Rasmussen,2012-08-22,2012-08-22,Likely Voters,500,Automated Phone,Nonpartisan,NA,Other,NA
Missouri,14759,Rasmussen,2012-08-22,2012-08-22,Likely Voters,500,Automated Phone,Nonpartisan,NA,Undecided,3
Missouri,14749,PPP (D),2012-08-20,2012-08-20,Likely Voters,500,Automated Phone,Pollster,Dem,Obama,42
Missouri,14749,PPP (D),2012-08-20,2012-08-20,Likely Voters,500,Automated Phone,Pollster,Dem,Romney,52
Missouri,14749,PPP (D),2012-08-20,2012-08-20,Likely Voters,500,Automated Phone,Pollster,Dem,Other,NA
Missouri,14749,PPP (D),2012-08-20,2012-08-20,Likely Voters,500,Automated Phone,Pollster,Dem,Undecided,7
Missouri,14630,SurveyUSA,2012-08-09,2012-08-12,Likely Voters,585,IVR/Online,Nonpartisan,NA,Obama,44
Missouri,14630,SurveyUSA,2012-08-09,2012-08-12,Likely Voters,585,IVR/Online,Nonpartisan,NA,Romney,45
Missouri,14630,SurveyUSA,2012-08-09,2012-08-12,Likely Voters,585,IVR/Online,Nonpartisan,NA,Other,NA
Missouri,14630,SurveyUSA,2012-08-09,2012-08-12,Likely Voters,585,IVR/Online,Nonpartisan,NA,Undecided,5
Missouri,14646,Chilenski Strategies/Missouri Scout,2012-08-08,2012-08-08,Likely Voters,663,Automated Phone,Nonpartisan,NA,Obama,47
Missouri,14646,Chilenski Strategies/Missouri Scout,2012-08-08,2012-08-08,Likely Voters,663,Automated Phone,Nonpartisan,NA,Romney,48
Missouri,14646,Chilenski Strategies/Missouri Scout,2012-08-08,2012-08-08,Likely Voters,663,Automated Phone,Nonpartisan,NA,Other,NA
Missouri,14646,Chilenski Strategies/Missouri Scout,2012-08-08,2012-08-08,Likely Voters,663,Automated Phone,Nonpartisan,NA,Undecided,5
Missouri,14510,Rasmussen,2012-07-30,2012-07-30,Likely Voters,500,Automated Phone,Nonpartisan,NA,Obama,44
Missouri,14510,Rasmussen,2012-07-30,2012-07-30,Likely Voters,500,Automated Phone,Nonpartisan,NA,Romney,50
Missouri,14510,Rasmussen,2012-07-30,2012-07-30,Likely Voters,500,Automated Phone,Nonpartisan,NA,Other,NA
Missouri,14510,Rasmussen,2012-07-30,2012-07-30,Likely Voters,500,Automated Phone,Nonpartisan,NA,Undecided,3
Missouri,14495,Mason-Dixon,2012-07-23,2012-07-25,Likely Voters,625,Live Phone,Nonpartisan,NA,Obama,42
Missouri,14495,Mason-Dixon,2012-07-23,2012-07-25,Likely Voters,625,Live Phone,Nonpartisan,NA,Romney,51
Missouri,14495,Mason-Dixon,2012-07-23,2012-07-25,Likely Voters,625,Live Phone,Nonpartisan,NA,Other,NA
Missouri,14495,Mason-Dixon,2012-07-23,2012-07-25,Likely Voters,625,Live Phone,Nonpartisan,NA,Undecided,5
Missouri,14457,We Ask America,2012-07-24,2012-07-24,Likely Voters,1172,Automated Phone,Nonpartisan,NA,Obama,40
Missouri,14457,We Ask America,2012-07-24,2012-07-24,Likely Voters,1172,Automated Phone,Nonpartisan,NA,Romney,49
Missouri,14457,We Ask America,2012-07-24,2012-07-24,Likely Voters,1172,Automated Phone,Nonpartisan,NA,Other,NA
Missouri,14457,We Ask America,2012-07-24,2012-07-24,Likely Voters,1172,Automated Phone,Nonpartisan,NA,Undecided,9
Missouri,14044,Rasmussen,2012-06-07,2012-06-07,Likely Voters,500,Automated Phone,Nonpartisan,NA,Obama,42
Missouri,14044,Rasmussen,2012-06-07,2012-06-07,Likely Voters,500,Automated Phone,Nonpartisan,NA,Romney,49
Missouri,14044,Rasmussen,2012-06-07,2012-06-07,Likely Voters,500,Automated Phone,Nonpartisan,NA,Other,NA
Missouri,14044,Rasmussen,2012-06-07,2012-06-07,Likely Voters,500,Automated Phone,Nonpartisan,NA,Undecided,3
Missouri,13958,PPP (D),2012-05-24,2012-05-27,Registered Voters,602,Automated Phone,Pollster,Dem,Obama,45
Missouri,13958,PPP (D),2012-05-24,2012-05-27,Registered Voters,602,Automated Phone,Pollster,Dem,Romney,44
Missouri,13958,PPP (D),2012-05-24,2012-05-27,Registered Voters,602,Automated Phone,Pollster,Dem,Other,NA
Missouri,13958,PPP (D),2012-05-24,2012-05-27,Registered Voters,602,Automated Phone,Pollster,Dem,Undecided,11
Missouri,13574,Rasmussen,2012-04-17,2012-04-17,Likely Voters,500,Automated Phone,Nonpartisan,NA,Obama,45
Missouri,13574,Rasmussen,2012-04-17,2012-04-17,Likely Voters,500,Automated Phone,Nonpartisan,NA,Romney,48
Missouri,13574,Rasmussen,2012-04-17,2012-04-17,Likely Voters,500,Automated Phone,Nonpartisan,NA,Other,NA
Missouri,13574,Rasmussen,2012-04-17,2012-04-17,Likely Voters,500,Automated Phone,Nonpartisan,NA,Undecided,4
Missouri,13249,Rasmussen,2012-03-14,2012-03-15,Likely Voters,500,Automated Phone,Nonpartisan,NA,Obama,41
Missouri,13249,Rasmussen,2012-03-14,2012-03-15,Likely Voters,500,Automated Phone,Nonpartisan,NA,Romney,50
Missouri,13249,Rasmussen,2012-03-14,2012-03-15,Likely Voters,500,Automated Phone,Nonpartisan,NA,Other,NA
Missouri,13249,Rasmussen,2012-03-14,2012-03-15,Likely Voters,500,Automated Phone,Nonpartisan,NA,Undecided,2
Missouri,12708,PPP (D),2012-01-27,2012-01-29,Likely Voters,582,Automated Phone,Pollster,Dem,Obama,45
Missouri,12708,PPP (D),2012-01-27,2012-01-29,Likely Voters,582,Automated Phone,Pollster,Dem,Romney,45
Missouri,12708,PPP (D),2012-01-27,2012-01-29,Likely Voters,582,Automated Phone,Pollster,Dem,Other,NA
Missouri,12708,PPP (D),2012-01-27,2012-01-29,Likely Voters,582,Automated Phone,Pollster,Dem,Undecided,9
Minnesota,16533,PPP (D),2012-11-02,2012-11-03,Likely Voters,1164,Automated Phone,Pollster,Dem,Obama,53
Minnesota,16533,PPP (D),2012-11-02,2012-11-03,Likely Voters,1164,Automated Phone,Pollster,Dem,Romney,45
Minnesota,16533,PPP (D),2012-11-02,2012-11-03,Likely Voters,1164,Automated Phone,Pollster,Dem,Other,NA
Minnesota,16533,PPP (D),2012-11-02,2012-11-03,Likely Voters,1164,Automated Phone,Pollster,Dem,Undecided,2
Minnesota,16611,SurveyUSA,2012-11-01,2012-11-03,Likely Voters,556,IVR/Online,Nonpartisan,NA,Obama,52
Minnesota,16611,SurveyUSA,2012-11-01,2012-11-03,Likely Voters,556,IVR/Online,Nonpartisan,NA,Romney,41
Minnesota,16611,SurveyUSA,2012-11-01,2012-11-03,Likely Voters,556,IVR/Online,Nonpartisan,NA,Other,3
Minnesota,16611,SurveyUSA,2012-11-01,2012-11-03,Likely Voters,556,IVR/Online,Nonpartisan,NA,Undecided,4
Minnesota,16584,YouGov,2012-10-31,2012-11-03,Likely Voters,790,Internet,Nonpartisan,NA,Obama,50
Minnesota,16584,YouGov,2012-10-31,2012-11-03,Likely Voters,790,Internet,Nonpartisan,NA,Romney,43
Minnesota,16584,YouGov,2012-10-31,2012-11-03,Likely Voters,790,Internet,Nonpartisan,NA,Other,2
Minnesota,16584,YouGov,2012-10-31,2012-11-03,Likely Voters,790,Internet,Nonpartisan,NA,Undecided,4
Minnesota,16470,PPP (D-LCV),2012-10-31,2012-11-01,Likely Voters,772,Automated Phone,Sponsor,Dem,Obama,53
Minnesota,16470,PPP (D-LCV),2012-10-31,2012-11-01,Likely Voters,772,Automated Phone,Sponsor,Dem,Romney,44
Minnesota,16470,PPP (D-LCV),2012-10-31,2012-11-01,Likely Voters,772,Automated Phone,Sponsor,Dem,Other,NA
Minnesota,16470,PPP (D-LCV),2012-10-31,2012-11-01,Likely Voters,772,Automated Phone,Sponsor,Dem,Undecided,3
Minnesota,16534,NMB (R-American Future Fund),2012-10-30,2012-10-31,Likely Voters,500,Live Phone,Sponsor,Rep,Obama,45
Minnesota,16534,NMB (R-American Future Fund),2012-10-30,2012-10-31,Likely Voters,500,Live Phone,Sponsor,Rep,Romney,46
Minnesota,16534,NMB (R-American Future Fund),2012-10-30,2012-10-31,Likely Voters,500,Live Phone,Sponsor,Rep,Other,NA
Minnesota,16534,NMB (R-American Future Fund),2012-10-30,2012-10-31,Likely Voters,500,Live Phone,Sponsor,Rep,Undecided,NA
Minnesota,16410,SurveyUSA,2012-10-26,2012-10-28,Likely Voters,574,IVR/Online,Nonpartisan,NA,Obama,50
Minnesota,16410,SurveyUSA,2012-10-26,2012-10-28,Likely Voters,574,IVR/Online,Nonpartisan,NA,Romney,43
Minnesota,16410,SurveyUSA,2012-10-26,2012-10-28,Likely Voters,574,IVR/Online,Nonpartisan,NA,Other,4
Minnesota,16410,SurveyUSA,2012-10-26,2012-10-28,Likely Voters,574,IVR/Online,Nonpartisan,NA,Undecided,3
Minnesota,16231,The Star Tribune Minnesota Poll/Mason-Dixon,2012-10-23,2012-10-25,Likely Voters,800,Live Phone,Nonpartisan,NA,Obama,47
Minnesota,16231,The Star Tribune Minnesota Poll/Mason-Dixon,2012-10-23,2012-10-25,Likely Voters,800,Live Phone,Nonpartisan,NA,Romney,44
Minnesota,16231,The Star Tribune Minnesota Poll/Mason-Dixon,2012-10-23,2012-10-25,Likely Voters,800,Live Phone,Nonpartisan,NA,Other,2
Minnesota,16231,The Star Tribune Minnesota Poll/Mason-Dixon,2012-10-23,2012-10-25,Likely Voters,800,Live Phone,Nonpartisan,NA,Undecided,7
Minnesota,16073,Rasmussen,2012-10-21,2012-10-21,Likely Voters,500,Automated Phone,Nonpartisan,NA,Obama,51
Minnesota,16073,Rasmussen,2012-10-21,2012-10-21,Likely Voters,500,Automated Phone,Nonpartisan,NA,Romney,46
Minnesota,16073,Rasmussen,2012-10-21,2012-10-21,Likely Voters,500,Automated Phone,Nonpartisan,NA,Other,1
Minnesota,16073,Rasmussen,2012-10-21,2012-10-21,Likely Voters,500,Automated Phone,Nonpartisan,NA,Undecided,1
Minnesota,16227,St. Cloud St,2012-10-15,2012-10-21,Likely Voters,601,Live Phone,Nonpartisan,NA,Obama,53
Minnesota,16227,St. Cloud St,2012-10-15,2012-10-21,Likely Voters,601,Live Phone,Nonpartisan,NA,Romney,45
Minnesota,16227,St. Cloud St,2012-10-15,2012-10-21,Likely Voters,601,Live Phone,Nonpartisan,NA,Other,NA
Minnesota,16227,St. Cloud St,2012-10-15,2012-10-21,Likely Voters,601,Live Phone,Nonpartisan,NA,Undecided,2
Minnesota,15919,SurveyUSA,2012-10-12,2012-10-14,Likely Voters,550,IVR/Online,Nonpartisan,NA,Obama,50
Minnesota,15919,SurveyUSA,2012-10-12,2012-10-14,Likely Voters,550,IVR/Online,Nonpartisan,NA,Romney,40
Minnesota,15919,SurveyUSA,2012-10-12,2012-10-14,Likely Voters,550,IVR/Online,Nonpartisan,NA,Other,4
Minnesota,15919,SurveyUSA,2012-10-12,2012-10-14,Likely Voters,550,IVR/Online,Nonpartisan,NA,Undecided,6
Minnesota,15860,YouGov,2012-10-04,2012-10-11,Likely Voters,683,Internet,Nonpartisan,NA,Obama,52
Minnesota,15860,YouGov,2012-10-04,2012-10-11,Likely Voters,683,Internet,Nonpartisan,NA,Romney,44
Minnesota,15860,YouGov,2012-10-04,2012-10-11,Likely Voters,683,Internet,Nonpartisan,NA,Other,1
Minnesota,15860,YouGov,2012-10-04,2012-10-11,Likely Voters,683,Internet,Nonpartisan,NA,Undecided,3
Minnesota,15786,NMB (R-American Future Fund),2012-10-07,2012-10-08,Likely Voters,500,Live Phone,Sponsor,Rep,Obama,47
Minnesota,15786,NMB (R-American Future Fund),2012-10-07,2012-10-08,Likely Voters,500,Live Phone,Sponsor,Rep,Romney,43
Minnesota,15786,NMB (R-American Future Fund),2012-10-07,2012-10-08,Likely Voters,500,Live Phone,Sponsor,Rep,Other,NA
Minnesota,15786,NMB (R-American Future Fund),2012-10-07,2012-10-08,Likely Voters,500,Live Phone,Sponsor,Rep,Undecided,NA
Minnesota,15632,PPP (D),2012-10-05,2012-10-08,Likely Voters,937,Automated Phone,Pollster,Dem,Obama,53
Minnesota,15632,PPP (D),2012-10-05,2012-10-08,Likely Voters,937,Automated Phone,Pollster,Dem,Romney,43
Minnesota,15632,PPP (D),2012-10-05,2012-10-08,Likely Voters,937,Automated Phone,Pollster,Dem,Other,NA
Minnesota,15632,PPP (D),2012-10-05,2012-10-08,Likely Voters,937,Automated Phone,Pollster,Dem,Undecided,4
Minnesota,15262,The Star Tribune Minnesota Poll/Mason-Dixon,2012-09-17,2012-09-19,Likely Voters,800,Live Phone,Nonpartisan,NA,Obama,48
Minnesota,15262,The Star Tribune Minnesota Poll/Mason-Dixon,2012-09-17,2012-09-19,Likely Voters,800,Live Phone,Nonpartisan,NA,Romney,40
Minnesota,15262,The Star Tribune Minnesota Poll/Mason-Dixon,2012-09-17,2012-09-19,Likely Voters,800,Live Phone,Nonpartisan,NA,Other,5
Minnesota,15262,The Star Tribune Minnesota Poll/Mason-Dixon,2012-09-17,2012-09-19,Likely Voters,800,Live Phone,Nonpartisan,NA,Undecided,7
Minnesota,15191,YouGov,2012-09-07,2012-09-14,Likely Voters,816,Internet,Nonpartisan,NA,Obama,50
Minnesota,15191,YouGov,2012-09-07,2012-09-14,Likely Voters,816,Internet,Nonpartisan,NA,Romney,42
Minnesota,15191,YouGov,2012-09-07,2012-09-14,Likely Voters,816,Internet,Nonpartisan,NA,Other,4
Minnesota,15191,YouGov,2012-09-07,2012-09-14,Likely Voters,816,Internet,Nonpartisan,NA,Undecided,4
Minnesota,15015,PPP (D),2012-09-10,2012-09-11,Likely Voters,824,Automated Phone,Pollster,Dem,Obama,51
Minnesota,15015,PPP (D),2012-09-10,2012-09-11,Likely Voters,824,Automated Phone,Pollster,Dem,Romney,44
Minnesota,15015,PPP (D),2012-09-10,2012-09-11,Likely Voters,824,Automated Phone,Pollster,Dem,Other,NA
Minnesota,15015,PPP (D),2012-09-10,2012-09-11,Likely Voters,824,Automated Phone,Pollster,Dem,Undecided,5
Minnesota,14966,SurveyUSA,2012-09-06,2012-09-09,Likely Voters,551,IVR/Online,Nonpartisan,NA,Obama,50
Minnesota,14966,SurveyUSA,2012-09-06,2012-09-09,Likely Voters,551,IVR/Online,Nonpartisan,NA,Romney,40
Minnesota,14966,SurveyUSA,2012-09-06,2012-09-09,Likely Voters,551,IVR/Online,Nonpartisan,NA,Other,5
Minnesota,14966,SurveyUSA,2012-09-06,2012-09-09,Likely Voters,551,IVR/Online,Nonpartisan,NA,Undecided,5
Minnesota,14418,SurveyUSA,2012-07-17,2012-07-19,Likely Voters,552,IVR/Online,Nonpartisan,NA,Obama,46
Minnesota,14418,SurveyUSA,2012-07-17,2012-07-19,Likely Voters,552,IVR/Online,Nonpartisan,NA,Romney,40
Minnesota,14418,SurveyUSA,2012-07-17,2012-07-19,Likely Voters,552,IVR/Online,Nonpartisan,NA,Other,7
Minnesota,14418,SurveyUSA,2012-07-17,2012-07-19,Likely Voters,552,IVR/Online,Nonpartisan,NA,Undecided,7
Minnesota,14033,PPP (D),2012-05-31,2012-06-03,Registered Voters,973,Automated Phone,Pollster,Dem,Obama,54
Minnesota,14033,PPP (D),2012-05-31,2012-06-03,Registered Voters,973,Automated Phone,Pollster,Dem,Romney,39
Minnesota,14033,PPP (D),2012-05-31,2012-06-03,Registered Voters,973,Automated Phone,Pollster,Dem,Other,NA
Minnesota,14033,PPP (D),2012-05-31,2012-06-03,Registered Voters,973,Automated Phone,Pollster,Dem,Undecided,7
Minnesota,13783,SurveyUSA,2012-05-09,2012-05-10,Registered Voters,516,IVR/Online,Nonpartisan,NA,Obama,52
Minnesota,13783,SurveyUSA,2012-05-09,2012-05-10,Registered Voters,516,IVR/Online,Nonpartisan,NA,Romney,38
Minnesota,13783,SurveyUSA,2012-05-09,2012-05-10,Registered Voters,516,IVR/Online,Nonpartisan,NA,Other,NA
Minnesota,13783,SurveyUSA,2012-05-09,2012-05-10,Registered Voters,516,IVR/Online,Nonpartisan,NA,Undecided,10
Minnesota,13143,SurveyUSA,2012-01-31,2012-02-02,Registered Voters,542,IVR/Online,Nonpartisan,NA,Obama,49
Minnesota,13143,SurveyUSA,2012-01-31,2012-02-02,Registered Voters,542,IVR/Online,Nonpartisan,NA,Romney,36
Minnesota,13143,SurveyUSA,2012-01-31,2012-02-02,Registered Voters,542,IVR/Online,Nonpartisan,NA,Other,NA
Minnesota,13143,SurveyUSA,2012-01-31,2012-02-02,Registered Voters,542,IVR/Online,Nonpartisan,NA,Undecided,15
Minnesota,12641,PPP (D),2012-01-21,2012-01-22,Likely Voters,1236,Automated Phone,Pollster,Dem,Obama,51
Minnesota,12641,PPP (D),2012-01-21,2012-01-22,Likely Voters,1236,Automated Phone,Pollster,Dem,Romney,41
Minnesota,12641,PPP (D),2012-01-21,2012-01-22,Likely Voters,1236,Automated Phone,Pollster,Dem,Other,NA
Minnesota,12641,PPP (D),2012-01-21,2012-01-22,Likely Voters,1236,Automated Phone,Pollster,Dem,Undecided,8
Michigan,16684,Mitchell Research,2012-11-04,2012-11-04,Likely Voters,1305,Automated Phone,Pollster,Rep,Obama,51
Michigan,16684,Mitchell Research,2012-11-04,2012-11-04,Likely Voters,1305,Automated Phone,Pollster,Rep,Romney,46
Michigan,16684,Mitchell Research,2012-11-04,2012-11-04,Likely Voters,1305,Automated Phone,Pollster,Rep,Other,2
Michigan,16684,Mitchell Research,2012-11-04,2012-11-04,Likely Voters,1305,Automated Phone,Pollster,Rep,Undecided,1
Michigan,16622,Angus-Reid,2012-11-01,2012-11-03,Likely Voters,502,Internet,Nonpartisan,NA,Obama,52
Michigan,16622,Angus-Reid,2012-11-01,2012-11-03,Likely Voters,502,Internet,Nonpartisan,NA,Romney,47
Michigan,16622,Angus-Reid,2012-11-01,2012-11-03,Likely Voters,502,Internet,Nonpartisan,NA,Other,NA
Michigan,16622,Angus-Reid,2012-11-01,2012-11-03,Likely Voters,502,Internet,Nonpartisan,NA,Undecided,NA
Michigan,16502,PPP (D),2012-11-01,2012-11-03,Likely Voters,700,Automated Phone,Pollster,Dem,Obama,52
Michigan,16502,PPP (D),2012-11-01,2012-11-03,Likely Voters,700,Automated Phone,Pollster,Dem,Romney,46
Michigan,16502,PPP (D),2012-11-01,2012-11-03,Likely Voters,700,Automated Phone,Pollster,Dem,Other,NA
Michigan,16502,PPP (D),2012-11-01,2012-11-03,Likely Voters,700,Automated Phone,Pollster,Dem,Undecided,1
Michigan,16580,YouGov,2012-10-31,2012-11-03,Likely Voters,1091,Internet,Nonpartisan,NA,Obama,51
Michigan,16580,YouGov,2012-10-31,2012-11-03,Likely Voters,1091,Internet,Nonpartisan,NA,Romney,44
Michigan,16580,YouGov,2012-10-31,2012-11-03,Likely Voters,1091,Internet,Nonpartisan,NA,Other,3
Michigan,16580,YouGov,2012-10-31,2012-11-03,Likely Voters,1091,Internet,Nonpartisan,NA,Undecided,3
Michigan,16547,FMWB (D),2012-11-02,2012-11-02,Likely Voters,1913,Automated Phone,Pollster,Dem,Obama,46
Michigan,16547,FMWB (D),2012-11-02,2012-11-02,Likely Voters,1913,Automated Phone,Pollster,Dem,Romney,47
Michigan,16547,FMWB (D),2012-11-02,2012-11-02,Likely Voters,1913,Automated Phone,Pollster,Dem,Other,5
Michigan,16547,FMWB (D),2012-11-02,2012-11-02,Likely Voters,1913,Automated Phone,Pollster,Dem,Undecided,2
Michigan,16468,Rasmussen,2012-11-01,2012-11-01,Likely Voters,750,Automated Phone,Nonpartisan,NA,Obama,52
Michigan,16468,Rasmussen,2012-11-01,2012-11-01,Likely Voters,750,Automated Phone,Nonpartisan,NA,Romney,47
Michigan,16468,Rasmussen,2012-11-01,2012-11-01,Likely Voters,750,Automated Phone,Nonpartisan,NA,Other,1
Michigan,16468,Rasmussen,2012-11-01,2012-11-01,Likely Voters,750,Automated Phone,Nonpartisan,NA,Undecided,1
Michigan,16472,PPP (D-LCV),2012-10-31,2012-11-01,Likely Voters,500,Automated Phone,Sponsor,Dem,Obama,52
Michigan,16472,PPP (D-LCV),2012-10-31,2012-11-01,Likely Voters,500,Automated Phone,Sponsor,Dem,Romney,46
Michigan,16472,PPP (D-LCV),2012-10-31,2012-11-01,Likely Voters,500,Automated Phone,Sponsor,Dem,Other,NA
Michigan,16472,PPP (D-LCV),2012-10-31,2012-11-01,Likely Voters,500,Automated Phone,Sponsor,Dem,Undecided,2
Michigan,16461,Grove Insight (D-Project New America/USAction),2012-10-31,2012-11-01,Likely Voters,500,Live Phone,Pollster,Dem,Obama,48
Michigan,16461,Grove Insight (D-Project New America/USAction),2012-10-31,2012-11-01,Likely Voters,500,Live Phone,Pollster,Dem,Romney,41
Michigan,16461,Grove Insight (D-Project New America/USAction),2012-10-31,2012-11-01,Likely Voters,500,Live Phone,Pollster,Dem,Other,2
Michigan,16461,Grove Insight (D-Project New America/USAction),2012-10-31,2012-11-01,Likely Voters,500,Live Phone,Pollster,Dem,Undecided,9
Michigan,16390,PPP (D-Health Care for America Now),2012-10-30,2012-10-31,Likely Voters,500,Automated Phone,Sponsor,Dem,Obama,53
Michigan,16390,PPP (D-Health Care for America Now),2012-10-30,2012-10-31,Likely Voters,500,Automated Phone,Sponsor,Dem,Romney,45
Michigan,16390,PPP (D-Health Care for America Now),2012-10-30,2012-10-31,Likely Voters,500,Automated Phone,Sponsor,Dem,Other,NA
Michigan,16390,PPP (D-Health Care for America Now),2012-10-30,2012-10-31,Likely Voters,500,Automated Phone,Sponsor,Dem,Undecided,3
Michigan,16358,Glengariff Group,2012-10-27,2012-10-29,Likely Voters,600,Live Phone,Nonpartisan,NA,Obama,48
Michigan,16358,Glengariff Group,2012-10-27,2012-10-29,Likely Voters,600,Live Phone,Nonpartisan,NA,Romney,45
Michigan,16358,Glengariff Group,2012-10-27,2012-10-29,Likely Voters,600,Live Phone,Nonpartisan,NA,Other,1
Michigan,16358,Glengariff Group,2012-10-27,2012-10-29,Likely Voters,600,Live Phone,Nonpartisan,NA,Undecided,6
Michigan,16412,EPIC-MRA,2012-10-26,2012-10-29,Likely Voters,600,Automated Phone,Nonpartisan,NA,Obama,48
Michigan,16412,EPIC-MRA,2012-10-26,2012-10-29,Likely Voters,600,Automated Phone,Nonpartisan,NA,Romney,42
Michigan,16412,EPIC-MRA,2012-10-26,2012-10-29,Likely Voters,600,Automated Phone,Nonpartisan,NA,Other,4
Michigan,16412,EPIC-MRA,2012-10-26,2012-10-29,Likely Voters,600,Automated Phone,Nonpartisan,NA,Undecided,6
Michigan,16167,FMWB (D),2012-10-23,2012-10-23,Likely Voters,1122,Automated Phone,Pollster,Dem,Obama,47
Michigan,16167,FMWB (D),2012-10-23,2012-10-23,Likely Voters,1122,Automated Phone,Pollster,Dem,Romney,47
Michigan,16167,FMWB (D),2012-10-23,2012-10-23,Likely Voters,1122,Automated Phone,Pollster,Dem,Other,2
Michigan,16167,FMWB (D),2012-10-23,2012-10-23,Likely Voters,1122,Automated Phone,Pollster,Dem,Undecided,4
Michigan,16007,Angus-Reid,2012-10-18,2012-10-20,Likely Voters,513,Internet,Nonpartisan,NA,Obama,52
Michigan,16007,Angus-Reid,2012-10-18,2012-10-20,Likely Voters,513,Internet,Nonpartisan,NA,Romney,43
Michigan,16007,Angus-Reid,2012-10-18,2012-10-20,Likely Voters,513,Internet,Nonpartisan,NA,Other,5
Michigan,16007,Angus-Reid,2012-10-18,2012-10-20,Likely Voters,513,Internet,Nonpartisan,NA,Undecided,NA
Michigan,15934,EPIC-MRA,2012-10-17,2012-10-17,Likely Voters,800,Automated Phone,Nonpartisan,NA,Obama,52
Michigan,15934,EPIC-MRA,2012-10-17,2012-10-17,Likely Voters,800,Automated Phone,Nonpartisan,NA,Romney,46
Michigan,15934,EPIC-MRA,2012-10-17,2012-10-17,Likely Voters,800,Automated Phone,Nonpartisan,NA,Other,NA
Michigan,15934,EPIC-MRA,2012-10-17,2012-10-17,Likely Voters,800,Automated Phone,Nonpartisan,NA,Undecided,2
Michigan,15751,Rasmussen,2012-10-11,2012-10-11,Likely Voters,500,Automated Phone,Nonpartisan,NA,Obama,52
Michigan,15751,Rasmussen,2012-10-11,2012-10-11,Likely Voters,500,Automated Phone,Nonpartisan,NA,Romney,45
Michigan,15751,Rasmussen,2012-10-11,2012-10-11,Likely Voters,500,Automated Phone,Nonpartisan,NA,Other,1
Michigan,15751,Rasmussen,2012-10-11,2012-10-11,Likely Voters,500,Automated Phone,Nonpartisan,NA,Undecided,1
Michigan,15857,YouGov,2012-10-04,2012-10-11,Likely Voters,895,Internet,Nonpartisan,NA,Obama,52
Michigan,15857,YouGov,2012-10-04,2012-10-11,Likely Voters,895,Internet,Nonpartisan,NA,Romney,42
Michigan,15857,YouGov,2012-10-04,2012-10-11,Likely Voters,895,Internet,Nonpartisan,NA,Other,1
Michigan,15857,YouGov,2012-10-04,2012-10-11,Likely Voters,895,Internet,Nonpartisan,NA,Undecided,4
Michigan,15929,"Denno/ Lambert, Edwards & Associates",2012-10-09,2012-10-10,Likely Voters,600,Live Phone,Pollster,Dem,Obama,44
Michigan,15929,"Denno/ Lambert, Edwards & Associates",2012-10-09,2012-10-10,Likely Voters,600,Live Phone,Pollster,Dem,Romney,41
Michigan,15929,"Denno/ Lambert, Edwards & Associates",2012-10-09,2012-10-10,Likely Voters,600,Live Phone,Pollster,Dem,Other,NA
Michigan,15929,"Denno/ Lambert, Edwards & Associates",2012-10-09,2012-10-10,Likely Voters,600,Live Phone,Pollster,Dem,Undecided,13
Michigan,15690,Glengariff Group,2012-10-06,2012-10-08,Likely Voters,600,Live Phone,Nonpartisan,NA,Obama,49
Michigan,15690,Glengariff Group,2012-10-06,2012-10-08,Likely Voters,600,Live Phone,Nonpartisan,NA,Romney,42
Michigan,15690,Glengariff Group,2012-10-06,2012-10-08,Likely Voters,600,Live Phone,Nonpartisan,NA,Other,NA
Michigan,15690,Glengariff Group,2012-10-06,2012-10-08,Likely Voters,600,Live Phone,Nonpartisan,NA,Undecided,8
Michigan,15688,Gravis Marketing,2012-10-05,2012-10-08,Likely Voters,1122,Automated Phone,Nonpartisan,NA,Obama,46
Michigan,15688,Gravis Marketing,2012-10-05,2012-10-08,Likely Voters,1122,Automated Phone,Nonpartisan,NA,Romney,44
Michigan,15688,Gravis Marketing,2012-10-05,2012-10-08,Likely Voters,1122,Automated Phone,Nonpartisan,NA,Other,NA
Michigan,15688,Gravis Marketing,2012-10-05,2012-10-08,Likely Voters,1122,Automated Phone,Nonpartisan,NA,Undecided,10
Michigan,15605,EPIC-MRA,2012-10-04,2012-10-06,Likely Voters,600,Automated Phone,Nonpartisan,NA,Obama,48
Michigan,15605,EPIC-MRA,2012-10-04,2012-10-06,Likely Voters,600,Automated Phone,Nonpartisan,NA,Romney,45
Michigan,15605,EPIC-MRA,2012-10-04,2012-10-06,Likely Voters,600,Automated Phone,Nonpartisan,NA,Other,NA
Michigan,15605,EPIC-MRA,2012-10-04,2012-10-06,Likely Voters,600,Automated Phone,Nonpartisan,NA,Undecided,7
Michigan,15606,FMWB (D),2012-10-05,2012-10-05,Likely Voters,1122,Automated Phone,Pollster,Dem,Obama,49
Michigan,15606,FMWB (D),2012-10-05,2012-10-05,Likely Voters,1122,Automated Phone,Pollster,Dem,Romney,46
Michigan,15606,FMWB (D),2012-10-05,2012-10-05,Likely Voters,1122,Automated Phone,Pollster,Dem,Other,2
Michigan,15606,FMWB (D),2012-10-05,2012-10-05,Likely Voters,1122,Automated Phone,Pollster,Dem,Undecided,3
Michigan,15421,We Ask America,2012-09-25,2012-09-27,Likely Voters,1064,Automated Phone,Nonpartisan,NA,Obama,52
Michigan,15421,We Ask America,2012-09-25,2012-09-27,Likely Voters,1064,Automated Phone,Nonpartisan,NA,Romney,40
Michigan,15421,We Ask America,2012-09-25,2012-09-27,Likely Voters,1064,Automated Phone,Nonpartisan,NA,Other,1
Michigan,15421,We Ask America,2012-09-25,2012-09-27,Likely Voters,1064,Automated Phone,Nonpartisan,NA,Undecided,7
Michigan,15377,Gravis Marketing,2012-09-21,2012-09-22,Likely Voters,804,Automated Phone,Nonpartisan,NA,Obama,50
Michigan,15377,Gravis Marketing,2012-09-21,2012-09-22,Likely Voters,804,Automated Phone,Nonpartisan,NA,Romney,46
Michigan,15377,Gravis Marketing,2012-09-21,2012-09-22,Likely Voters,804,Automated Phone,Nonpartisan,NA,Other,NA
Michigan,15377,Gravis Marketing,2012-09-21,2012-09-22,Likely Voters,804,Automated Phone,Nonpartisan,NA,Undecided,4
Michigan,15267,Rasmussen,2012-09-20,2012-09-20,Likely Voters,500,Automated Phone,Nonpartisan,NA,Obama,54
Michigan,15267,Rasmussen,2012-09-20,2012-09-20,Likely Voters,500,Automated Phone,Nonpartisan,NA,Romney,42
Michigan,15267,Rasmussen,2012-09-20,2012-09-20,Likely Voters,500,Automated Phone,Nonpartisan,NA,Other,1
Michigan,15267,Rasmussen,2012-09-20,2012-09-20,Likely Voters,500,Automated Phone,Nonpartisan,NA,Undecided,3
Michigan,15396,PPP (D)/NRDC,2012-09-17,2012-09-19,Likely Voters,2386,Automated Phone,Pollster,Dem,Obama,51
Michigan,15396,PPP (D)/NRDC,2012-09-17,2012-09-19,Likely Voters,2386,Automated Phone,Pollster,Dem,Romney,42
Michigan,15396,PPP (D)/NRDC,2012-09-17,2012-09-19,Likely Voters,2386,Automated Phone,Pollster,Dem,Other,NA
Michigan,15396,PPP (D)/NRDC,2012-09-17,2012-09-19,Likely Voters,2386,Automated Phone,Pollster,Dem,Undecided,7
Michigan,15143,CNN,2012-09-14,2012-09-18,Likely Voters,754,Live Phone,Nonpartisan,NA,Obama,52
Michigan,15143,CNN,2012-09-14,2012-09-18,Likely Voters,754,Live Phone,Nonpartisan,NA,Romney,44
Michigan,15143,CNN,2012-09-14,2012-09-18,Likely Voters,754,Live Phone,Nonpartisan,NA,Other,1
Michigan,15143,CNN,2012-09-14,2012-09-18,Likely Voters,754,Live Phone,Nonpartisan,NA,Undecided,3
Michigan,15166,Glengariff Group,2012-09-15,2012-09-17,Likely Voters,600,Live Phone,Nonpartisan,NA,Obama,52
Michigan,15166,Glengariff Group,2012-09-15,2012-09-17,Likely Voters,600,Live Phone,Nonpartisan,NA,Romney,38
Michigan,15166,Glengariff Group,2012-09-15,2012-09-17,Likely Voters,600,Live Phone,Nonpartisan,NA,Other,NA
Michigan,15166,Glengariff Group,2012-09-15,2012-09-17,Likely Voters,600,Live Phone,Nonpartisan,NA,Undecided,9
Michigan,15098,Marketing Resource Group (R),2012-09-10,2012-09-14,Likely Voters,600,Live Phone,Pollster,Rep,Obama,48
Michigan,15098,Marketing Resource Group (R),2012-09-10,2012-09-14,Likely Voters,600,Live Phone,Pollster,Rep,Romney,42
Michigan,15098,Marketing Resource Group (R),2012-09-10,2012-09-14,Likely Voters,600,Live Phone,Pollster,Rep,Other,NA
Michigan,15098,Marketing Resource Group (R),2012-09-10,2012-09-14,Likely Voters,600,Live Phone,Pollster,Rep,Undecided,8
Michigan,15178,YouGov,2012-09-07,2012-09-14,Likely Voters,1114,Internet,Nonpartisan,NA,Obama,51
Michigan,15178,YouGov,2012-09-07,2012-09-14,Likely Voters,1114,Internet,Nonpartisan,NA,Romney,42
Michigan,15178,YouGov,2012-09-07,2012-09-14,Likely Voters,1114,Internet,Nonpartisan,NA,Other,3
Michigan,15178,YouGov,2012-09-07,2012-09-14,Likely Voters,1114,Internet,Nonpartisan,NA,Undecided,4
Michigan,15058,FMWB (D),2012-09-12,2012-09-12,Likely Voters,1156,Automated Phone,Pollster,Dem,Obama,45
Michigan,15058,FMWB (D),2012-09-12,2012-09-12,Likely Voters,1156,Automated Phone,Pollster,Dem,Romney,44
Michigan,15058,FMWB (D),2012-09-12,2012-09-12,Likely Voters,1156,Automated Phone,Pollster,Dem,Other,5
Michigan,15058,FMWB (D),2012-09-12,2012-09-12,Likely Voters,1156,Automated Phone,Pollster,Dem,Undecided,5
Michigan,14992,EPIC-MRA,2012-09-08,2012-09-11,Likely Voters,600,Automated Phone,Nonpartisan,NA,Obama,47
Michigan,14992,EPIC-MRA,2012-09-08,2012-09-11,Likely Voters,600,Automated Phone,Nonpartisan,NA,Romney,37
Michigan,14992,EPIC-MRA,2012-09-08,2012-09-11,Likely Voters,600,Automated Phone,Nonpartisan,NA,Other,NA
Michigan,14992,EPIC-MRA,2012-09-08,2012-09-11,Likely Voters,600,Automated Phone,Nonpartisan,NA,Undecided,NA
Michigan,14871,PPP (D),2012-08-31,2012-09-02,Likely Voters,815,Automated Phone,Pollster,Dem,Obama,51
Michigan,14871,PPP (D),2012-08-31,2012-09-02,Likely Voters,815,Automated Phone,Pollster,Dem,Romney,44
Michigan,14871,PPP (D),2012-08-31,2012-09-02,Likely Voters,815,Automated Phone,Pollster,Dem,Other,NA
Michigan,14871,PPP (D),2012-08-31,2012-09-02,Likely Voters,815,Automated Phone,Pollster,Dem,Undecided,5
Michigan,14848,EPIC-MRA,2012-08-28,2012-08-28,Likely Voters,1200,Automated Phone,Nonpartisan,NA,Obama,49
Michigan,14848,EPIC-MRA,2012-08-28,2012-08-28,Likely Voters,1200,Automated Phone,Nonpartisan,NA,Romney,46
Michigan,14848,EPIC-MRA,2012-08-28,2012-08-28,Likely Voters,1200,Automated Phone,Nonpartisan,NA,Other,NA
Michigan,14848,EPIC-MRA,2012-08-28,2012-08-28,Likely Voters,1200,Automated Phone,Nonpartisan,NA,Undecided,5
Michigan,14783,Mitchell Research,2012-08-23,2012-08-23,Likely Voters,1277,Automated Phone,Pollster,Rep,Obama,47
Michigan,14783,Mitchell Research,2012-08-23,2012-08-23,Likely Voters,1277,Automated Phone,Pollster,Rep,Romney,47
Michigan,14783,Mitchell Research,2012-08-23,2012-08-23,Likely Voters,1277,Automated Phone,Pollster,Rep,Other,3
Michigan,14783,Mitchell Research,2012-08-23,2012-08-23,Likely Voters,1277,Automated Phone,Pollster,Rep,Undecided,3
Michigan,14746,Glengariff Group,2012-08-18,2012-08-20,Likely Voters,600,Live Phone,Nonpartisan,NA,Obama,48
Michigan,14746,Glengariff Group,2012-08-18,2012-08-20,Likely Voters,600,Live Phone,Nonpartisan,NA,Romney,42
Michigan,14746,Glengariff Group,2012-08-18,2012-08-20,Likely Voters,600,Live Phone,Nonpartisan,NA,Other,NA
Michigan,14746,Glengariff Group,2012-08-18,2012-08-20,Likely Voters,600,Live Phone,Nonpartisan,NA,Undecided,11
Michigan,14716,FMWB (D),2012-08-16,2012-08-16,Likely Voters,1733,Automated Phone,Nonpartisan,NA,Obama,44
Michigan,14716,FMWB (D),2012-08-16,2012-08-16,Likely Voters,1733,Automated Phone,Nonpartisan,NA,Romney,48
Michigan,14716,FMWB (D),2012-08-16,2012-08-16,Likely Voters,1733,Automated Phone,Nonpartisan,NA,Other,4
Michigan,14716,FMWB (D),2012-08-16,2012-08-16,Likely Voters,1733,Automated Phone,Nonpartisan,NA,Undecided,4
Michigan,14682,Mitchell Research,2012-08-13,2012-08-13,Likely Voters,1079,Automated Phone,Pollster,Rep,Obama,49
Michigan,14682,Mitchell Research,2012-08-13,2012-08-13,Likely Voters,1079,Automated Phone,Pollster,Rep,Romney,44
Michigan,14682,Mitchell Research,2012-08-13,2012-08-13,Likely Voters,1079,Automated Phone,Pollster,Rep,Other,NA
Michigan,14682,Mitchell Research,2012-08-13,2012-08-13,Likely Voters,1079,Automated Phone,Pollster,Rep,Undecided,4
Michigan,14522,EPIC-MRA,2012-07-24,2012-07-31,Likely Voters,600,Live Phone,Nonpartisan,NA,Obama,48
Michigan,14522,EPIC-MRA,2012-07-24,2012-07-31,Likely Voters,600,Live Phone,Nonpartisan,NA,Romney,42
Michigan,14522,EPIC-MRA,2012-07-24,2012-07-31,Likely Voters,600,Live Phone,Nonpartisan,NA,Other,NA
Michigan,14522,EPIC-MRA,2012-07-24,2012-07-31,Likely Voters,600,Live Phone,Nonpartisan,NA,Undecided,NA
Michigan,14441,Mitchell Research,2012-07-23,2012-07-23,Likely Voters,825,Automated Phone,Pollster,Rep,Obama,44
Michigan,14441,Mitchell Research,2012-07-23,2012-07-23,Likely Voters,825,Automated Phone,Pollster,Rep,Romney,45
Michigan,14441,Mitchell Research,2012-07-23,2012-07-23,Likely Voters,825,Automated Phone,Pollster,Rep,Other,NA
Michigan,14441,Mitchell Research,2012-07-23,2012-07-23,Likely Voters,825,Automated Phone,Pollster,Rep,Undecided,NA
Michigan,14431,Rasmussen,2012-07-23,2012-07-23,Likely Voters,500,Automated Phone,Nonpartisan,NA,Obama,48
Michigan,14431,Rasmussen,2012-07-23,2012-07-23,Likely Voters,500,Automated Phone,Nonpartisan,NA,Romney,42
Michigan,14431,Rasmussen,2012-07-23,2012-07-23,Likely Voters,500,Automated Phone,Nonpartisan,NA,Other,5
Michigan,14431,Rasmussen,2012-07-23,2012-07-23,Likely Voters,500,Automated Phone,Nonpartisan,NA,Undecided,4
Michigan,14443,PPP (D),2012-07-21,2012-07-23,Likely Voters,579,Automated Phone,Pollster,Dem,Obama,53
Michigan,14443,PPP (D),2012-07-21,2012-07-23,Likely Voters,579,Automated Phone,Pollster,Dem,Romney,39
Michigan,14443,PPP (D),2012-07-21,2012-07-23,Likely Voters,579,Automated Phone,Pollster,Dem,Other,NA
Michigan,14443,PPP (D),2012-07-21,2012-07-23,Likely Voters,579,Automated Phone,Pollster,Dem,Undecided,8
Michigan,14204,NBC/Marist,2012-06-24,2012-06-25,Registered Voters,1078,Live Phone,Nonpartisan,NA,Obama,47
Michigan,14204,NBC/Marist,2012-06-24,2012-06-25,Registered Voters,1078,Live Phone,Nonpartisan,NA,Romney,43
Michigan,14204,NBC/Marist,2012-06-24,2012-06-25,Registered Voters,1078,Live Phone,Nonpartisan,NA,Other,1
Michigan,14204,NBC/Marist,2012-06-24,2012-06-25,Registered Voters,1078,Live Phone,Nonpartisan,NA,Undecided,10
Michigan,14142,Mitchell Research,2012-06-18,2012-06-18,Likely Voters,750,Automated Phone,Pollster,Rep,Obama,47
Michigan,14142,Mitchell Research,2012-06-18,2012-06-18,Likely Voters,750,Automated Phone,Pollster,Rep,Romney,46
Michigan,14142,Mitchell Research,2012-06-18,2012-06-18,Likely Voters,750,Automated Phone,Pollster,Rep,Other,NA
Michigan,14142,Mitchell Research,2012-06-18,2012-06-18,Likely Voters,750,Automated Phone,Pollster,Rep,Undecided,NA
Michigan,14131,We Ask America,2012-06-18,2012-06-18,Likely Voters,1010,Automated Phone,Nonpartisan,NA,Obama,43
Michigan,14131,We Ask America,2012-06-18,2012-06-18,Likely Voters,1010,Automated Phone,Nonpartisan,NA,Romney,45
Michigan,14131,We Ask America,2012-06-18,2012-06-18,Likely Voters,1010,Automated Phone,Nonpartisan,NA,Other,NA
Michigan,14131,We Ask America,2012-06-18,2012-06-18,Likely Voters,1010,Automated Phone,Nonpartisan,NA,Undecided,12
Michigan,14097,Rasmussen,2012-06-14,2012-06-14,Likely Voters,500,Automated Phone,Nonpartisan,NA,Obama,50
Michigan,14097,Rasmussen,2012-06-14,2012-06-14,Likely Voters,500,Automated Phone,Nonpartisan,NA,Romney,42
Michigan,14097,Rasmussen,2012-06-14,2012-06-14,Likely Voters,500,Automated Phone,Nonpartisan,NA,Other,4
Michigan,14097,Rasmussen,2012-06-14,2012-06-14,Likely Voters,500,Automated Phone,Nonpartisan,NA,Undecided,4
Michigan,14092,FMWB (D),2012-06-12,2012-06-12,Likely Voters,1783,Automated Phone,Pollster,Dem,Obama,47
Michigan,14092,FMWB (D),2012-06-12,2012-06-12,Likely Voters,1783,Automated Phone,Pollster,Dem,Romney,45
Michigan,14092,FMWB (D),2012-06-12,2012-06-12,Likely Voters,1783,Automated Phone,Pollster,Dem,Other,4
Michigan,14092,FMWB (D),2012-06-12,2012-06-12,Likely Voters,1783,Automated Phone,Pollster,Dem,Undecided,4
Michigan,14031,EPIC-MRA,2012-06-02,2012-06-05,Likely Voters,600,Live Phone,Nonpartisan,NA,Obama,45
Michigan,14031,EPIC-MRA,2012-06-02,2012-06-05,Likely Voters,600,Live Phone,Nonpartisan,NA,Romney,46
Michigan,14031,EPIC-MRA,2012-06-02,2012-06-05,Likely Voters,600,Live Phone,Nonpartisan,NA,Other,NA
Michigan,14031,EPIC-MRA,2012-06-02,2012-06-05,Likely Voters,600,Live Phone,Nonpartisan,NA,Undecided,9
Michigan,13929,PPP (D),2012-05-24,2012-05-27,Registered Voters,500,Automated Phone,Pollster,Dem,Obama,53
Michigan,13929,PPP (D),2012-05-24,2012-05-27,Registered Voters,500,Automated Phone,Pollster,Dem,Romney,39
Michigan,13929,PPP (D),2012-05-24,2012-05-27,Registered Voters,500,Automated Phone,Pollster,Dem,Other,NA
Michigan,13929,PPP (D),2012-05-24,2012-05-27,Registered Voters,500,Automated Phone,Pollster,Dem,Undecided,8
Michigan,13780,Glengariff Group,2012-05-10,2012-05-11,Likely Voters,600,Live Phone,Nonpartisan,NA,Obama,45
Michigan,13780,Glengariff Group,2012-05-10,2012-05-11,Likely Voters,600,Live Phone,Nonpartisan,NA,Romney,40
Michigan,13780,Glengariff Group,2012-05-10,2012-05-11,Likely Voters,600,Live Phone,Nonpartisan,NA,Other,NA
Michigan,13780,Glengariff Group,2012-05-10,2012-05-11,Likely Voters,600,Live Phone,Nonpartisan,NA,Undecided,15
Michigan,13486,EPIC-MRA,2012-03-31,2012-04-03,Likely Voters,600,Live Phone,Nonpartisan,NA,Obama,47
Michigan,13486,EPIC-MRA,2012-03-31,2012-04-03,Likely Voters,600,Live Phone,Nonpartisan,NA,Romney,43
Michigan,13486,EPIC-MRA,2012-03-31,2012-04-03,Likely Voters,600,Live Phone,Nonpartisan,NA,Other,NA
Michigan,13486,EPIC-MRA,2012-03-31,2012-04-03,Likely Voters,600,Live Phone,Nonpartisan,NA,Undecided,10
Michigan,13423,Marketing Resource Group (R),2012-03-14,2012-03-19,Likely Voters,600,Live Phone,Pollster,Rep,Obama,49
Michigan,13423,Marketing Resource Group (R),2012-03-14,2012-03-19,Likely Voters,600,Live Phone,Pollster,Rep,Romney,42
Michigan,13423,Marketing Resource Group (R),2012-03-14,2012-03-19,Likely Voters,600,Live Phone,Pollster,Rep,Other,NA
Michigan,13423,Marketing Resource Group (R),2012-03-14,2012-03-19,Likely Voters,600,Live Phone,Pollster,Rep,Undecided,9
Michigan,12991,NBC/Marist,2012-02-19,2012-02-20,Registered Voters,3149,Live Phone,Nonpartisan,NA,Obama,51
Michigan,12991,NBC/Marist,2012-02-19,2012-02-20,Registered Voters,3149,Live Phone,Nonpartisan,NA,Romney,33
Michigan,12991,NBC/Marist,2012-02-19,2012-02-20,Registered Voters,3149,Live Phone,Nonpartisan,NA,Other,NA
Michigan,12991,NBC/Marist,2012-02-19,2012-02-20,Registered Voters,3149,Live Phone,Nonpartisan,NA,Undecided,15
Michigan,12849,PPP (D),2012-02-10,2012-02-12,Registered Voters,560,Automated Phone,Pollster,Dem,Obama,54
Michigan,12849,PPP (D),2012-02-10,2012-02-12,Registered Voters,560,Automated Phone,Pollster,Dem,Romney,38
Michigan,12849,PPP (D),2012-02-10,2012-02-12,Registered Voters,560,Automated Phone,Pollster,Dem,Other,NA
Michigan,12849,PPP (D),2012-02-10,2012-02-12,Registered Voters,560,Automated Phone,Pollster,Dem,Undecided,8
Michigan,12648,EPIC-MRA,2012-01-21,2012-01-25,Likely Voters,600,Live Phone,Nonpartisan,NA,Obama,48
Michigan,12648,EPIC-MRA,2012-01-21,2012-01-25,Likely Voters,600,Live Phone,Nonpartisan,NA,Romney,40
Michigan,12648,EPIC-MRA,2012-01-21,2012-01-25,Likely Voters,600,Live Phone,Nonpartisan,NA,Other,NA
Michigan,12648,EPIC-MRA,2012-01-21,2012-01-25,Likely Voters,600,Live Phone,Nonpartisan,NA,Undecided,12
Iowa,16599,PPP (D),2012-11-03,2012-11-04,Likely Voters,1122,Automated Phone,Pollster,Dem,Obama,50
Iowa,16599,PPP (D),2012-11-03,2012-11-04,Likely Voters,1122,Automated Phone,Pollster,Dem,Romney,48
Iowa,16599,PPP (D),2012-11-03,2012-11-04,Likely Voters,1122,Automated Phone,Pollster,Dem,Other,NA
Iowa,16599,PPP (D),2012-11-03,2012-11-04,Likely Voters,1122,Automated Phone,Pollster,Dem,Undecided,2
Iowa,16637,ARG,2012-11-02,2012-11-04,Likely Voters,600,Live Phone,Nonpartisan,NA,Obama,48
Iowa,16637,ARG,2012-11-02,2012-11-04,Likely Voters,600,Live Phone,Nonpartisan,NA,Romney,49
Iowa,16637,ARG,2012-11-02,2012-11-04,Likely Voters,600,Live Phone,Nonpartisan,NA,Other,1
Iowa,16637,ARG,2012-11-02,2012-11-04,Likely Voters,600,Live Phone,Nonpartisan,NA,Undecided,2
Iowa,16582,YouGov,2012-10-31,2012-11-03,Likely Voters,1040,Internet,Nonpartisan,NA,Obama,48
Iowa,16582,YouGov,2012-10-31,2012-11-03,Likely Voters,1040,Internet,Nonpartisan,NA,Romney,47
Iowa,16582,YouGov,2012-10-31,2012-11-03,Likely Voters,1040,Internet,Nonpartisan,NA,Other,2
Iowa,16582,YouGov,2012-10-31,2012-11-03,Likely Voters,1040,Internet,Nonpartisan,NA,Undecided,3
Iowa,16527,Des Moines Register/Selzer,2012-10-30,2012-11-02,Likely Voters,800,Live Phone,Nonpartisan,NA,Obama,47
Iowa,16527,Des Moines Register/Selzer,2012-10-30,2012-11-02,Likely Voters,800,Live Phone,Nonpartisan,NA,Romney,42
Iowa,16527,Des Moines Register/Selzer,2012-10-30,2012-11-02,Likely Voters,800,Live Phone,Nonpartisan,NA,Other,NA
Iowa,16527,Des Moines Register/Selzer,2012-10-30,2012-11-02,Likely Voters,800,Live Phone,Nonpartisan,NA,Undecided,NA
Iowa,16456,Gravis Marketing,2012-11-01,2012-11-01,Likely Voters,594,Automated Phone,Nonpartisan,NA,Obama,49
Iowa,16456,Gravis Marketing,2012-11-01,2012-11-01,Likely Voters,594,Automated Phone,Nonpartisan,NA,Romney,45
Iowa,16456,Gravis Marketing,2012-11-01,2012-11-01,Likely Voters,594,Automated Phone,Nonpartisan,NA,Other,NA
Iowa,16456,Gravis Marketing,2012-11-01,2012-11-01,Likely Voters,594,Automated Phone,Nonpartisan,NA,Undecided,6
Iowa,16494,Mellman (D-Americans United for Change),2012-10-30,2012-11-01,Likely Voters,600,Live Phone,Sponsor,Dem,Obama,46
Iowa,16494,Mellman (D-Americans United for Change),2012-10-30,2012-11-01,Likely Voters,600,Live Phone,Sponsor,Dem,Romney,44
Iowa,16494,Mellman (D-Americans United for Change),2012-10-30,2012-11-01,Likely Voters,600,Live Phone,Sponsor,Dem,Other,NA
Iowa,16494,Mellman (D-Americans United for Change),2012-10-30,2012-11-01,Likely Voters,600,Live Phone,Sponsor,Dem,Undecided,10
Iowa,16427,Rasmussen,2012-10-30,2012-10-30,Likely Voters,750,Automated Phone,Nonpartisan,NA,Obama,48
Iowa,16427,Rasmussen,2012-10-30,2012-10-30,Likely Voters,750,Automated Phone,Nonpartisan,NA,Romney,49
Iowa,16427,Rasmussen,2012-10-30,2012-10-30,Likely Voters,750,Automated Phone,Nonpartisan,NA,Other,2
Iowa,16427,Rasmussen,2012-10-30,2012-10-30,Likely Voters,750,Automated Phone,Nonpartisan,NA,Undecided,1
Iowa,16394,We Ask America,2012-10-30,2012-10-30,Likely Voters,1174,Automated Phone,Nonpartisan,NA,Obama,49
Iowa,16394,We Ask America,2012-10-30,2012-10-30,Likely Voters,1174,Automated Phone,Nonpartisan,NA,Romney,47
Iowa,16394,We Ask America,2012-10-30,2012-10-30,Likely Voters,1174,Automated Phone,Nonpartisan,NA,Other,4
Iowa,16394,We Ask America,2012-10-30,2012-10-30,Likely Voters,1174,Automated Phone,Nonpartisan,NA,Undecided,NA
Iowa,16353,PPP (D-Health Care for America Now),2012-10-29,2012-10-30,Likely Voters,676,Automated Phone,Sponsor,Dem,Obama,50
Iowa,16353,PPP (D-Health Care for America Now),2012-10-29,2012-10-30,Likely Voters,676,Automated Phone,Sponsor,Dem,Romney,45
Iowa,16353,PPP (D-Health Care for America Now),2012-10-29,2012-10-30,Likely Voters,676,Automated Phone,Sponsor,Dem,Other,NA
Iowa,16353,PPP (D-Health Care for America Now),2012-10-29,2012-10-30,Likely Voters,676,Automated Phone,Sponsor,Dem,Undecided,4
Iowa,16396,NBC/WSJ/Marist,2012-10-28,2012-10-29,Likely Voters,1142,Live Phone,Nonpartisan,NA,Obama,50
Iowa,16396,NBC/WSJ/Marist,2012-10-28,2012-10-29,Likely Voters,1142,Live Phone,Nonpartisan,NA,Romney,44
Iowa,16396,NBC/WSJ/Marist,2012-10-28,2012-10-29,Likely Voters,1142,Live Phone,Nonpartisan,NA,Other,2
Iowa,16396,NBC/WSJ/Marist,2012-10-28,2012-10-29,Likely Voters,1142,Live Phone,Nonpartisan,NA,Undecided,4
Iowa,16414,U of Iowa,2012-10-18,2012-10-27,Likely Voters,320,Live Phone,Nonpartisan,NA,Obama,44
Iowa,16414,U of Iowa,2012-10-18,2012-10-27,Likely Voters,320,Live Phone,Nonpartisan,NA,Romney,45
Iowa,16414,U of Iowa,2012-10-18,2012-10-27,Likely Voters,320,Live Phone,Nonpartisan,NA,Other,4
Iowa,16414,U of Iowa,2012-10-18,2012-10-27,Likely Voters,320,Live Phone,Nonpartisan,NA,Undecided,6
Iowa,16180,Gravis Marketing,2012-10-24,2012-10-24,Likely Voters,517,Automated Phone,Nonpartisan,NA,Obama,50
Iowa,16180,Gravis Marketing,2012-10-24,2012-10-24,Likely Voters,517,Automated Phone,Nonpartisan,NA,Romney,46
Iowa,16180,Gravis Marketing,2012-10-24,2012-10-24,Likely Voters,517,Automated Phone,Nonpartisan,NA,Other,NA
Iowa,16180,Gravis Marketing,2012-10-24,2012-10-24,Likely Voters,517,Automated Phone,Nonpartisan,NA,Undecided,4
Iowa,16158,PPP (D-Health Care for America Now),2012-10-23,2012-10-24,Likely Voters,690,Automated Phone,Sponsor,Dem,Obama,49
Iowa,16158,PPP (D-Health Care for America Now),2012-10-23,2012-10-24,Likely Voters,690,Automated Phone,Sponsor,Dem,Romney,47
Iowa,16158,PPP (D-Health Care for America Now),2012-10-23,2012-10-24,Likely Voters,690,Automated Phone,Sponsor,Dem,Other,NA
Iowa,16158,PPP (D-Health Care for America Now),2012-10-23,2012-10-24,Likely Voters,690,Automated Phone,Sponsor,Dem,Undecided,4
Iowa,16028,Rasmussen,2012-10-21,2012-10-21,Likely Voters,500,Automated Phone,Nonpartisan,NA,Obama,48
Iowa,16028,Rasmussen,2012-10-21,2012-10-21,Likely Voters,500,Automated Phone,Nonpartisan,NA,Romney,48
Iowa,16028,Rasmussen,2012-10-21,2012-10-21,Likely Voters,500,Automated Phone,Nonpartisan,NA,Other,1
Iowa,16028,Rasmussen,2012-10-21,2012-10-21,Likely Voters,500,Automated Phone,Nonpartisan,NA,Undecided,2
Iowa,16010,PPP (D-Health Care for America Now),2012-10-18,2012-10-19,Likely Voters,660,Automated Phone,Sponsor,Dem,Obama,49
Iowa,16010,PPP (D-Health Care for America Now),2012-10-18,2012-10-19,Likely Voters,660,Automated Phone,Sponsor,Dem,Romney,48
Iowa,16010,PPP (D-Health Care for America Now),2012-10-18,2012-10-19,Likely Voters,660,Automated Phone,Sponsor,Dem,Other,NA
Iowa,16010,PPP (D-Health Care for America Now),2012-10-18,2012-10-19,Likely Voters,660,Automated Phone,Sponsor,Dem,Undecided,3
Iowa,15963,PPP (D),2012-10-17,2012-10-19,Likely Voters,869,Automated Phone,Pollster,Dem,Obama,48
Iowa,15963,PPP (D),2012-10-17,2012-10-19,Likely Voters,869,Automated Phone,Pollster,Dem,Romney,49
Iowa,15963,PPP (D),2012-10-17,2012-10-19,Likely Voters,869,Automated Phone,Pollster,Dem,Other,NA
Iowa,15963,PPP (D),2012-10-17,2012-10-19,Likely Voters,869,Automated Phone,Pollster,Dem,Undecided,4
Iowa,15939,NBC/WSJ/Marist,2012-10-15,2012-10-17,Likely Voters,1137,Live Phone,Nonpartisan,NA,Obama,51
Iowa,15939,NBC/WSJ/Marist,2012-10-15,2012-10-17,Likely Voters,1137,Live Phone,Nonpartisan,NA,Romney,43
Iowa,15939,NBC/WSJ/Marist,2012-10-15,2012-10-17,Likely Voters,1137,Live Phone,Nonpartisan,NA,Other,2
Iowa,15939,NBC/WSJ/Marist,2012-10-15,2012-10-17,Likely Voters,1137,Live Phone,Nonpartisan,NA,Undecided,4
Iowa,15822,We Ask America,2012-10-15,2012-10-15,Likely Voters,1499,Automated Phone,Nonpartisan,NA,Obama,49
Iowa,15822,We Ask America,2012-10-15,2012-10-15,Likely Voters,1499,Automated Phone,Nonpartisan,NA,Romney,46
Iowa,15822,We Ask America,2012-10-15,2012-10-15,Likely Voters,1499,Automated Phone,Nonpartisan,NA,Other,1
Iowa,15822,We Ask America,2012-10-15,2012-10-15,Likely Voters,1499,Automated Phone,Nonpartisan,NA,Undecided,4
Iowa,15783,ARG,2012-10-11,2012-10-14,Likely Voters,600,Live Phone,Nonpartisan,NA,Obama,48
Iowa,15783,ARG,2012-10-11,2012-10-14,Likely Voters,600,Live Phone,Nonpartisan,NA,Romney,48
Iowa,15783,ARG,2012-10-11,2012-10-14,Likely Voters,600,Live Phone,Nonpartisan,NA,Other,1
Iowa,15783,ARG,2012-10-11,2012-10-14,Likely Voters,600,Live Phone,Nonpartisan,NA,Undecided,3
Iowa,15848,YouGov,2012-10-04,2012-10-11,Likely Voters,545,Internet,Nonpartisan,NA,Obama,50
Iowa,15848,YouGov,2012-10-04,2012-10-11,Likely Voters,545,Internet,Nonpartisan,NA,Romney,46
Iowa,15848,YouGov,2012-10-04,2012-10-11,Likely Voters,545,Internet,Nonpartisan,NA,Other,1
Iowa,15848,YouGov,2012-10-04,2012-10-11,Likely Voters,545,Internet,Nonpartisan,NA,Undecided,3
Iowa,15582,Rasmussen,2012-10-07,2012-10-07,Likely Voters,500,Automated Phone,Nonpartisan,NA,Obama,49
Iowa,15582,Rasmussen,2012-10-07,2012-10-07,Likely Voters,500,Automated Phone,Nonpartisan,NA,Romney,47
Iowa,15582,Rasmussen,2012-10-07,2012-10-07,Likely Voters,500,Automated Phone,Nonpartisan,NA,Other,1
Iowa,15582,Rasmussen,2012-10-07,2012-10-07,Likely Voters,500,Automated Phone,Nonpartisan,NA,Undecided,2
Iowa,15422,We Ask America,2012-09-25,2012-09-27,Likely Voters,1273,Automated Phone,Nonpartisan,NA,Obama,48
Iowa,15422,We Ask America,2012-09-25,2012-09-27,Likely Voters,1273,Automated Phone,Nonpartisan,NA,Romney,44
Iowa,15422,We Ask America,2012-09-25,2012-09-27,Likely Voters,1273,Automated Phone,Nonpartisan,NA,Other,2
Iowa,15422,We Ask America,2012-09-25,2012-09-27,Likely Voters,1273,Automated Phone,Nonpartisan,NA,Undecided,7
Iowa,15338,PPP (D),2012-09-24,2012-09-26,Likely Voters,754,Automated Phone,Pollster,Dem,Obama,51
Iowa,15338,PPP (D),2012-09-24,2012-09-26,Likely Voters,754,Automated Phone,Pollster,Dem,Romney,44
Iowa,15338,PPP (D),2012-09-24,2012-09-26,Likely Voters,754,Automated Phone,Pollster,Dem,Other,NA
Iowa,15338,PPP (D),2012-09-24,2012-09-26,Likely Voters,754,Automated Phone,Pollster,Dem,Undecided,5
Iowa,15408,Des Moines Register/Selzer,2012-09-23,2012-09-26,Likely Voters,650,Live Phone,Nonpartisan,NA,Obama,49
Iowa,15408,Des Moines Register/Selzer,2012-09-23,2012-09-26,Likely Voters,650,Live Phone,Nonpartisan,NA,Romney,45
Iowa,15408,Des Moines Register/Selzer,2012-09-23,2012-09-26,Likely Voters,650,Live Phone,Nonpartisan,NA,Other,4
Iowa,15408,Des Moines Register/Selzer,2012-09-23,2012-09-26,Likely Voters,650,Live Phone,Nonpartisan,NA,Undecided,2
Iowa,15380,Voter/Consumer Research (R-The Iowa Republican),2012-09-23,2012-09-25,Registered Voters,500,Live Phone,Sponsor,Rep,Obama,46
Iowa,15380,Voter/Consumer Research (R-The Iowa Republican),2012-09-23,2012-09-25,Registered Voters,500,Live Phone,Sponsor,Rep,Romney,47
Iowa,15380,Voter/Consumer Research (R-The Iowa Republican),2012-09-23,2012-09-25,Registered Voters,500,Live Phone,Sponsor,Rep,Other,NA
Iowa,15380,Voter/Consumer Research (R-The Iowa Republican),2012-09-23,2012-09-25,Registered Voters,500,Live Phone,Sponsor,Rep,Undecided,7
Iowa,15274,ARG,2012-09-20,2012-09-23,Likely Voters,600,Live Phone,Nonpartisan,NA,Obama,51
Iowa,15274,ARG,2012-09-20,2012-09-23,Likely Voters,600,Live Phone,Nonpartisan,NA,Romney,44
Iowa,15274,ARG,2012-09-20,2012-09-23,Likely Voters,600,Live Phone,Nonpartisan,NA,Other,1
Iowa,15274,ARG,2012-09-20,2012-09-23,Likely Voters,600,Live Phone,Nonpartisan,NA,Undecided,4
Iowa,15176,Rasmussen,2012-09-19,2012-09-19,Likely Voters,500,Automated Phone,Nonpartisan,NA,Obama,44
Iowa,15176,Rasmussen,2012-09-19,2012-09-19,Likely Voters,500,Automated Phone,Nonpartisan,NA,Romney,47
Iowa,15176,Rasmussen,2012-09-19,2012-09-19,Likely Voters,500,Automated Phone,Nonpartisan,NA,Other,3
Iowa,15176,Rasmussen,2012-09-19,2012-09-19,Likely Voters,500,Automated Phone,Nonpartisan,NA,Undecided,5
Iowa,15190,NBC/WSJ/Marist,2012-09-16,2012-09-18,Likely Voters,898,Live Phone,Nonpartisan,NA,Obama,50
Iowa,15190,NBC/WSJ/Marist,2012-09-16,2012-09-18,Likely Voters,898,Live Phone,Nonpartisan,NA,Romney,42
Iowa,15190,NBC/WSJ/Marist,2012-09-16,2012-09-18,Likely Voters,898,Live Phone,Nonpartisan,NA,Other,1
Iowa,15190,NBC/WSJ/Marist,2012-09-16,2012-09-18,Likely Voters,898,Live Phone,Nonpartisan,NA,Undecided,7
Iowa,15156,YouGov,2012-09-07,2012-09-14,Likely Voters,700,Internet,Nonpartisan,NA,Obama,48
Iowa,15156,YouGov,2012-09-07,2012-09-14,Likely Voters,700,Internet,Nonpartisan,NA,Romney,43
Iowa,15156,YouGov,2012-09-07,2012-09-14,Likely Voters,700,Internet,Nonpartisan,NA,Other,3
Iowa,15156,YouGov,2012-09-07,2012-09-14,Likely Voters,700,Internet,Nonpartisan,NA,Undecided,5
Iowa,14816,PPP (D),2012-08-23,2012-08-26,Likely Voters,1244,Automated Phone,Pollster,Dem,Obama,47
Iowa,14816,PPP (D),2012-08-23,2012-08-26,Likely Voters,1244,Automated Phone,Pollster,Dem,Romney,45
Iowa,14816,PPP (D),2012-08-23,2012-08-26,Likely Voters,1244,Automated Phone,Pollster,Dem,Other,NA
Iowa,14816,PPP (D),2012-08-23,2012-08-26,Likely Voters,1244,Automated Phone,Pollster,Dem,Undecided,8
Iowa,14616,Rasmussen,2012-08-08,2012-08-08,Likely Voters,500,Automated Phone,Nonpartisan,NA,Obama,44
Iowa,14616,Rasmussen,2012-08-08,2012-08-08,Likely Voters,500,Automated Phone,Nonpartisan,NA,Romney,46
Iowa,14616,Rasmussen,2012-08-08,2012-08-08,Likely Voters,500,Automated Phone,Nonpartisan,NA,Other,5
Iowa,14616,Rasmussen,2012-08-08,2012-08-08,Likely Voters,500,Automated Phone,Nonpartisan,NA,Undecided,6
Iowa,14368,PPP (D),2012-07-12,2012-07-15,Likely Voters,1131,Automated Phone,Pollster,Dem,Obama,48
Iowa,14368,PPP (D),2012-07-12,2012-07-15,Likely Voters,1131,Automated Phone,Pollster,Dem,Romney,43
Iowa,14368,PPP (D),2012-07-12,2012-07-15,Likely Voters,1131,Automated Phone,Pollster,Dem,Other,NA
Iowa,14368,PPP (D),2012-07-12,2012-07-15,Likely Voters,1131,Automated Phone,Pollster,Dem,Undecided,9
Iowa,14130,We Ask America,2012-06-18,2012-06-18,Likely Voters,1086,Automated Phone,Nonpartisan,NA,Obama,45
Iowa,14130,We Ask America,2012-06-18,2012-06-18,Likely Voters,1086,Automated Phone,Nonpartisan,NA,Romney,44
Iowa,14130,We Ask America,2012-06-18,2012-06-18,Likely Voters,1086,Automated Phone,Nonpartisan,NA,Other,NA
Iowa,14130,We Ask America,2012-06-18,2012-06-18,Likely Voters,1086,Automated Phone,Nonpartisan,NA,Undecided,11
Iowa,14074,Rasmussen,2012-06-11,2012-06-11,Likely Voters,500,Automated Phone,Nonpartisan,NA,Obama,46
Iowa,14074,Rasmussen,2012-06-11,2012-06-11,Likely Voters,500,Automated Phone,Nonpartisan,NA,Romney,47
Iowa,14074,Rasmussen,2012-06-11,2012-06-11,Likely Voters,500,Automated Phone,Nonpartisan,NA,Other,3
Iowa,14074,Rasmussen,2012-06-11,2012-06-11,Likely Voters,500,Automated Phone,Nonpartisan,NA,Undecided,4
Iowa,13959,NBC/Marist,2012-05-22,2012-05-24,Registered Voters,1106,Live Phone,Nonpartisan,NA,Obama,44
Iowa,13959,NBC/Marist,2012-05-22,2012-05-24,Registered Voters,1106,Live Phone,Nonpartisan,NA,Romney,44
Iowa,13959,NBC/Marist,2012-05-22,2012-05-24,Registered Voters,1106,Live Phone,Nonpartisan,NA,Other,2
Iowa,13959,NBC/Marist,2012-05-22,2012-05-24,Registered Voters,1106,Live Phone,Nonpartisan,NA,Undecided,10
Iowa,13712,PPP (D),2012-05-03,2012-05-06,Likely Voters,1181,Automated Phone,Pollster,Dem,Obama,51
Iowa,13712,PPP (D),2012-05-03,2012-05-06,Likely Voters,1181,Automated Phone,Pollster,Dem,Romney,41
Iowa,13712,PPP (D),2012-05-03,2012-05-06,Likely Voters,1181,Automated Phone,Pollster,Dem,Other,NA
Iowa,13712,PPP (D),2012-05-03,2012-05-06,Likely Voters,1181,Automated Phone,Pollster,Dem,Undecided,8
Iowa,13140,Des Moines Register/Selzer,2012-02-12,2012-02-15,Likely Voters,611,Live Phone,Nonpartisan,NA,Obama,44
Iowa,13140,Des Moines Register/Selzer,2012-02-12,2012-02-15,Likely Voters,611,Live Phone,Nonpartisan,NA,Romney,46
Iowa,13140,Des Moines Register/Selzer,2012-02-12,2012-02-15,Likely Voters,611,Live Phone,Nonpartisan,NA,Other,6
Iowa,13140,Des Moines Register/Selzer,2012-02-12,2012-02-15,Likely Voters,611,Live Phone,Nonpartisan,NA,Undecided,4
Florida,16659,Gravis Marketing,2012-11-04,2012-11-05,Likely Voters,1060,Automated Phone,Nonpartisan,NA,Obama,49
Florida,16659,Gravis Marketing,2012-11-04,2012-11-05,Likely Voters,1060,Automated Phone,Nonpartisan,NA,Romney,49
Florida,16659,Gravis Marketing,2012-11-04,2012-11-05,Likely Voters,1060,Automated Phone,Nonpartisan,NA,Other,NA
Florida,16659,Gravis Marketing,2012-11-04,2012-11-05,Likely Voters,1060,Automated Phone,Nonpartisan,NA,Undecided,NA
Florida,16671,JZ Analytics/Newsmax,2012-11-03,2012-11-05,Likely Voters,876,Internet,Sponsor,Rep,Obama,48
Florida,16671,JZ Analytics/Newsmax,2012-11-03,2012-11-05,Likely Voters,876,Internet,Sponsor,Rep,Romney,48
Florida,16671,JZ Analytics/Newsmax,2012-11-03,2012-11-05,Likely Voters,876,Internet,Sponsor,Rep,Other,NA
Florida,16671,JZ Analytics/Newsmax,2012-11-03,2012-11-05,Likely Voters,876,Internet,Sponsor,Rep,Undecided,5
Florida,16666,Ipsos/Reuters (Web),2012-11-03,2012-11-05,Likely Voters,769,Internet,Nonpartisan,NA,Obama,47
Florida,16666,Ipsos/Reuters (Web),2012-11-03,2012-11-05,Likely Voters,769,Internet,Nonpartisan,NA,Romney,48
Florida,16666,Ipsos/Reuters (Web),2012-11-03,2012-11-05,Likely Voters,769,Internet,Nonpartisan,NA,Other,1
Florida,16666,Ipsos/Reuters (Web),2012-11-03,2012-11-05,Likely Voters,769,Internet,Nonpartisan,NA,Undecided,4
Florida,16631,InsiderAdvantage/Florida Times-Union,2012-11-04,2012-11-04,Likely Voters,437,Automated Phone,Nonpartisan,NA,Obama,47
Florida,16631,InsiderAdvantage/Florida Times-Union,2012-11-04,2012-11-04,Likely Voters,437,Automated Phone,Nonpartisan,NA,Romney,52
Florida,16631,InsiderAdvantage/Florida Times-Union,2012-11-04,2012-11-04,Likely Voters,437,Automated Phone,Nonpartisan,NA,Other,NA
Florida,16631,InsiderAdvantage/Florida Times-Union,2012-11-04,2012-11-04,Likely Voters,437,Automated Phone,Nonpartisan,NA,Undecided,1
Florida,16612,PPP (D),2012-11-03,2012-11-04,Likely Voters,955,Automated Phone,Pollster,Dem,Obama,50
Florida,16612,PPP (D),2012-11-03,2012-11-04,Likely Voters,955,Automated Phone,Pollster,Dem,Romney,49
Florida,16612,PPP (D),2012-11-03,2012-11-04,Likely Voters,955,Automated Phone,Pollster,Dem,Other,NA
Florida,16612,PPP (D),2012-11-03,2012-11-04,Likely Voters,955,Automated Phone,Pollster,Dem,Undecided,1
Florida,16661,Angus-Reid,2012-11-01,2012-11-03,Likely Voters,502,Internet,Nonpartisan,NA,Obama,49
Florida,16661,Angus-Reid,2012-11-01,2012-11-03,Likely Voters,502,Internet,Nonpartisan,NA,Romney,49
Florida,16661,Angus-Reid,2012-11-01,2012-11-03,Likely Voters,502,Internet,Nonpartisan,NA,Other,2
Florida,16661,Angus-Reid,2012-11-01,2012-11-03,Likely Voters,502,Internet,Nonpartisan,NA,Undecided,NA
Florida,16575,YouGov,2012-10-31,2012-11-03,Likely Voters,1621,Internet,Nonpartisan,NA,Obama,47
Florida,16575,YouGov,2012-10-31,2012-11-03,Likely Voters,1621,Internet,Nonpartisan,NA,Romney,48
Florida,16575,YouGov,2012-10-31,2012-11-03,Likely Voters,1621,Internet,Nonpartisan,NA,Other,3
Florida,16575,YouGov,2012-10-31,2012-11-03,Likely Voters,1621,Internet,Nonpartisan,NA,Undecided,2
Florida,16479,Ipsos/Reuters (Web),2012-10-31,2012-11-02,Likely Voters,985,Internet,Nonpartisan,NA,Obama,48
Florida,16479,Ipsos/Reuters (Web),2012-10-31,2012-11-02,Likely Voters,985,Internet,Nonpartisan,NA,Romney,46
Florida,16479,Ipsos/Reuters (Web),2012-10-31,2012-11-02,Likely Voters,985,Internet,Nonpartisan,NA,Other,2
Florida,16479,Ipsos/Reuters (Web),2012-10-31,2012-11-02,Likely Voters,985,Internet,Nonpartisan,NA,Undecided,4
Florida,16644,Mellman (D-Americans United for Change),2012-10-30,2012-11-02,Likely Voters,800,Live Phone,Sponsor,Dem,Obama,47
Florida,16644,Mellman (D-Americans United for Change),2012-10-30,2012-11-02,Likely Voters,800,Live Phone,Sponsor,Dem,Romney,45
Florida,16644,Mellman (D-Americans United for Change),2012-10-30,2012-11-02,Likely Voters,800,Live Phone,Sponsor,Dem,Other,NA
Florida,16644,Mellman (D-Americans United for Change),2012-10-30,2012-11-02,Likely Voters,800,Live Phone,Sponsor,Dem,Undecided,3
Florida,16488,NBC/WSJ/Marist,2012-10-31,2012-11-01,Likely Voters,1545,Live Phone,Nonpartisan,NA,Obama,49
Florida,16488,NBC/WSJ/Marist,2012-10-31,2012-11-01,Likely Voters,1545,Live Phone,Nonpartisan,NA,Romney,47
Florida,16488,NBC/WSJ/Marist,2012-10-31,2012-11-01,Likely Voters,1545,Live Phone,Nonpartisan,NA,Other,1
Florida,16488,NBC/WSJ/Marist,2012-10-31,2012-11-01,Likely Voters,1545,Live Phone,Nonpartisan,NA,Undecided,2
Florida,16487,Mason-Dixon,2012-10-30,2012-11-01,Likely Voters,800,Live Phone,Nonpartisan,NA,Obama,45
Florida,16487,Mason-Dixon,2012-10-30,2012-11-01,Likely Voters,800,Live Phone,Nonpartisan,NA,Romney,51
Florida,16487,Mason-Dixon,2012-10-30,2012-11-01,Likely Voters,800,Live Phone,Nonpartisan,NA,Other,NA
Florida,16487,Mason-Dixon,2012-10-30,2012-11-01,Likely Voters,800,Live Phone,Nonpartisan,NA,Undecided,NA
Florida,16393,We Ask America,2012-10-30,2012-10-30,Likely Voters,1146,Automated Phone,Nonpartisan,NA,Obama,49
Florida,16393,We Ask America,2012-10-30,2012-10-30,Likely Voters,1146,Automated Phone,Nonpartisan,NA,Romney,50
Florida,16393,We Ask America,2012-10-30,2012-10-30,Likely Voters,1146,Automated Phone,Nonpartisan,NA,Other,1
Florida,16393,We Ask America,2012-10-30,2012-10-30,Likely Voters,1146,Automated Phone,Nonpartisan,NA,Undecided,NA
Florida,16378,Gravis Marketing,2012-10-30,2012-10-30,Likely Voters,549,Automated Phone,Nonpartisan,NA,Obama,47
Florida,16378,Gravis Marketing,2012-10-30,2012-10-30,Likely Voters,549,Automated Phone,Nonpartisan,NA,Romney,50
Florida,16378,Gravis Marketing,2012-10-30,2012-10-30,Likely Voters,549,Automated Phone,Nonpartisan,NA,Other,NA
Florida,16378,Gravis Marketing,2012-10-30,2012-10-30,Likely Voters,549,Automated Phone,Nonpartisan,NA,Undecided,4
Florida,16401,JZ Analytics/Newsmax,2012-10-28,2012-10-30,Likely Voters,825,Internet,Sponsor,Rep,Obama,48
Florida,16401,JZ Analytics/Newsmax,2012-10-28,2012-10-30,Likely Voters,825,Internet,Sponsor,Rep,Romney,47
Florida,16401,JZ Analytics/Newsmax,2012-10-28,2012-10-30,Likely Voters,825,Internet,Sponsor,Rep,Other,NA
Florida,16401,JZ Analytics/Newsmax,2012-10-28,2012-10-30,Likely Voters,825,Internet,Sponsor,Rep,Undecided,5
Florida,16601,Pulse Opinion Research/Let Freedom Ring (R),2012-10-29,2012-10-29,Likely Voters,1000,Automated Phone,Sponsor,Rep,Obama,48
Florida,16601,Pulse Opinion Research/Let Freedom Ring (R),2012-10-29,2012-10-29,Likely Voters,1000,Automated Phone,Sponsor,Rep,Romney,50
Florida,16601,Pulse Opinion Research/Let Freedom Ring (R),2012-10-29,2012-10-29,Likely Voters,1000,Automated Phone,Sponsor,Rep,Other,1
Florida,16601,Pulse Opinion Research/Let Freedom Ring (R),2012-10-29,2012-10-29,Likely Voters,1000,Automated Phone,Sponsor,Rep,Undecided,1
Florida,16433,Grove Insight (D-Project New America/USAction),2012-10-28,2012-10-29,Likely Voters,600,Live Phone,Sponsor,Dem,Obama,48
Florida,16433,Grove Insight (D-Project New America/USAction),2012-10-28,2012-10-29,Likely Voters,600,Live Phone,Sponsor,Dem,Romney,47
Florida,16433,Grove Insight (D-Project New America/USAction),2012-10-28,2012-10-29,Likely Voters,600,Live Phone,Sponsor,Dem,Other,1
Florida,16433,Grove Insight (D-Project New America/USAction),2012-10-28,2012-10-29,Likely Voters,600,Live Phone,Sponsor,Dem,Undecided,5
Florida,16256,PPP (D),2012-10-26,2012-10-28,Likely Voters,687,Automated Phone,Pollster,Dem,Obama,49
Florida,16256,PPP (D),2012-10-26,2012-10-28,Likely Voters,687,Automated Phone,Pollster,Dem,Romney,48
Florida,16256,PPP (D),2012-10-26,2012-10-28,Likely Voters,687,Automated Phone,Pollster,Dem,Other,NA
Florida,16256,PPP (D),2012-10-26,2012-10-28,Likely Voters,687,Automated Phone,Pollster,Dem,Undecided,3
Florida,16281,CNN,2012-10-25,2012-10-28,Likely Voters,770,Live Phone,Nonpartisan,NA,Obama,49
Florida,16281,CNN,2012-10-25,2012-10-28,Likely Voters,770,Live Phone,Nonpartisan,NA,Romney,50
Florida,16281,CNN,2012-10-25,2012-10-28,Likely Voters,770,Live Phone,Nonpartisan,NA,Other,NA
Florida,16281,CNN,2012-10-25,2012-10-28,Likely Voters,770,Live Phone,Nonpartisan,NA,Undecided,1
Florida,16350,Quinnipiac/NYT/CBS,2012-10-23,2012-10-28,Likely Voters,1073,Live Phone,Nonpartisan,NA,Obama,48
Florida,16350,Quinnipiac/NYT/CBS,2012-10-23,2012-10-28,Likely Voters,1073,Live Phone,Nonpartisan,NA,Romney,47
Florida,16350,Quinnipiac/NYT/CBS,2012-10-23,2012-10-28,Likely Voters,1073,Live Phone,Nonpartisan,NA,Other,1
Florida,16350,Quinnipiac/NYT/CBS,2012-10-23,2012-10-28,Likely Voters,1073,Live Phone,Nonpartisan,NA,Undecided,3
Florida,16309,SurveyUSA,2012-10-25,2012-10-27,Likely Voters,595,IVR/Online,Nonpartisan,NA,Obama,47
Florida,16309,SurveyUSA,2012-10-25,2012-10-27,Likely Voters,595,IVR/Online,Nonpartisan,NA,Romney,47
Florida,16309,SurveyUSA,2012-10-25,2012-10-27,Likely Voters,595,IVR/Online,Nonpartisan,NA,Other,1
Florida,16309,SurveyUSA,2012-10-25,2012-10-27,Likely Voters,595,IVR/Online,Nonpartisan,NA,Undecided,5
Florida,16418,Mellman (D-Americans United for Change),2012-10-24,2012-10-27,Likely Voters,800,Live Phone,Sponsor,Dem,Obama,49
Florida,16418,Mellman (D-Americans United for Change),2012-10-24,2012-10-27,Likely Voters,800,Live Phone,Sponsor,Dem,Romney,47
Florida,16418,Mellman (D-Americans United for Change),2012-10-24,2012-10-27,Likely Voters,800,Live Phone,Sponsor,Dem,Other,NA
Florida,16418,Mellman (D-Americans United for Change),2012-10-24,2012-10-27,Likely Voters,800,Live Phone,Sponsor,Dem,Undecided,4
Florida,16197,Rasmussen,2012-10-25,2012-10-25,Likely Voters,750,Automated Phone,Nonpartisan,NA,Obama,48
Florida,16197,Rasmussen,2012-10-25,2012-10-25,Likely Voters,750,Automated Phone,Nonpartisan,NA,Romney,50
Florida,16197,Rasmussen,2012-10-25,2012-10-25,Likely Voters,750,Automated Phone,Nonpartisan,NA,Other,NA
Florida,16197,Rasmussen,2012-10-25,2012-10-25,Likely Voters,750,Automated Phone,Nonpartisan,NA,Undecided,1
Florida,16138,Gravis Marketing,2012-10-24,2012-10-24,Likely Voters,1182,Automated Phone,Nonpartisan,NA,Obama,49
Florida,16138,Gravis Marketing,2012-10-24,2012-10-24,Likely Voters,1182,Automated Phone,Nonpartisan,NA,Romney,50
Florida,16138,Gravis Marketing,2012-10-24,2012-10-24,Likely Voters,1182,Automated Phone,Nonpartisan,NA,Other,NA
Florida,16138,Gravis Marketing,2012-10-24,2012-10-24,Likely Voters,1182,Automated Phone,Nonpartisan,NA,Undecided,2
Florida,16157,Grove Insight (D-Project New America/USAction),2012-10-23,2012-10-24,Likely Voters,600,Live Phone,Sponsor,Dem,Obama,47
Florida,16157,Grove Insight (D-Project New America/USAction),2012-10-23,2012-10-24,Likely Voters,600,Live Phone,Sponsor,Dem,Romney,45
Florida,16157,Grove Insight (D-Project New America/USAction),2012-10-23,2012-10-24,Likely Voters,600,Live Phone,Sponsor,Dem,Other,2
Florida,16157,Grove Insight (D-Project New America/USAction),2012-10-23,2012-10-24,Likely Voters,600,Live Phone,Sponsor,Dem,Undecided,7
Florida,16181,Sunshine State News/VSS,2012-10-22,2012-10-24,Likely Voters,1001,Automated Phone,Nonpartisan,NA,Obama,46
Florida,16181,Sunshine State News/VSS,2012-10-22,2012-10-24,Likely Voters,1001,Automated Phone,Nonpartisan,NA,Romney,51
Florida,16181,Sunshine State News/VSS,2012-10-22,2012-10-24,Likely Voters,1001,Automated Phone,Nonpartisan,NA,Other,1
Florida,16181,Sunshine State News/VSS,2012-10-22,2012-10-24,Likely Voters,1001,Automated Phone,Nonpartisan,NA,Undecided,2
Florida,16249,Pharos Research Group,2012-10-19,2012-10-21,Likely Voters,759,Live Phone,Nonpartisan,NA,Obama,47
Florida,16249,Pharos Research Group,2012-10-19,2012-10-21,Likely Voters,759,Live Phone,Nonpartisan,NA,Romney,47
Florida,16249,Pharos Research Group,2012-10-19,2012-10-21,Likely Voters,759,Live Phone,Nonpartisan,NA,Other,NA
Florida,16249,Pharos Research Group,2012-10-19,2012-10-21,Likely Voters,759,Live Phone,Nonpartisan,NA,Undecided,NA
Florida,16075,Mellman (D-Americans United for Change),2012-10-18,2012-10-21,Likely Voters,800,Live Phone,Sponsor,Dem,Obama,47
Florida,16075,Mellman (D-Americans United for Change),2012-10-18,2012-10-21,Likely Voters,800,Live Phone,Sponsor,Dem,Romney,47
Florida,16075,Mellman (D-Americans United for Change),2012-10-18,2012-10-21,Likely Voters,800,Live Phone,Sponsor,Dem,Other,NA
Florida,16075,Mellman (D-Americans United for Change),2012-10-18,2012-10-21,Likely Voters,800,Live Phone,Sponsor,Dem,Undecided,6
Florida,16041,Angus-Reid,2012-10-18,2012-10-20,Likely Voters,482,Internet,Nonpartisan,NA,Obama,46
Florida,16041,Angus-Reid,2012-10-18,2012-10-20,Likely Voters,482,Internet,Nonpartisan,NA,Romney,51
Florida,16041,Angus-Reid,2012-10-18,2012-10-20,Likely Voters,482,Internet,Nonpartisan,NA,Other,2
Florida,16041,Angus-Reid,2012-10-18,2012-10-20,Likely Voters,482,Internet,Nonpartisan,NA,Undecided,NA
Florida,15971,Rasmussen,2012-10-18,2012-10-18,Likely Voters,750,Automated Phone,Nonpartisan,NA,Obama,46
Florida,15971,Rasmussen,2012-10-18,2012-10-18,Likely Voters,750,Automated Phone,Nonpartisan,NA,Romney,51
Florida,15971,Rasmussen,2012-10-18,2012-10-18,Likely Voters,750,Automated Phone,Nonpartisan,NA,Other,1
Florida,15971,Rasmussen,2012-10-18,2012-10-18,Likely Voters,750,Automated Phone,Nonpartisan,NA,Undecided,2
Florida,15997,PPP (D)/WPTV/FL Democracy/TCPalm,2012-10-17,2012-10-18,Likely Voters,800,Automated Phone,Pollster,Dem,Obama,47
Florida,15997,PPP (D)/WPTV/FL Democracy/TCPalm,2012-10-17,2012-10-18,Likely Voters,800,Automated Phone,Pollster,Dem,Romney,48
Florida,15997,PPP (D)/WPTV/FL Democracy/TCPalm,2012-10-17,2012-10-18,Likely Voters,800,Automated Phone,Pollster,Dem,Other,NA
Florida,15997,PPP (D)/WPTV/FL Democracy/TCPalm,2012-10-17,2012-10-18,Likely Voters,800,Automated Phone,Pollster,Dem,Undecided,4
Florida,15995,Grove Insight (D-Project New America),2012-10-17,2012-10-18,Likely Voters,600,Live Phone,Pollster,Dem,Obama,48
Florida,15995,Grove Insight (D-Project New America),2012-10-17,2012-10-18,Likely Voters,600,Live Phone,Pollster,Dem,Romney,45
Florida,15995,Grove Insight (D-Project New America),2012-10-17,2012-10-18,Likely Voters,600,Live Phone,Pollster,Dem,Other,1
Florida,15995,Grove Insight (D-Project New America),2012-10-17,2012-10-18,Likely Voters,600,Live Phone,Pollster,Dem,Undecided,6
Florida,15973,SurveyUSA,2012-10-17,2012-10-18,Likely Voters,600,IVR/Online,Nonpartisan,NA,Obama,47
Florida,15973,SurveyUSA,2012-10-17,2012-10-18,Likely Voters,600,IVR/Online,Nonpartisan,NA,Romney,46
Florida,15973,SurveyUSA,2012-10-17,2012-10-18,Likely Voters,600,IVR/Online,Nonpartisan,NA,Other,2
Florida,15973,SurveyUSA,2012-10-17,2012-10-18,Likely Voters,600,IVR/Online,Nonpartisan,NA,Undecided,5
Florida,15969,FOX,2012-10-17,2012-10-18,Likely Voters,1215,Live Phone,Nonpartisan,NA,Obama,45
Florida,15969,FOX,2012-10-17,2012-10-18,Likely Voters,1215,Live Phone,Nonpartisan,NA,Romney,48
Florida,15969,FOX,2012-10-17,2012-10-18,Likely Voters,1215,Live Phone,Nonpartisan,NA,Other,1
Florida,15969,FOX,2012-10-17,2012-10-18,Likely Voters,1215,Live Phone,Nonpartisan,NA,Undecided,6
Florida,15966,CNN,2012-10-17,2012-10-18,Likely Voters,681,Live Phone,Nonpartisan,NA,Obama,48
Florida,15966,CNN,2012-10-17,2012-10-18,Likely Voters,681,Live Phone,Nonpartisan,NA,Romney,49
Florida,15966,CNN,2012-10-17,2012-10-18,Likely Voters,681,Live Phone,Nonpartisan,NA,Other,1
Florida,15966,CNN,2012-10-17,2012-10-18,Likely Voters,681,Live Phone,Nonpartisan,NA,Undecided,2
Florida,15974,JZ Analytics/Newsmax,2012-10-16,2012-10-18,Likely Voters,842,Internet,Sponsor,Rep,Obama,48
Florida,15974,JZ Analytics/Newsmax,2012-10-16,2012-10-18,Likely Voters,842,Internet,Sponsor,Rep,Romney,42
Florida,15974,JZ Analytics/Newsmax,2012-10-16,2012-10-18,Likely Voters,842,Internet,Sponsor,Rep,Other,NA
Florida,15974,JZ Analytics/Newsmax,2012-10-16,2012-10-18,Likely Voters,842,Internet,Sponsor,Rep,Undecided,10
Florida,15804,Gravis Marketing,2012-10-13,2012-10-14,Likely Voters,617,Automated Phone,Nonpartisan,NA,Obama,48
Florida,15804,Gravis Marketing,2012-10-13,2012-10-14,Likely Voters,617,Automated Phone,Nonpartisan,NA,Romney,49
Florida,15804,Gravis Marketing,2012-10-13,2012-10-14,Likely Voters,617,Automated Phone,Nonpartisan,NA,Other,3
Florida,15804,Gravis Marketing,2012-10-13,2012-10-14,Likely Voters,617,Automated Phone,Nonpartisan,NA,Undecided,NA
Florida,15774,PPP (D),2012-10-12,2012-10-14,Likely Voters,791,Automated Phone,Pollster,Dem,Obama,48
Florida,15774,PPP (D),2012-10-12,2012-10-14,Likely Voters,791,Automated Phone,Pollster,Dem,Romney,49
Florida,15774,PPP (D),2012-10-12,2012-10-14,Likely Voters,791,Automated Phone,Pollster,Dem,Other,NA
Florida,15774,PPP (D),2012-10-12,2012-10-14,Likely Voters,791,Automated Phone,Pollster,Dem,Undecided,3
Florida,15731,Rasmussen,2012-10-11,2012-10-11,Likely Voters,750,Automated Phone,Nonpartisan,NA,Obama,47
Florida,15731,Rasmussen,2012-10-11,2012-10-11,Likely Voters,750,Automated Phone,Nonpartisan,NA,Romney,51
Florida,15731,Rasmussen,2012-10-11,2012-10-11,Likely Voters,750,Automated Phone,Nonpartisan,NA,Other,NA
Florida,15731,Rasmussen,2012-10-11,2012-10-11,Likely Voters,750,Automated Phone,Nonpartisan,NA,Undecided,2
Florida,15732,ARG,2012-10-08,2012-10-11,Likely Voters,600,Live Phone,Nonpartisan,NA,Obama,46
Florida,15732,ARG,2012-10-08,2012-10-11,Likely Voters,600,Live Phone,Nonpartisan,NA,Romney,49
Florida,15732,ARG,2012-10-08,2012-10-11,Likely Voters,600,Live Phone,Nonpartisan,NA,Other,1
Florida,15732,ARG,2012-10-08,2012-10-11,Likely Voters,600,Live Phone,Nonpartisan,NA,Undecided,4
Florida,15844,YouGov,2012-10-04,2012-10-11,Likely Voters,1244,Internet,Nonpartisan,NA,Obama,48
Florida,15844,YouGov,2012-10-04,2012-10-11,Likely Voters,1244,Internet,Nonpartisan,NA,Romney,47
Florida,15844,YouGov,2012-10-04,2012-10-11,Likely Voters,1244,Internet,Nonpartisan,NA,Other,3
Florida,15844,YouGov,2012-10-04,2012-10-11,Likely Voters,1244,Internet,Nonpartisan,NA,Undecided,2
Florida,15720,Mason-Dixon,2012-10-08,2012-10-10,Likely Voters,800,Live Phone,Nonpartisan,NA,Obama,44
Florida,15720,Mason-Dixon,2012-10-08,2012-10-10,Likely Voters,800,Live Phone,Nonpartisan,NA,Romney,51
Florida,15720,Mason-Dixon,2012-10-08,2012-10-10,Likely Voters,800,Live Phone,Nonpartisan,NA,Other,1
Florida,15720,Mason-Dixon,2012-10-08,2012-10-10,Likely Voters,800,Live Phone,Nonpartisan,NA,Undecided,4
Florida,15677,NBC/WSJ/Marist,2012-10-07,2012-10-09,Likely Voters,988,Live Phone,Nonpartisan,NA,Obama,48
Florida,15677,NBC/WSJ/Marist,2012-10-07,2012-10-09,Likely Voters,988,Live Phone,Nonpartisan,NA,Romney,47
Florida,15677,NBC/WSJ/Marist,2012-10-07,2012-10-09,Likely Voters,988,Live Phone,Nonpartisan,NA,Other,1
Florida,15677,NBC/WSJ/Marist,2012-10-07,2012-10-09,Likely Voters,988,Live Phone,Nonpartisan,NA,Undecided,4
Florida,15664,UNF,2012-10-01,2012-10-09,Likely Voters,653,Live Phone,Nonpartisan,NA,Obama,49
Florida,15664,UNF,2012-10-01,2012-10-09,Likely Voters,653,Live Phone,Nonpartisan,NA,Romney,45
Florida,15664,UNF,2012-10-01,2012-10-09,Likely Voters,653,Live Phone,Nonpartisan,NA,Other,2
Florida,15664,UNF,2012-10-01,2012-10-09,Likely Voters,653,Live Phone,Nonpartisan,NA,Undecided,4
Florida,15555,Rasmussen,2012-10-04,2012-10-04,Likely Voters,500,Automated Phone,Nonpartisan,NA,Obama,47
Florida,15555,Rasmussen,2012-10-04,2012-10-04,Likely Voters,500,Automated Phone,Nonpartisan,NA,Romney,49
Florida,15555,Rasmussen,2012-10-04,2012-10-04,Likely Voters,500,Automated Phone,Nonpartisan,NA,Other,0
Florida,15555,Rasmussen,2012-10-04,2012-10-04,Likely Voters,500,Automated Phone,Nonpartisan,NA,Undecided,3
Florida,15539,We Ask America,2012-10-04,2012-10-04,Likely Voters,1200,Automated Phone,Nonpartisan,NA,Obama,46
Florida,15539,We Ask America,2012-10-04,2012-10-04,Likely Voters,1200,Automated Phone,Nonpartisan,NA,Romney,49
Florida,15539,We Ask America,2012-10-04,2012-10-04,Likely Voters,1200,Automated Phone,Nonpartisan,NA,Other,1
Florida,15539,We Ask America,2012-10-04,2012-10-04,Likely Voters,1200,Automated Phone,Nonpartisan,NA,Undecided,4
Florida,15481,NBC/WSJ/Marist,2012-09-30,2012-10-01,Likely Voters,890,Live Phone,Nonpartisan,NA,Obama,47
Florida,15481,NBC/WSJ/Marist,2012-09-30,2012-10-01,Likely Voters,890,Live Phone,Nonpartisan,NA,Romney,46
Florida,15481,NBC/WSJ/Marist,2012-09-30,2012-10-01,Likely Voters,890,Live Phone,Nonpartisan,NA,Other,1
Florida,15481,NBC/WSJ/Marist,2012-09-30,2012-10-01,Likely Voters,890,Live Phone,Nonpartisan,NA,Undecided,6
Florida,15426,Gravis Marketing,2012-09-29,2012-09-30,Likely Voters,914,Automated Phone,Nonpartisan,NA,Obama,49
Florida,15426,Gravis Marketing,2012-09-29,2012-09-30,Likely Voters,914,Automated Phone,Nonpartisan,NA,Romney,48
Florida,15426,Gravis Marketing,2012-09-29,2012-09-30,Likely Voters,914,Automated Phone,Nonpartisan,NA,Other,NA
Florida,15426,Gravis Marketing,2012-09-29,2012-09-30,Likely Voters,914,Automated Phone,Nonpartisan,NA,Undecided,3
Florida,15479,Suffolk,2012-09-27,2012-09-30,Likely Voters,600,Live Phone,Nonpartisan,NA,Obama,46
Florida,15479,Suffolk,2012-09-27,2012-09-30,Likely Voters,600,Live Phone,Nonpartisan,NA,Romney,43
Florida,15479,Suffolk,2012-09-27,2012-09-30,Likely Voters,600,Live Phone,Nonpartisan,NA,Other,3
Florida,15479,Suffolk,2012-09-27,2012-09-30,Likely Voters,600,Live Phone,Nonpartisan,NA,Undecided,8
Florida,15324,InsiderAdvantage/Florida Times-Union,2012-09-24,2012-09-24,Likely Voters,540,Automated Phone,Nonpartisan,NA,Obama,49
Florida,15324,InsiderAdvantage/Florida Times-Union,2012-09-24,2012-09-24,Likely Voters,540,Automated Phone,Nonpartisan,NA,Romney,46
Florida,15324,InsiderAdvantage/Florida Times-Union,2012-09-24,2012-09-24,Likely Voters,540,Automated Phone,Nonpartisan,NA,Other,1
Florida,15324,InsiderAdvantage/Florida Times-Union,2012-09-24,2012-09-24,Likely Voters,540,Automated Phone,Nonpartisan,NA,Undecided,4
Florida,15313,Quinnipiac/NYT/CBS,2012-09-18,2012-09-24,Likely Voters,1196,Live Phone,Nonpartisan,NA,Obama,53
Florida,15313,Quinnipiac/NYT/CBS,2012-09-18,2012-09-24,Likely Voters,1196,Live Phone,Nonpartisan,NA,Romney,44
Florida,15313,Quinnipiac/NYT/CBS,2012-09-18,2012-09-24,Likely Voters,1196,Live Phone,Nonpartisan,NA,Other,1
Florida,15313,Quinnipiac/NYT/CBS,2012-09-18,2012-09-24,Likely Voters,1196,Live Phone,Nonpartisan,NA,Undecided,3
Florida,15253,PPP (D),2012-09-20,2012-09-23,Likely Voters,861,Automated Phone,Pollster,Dem,Obama,50
Florida,15253,PPP (D),2012-09-20,2012-09-23,Likely Voters,861,Automated Phone,Pollster,Dem,Romney,46
Florida,15253,PPP (D),2012-09-20,2012-09-23,Likely Voters,861,Automated Phone,Pollster,Dem,Other,NA
Florida,15253,PPP (D),2012-09-20,2012-09-23,Likely Voters,861,Automated Phone,Pollster,Dem,Undecided,4
Florida,15289,Washington Post,2012-09-19,2012-09-23,Likely Voters,769,Live Phone,Nonpartisan,NA,Obama,51
Florida,15289,Washington Post,2012-09-19,2012-09-23,Likely Voters,769,Live Phone,Nonpartisan,NA,Romney,47
Florida,15289,Washington Post,2012-09-19,2012-09-23,Likely Voters,769,Live Phone,Nonpartisan,NA,Other,2
Florida,15289,Washington Post,2012-09-19,2012-09-23,Likely Voters,769,Live Phone,Nonpartisan,NA,Undecided,1
Florida,15269,ARG,2012-09-20,2012-09-22,Likely Voters,600,Live Phone,Nonpartisan,NA,Obama,50
Florida,15269,ARG,2012-09-20,2012-09-22,Likely Voters,600,Live Phone,Nonpartisan,NA,Romney,45
Florida,15269,ARG,2012-09-20,2012-09-22,Likely Voters,600,Live Phone,Nonpartisan,NA,Other,1
Florida,15269,ARG,2012-09-20,2012-09-22,Likely Voters,600,Live Phone,Nonpartisan,NA,Undecided,4
Florida,15286,Mason-Dixon,2012-09-17,2012-09-19,Likely Voters,800,Live Phone,Nonpartisan,NA,Obama,48
Florida,15286,Mason-Dixon,2012-09-17,2012-09-19,Likely Voters,800,Live Phone,Nonpartisan,NA,Romney,47
Florida,15286,Mason-Dixon,2012-09-17,2012-09-19,Likely Voters,800,Live Phone,Nonpartisan,NA,Other,1
Florida,15286,Mason-Dixon,2012-09-17,2012-09-19,Likely Voters,800,Live Phone,Nonpartisan,NA,Undecided,4
Florida,15199,Purple Strategies,2012-09-15,2012-09-19,Likely Voters,600,IVR/Online,Nonpartisan,NA,Obama,47
Florida,15199,Purple Strategies,2012-09-15,2012-09-19,Likely Voters,600,IVR/Online,Nonpartisan,NA,Romney,48
Florida,15199,Purple Strategies,2012-09-15,2012-09-19,Likely Voters,600,IVR/Online,Nonpartisan,NA,Other,NA
Florida,15199,Purple Strategies,2012-09-15,2012-09-19,Likely Voters,600,IVR/Online,Nonpartisan,NA,Undecided,5
Florida,15158,We Ask America,2012-09-18,2012-09-18,Likely Voters,1230,Automated Phone,Nonpartisan,NA,Obama,49
Florida,15158,We Ask America,2012-09-18,2012-09-18,Likely Voters,1230,Automated Phone,Nonpartisan,NA,Romney,46
Florida,15158,We Ask America,2012-09-18,2012-09-18,Likely Voters,1230,Automated Phone,Nonpartisan,NA,Other,NA
Florida,15158,We Ask America,2012-09-18,2012-09-18,Likely Voters,1230,Automated Phone,Nonpartisan,NA,Undecided,4
Florida,15146,FOX,2012-09-16,2012-09-18,Likely Voters,829,Live Phone,Nonpartisan,NA,Obama,49
Florida,15146,FOX,2012-09-16,2012-09-18,Likely Voters,829,Live Phone,Nonpartisan,NA,Romney,44
Florida,15146,FOX,2012-09-16,2012-09-18,Likely Voters,829,Live Phone,Nonpartisan,NA,Other,2
Florida,15146,FOX,2012-09-16,2012-09-18,Likely Voters,829,Live Phone,Nonpartisan,NA,Undecided,5
Florida,15096,Gravis Marketing,2012-09-15,2012-09-16,Likely Voters,1728,Automated Phone,Nonpartisan,NA,Obama,47
Florida,15096,Gravis Marketing,2012-09-15,2012-09-16,Likely Voters,1728,Automated Phone,Nonpartisan,NA,Romney,48
Florida,15096,Gravis Marketing,2012-09-15,2012-09-16,Likely Voters,1728,Automated Phone,Nonpartisan,NA,Other,NA
Florida,15096,Gravis Marketing,2012-09-15,2012-09-16,Likely Voters,1728,Automated Phone,Nonpartisan,NA,Undecided,5
Florida,15163,YouGov,2012-09-07,2012-09-14,Likely Voters,1415,Internet,Nonpartisan,NA,Obama,49
Florida,15163,YouGov,2012-09-07,2012-09-14,Likely Voters,1415,Internet,Nonpartisan,NA,Romney,47
Florida,15163,YouGov,2012-09-07,2012-09-14,Likely Voters,1415,Internet,Nonpartisan,NA,Other,3
Florida,15163,YouGov,2012-09-07,2012-09-14,Likely Voters,1415,Internet,Nonpartisan,NA,Undecided,2
Florida,15008,Rasmussen,2012-09-12,2012-09-12,Likely Voters,500,Automated Phone,Nonpartisan,NA,Obama,48
Florida,15008,Rasmussen,2012-09-12,2012-09-12,Likely Voters,500,Automated Phone,Nonpartisan,NA,Romney,46
Florida,15008,Rasmussen,2012-09-12,2012-09-12,Likely Voters,500,Automated Phone,Nonpartisan,NA,Other,3
Florida,15008,Rasmussen,2012-09-12,2012-09-12,Likely Voters,500,Automated Phone,Nonpartisan,NA,Undecided,3
Florida,15173,Caddell/McLaughlin (R)/Secure America Now,2012-09-11,2012-09-12,Likely Voters,600,Live Phone,Pollster,Rep,Obama,44
Florida,15173,Caddell/McLaughlin (R)/Secure America Now,2012-09-11,2012-09-12,Likely Voters,600,Live Phone,Pollster,Rep,Romney,48
Florida,15173,Caddell/McLaughlin (R)/Secure America Now,2012-09-11,2012-09-12,Likely Voters,600,Live Phone,Pollster,Rep,Other,NA
Florida,15173,Caddell/McLaughlin (R)/Secure America Now,2012-09-11,2012-09-12,Likely Voters,600,Live Phone,Pollster,Rep,Undecided,9
Florida,15028,NBC/WSJ/Marist,2012-09-09,2012-09-11,Likely Voters,980,Live Phone,Nonpartisan,NA,Obama,49
Florida,15028,NBC/WSJ/Marist,2012-09-09,2012-09-11,Likely Voters,980,Live Phone,Nonpartisan,NA,Romney,44
Florida,15028,NBC/WSJ/Marist,2012-09-09,2012-09-11,Likely Voters,980,Live Phone,Nonpartisan,NA,Other,1
Florida,15028,NBC/WSJ/Marist,2012-09-09,2012-09-11,Likely Voters,980,Live Phone,Nonpartisan,NA,Undecided,5
Florida,15038,Consensus Communications (R),2012-09-08,2012-09-11,Likely Voters,606,Live Phone,Pollster,Rep,Obama,42
Florida,15038,Consensus Communications (R),2012-09-08,2012-09-11,Likely Voters,606,Live Phone,Pollster,Rep,Romney,42
Florida,15038,Consensus Communications (R),2012-09-08,2012-09-11,Likely Voters,606,Live Phone,Pollster,Rep,Other,NA
Florida,15038,Consensus Communications (R),2012-09-08,2012-09-11,Likely Voters,606,Live Phone,Pollster,Rep,Undecided,NA
Florida,15012,McLaughlin (R)/AIF,2012-09-09,2012-09-10,Likely Voters,600,Live Phone,Pollster,Rep,Obama,47
Florida,15012,McLaughlin (R)/AIF,2012-09-09,2012-09-10,Likely Voters,600,Live Phone,Pollster,Rep,Romney,50
Florida,15012,McLaughlin (R)/AIF,2012-09-09,2012-09-10,Likely Voters,600,Live Phone,Pollster,Rep,Other,NA
Florida,15012,McLaughlin (R)/AIF,2012-09-09,2012-09-10,Likely Voters,600,Live Phone,Pollster,Rep,Undecided,3
Florida,14979,SurveyUSA,2012-09-07,2012-09-09,Likely Voters,596,IVR/Online,Nonpartisan,NA,Obama,48
Florida,14979,SurveyUSA,2012-09-07,2012-09-09,Likely Voters,596,IVR/Online,Nonpartisan,NA,Romney,44
Florida,14979,SurveyUSA,2012-09-07,2012-09-09,Likely Voters,596,IVR/Online,Nonpartisan,NA,Other,2
Florida,14979,SurveyUSA,2012-09-07,2012-09-09,Likely Voters,596,IVR/Online,Nonpartisan,NA,Undecided,5
Florida,14879,Gravis Marketing,2012-09-02,2012-09-02,Likely Voters,1288,Automated Phone,Nonpartisan,NA,Obama,47
Florida,14879,Gravis Marketing,2012-09-02,2012-09-02,Likely Voters,1288,Automated Phone,Nonpartisan,NA,Romney,48
Florida,14879,Gravis Marketing,2012-09-02,2012-09-02,Likely Voters,1288,Automated Phone,Nonpartisan,NA,Other,NA
Florida,14879,Gravis Marketing,2012-09-02,2012-09-02,Likely Voters,1288,Automated Phone,Nonpartisan,NA,Undecided,5
Florida,14868,PPP (D),2012-08-31,2012-09-02,Likely Voters,1548,Automated Phone,Pollster,Dem,Obama,48
Florida,14868,PPP (D),2012-08-31,2012-09-02,Likely Voters,1548,Automated Phone,Pollster,Dem,Romney,47
Florida,14868,PPP (D),2012-08-31,2012-09-02,Likely Voters,1548,Automated Phone,Pollster,Dem,Other,NA
Florida,14868,PPP (D),2012-08-31,2012-09-02,Likely Voters,1548,Automated Phone,Pollster,Dem,Undecided,4
Florida,14800,CNN/Time/ORC,2012-08-22,2012-08-26,Likely Voters,776,Live Phone,Nonpartisan,NA,Obama,50
Florida,14800,CNN/Time/ORC,2012-08-22,2012-08-26,Likely Voters,776,Live Phone,Nonpartisan,NA,Romney,46
Florida,14800,CNN/Time/ORC,2012-08-22,2012-08-26,Likely Voters,776,Live Phone,Nonpartisan,NA,Other,NA
Florida,14800,CNN/Time/ORC,2012-08-22,2012-08-26,Likely Voters,776,Live Phone,Nonpartisan,NA,Undecided,3
Florida,14739,Quinnipiac/NYT/CBS,2012-08-15,2012-08-21,Likely Voters,1241,Live Phone,Nonpartisan,NA,Obama,49
Florida,14739,Quinnipiac/NYT/CBS,2012-08-15,2012-08-21,Likely Voters,1241,Live Phone,Nonpartisan,NA,Romney,46
Florida,14739,Quinnipiac/NYT/CBS,2012-08-15,2012-08-21,Likely Voters,1241,Live Phone,Nonpartisan,NA,Other,1
Florida,14739,Quinnipiac/NYT/CBS,2012-08-15,2012-08-21,Likely Voters,1241,Live Phone,Nonpartisan,NA,Undecided,NA
Florida,14737,Gravis Marketing,2012-08-20,2012-08-20,Likely Voters,728,Automated Phone,Nonpartisan,NA,Obama,45
Florida,14737,Gravis Marketing,2012-08-20,2012-08-20,Likely Voters,728,Automated Phone,Nonpartisan,NA,Romney,48
Florida,14737,Gravis Marketing,2012-08-20,2012-08-20,Likely Voters,728,Automated Phone,Nonpartisan,NA,Other,NA
Florida,14737,Gravis Marketing,2012-08-20,2012-08-20,Likely Voters,728,Automated Phone,Nonpartisan,NA,Undecided,NA
Florida,14708,FMWB (D),2012-08-17,2012-08-17,Likely Voters,1503,Automated Phone,Pollster,Dem,Obama,40
Florida,14708,FMWB (D),2012-08-17,2012-08-17,Likely Voters,1503,Automated Phone,Pollster,Dem,Romney,54
Florida,14708,FMWB (D),2012-08-17,2012-08-17,Likely Voters,1503,Automated Phone,Pollster,Dem,Other,3
Florida,14708,FMWB (D),2012-08-17,2012-08-17,Likely Voters,1503,Automated Phone,Pollster,Dem,Undecided,5
Florida,14675,Rasmussen,2012-08-15,2012-08-15,Likely Voters,500,Automated Phone,Nonpartisan,NA,Obama,43
Florida,14675,Rasmussen,2012-08-15,2012-08-15,Likely Voters,500,Automated Phone,Nonpartisan,NA,Romney,45
Florida,14675,Rasmussen,2012-08-15,2012-08-15,Likely Voters,500,Automated Phone,Nonpartisan,NA,Other,3
Florida,14675,Rasmussen,2012-08-15,2012-08-15,Likely Voters,500,Automated Phone,Nonpartisan,NA,Undecided,8
Florida,14667,Purple Strategies,2012-08-13,2012-08-14,Likely Voters,600,Automated Phone,Nonpartisan,NA,Obama,47
Florida,14667,Purple Strategies,2012-08-13,2012-08-14,Likely Voters,600,Automated Phone,Nonpartisan,NA,Romney,48
Florida,14667,Purple Strategies,2012-08-13,2012-08-14,Likely Voters,600,Automated Phone,Nonpartisan,NA,Other,NA
Florida,14667,Purple Strategies,2012-08-13,2012-08-14,Likely Voters,600,Automated Phone,Nonpartisan,NA,Undecided,5
Florida,14519,Quinnipiac/NYT/CBS,2012-07-24,2012-07-30,Likely Voters,1177,Live Phone,Nonpartisan,NA,Obama,51
Florida,14519,Quinnipiac/NYT/CBS,2012-07-24,2012-07-30,Likely Voters,1177,Live Phone,Nonpartisan,NA,Romney,45
Florida,14519,Quinnipiac/NYT/CBS,2012-07-24,2012-07-30,Likely Voters,1177,Live Phone,Nonpartisan,NA,Other,1
Florida,14519,Quinnipiac/NYT/CBS,2012-07-24,2012-07-30,Likely Voters,1177,Live Phone,Nonpartisan,NA,Undecided,4
Florida,14511,PPP (D),2012-07-26,2012-07-29,Likely Voters,871,Automated Phone,Pollster,Dem,Obama,48
Florida,14511,PPP (D),2012-07-26,2012-07-29,Likely Voters,871,Automated Phone,Pollster,Dem,Romney,47
Florida,14511,PPP (D),2012-07-26,2012-07-29,Likely Voters,871,Automated Phone,Pollster,Dem,Other,NA
Florida,14511,PPP (D),2012-07-26,2012-07-29,Likely Voters,871,Automated Phone,Pollster,Dem,Undecided,5
Florida,14406,SurveyUSA,2012-07-17,2012-07-19,Likely Voters,647,IVR/Online,Nonpartisan,NA,Obama,48
Florida,14406,SurveyUSA,2012-07-17,2012-07-19,Likely Voters,647,IVR/Online,Nonpartisan,NA,Romney,43
Florida,14406,SurveyUSA,2012-07-17,2012-07-19,Likely Voters,647,IVR/Online,Nonpartisan,NA,Other,4
Florida,14406,SurveyUSA,2012-07-17,2012-07-19,Likely Voters,647,IVR/Online,Nonpartisan,NA,Undecided,5
Florida,14357,Purple Strategies,2012-07-09,2012-07-13,Likely Voters,600,Automated Phone,Nonpartisan,NA,Obama,45
Florida,14357,Purple Strategies,2012-07-09,2012-07-13,Likely Voters,600,Automated Phone,Nonpartisan,NA,Romney,48
Florida,14357,Purple Strategies,2012-07-09,2012-07-13,Likely Voters,600,Automated Phone,Nonpartisan,NA,Other,NA
Florida,14357,Purple Strategies,2012-07-09,2012-07-13,Likely Voters,600,Automated Phone,Nonpartisan,NA,Undecided,7
Florida,14349,Mason-Dixon,2012-07-09,2012-07-11,Likely Voters,800,Live Phone,Nonpartisan,NA,Obama,46
Florida,14349,Mason-Dixon,2012-07-09,2012-07-11,Likely Voters,800,Live Phone,Nonpartisan,NA,Romney,45
Florida,14349,Mason-Dixon,2012-07-09,2012-07-11,Likely Voters,800,Live Phone,Nonpartisan,NA,Other,2
Florida,14349,Mason-Dixon,2012-07-09,2012-07-11,Likely Voters,800,Live Phone,Nonpartisan,NA,Undecided,7
Florida,14288,Rasmussen,2012-07-09,2012-07-09,Likely Voters,500,Automated Phone,Nonpartisan,NA,Obama,45
Florida,14288,Rasmussen,2012-07-09,2012-07-09,Likely Voters,500,Automated Phone,Nonpartisan,NA,Romney,46
Florida,14288,Rasmussen,2012-07-09,2012-07-09,Likely Voters,500,Automated Phone,Nonpartisan,NA,Other,5
Florida,14288,Rasmussen,2012-07-09,2012-07-09,Likely Voters,500,Automated Phone,Nonpartisan,NA,Undecided,4
Florida,14321,Garin-Hart-Yang (D-Priorities USA),2012-06-25,2012-07-03,Likely Voters,803,Live Phone,Sponsor,Dem,Obama,48
Florida,14321,Garin-Hart-Yang (D-Priorities USA),2012-06-25,2012-07-03,Likely Voters,803,Live Phone,Sponsor,Dem,Romney,44
Florida,14321,Garin-Hart-Yang (D-Priorities USA),2012-06-25,2012-07-03,Likely Voters,803,Live Phone,Sponsor,Dem,Other,NA
Florida,14321,Garin-Hart-Yang (D-Priorities USA),2012-06-25,2012-07-03,Likely Voters,803,Live Phone,Sponsor,Dem,Undecided,NA
Florida,14241,We Ask America,2012-07-01,2012-07-02,Likely Voters,1127,Automated Phone,Nonpartisan,NA,Obama,46
Florida,14241,We Ask America,2012-07-01,2012-07-02,Likely Voters,1127,Automated Phone,Nonpartisan,NA,Romney,45
Florida,14241,We Ask America,2012-07-01,2012-07-02,Likely Voters,1127,Automated Phone,Nonpartisan,NA,Other,NA
Florida,14241,We Ask America,2012-07-01,2012-07-02,Likely Voters,1127,Automated Phone,Nonpartisan,NA,Undecided,9
Florida,14187,Quinnipiac,2012-06-19,2012-06-25,Registered Voters,1200,Live Phone,Nonpartisan,NA,Obama,45
Florida,14187,Quinnipiac,2012-06-19,2012-06-25,Registered Voters,1200,Live Phone,Nonpartisan,NA,Romney,41
Florida,14187,Quinnipiac,2012-06-19,2012-06-25,Registered Voters,1200,Live Phone,Nonpartisan,NA,Other,2
Florida,14187,Quinnipiac,2012-06-19,2012-06-25,Registered Voters,1200,Live Phone,Nonpartisan,NA,Undecided,12
Florida,14141,Quinnipiac,2012-06-12,2012-06-18,Registered Voters,1697,Live Phone,Nonpartisan,NA,Obama,46
Florida,14141,Quinnipiac,2012-06-12,2012-06-18,Registered Voters,1697,Live Phone,Nonpartisan,NA,Romney,42
Florida,14141,Quinnipiac,2012-06-12,2012-06-18,Registered Voters,1697,Live Phone,Nonpartisan,NA,Other,2
Florida,14141,Quinnipiac,2012-06-12,2012-06-18,Registered Voters,1697,Live Phone,Nonpartisan,NA,Undecided,9
Florida,14037,Purple Strategies,2012-05-31,2012-06-05,Likely Voters,600,Automated Phone,Nonpartisan,NA,Obama,45
Florida,14037,Purple Strategies,2012-05-31,2012-06-05,Likely Voters,600,Automated Phone,Nonpartisan,NA,Romney,49
Florida,14037,Purple Strategies,2012-05-31,2012-06-05,Likely Voters,600,Automated Phone,Nonpartisan,NA,Other,NA
Florida,14037,Purple Strategies,2012-05-31,2012-06-05,Likely Voters,600,Automated Phone,Nonpartisan,NA,Undecided,6
Florida,14009,PPP (D),2012-05-31,2012-06-03,Likely Voters,642,Automated Phone,Pollster,Dem,Obama,50
Florida,14009,PPP (D),2012-05-31,2012-06-03,Likely Voters,642,Automated Phone,Pollster,Dem,Romney,46
Florida,14009,PPP (D),2012-05-31,2012-06-03,Likely Voters,642,Automated Phone,Pollster,Dem,Other,NA
Florida,14009,PPP (D),2012-05-31,2012-06-03,Likely Voters,642,Automated Phone,Pollster,Dem,Undecided,4
Florida,13872,Quinnipiac,2012-05-15,2012-05-21,Registered Voters,1722,Live Phone,Nonpartisan,NA,Obama,41
Florida,13872,Quinnipiac,2012-05-15,2012-05-21,Registered Voters,1722,Live Phone,Nonpartisan,NA,Romney,47
Florida,13872,Quinnipiac,2012-05-15,2012-05-21,Registered Voters,1722,Live Phone,Nonpartisan,NA,Other,2
Florida,13872,Quinnipiac,2012-05-15,2012-05-21,Registered Voters,1722,Live Phone,Nonpartisan,NA,Undecided,10
Florida,13891,NBC/Marist,2012-05-17,2012-05-20,Registered Voters,1078,Live Phone,Nonpartisan,NA,Obama,48
Florida,13891,NBC/Marist,2012-05-17,2012-05-20,Registered Voters,1078,Live Phone,Nonpartisan,NA,Romney,44
Florida,13891,NBC/Marist,2012-05-17,2012-05-20,Registered Voters,1078,Live Phone,Nonpartisan,NA,Other,1
Florida,13891,NBC/Marist,2012-05-17,2012-05-20,Registered Voters,1078,Live Phone,Nonpartisan,NA,Undecided,7
Florida,13725,Suffolk,2012-05-06,2012-05-08,Registered Voters,600,Live Phone,Nonpartisan,NA,Obama,46
Florida,13725,Suffolk,2012-05-06,2012-05-08,Registered Voters,600,Live Phone,Nonpartisan,NA,Romney,45
Florida,13725,Suffolk,2012-05-06,2012-05-08,Registered Voters,600,Live Phone,Nonpartisan,NA,Other,2
Florida,13725,Suffolk,2012-05-06,2012-05-08,Registered Voters,600,Live Phone,Nonpartisan,NA,Undecided,8
Florida,13677,Quinnipiac,2012-04-25,2012-05-01,Registered Voters,1169,Live Phone,Nonpartisan,NA,Obama,43
Florida,13677,Quinnipiac,2012-04-25,2012-05-01,Registered Voters,1169,Live Phone,Nonpartisan,NA,Romney,44
Florida,13677,Quinnipiac,2012-04-25,2012-05-01,Registered Voters,1169,Live Phone,Nonpartisan,NA,Other,3
Florida,13677,Quinnipiac,2012-04-25,2012-05-01,Registered Voters,1169,Live Phone,Nonpartisan,NA,Undecided,11
Florida,13635,Rasmussen,2012-04-25,2012-04-25,Likely Voters,500,Automated Phone,Nonpartisan,NA,Obama,45
Florida,13635,Rasmussen,2012-04-25,2012-04-25,Likely Voters,500,Automated Phone,Nonpartisan,NA,Romney,46
Florida,13635,Rasmussen,2012-04-25,2012-04-25,Likely Voters,500,Automated Phone,Nonpartisan,NA,Other,6
Florida,13635,Rasmussen,2012-04-25,2012-04-25,Likely Voters,500,Automated Phone,Nonpartisan,NA,Undecided,3
Florida,13618,Purple Strategies,2012-04-19,2012-04-23,Likely Voters,600,Automated Phone,Nonpartisan,NA,Obama,45
Florida,13618,Purple Strategies,2012-04-19,2012-04-23,Likely Voters,600,Automated Phone,Nonpartisan,NA,Romney,47
Florida,13618,Purple Strategies,2012-04-19,2012-04-23,Likely Voters,600,Automated Phone,Nonpartisan,NA,Other,NA
Florida,13618,Purple Strategies,2012-04-19,2012-04-23,Likely Voters,600,Automated Phone,Nonpartisan,NA,Undecided,7
Florida,13570,FOX,2012-04-15,2012-04-17,Registered Voters,757,Live Phone,Nonpartisan,NA,Obama,45
Florida,13570,FOX,2012-04-15,2012-04-17,Registered Voters,757,Live Phone,Nonpartisan,NA,Romney,43
Florida,13570,FOX,2012-04-15,2012-04-17,Registered Voters,757,Live Phone,Nonpartisan,NA,Other,2
Florida,13570,FOX,2012-04-15,2012-04-17,Registered Voters,757,Live Phone,Nonpartisan,NA,Undecided,11
Florida,13541,PPP (D),2012-04-12,2012-04-15,Likely Voters,700,Automated Phone,Pollster,Dem,Obama,50
Florida,13541,PPP (D),2012-04-12,2012-04-15,Likely Voters,700,Automated Phone,Pollster,Dem,Romney,45
Florida,13541,PPP (D),2012-04-12,2012-04-15,Likely Voters,700,Automated Phone,Pollster,Dem,Other,NA
Florida,13541,PPP (D),2012-04-12,2012-04-15,Likely Voters,700,Automated Phone,Pollster,Dem,Undecided,5
Florida,13368,Quinnipiac,2012-03-20,2012-03-26,Registered Voters,1228,Live Phone,Nonpartisan,NA,Obama,49
Florida,13368,Quinnipiac,2012-03-20,2012-03-26,Registered Voters,1228,Live Phone,Nonpartisan,NA,Romney,42
Florida,13368,Quinnipiac,2012-03-20,2012-03-26,Registered Voters,1228,Live Phone,Nonpartisan,NA,Other,2
Florida,13368,Quinnipiac,2012-03-20,2012-03-26,Registered Voters,1228,Live Phone,Nonpartisan,NA,Undecided,5
Florida,13220,Rasmussen,2012-03-13,2012-03-13,Likely Voters,500,Automated Phone,Nonpartisan,NA,Obama,46
Florida,13220,Rasmussen,2012-03-13,2012-03-13,Likely Voters,500,Automated Phone,Nonpartisan,NA,Romney,43
Florida,13220,Rasmussen,2012-03-13,2012-03-13,Likely Voters,500,Automated Phone,Nonpartisan,NA,Other,7
Florida,13220,Rasmussen,2012-03-13,2012-03-13,Likely Voters,500,Automated Phone,Nonpartisan,NA,Undecided,4
Florida,12832,Rasmussen,2012-02-09,2012-02-09,Likely Voters,500,Automated Phone,Nonpartisan,NA,Obama,47
Florida,12832,Rasmussen,2012-02-09,2012-02-09,Likely Voters,500,Automated Phone,Nonpartisan,NA,Romney,44
Florida,12832,Rasmussen,2012-02-09,2012-02-09,Likely Voters,500,Automated Phone,Nonpartisan,NA,Other,5
Florida,12832,Rasmussen,2012-02-09,2012-02-09,Likely Voters,500,Automated Phone,Nonpartisan,NA,Undecided,3
Florida,12652,Marist College,2012-01-25,2012-01-27,Likely Voters,1379,Live Phone,Nonpartisan,NA,Obama,49
Florida,12652,Marist College,2012-01-25,2012-01-27,Likely Voters,1379,Live Phone,Nonpartisan,NA,Romney,41
Florida,12652,Marist College,2012-01-25,2012-01-27,Likely Voters,1379,Live Phone,Nonpartisan,NA,Other,NA
Florida,12652,Marist College,2012-01-25,2012-01-27,Likely Voters,1379,Live Phone,Nonpartisan,NA,Undecided,10
Florida,12651,Mason-Dixon,2012-01-24,2012-01-26,Likely Voters,800,Live Phone,Nonpartisan,NA,Obama,44
Florida,12651,Mason-Dixon,2012-01-24,2012-01-26,Likely Voters,800,Live Phone,Nonpartisan,NA,Romney,48
Florida,12651,Mason-Dixon,2012-01-24,2012-01-26,Likely Voters,800,Live Phone,Nonpartisan,NA,Other,NA
Florida,12651,Mason-Dixon,2012-01-24,2012-01-26,Likely Voters,800,Live Phone,Nonpartisan,NA,Undecided,NA
Florida,12640,Suffolk,2012-01-22,2012-01-24,Registered Voters,600,Live Phone,Nonpartisan,NA,Obama,42
Florida,12640,Suffolk,2012-01-22,2012-01-24,Registered Voters,600,Live Phone,Nonpartisan,NA,Romney,47
Florida,12640,Suffolk,2012-01-22,2012-01-24,Registered Voters,600,Live Phone,Nonpartisan,NA,Other,1
Florida,12640,Suffolk,2012-01-22,2012-01-24,Registered Voters,600,Live Phone,Nonpartisan,NA,Undecided,10
Florida,12639,Quinnipiac,2012-01-19,2012-01-23,Registered Voters,1518,Live Phone,Nonpartisan,NA,Obama,45
Florida,12639,Quinnipiac,2012-01-19,2012-01-23,Registered Voters,1518,Live Phone,Nonpartisan,NA,Romney,45
Florida,12639,Quinnipiac,2012-01-19,2012-01-23,Registered Voters,1518,Live Phone,Nonpartisan,NA,Other,2
Florida,12639,Quinnipiac,2012-01-19,2012-01-23,Registered Voters,1518,Live Phone,Nonpartisan,NA,Undecided,6
Florida,12580,Tarrance (R-Walker),2012-01-17,2012-01-18,Likely Voters,607,Live Phone,Pollster,Rep,Obama,46
Florida,12580,Tarrance (R-Walker),2012-01-17,2012-01-18,Likely Voters,607,Live Phone,Pollster,Rep,Romney,45
Florida,12580,Tarrance (R-Walker),2012-01-17,2012-01-18,Likely Voters,607,Live Phone,Pollster,Rep,Other,NA
Florida,12580,Tarrance (R-Walker),2012-01-17,2012-01-18,Likely Voters,607,Live Phone,Pollster,Rep,Undecided,9
Florida,12445,Quinnipiac,2012-01-04,2012-01-08,Registered Voters,1412,Live Phone,Nonpartisan,NA,Obama,43
Florida,12445,Quinnipiac,2012-01-04,2012-01-08,Registered Voters,1412,Live Phone,Nonpartisan,NA,Romney,46
Florida,12445,Quinnipiac,2012-01-04,2012-01-08,Registered Voters,1412,Live Phone,Nonpartisan,NA,Other,2
Florida,12445,Quinnipiac,2012-01-04,2012-01-08,Registered Voters,1412,Live Phone,Nonpartisan,NA,Undecided,6
Colorado,16667,Ipsos/Reuters (Web),2012-11-03,2012-11-05,Likely Voters,774,Internet,Nonpartisan,NA,Obama,48
Colorado,16667,Ipsos/Reuters (Web),2012-11-03,2012-11-05,Likely Voters,774,Internet,Nonpartisan,NA,Romney,47
Colorado,16667,Ipsos/Reuters (Web),2012-11-03,2012-11-05,Likely Voters,774,Internet,Nonpartisan,NA,Other,3
Colorado,16667,Ipsos/Reuters (Web),2012-11-03,2012-11-05,Likely Voters,774,Internet,Nonpartisan,NA,Undecided,1
Colorado,16643,PPP (D),2012-11-03,2012-11-04,Likely Voters,1096,Automated Phone,Pollster,Dem,Obama,52
Colorado,16643,PPP (D),2012-11-03,2012-11-04,Likely Voters,1096,Automated Phone,Pollster,Dem,Romney,46
Colorado,16643,PPP (D),2012-11-03,2012-11-04,Likely Voters,1096,Automated Phone,Pollster,Dem,Other,NA
Colorado,16643,PPP (D),2012-11-03,2012-11-04,Likely Voters,1096,Automated Phone,Pollster,Dem,Undecided,3
Colorado,16668,OnSight/Keating (D),2012-11-02,2012-11-04,Likely Voters,603,Live Phone,Sponsor,Dem,Obama,50
Colorado,16668,OnSight/Keating (D),2012-11-02,2012-11-04,Likely Voters,603,Live Phone,Sponsor,Dem,Romney,46
Colorado,16668,OnSight/Keating (D),2012-11-02,2012-11-04,Likely Voters,603,Live Phone,Sponsor,Dem,Other,2
Colorado,16668,OnSight/Keating (D),2012-11-02,2012-11-04,Likely Voters,603,Live Phone,Sponsor,Dem,Undecided,2
Colorado,16626,Lake Research (D),2012-10-31,2012-11-04,Likely Voters,400,Live Phone,Pollster,Dem,Obama,45
Colorado,16626,Lake Research (D),2012-10-31,2012-11-04,Likely Voters,400,Live Phone,Pollster,Dem,Romney,44
Colorado,16626,Lake Research (D),2012-10-31,2012-11-04,Likely Voters,400,Live Phone,Pollster,Dem,Other,3
Colorado,16626,Lake Research (D),2012-10-31,2012-11-04,Likely Voters,400,Live Phone,Pollster,Dem,Undecided,9
Colorado,16585,YouGov,2012-10-31,2012-11-03,Likely Voters,752,Internet,Nonpartisan,NA,Obama,48
Colorado,16585,YouGov,2012-10-31,2012-11-03,Likely Voters,752,Internet,Nonpartisan,NA,Romney,47
Colorado,16585,YouGov,2012-10-31,2012-11-03,Likely Voters,752,Internet,Nonpartisan,NA,Other,3
Colorado,16585,YouGov,2012-10-31,2012-11-03,Likely Voters,752,Internet,Nonpartisan,NA,Undecided,2
Colorado,16481,Ipsos/Reuters (Web),2012-10-31,2012-11-02,Likely Voters,1052,Internet,Nonpartisan,NA,Obama,46
Colorado,16481,Ipsos/Reuters (Web),2012-10-31,2012-11-02,Likely Voters,1052,Internet,Nonpartisan,NA,Romney,46
Colorado,16481,Ipsos/Reuters (Web),2012-10-31,2012-11-02,Likely Voters,1052,Internet,Nonpartisan,NA,Other,4
Colorado,16481,Ipsos/Reuters (Web),2012-10-31,2012-11-02,Likely Voters,1052,Internet,Nonpartisan,NA,Undecided,4
Colorado,16462,PPP (D-LCV),2012-10-31,2012-11-01,Likely Voters,825,Automated Phone,Sponsor,Dem,Obama,50
Colorado,16462,PPP (D-LCV),2012-10-31,2012-11-01,Likely Voters,825,Automated Phone,Sponsor,Dem,Romney,46
Colorado,16462,PPP (D-LCV),2012-10-31,2012-11-01,Likely Voters,825,Automated Phone,Sponsor,Dem,Other,NA
Colorado,16462,PPP (D-LCV),2012-10-31,2012-11-01,Likely Voters,825,Automated Phone,Sponsor,Dem,Undecided,4
Colorado,16465,Denver Post/SurveyUSA,2012-10-28,2012-10-31,Likely Voters,695,Mixed,Nonpartisan,NA,Obama,47
Colorado,16465,Denver Post/SurveyUSA,2012-10-28,2012-10-31,Likely Voters,695,Mixed,Nonpartisan,NA,Romney,45
Colorado,16465,Denver Post/SurveyUSA,2012-10-28,2012-10-31,Likely Voters,695,Mixed,Nonpartisan,NA,Other,NA
Colorado,16465,Denver Post/SurveyUSA,2012-10-28,2012-10-31,Likely Voters,695,Mixed,Nonpartisan,NA,Undecided,NA
Colorado,16434,CNN,2012-10-26,2012-10-31,Likely Voters,764,Live Phone,Nonpartisan,NA,Obama,50
Colorado,16434,CNN,2012-10-26,2012-10-31,Likely Voters,764,Live Phone,Nonpartisan,NA,Romney,48
Colorado,16434,CNN,2012-10-26,2012-10-31,Likely Voters,764,Live Phone,Nonpartisan,NA,Other,NA
Colorado,16434,CNN,2012-10-26,2012-10-31,Likely Voters,764,Live Phone,Nonpartisan,NA,Undecided,2
Colorado,16392,We Ask America,2012-10-30,2012-10-30,Likely Voters,1246,Automated Phone,Nonpartisan,NA,Obama,50
Colorado,16392,We Ask America,2012-10-30,2012-10-30,Likely Voters,1246,Automated Phone,Nonpartisan,NA,Romney,47
Colorado,16392,We Ask America,2012-10-30,2012-10-30,Likely Voters,1246,Automated Phone,Nonpartisan,NA,Other,3
Colorado,16392,We Ask America,2012-10-30,2012-10-30,Likely Voters,1246,Automated Phone,Nonpartisan,NA,Undecided,NA
Colorado,16443,Rasmussen,2012-10-29,2012-10-29,Likely Voters,750,Automated Phone,Nonpartisan,NA,Obama,47
Colorado,16443,Rasmussen,2012-10-29,2012-10-29,Likely Voters,750,Automated Phone,Nonpartisan,NA,Romney,50
Colorado,16443,Rasmussen,2012-10-29,2012-10-29,Likely Voters,750,Automated Phone,Nonpartisan,NA,Other,2
Colorado,16443,Rasmussen,2012-10-29,2012-10-29,Likely Voters,750,Automated Phone,Nonpartisan,NA,Undecided,1
Colorado,16374,Grove Insight (D-Project New America/USAction),2012-10-28,2012-10-29,Likely Voters,500,Live Phone,Sponsor,Dem,Obama,48
Colorado,16374,Grove Insight (D-Project New America/USAction),2012-10-28,2012-10-29,Likely Voters,500,Live Phone,Sponsor,Dem,Romney,45
Colorado,16374,Grove Insight (D-Project New America/USAction),2012-10-28,2012-10-29,Likely Voters,500,Live Phone,Sponsor,Dem,Other,1
Colorado,16374,Grove Insight (D-Project New America/USAction),2012-10-28,2012-10-29,Likely Voters,500,Live Phone,Sponsor,Dem,Undecided,6
Colorado,16277,ARG,2012-10-25,2012-10-28,Likely Voters,600,Live Phone,Nonpartisan,NA,Obama,47
Colorado,16277,ARG,2012-10-25,2012-10-28,Likely Voters,600,Live Phone,Nonpartisan,NA,Romney,48
Colorado,16277,ARG,2012-10-25,2012-10-28,Likely Voters,600,Live Phone,Nonpartisan,NA,Other,1
Colorado,16277,ARG,2012-10-25,2012-10-28,Likely Voters,600,Live Phone,Nonpartisan,NA,Undecided,4
Colorado,16206,Purple Strategies,2012-10-23,2012-10-25,Likely Voters,600,IVR/Online,Nonpartisan,NA,Obama,47
Colorado,16206,Purple Strategies,2012-10-23,2012-10-25,Likely Voters,600,IVR/Online,Nonpartisan,NA,Romney,46
Colorado,16206,Purple Strategies,2012-10-23,2012-10-25,Likely Voters,600,IVR/Online,Nonpartisan,NA,Other,1
Colorado,16206,Purple Strategies,2012-10-23,2012-10-25,Likely Voters,600,IVR/Online,Nonpartisan,NA,Undecided,5
Colorado,16172,PPP (D),2012-10-23,2012-10-25,Likely Voters,904,Automated Phone,Pollster,Dem,Obama,51
Colorado,16172,PPP (D),2012-10-23,2012-10-25,Likely Voters,904,Automated Phone,Pollster,Dem,Romney,47
Colorado,16172,PPP (D),2012-10-23,2012-10-25,Likely Voters,904,Automated Phone,Pollster,Dem,Other,NA
Colorado,16172,PPP (D),2012-10-23,2012-10-25,Likely Voters,904,Automated Phone,Pollster,Dem,Undecided,2
Colorado,16176,OnSight/Keating (D),2012-10-23,2012-10-24,Likely Voters,502,Live Phone,Sponsor,Dem,Obama,48
Colorado,16176,OnSight/Keating (D),2012-10-23,2012-10-24,Likely Voters,502,Live Phone,Sponsor,Dem,Romney,45
Colorado,16176,OnSight/Keating (D),2012-10-23,2012-10-24,Likely Voters,502,Live Phone,Sponsor,Dem,Other,NA
Colorado,16176,OnSight/Keating (D),2012-10-23,2012-10-24,Likely Voters,502,Live Phone,Sponsor,Dem,Undecided,NA
Colorado,16175,NBC/WSJ/Marist,2012-10-23,2012-10-24,Likely Voters,1128,Live Phone,Nonpartisan,NA,Obama,48
Colorado,16175,NBC/WSJ/Marist,2012-10-23,2012-10-24,Likely Voters,1128,Live Phone,Nonpartisan,NA,Romney,48
Colorado,16175,NBC/WSJ/Marist,2012-10-23,2012-10-24,Likely Voters,1128,Live Phone,Nonpartisan,NA,Other,2
Colorado,16175,NBC/WSJ/Marist,2012-10-23,2012-10-24,Likely Voters,1128,Live Phone,Nonpartisan,NA,Undecided,2
Colorado,16156,Grove Insight (D-Project New America/USAction),2012-10-23,2012-10-24,Likely Voters,500,Live Phone,Sponsor,Dem,Obama,46
Colorado,16156,Grove Insight (D-Project New America/USAction),2012-10-23,2012-10-24,Likely Voters,500,Live Phone,Sponsor,Dem,Romney,43
Colorado,16156,Grove Insight (D-Project New America/USAction),2012-10-23,2012-10-24,Likely Voters,500,Live Phone,Sponsor,Dem,Other,3
Colorado,16156,Grove Insight (D-Project New America/USAction),2012-10-23,2012-10-24,Likely Voters,500,Live Phone,Sponsor,Dem,Undecided,8
Colorado,16022,Rasmussen,2012-10-21,2012-10-21,Likely Voters,500,Automated Phone,Nonpartisan,NA,Obama,46
Colorado,16022,Rasmussen,2012-10-21,2012-10-21,Likely Voters,500,Automated Phone,Nonpartisan,NA,Romney,50
Colorado,16022,Rasmussen,2012-10-21,2012-10-21,Likely Voters,500,Automated Phone,Nonpartisan,NA,Other,2
Colorado,16022,Rasmussen,2012-10-21,2012-10-21,Likely Voters,500,Automated Phone,Nonpartisan,NA,Undecided,1
Colorado,15931,PPP (D),2012-10-16,2012-10-18,Likely Voters,1000,Automated Phone,Pollster,Dem,Obama,50
Colorado,15931,PPP (D),2012-10-16,2012-10-18,Likely Voters,1000,Automated Phone,Pollster,Dem,Romney,47
Colorado,15931,PPP (D),2012-10-16,2012-10-18,Likely Voters,1000,Automated Phone,Pollster,Dem,Other,NA
Colorado,15931,PPP (D),2012-10-16,2012-10-18,Likely Voters,1000,Automated Phone,Pollster,Dem,Undecided,3
Colorado,15897,Grove Insight (D-Project New America),2012-10-15,2012-10-16,Likely Voters,500,Live Phone,Pollster,Dem,Obama,47
Colorado,15897,Grove Insight (D-Project New America),2012-10-15,2012-10-16,Likely Voters,500,Live Phone,Pollster,Dem,Romney,44
Colorado,15897,Grove Insight (D-Project New America),2012-10-15,2012-10-16,Likely Voters,500,Live Phone,Pollster,Dem,Other,2
Colorado,15897,Grove Insight (D-Project New America),2012-10-15,2012-10-16,Likely Voters,500,Live Phone,Pollster,Dem,Undecided,7
Colorado,15821,We Ask America,2012-10-15,2012-10-15,Likely Voters,1206,Automated Phone,Nonpartisan,NA,Obama,47
Colorado,15821,We Ask America,2012-10-15,2012-10-15,Likely Voters,1206,Automated Phone,Nonpartisan,NA,Romney,48
Colorado,15821,We Ask America,2012-10-15,2012-10-15,Likely Voters,1206,Automated Phone,Nonpartisan,NA,Other,1
Colorado,15821,We Ask America,2012-10-15,2012-10-15,Likely Voters,1206,Automated Phone,Nonpartisan,NA,Undecided,4
Colorado,15777,Gravis Marketing,2012-10-05,2012-10-11,Likely Voters,2089,Automated Phone,Nonpartisan,NA,Obama,48
Colorado,15777,Gravis Marketing,2012-10-05,2012-10-11,Likely Voters,2089,Automated Phone,Nonpartisan,NA,Romney,46
Colorado,15777,Gravis Marketing,2012-10-05,2012-10-11,Likely Voters,2089,Automated Phone,Nonpartisan,NA,Other,NA
Colorado,15777,Gravis Marketing,2012-10-05,2012-10-11,Likely Voters,2089,Automated Phone,Nonpartisan,NA,Undecided,6
Colorado,15842,YouGov,2012-10-04,2012-10-11,Likely Voters,527,Internet,Nonpartisan,NA,Obama,48
Colorado,15842,YouGov,2012-10-04,2012-10-11,Likely Voters,527,Internet,Nonpartisan,NA,Romney,45
Colorado,15842,YouGov,2012-10-04,2012-10-11,Likely Voters,527,Internet,Nonpartisan,NA,Other,2
Colorado,15842,YouGov,2012-10-04,2012-10-11,Likely Voters,527,Internet,Nonpartisan,NA,Undecided,5
Colorado,15754,Denver Post/SurveyUSA,2012-10-09,2012-10-10,Likely Voters,614,IVR/Online,Nonpartisan,NA,Obama,45
Colorado,15754,Denver Post/SurveyUSA,2012-10-09,2012-10-10,Likely Voters,614,IVR/Online,Nonpartisan,NA,Romney,46
Colorado,15754,Denver Post/SurveyUSA,2012-10-09,2012-10-10,Likely Voters,614,IVR/Online,Nonpartisan,NA,Other,3
Colorado,15754,Denver Post/SurveyUSA,2012-10-09,2012-10-10,Likely Voters,614,IVR/Online,Nonpartisan,NA,Undecided,5
Colorado,15680,Quinnipiac/NYT/CBS,2012-10-04,2012-10-09,Likely Voters,1254,Live Phone,Nonpartisan,NA,Obama,47
Colorado,15680,Quinnipiac/NYT/CBS,2012-10-04,2012-10-09,Likely Voters,1254,Live Phone,Nonpartisan,NA,Romney,48
Colorado,15680,Quinnipiac/NYT/CBS,2012-10-04,2012-10-09,Likely Voters,1254,Live Phone,Nonpartisan,NA,Other,2
Colorado,15680,Quinnipiac/NYT/CBS,2012-10-04,2012-10-09,Likely Voters,1254,Live Phone,Nonpartisan,NA,Undecided,2
Colorado,15628,ARG,2012-10-05,2012-10-08,Likely Voters,600,Live Phone,Nonpartisan,NA,Obama,46
Colorado,15628,ARG,2012-10-05,2012-10-08,Likely Voters,600,Live Phone,Nonpartisan,NA,Romney,50
Colorado,15628,ARG,2012-10-05,2012-10-08,Likely Voters,600,Live Phone,Nonpartisan,NA,Other,1
Colorado,15628,ARG,2012-10-05,2012-10-08,Likely Voters,600,Live Phone,Nonpartisan,NA,Undecided,3
Colorado,15583,Rasmussen,2012-10-07,2012-10-07,Likely Voters,500,Automated Phone,Nonpartisan,NA,Obama,49
Colorado,15583,Rasmussen,2012-10-07,2012-10-07,Likely Voters,500,Automated Phone,Nonpartisan,NA,Romney,48
Colorado,15583,Rasmussen,2012-10-07,2012-10-07,Likely Voters,500,Automated Phone,Nonpartisan,NA,Other,1
Colorado,15583,Rasmussen,2012-10-07,2012-10-07,Likely Voters,500,Automated Phone,Nonpartisan,NA,Undecided,2
Colorado,15567,Selzer/University of Denver,2012-10-04,2012-10-05,Likely Voters,604,Live Phone,Nonpartisan,NA,Obama,47
Colorado,15567,Selzer/University of Denver,2012-10-04,2012-10-05,Likely Voters,604,Live Phone,Nonpartisan,NA,Romney,43
Colorado,15567,Selzer/University of Denver,2012-10-04,2012-10-05,Likely Voters,604,Live Phone,Nonpartisan,NA,Other,4
Colorado,15567,Selzer/University of Denver,2012-10-04,2012-10-05,Likely Voters,604,Live Phone,Nonpartisan,NA,Undecided,5
Colorado,15569,Gravis Marketing,2012-10-03,2012-10-04,Likely Voters,1285,Automated Phone,Nonpartisan,NA,Obama,46
Colorado,15569,Gravis Marketing,2012-10-03,2012-10-04,Likely Voters,1285,Automated Phone,Nonpartisan,NA,Romney,49
Colorado,15569,Gravis Marketing,2012-10-03,2012-10-04,Likely Voters,1285,Automated Phone,Nonpartisan,NA,Other,NA
Colorado,15569,Gravis Marketing,2012-10-03,2012-10-04,Likely Voters,1285,Automated Phone,Nonpartisan,NA,Undecided,5
Colorado,15545,McLaughlin (R-American Conservative Union),2012-09-30,2012-10-02,Likely Voters,300,Live Phone,Sponsor,Rep,Obama,46
Colorado,15545,McLaughlin (R-American Conservative Union),2012-09-30,2012-10-02,Likely Voters,300,Live Phone,Sponsor,Rep,Romney,50
Colorado,15545,McLaughlin (R-American Conservative Union),2012-09-30,2012-10-02,Likely Voters,300,Live Phone,Sponsor,Rep,Other,NA
Colorado,15545,McLaughlin (R-American Conservative Union),2012-09-30,2012-10-02,Likely Voters,300,Live Phone,Sponsor,Rep,Undecided,4
Colorado,15444,We Ask America,2012-09-25,2012-09-27,Likely Voters,1273,Automated Phone,Nonpartisan,NA,Obama,49
Colorado,15444,We Ask America,2012-09-25,2012-09-27,Likely Voters,1273,Automated Phone,Nonpartisan,NA,Romney,46
Colorado,15444,We Ask America,2012-09-25,2012-09-27,Likely Voters,1273,Automated Phone,Nonpartisan,NA,Other,1
Colorado,15444,We Ask America,2012-09-25,2012-09-27,Likely Voters,1273,Automated Phone,Nonpartisan,NA,Undecided,4
Colorado,15254,PPP (D),2012-09-20,2012-09-23,Likely Voters,940,Automated Phone,Pollster,Dem,Obama,51
Colorado,15254,PPP (D),2012-09-20,2012-09-23,Likely Voters,940,Automated Phone,Pollster,Dem,Romney,45
Colorado,15254,PPP (D),2012-09-20,2012-09-23,Likely Voters,940,Automated Phone,Pollster,Dem,Other,NA
Colorado,15254,PPP (D),2012-09-20,2012-09-23,Likely Voters,940,Automated Phone,Pollster,Dem,Undecided,4
Colorado,15345,Gravis Marketing,2012-09-21,2012-09-22,Likely Voters,765,Automated Phone,Nonpartisan,NA,Obama,50
Colorado,15345,Gravis Marketing,2012-09-21,2012-09-22,Likely Voters,765,Automated Phone,Nonpartisan,NA,Romney,46
Colorado,15345,Gravis Marketing,2012-09-21,2012-09-22,Likely Voters,765,Automated Phone,Nonpartisan,NA,Other,NA
Colorado,15345,Gravis Marketing,2012-09-21,2012-09-22,Likely Voters,765,Automated Phone,Nonpartisan,NA,Undecided,4
Colorado,15197,Purple Strategies,2012-09-15,2012-09-19,Likely Voters,600,IVR/Online,Nonpartisan,NA,Obama,48
Colorado,15197,Purple Strategies,2012-09-15,2012-09-19,Likely Voters,600,IVR/Online,Nonpartisan,NA,Romney,45
Colorado,15197,Purple Strategies,2012-09-15,2012-09-19,Likely Voters,600,IVR/Online,Nonpartisan,NA,Other,NA
Colorado,15197,Purple Strategies,2012-09-15,2012-09-19,Likely Voters,600,IVR/Online,Nonpartisan,NA,Undecided,7
Colorado,15196,NBC/WSJ/Marist,2012-09-16,2012-09-18,Likely Voters,971,Live Phone,Nonpartisan,NA,Obama,50
Colorado,15196,NBC/WSJ/Marist,2012-09-16,2012-09-18,Likely Voters,971,Live Phone,Nonpartisan,NA,Romney,45
Colorado,15196,NBC/WSJ/Marist,2012-09-16,2012-09-18,Likely Voters,971,Live Phone,Nonpartisan,NA,Other,1
Colorado,15196,NBC/WSJ/Marist,2012-09-16,2012-09-18,Likely Voters,971,Live Phone,Nonpartisan,NA,Undecided,4
Colorado,15104,Rasmussen,2012-09-17,2012-09-17,Likely Voters,500,Automated Phone,Nonpartisan,NA,Obama,45
Colorado,15104,Rasmussen,2012-09-17,2012-09-17,Likely Voters,500,Automated Phone,Nonpartisan,NA,Romney,47
Colorado,15104,Rasmussen,2012-09-17,2012-09-17,Likely Voters,500,Automated Phone,Nonpartisan,NA,Other,2
Colorado,15104,Rasmussen,2012-09-17,2012-09-17,Likely Voters,500,Automated Phone,Nonpartisan,NA,Undecided,6
Colorado,15120,Quinnipiac/NYT/CBS,2012-09-11,2012-09-17,Likely Voters,1497,Live Phone,Nonpartisan,NA,Obama,48
Colorado,15120,Quinnipiac/NYT/CBS,2012-09-11,2012-09-17,Likely Voters,1497,Live Phone,Nonpartisan,NA,Romney,47
Colorado,15120,Quinnipiac/NYT/CBS,2012-09-11,2012-09-17,Likely Voters,1497,Live Phone,Nonpartisan,NA,Other,2
Colorado,15120,Quinnipiac/NYT/CBS,2012-09-11,2012-09-17,Likely Voters,1497,Live Phone,Nonpartisan,NA,Undecided,3
Colorado,15151,YouGov,2012-09-07,2012-09-14,Likely Voters,707,Internet,Nonpartisan,NA,Obama,50
Colorado,15151,YouGov,2012-09-07,2012-09-14,Likely Voters,707,Internet,Nonpartisan,NA,Romney,45
Colorado,15151,YouGov,2012-09-07,2012-09-14,Likely Voters,707,Internet,Nonpartisan,NA,Other,3
Colorado,15151,YouGov,2012-09-07,2012-09-14,Likely Voters,707,Internet,Nonpartisan,NA,Undecided,2
Colorado,15010,ARG,2012-09-10,2012-09-12,Likely Voters,600,Live Phone,Nonpartisan,NA,Obama,49
Colorado,15010,ARG,2012-09-10,2012-09-12,Likely Voters,600,Live Phone,Nonpartisan,NA,Romney,47
Colorado,15010,ARG,2012-09-10,2012-09-12,Likely Voters,600,Live Phone,Nonpartisan,NA,Other,1
Colorado,15010,ARG,2012-09-10,2012-09-12,Likely Voters,600,Live Phone,Nonpartisan,NA,Undecided,3
Colorado,15050,Denver Post/SurveyUSA,2012-09-09,2012-09-12,Likely Voters,615,IVR/Online,Nonpartisan,NA,Obama,45
Colorado,15050,Denver Post/SurveyUSA,2012-09-09,2012-09-12,Likely Voters,615,IVR/Online,Nonpartisan,NA,Romney,44
Colorado,15050,Denver Post/SurveyUSA,2012-09-09,2012-09-12,Likely Voters,615,IVR/Online,Nonpartisan,NA,Other,4
Colorado,15050,Denver Post/SurveyUSA,2012-09-09,2012-09-12,Likely Voters,615,IVR/Online,Nonpartisan,NA,Undecided,7
Colorado,15011,OnSight/Project New America/Keating (D),2012-09-10,2012-09-11,Likely Voters,503,Live Phone,Sponsor,Dem,Obama,49
Colorado,15011,OnSight/Project New America/Keating (D),2012-09-10,2012-09-11,Likely Voters,503,Live Phone,Sponsor,Dem,Romney,44
Colorado,15011,OnSight/Project New America/Keating (D),2012-09-10,2012-09-11,Likely Voters,503,Live Phone,Sponsor,Dem,Other,NA
Colorado,15011,OnSight/Project New America/Keating (D),2012-09-10,2012-09-11,Likely Voters,503,Live Phone,Sponsor,Dem,Undecided,NA
Colorado,14870,PPP (D),2012-08-31,2012-09-02,Likely Voters,1001,Automated Phone,Pollster,Dem,Obama,49
Colorado,14870,PPP (D),2012-08-31,2012-09-02,Likely Voters,1001,Automated Phone,Pollster,Dem,Romney,46
Colorado,14870,PPP (D),2012-08-31,2012-09-02,Likely Voters,1001,Automated Phone,Pollster,Dem,Other,NA
Colorado,14870,PPP (D),2012-08-31,2012-09-02,Likely Voters,1001,Automated Phone,Pollster,Dem,Undecided,5
Colorado,14767,OnSight/Keating (D),2012-08-21,2012-08-22,Likely Voters,500,Live Phone,Sponsor,Dem,Obama,48
Colorado,14767,OnSight/Keating (D),2012-08-21,2012-08-22,Likely Voters,500,Live Phone,Sponsor,Dem,Romney,44
Colorado,14767,OnSight/Keating (D),2012-08-21,2012-08-22,Likely Voters,500,Live Phone,Sponsor,Dem,Other,2
Colorado,14767,OnSight/Keating (D),2012-08-21,2012-08-22,Likely Voters,500,Live Phone,Sponsor,Dem,Undecided,5
Colorado,14665,Purple Strategies,2012-08-13,2012-08-14,Likely Voters,600,Automated Phone,Nonpartisan,NA,Obama,49
Colorado,14665,Purple Strategies,2012-08-13,2012-08-14,Likely Voters,600,Automated Phone,Nonpartisan,NA,Romney,46
Colorado,14665,Purple Strategies,2012-08-13,2012-08-14,Likely Voters,600,Automated Phone,Nonpartisan,NA,Other,NA
Colorado,14665,Purple Strategies,2012-08-13,2012-08-14,Likely Voters,600,Automated Phone,Nonpartisan,NA,Undecided,5
Colorado,14784,Gravis Marketing,2012-08-09,2012-08-09,Likely Voters,607,Automated Phone,Nonpartisan,NA,Obama,45
Colorado,14784,Gravis Marketing,2012-08-09,2012-08-09,Likely Voters,607,Automated Phone,Nonpartisan,NA,Romney,46
Colorado,14784,Gravis Marketing,2012-08-09,2012-08-09,Likely Voters,607,Automated Phone,Nonpartisan,NA,Other,NA
Colorado,14784,Gravis Marketing,2012-08-09,2012-08-09,Likely Voters,607,Automated Phone,Nonpartisan,NA,Undecided,NA
Colorado,14579,Rasmussen,2012-08-06,2012-08-06,Likely Voters,500,Automated Phone,Nonpartisan,NA,Obama,47
Colorado,14579,Rasmussen,2012-08-06,2012-08-06,Likely Voters,500,Automated Phone,Nonpartisan,NA,Romney,47
Colorado,14579,Rasmussen,2012-08-06,2012-08-06,Likely Voters,500,Automated Phone,Nonpartisan,NA,Other,3
Colorado,14579,Rasmussen,2012-08-06,2012-08-06,Likely Voters,500,Automated Phone,Nonpartisan,NA,Undecided,2
Colorado,14584,Quinnipiac/NYT/CBS,2012-07-31,2012-08-06,Likely Voters,1463,Live Phone,Nonpartisan,NA,Obama,45
Colorado,14584,Quinnipiac/NYT/CBS,2012-07-31,2012-08-06,Likely Voters,1463,Live Phone,Nonpartisan,NA,Romney,50
Colorado,14584,Quinnipiac/NYT/CBS,2012-07-31,2012-08-06,Likely Voters,1463,Live Phone,Nonpartisan,NA,Other,1
Colorado,14584,Quinnipiac/NYT/CBS,2012-07-31,2012-08-06,Likely Voters,1463,Live Phone,Nonpartisan,NA,Undecided,4
Colorado,14583,PPP (D),2012-08-02,2012-08-05,Likely Voters,799,Automated Phone,Pollster,Dem,Obama,49
Colorado,14583,PPP (D),2012-08-02,2012-08-05,Likely Voters,799,Automated Phone,Pollster,Dem,Romney,43
Colorado,14583,PPP (D),2012-08-02,2012-08-05,Likely Voters,799,Automated Phone,Pollster,Dem,Other,NA
Colorado,14583,PPP (D),2012-08-02,2012-08-05,Likely Voters,799,Automated Phone,Pollster,Dem,Undecided,7
Colorado,14355,Purple Strategies,2012-07-09,2012-07-13,Likely Voters,600,Automated Phone,Nonpartisan,NA,Obama,45
Colorado,14355,Purple Strategies,2012-07-09,2012-07-13,Likely Voters,600,Automated Phone,Nonpartisan,NA,Romney,44
Colorado,14355,Purple Strategies,2012-07-09,2012-07-13,Likely Voters,600,Automated Phone,Nonpartisan,NA,Other,NA
Colorado,14355,Purple Strategies,2012-07-09,2012-07-13,Likely Voters,600,Automated Phone,Nonpartisan,NA,Undecided,11
Colorado,14320,Garin-Hart-Yang (D-Priorities USA),2012-06-25,2012-07-03,Likely Voters,600,Live Phone,Sponsor,Dem,Obama,49
Colorado,14320,Garin-Hart-Yang (D-Priorities USA),2012-06-25,2012-07-03,Likely Voters,600,Live Phone,Sponsor,Dem,Romney,42
Colorado,14320,Garin-Hart-Yang (D-Priorities USA),2012-06-25,2012-07-03,Likely Voters,600,Live Phone,Sponsor,Dem,Other,NA
Colorado,14320,Garin-Hart-Yang (D-Priorities USA),2012-06-25,2012-07-03,Likely Voters,600,Live Phone,Sponsor,Dem,Undecided,NA
Colorado,14174,We Ask America,2012-06-25,2012-06-25,Likely Voters,1083,Automated Phone,Nonpartisan,NA,Obama,47
Colorado,14174,We Ask America,2012-06-25,2012-06-25,Likely Voters,1083,Automated Phone,Nonpartisan,NA,Romney,43
Colorado,14174,We Ask America,2012-06-25,2012-06-25,Likely Voters,1083,Automated Phone,Nonpartisan,NA,Other,NA
Colorado,14174,We Ask America,2012-06-25,2012-06-25,Likely Voters,1083,Automated Phone,Nonpartisan,NA,Undecided,10
Colorado,14119,PPP (D),2012-06-14,2012-06-17,Likely Voters,799,Automated Phone,Pollster,Dem,Obama,49
Colorado,14119,PPP (D),2012-06-14,2012-06-17,Likely Voters,799,Automated Phone,Pollster,Dem,Romney,42
Colorado,14119,PPP (D),2012-06-14,2012-06-17,Likely Voters,799,Automated Phone,Pollster,Dem,Other,NA
Colorado,14119,PPP (D),2012-06-14,2012-06-17,Likely Voters,799,Automated Phone,Pollster,Dem,Undecided,8
Colorado,14026,Rasmussen,2012-06-06,2012-06-06,Likely Voters,500,Automated Phone,Nonpartisan,NA,Obama,45
Colorado,14026,Rasmussen,2012-06-06,2012-06-06,Likely Voters,500,Automated Phone,Nonpartisan,NA,Romney,45
Colorado,14026,Rasmussen,2012-06-06,2012-06-06,Likely Voters,500,Automated Phone,Nonpartisan,NA,Other,6
Colorado,14026,Rasmussen,2012-06-06,2012-06-06,Likely Voters,500,Automated Phone,Nonpartisan,NA,Undecided,5
Colorado,14034,Purple Strategies,2012-05-31,2012-06-05,Likely Voters,600,Automated Phone,Nonpartisan,NA,Obama,48
Colorado,14034,Purple Strategies,2012-05-31,2012-06-05,Likely Voters,600,Automated Phone,Nonpartisan,NA,Romney,46
Colorado,14034,Purple Strategies,2012-05-31,2012-06-05,Likely Voters,600,Automated Phone,Nonpartisan,NA,Other,NA
Colorado,14034,Purple Strategies,2012-05-31,2012-06-05,Likely Voters,600,Automated Phone,Nonpartisan,NA,Undecided,5
Colorado,13960,NBC/Marist,2012-05-22,2012-05-24,Registered Voters,1030,Live Phone,Nonpartisan,NA,Obama,46
Colorado,13960,NBC/Marist,2012-05-22,2012-05-24,Registered Voters,1030,Live Phone,Nonpartisan,NA,Romney,45
Colorado,13960,NBC/Marist,2012-05-22,2012-05-24,Registered Voters,1030,Live Phone,Nonpartisan,NA,Other,1
Colorado,13960,NBC/Marist,2012-05-22,2012-05-24,Registered Voters,1030,Live Phone,Nonpartisan,NA,Undecided,8
Colorado,13928,Project New America,2012-05-21,2012-05-24,Likely Voters,601,Automated Phone,Pollster,Dem,Obama,48
Colorado,13928,Project New America,2012-05-21,2012-05-24,Likely Voters,601,Automated Phone,Pollster,Dem,Romney,44
Colorado,13928,Project New America,2012-05-21,2012-05-24,Likely Voters,601,Automated Phone,Pollster,Dem,Other,NA
Colorado,13928,Project New America,2012-05-21,2012-05-24,Likely Voters,601,Automated Phone,Pollster,Dem,Undecided,NA
Colorado,13616,Purple Strategies,2012-04-19,2012-04-23,Likely Voters,600,Automated Phone,Nonpartisan,NA,Obama,47
Colorado,13616,Purple Strategies,2012-04-19,2012-04-23,Likely Voters,600,Automated Phone,Nonpartisan,NA,Romney,47
Colorado,13616,Purple Strategies,2012-04-19,2012-04-23,Likely Voters,600,Automated Phone,Nonpartisan,NA,Other,NA
Colorado,13616,Purple Strategies,2012-04-19,2012-04-23,Likely Voters,600,Automated Phone,Nonpartisan,NA,Undecided,6
Colorado,13490,PPP (D),2012-04-05,2012-04-07,Registered Voters,542,Automated Phone,Pollster,Dem,Obama,53
Colorado,13490,PPP (D),2012-04-05,2012-04-07,Registered Voters,542,Automated Phone,Pollster,Dem,Romney,40
Colorado,13490,PPP (D),2012-04-05,2012-04-07,Registered Voters,542,Automated Phone,Pollster,Dem,Other,NA
Colorado,13490,PPP (D),2012-04-05,2012-04-07,Registered Voters,542,Automated Phone,Pollster,Dem,Undecided,7
Arizona,16560,PPP (D),2012-11-02,2012-11-03,Likely Voters,1080,Automated Phone,Pollster,Dem,Obama,46
Arizona,16560,PPP (D),2012-11-02,2012-11-03,Likely Voters,1080,Automated Phone,Pollster,Dem,Romney,53
Arizona,16560,PPP (D),2012-11-02,2012-11-03,Likely Voters,1080,Automated Phone,Pollster,Dem,Other,NA
Arizona,16560,PPP (D),2012-11-02,2012-11-03,Likely Voters,1080,Automated Phone,Pollster,Dem,Undecided,1
Arizona,16586,YouGov,2012-10-31,2012-11-03,Likely Voters,702,Internet,Nonpartisan,NA,Obama,44
Arizona,16586,YouGov,2012-10-31,2012-11-03,Likely Voters,702,Internet,Nonpartisan,NA,Romney,52
Arizona,16586,YouGov,2012-10-31,2012-11-03,Likely Voters,702,Internet,Nonpartisan,NA,Other,2
Arizona,16586,YouGov,2012-10-31,2012-11-03,Likely Voters,702,Internet,Nonpartisan,NA,Undecided,3
Arizona,16184,Rasmussen/CBS 5,2012-10-21,2012-10-21,Likely Voters,500,Automated Phone,Nonpartisan,NA,Obama,44
Arizona,16184,Rasmussen/CBS 5,2012-10-21,2012-10-21,Likely Voters,500,Automated Phone,Nonpartisan,NA,Romney,52
Arizona,16184,Rasmussen/CBS 5,2012-10-21,2012-10-21,Likely Voters,500,Automated Phone,Nonpartisan,NA,Other,2
Arizona,16184,Rasmussen/CBS 5,2012-10-21,2012-10-21,Likely Voters,500,Automated Phone,Nonpartisan,NA,Undecided,2
Arizona,15861,YouGov,2012-10-04,2012-10-11,Likely Voters,469,Internet,Nonpartisan,NA,Obama,43
Arizona,15861,YouGov,2012-10-04,2012-10-11,Likely Voters,469,Internet,Nonpartisan,NA,Romney,52
Arizona,15861,YouGov,2012-10-04,2012-10-11,Likely Voters,469,Internet,Nonpartisan,NA,Other,2
Arizona,15861,YouGov,2012-10-04,2012-10-11,Likely Voters,469,Internet,Nonpartisan,NA,Undecided,3
Arizona,15765,Behavior Research Center,2012-10-04,2012-10-10,Registered Voters,523,Live Phone,Nonpartisan,NA,Obama,42
Arizona,15765,Behavior Research Center,2012-10-04,2012-10-10,Registered Voters,523,Live Phone,Nonpartisan,NA,Romney,40
Arizona,15765,Behavior Research Center,2012-10-04,2012-10-10,Registered Voters,523,Live Phone,Nonpartisan,NA,Other,5
Arizona,15765,Behavior Research Center,2012-10-04,2012-10-10,Registered Voters,523,Live Phone,Nonpartisan,NA,Undecided,13
Arizona,15503,PPP (D),2012-10-01,2012-10-03,Likely Voters,595,Automated Phone,Pollster,Dem,Obama,44
Arizona,15503,PPP (D),2012-10-01,2012-10-03,Likely Voters,595,Automated Phone,Pollster,Dem,Romney,53
Arizona,15503,PPP (D),2012-10-01,2012-10-03,Likely Voters,595,Automated Phone,Pollster,Dem,Other,NA
Arizona,15503,PPP (D),2012-10-01,2012-10-03,Likely Voters,595,Automated Phone,Pollster,Dem,Undecided,3
Arizona,15409,Moore Information (R-HighGround),2012-09-25,2012-09-26,Likely Voters,500,Live Phone,Sponsor,Rep,Obama,42
Arizona,15409,Moore Information (R-HighGround),2012-09-25,2012-09-26,Likely Voters,500,Live Phone,Sponsor,Rep,Romney,46
Arizona,15409,Moore Information (R-HighGround),2012-09-25,2012-09-26,Likely Voters,500,Live Phone,Sponsor,Rep,Other,4
Arizona,15409,Moore Information (R-HighGround),2012-09-25,2012-09-26,Likely Voters,500,Live Phone,Sponsor,Rep,Undecided,9
Arizona,15328,Rasmussen,2012-09-25,2012-09-25,Likely Voters,500,Automated Phone,Nonpartisan,NA,Obama,42
Arizona,15328,Rasmussen,2012-09-25,2012-09-25,Likely Voters,500,Automated Phone,Nonpartisan,NA,Romney,52
Arizona,15328,Rasmussen,2012-09-25,2012-09-25,Likely Voters,500,Automated Phone,Nonpartisan,NA,Other,4
Arizona,15328,Rasmussen,2012-09-25,2012-09-25,Likely Voters,500,Automated Phone,Nonpartisan,NA,Undecided,2
Arizona,15204,Purple Strategies,2012-09-15,2012-09-19,Likely Voters,600,IVR/Online,Nonpartisan,NA,Obama,45
Arizona,15204,Purple Strategies,2012-09-15,2012-09-19,Likely Voters,600,IVR/Online,Nonpartisan,NA,Romney,48
Arizona,15204,Purple Strategies,2012-09-15,2012-09-19,Likely Voters,600,IVR/Online,Nonpartisan,NA,Other,NA
Arizona,15204,Purple Strategies,2012-09-15,2012-09-19,Likely Voters,600,IVR/Online,Nonpartisan,NA,Undecided,7
Arizona,15230,YouGov,2012-09-07,2012-09-14,Likely Voters,628,Internet,Nonpartisan,NA,Obama,41
Arizona,15230,YouGov,2012-09-07,2012-09-14,Likely Voters,628,Internet,Nonpartisan,NA,Romney,51
Arizona,15230,YouGov,2012-09-07,2012-09-14,Likely Voters,628,Internet,Nonpartisan,NA,Other,4
Arizona,15230,YouGov,2012-09-07,2012-09-14,Likely Voters,628,Internet,Nonpartisan,NA,Undecided,4
Arizona,14970,PPP (D-League of Conservation Voters),2012-09-07,2012-09-09,Likely Voters,993,Automated Phone,Sponsor,Dem,Obama,44
Arizona,14970,PPP (D-League of Conservation Voters),2012-09-07,2012-09-09,Likely Voters,993,Automated Phone,Sponsor,Dem,Romney,53
Arizona,14970,PPP (D-League of Conservation Voters),2012-09-07,2012-09-09,Likely Voters,993,Automated Phone,Sponsor,Dem,Other,NA
Arizona,14970,PPP (D-League of Conservation Voters),2012-09-07,2012-09-09,Likely Voters,993,Automated Phone,Sponsor,Dem,Undecided,4
Arizona,14523,PPP (D-League of Conservation Voters),2012-07-23,2012-07-25,Likely Voters,833,Automated Phone,Sponsor,Dem,Obama,41
Arizona,14523,PPP (D-League of Conservation Voters),2012-07-23,2012-07-25,Likely Voters,833,Automated Phone,Sponsor,Dem,Romney,52
Arizona,14523,PPP (D-League of Conservation Voters),2012-07-23,2012-07-25,Likely Voters,833,Automated Phone,Sponsor,Dem,Other,NA
Arizona,14523,PPP (D-League of Conservation Voters),2012-07-23,2012-07-25,Likely Voters,833,Automated Phone,Sponsor,Dem,Undecided,7
Arizona,14196,Rasmussen,2012-06-26,2012-06-26,Likely Voters,500,Automated Phone,Nonpartisan,NA,Obama,41
Arizona,14196,Rasmussen,2012-06-26,2012-06-26,Likely Voters,500,Automated Phone,Nonpartisan,NA,Romney,54
Arizona,14196,Rasmussen,2012-06-26,2012-06-26,Likely Voters,500,Automated Phone,Nonpartisan,NA,Other,3
Arizona,14196,Rasmussen,2012-06-26,2012-06-26,Likely Voters,500,Automated Phone,Nonpartisan,NA,Undecided,2
Arizona,14127,PPP (D),2012-06-04,2012-06-05,Likely Voters,791,Automated Phone,Pollster,Dem,Obama,46
Arizona,14127,PPP (D),2012-06-04,2012-06-05,Likely Voters,791,Automated Phone,Pollster,Dem,Romney,49
Arizona,14127,PPP (D),2012-06-04,2012-06-05,Likely Voters,791,Automated Phone,Pollster,Dem,Other,NA
Arizona,14127,PPP (D),2012-06-04,2012-06-05,Likely Voters,791,Automated Phone,Pollster,Dem,Undecided,5
Arizona,13883,PPP (D),2012-05-17,2012-05-20,Registered Voters,500,Automated Phone,Pollster,Dem,Obama,43
Arizona,13883,PPP (D),2012-05-17,2012-05-20,Registered Voters,500,Automated Phone,Pollster,Dem,Romney,50
Arizona,13883,PPP (D),2012-05-17,2012-05-20,Registered Voters,500,Automated Phone,Pollster,Dem,Other,NA
Arizona,13883,PPP (D),2012-05-17,2012-05-20,Registered Voters,500,Automated Phone,Pollster,Dem,Undecided,8
Arizona,13685,Magellan (R),2012-04-30,2012-05-02,Likely Voters,909,Automated Phone,Pollster,Rep,Obama,43
Arizona,13685,Magellan (R),2012-04-30,2012-05-02,Likely Voters,909,Automated Phone,Pollster,Rep,Romney,52
Arizona,13685,Magellan (R),2012-04-30,2012-05-02,Likely Voters,909,Automated Phone,Pollster,Rep,Other,NA
Arizona,13685,Magellan (R),2012-04-30,2012-05-02,Likely Voters,909,Automated Phone,Pollster,Rep,Undecided,5
Arizona,13605,ASU - Merrill/Morrison Institute,2012-04-10,2012-04-20,Registered Voters,488,Live Phone,Nonpartisan,NA,Obama,40
Arizona,13605,ASU - Merrill/Morrison Institute,2012-04-10,2012-04-20,Registered Voters,488,Live Phone,Nonpartisan,NA,Romney,42
Arizona,13605,ASU - Merrill/Morrison Institute,2012-04-10,2012-04-20,Registered Voters,488,Live Phone,Nonpartisan,NA,Other,NA
Arizona,13605,ASU - Merrill/Morrison Institute,2012-04-10,2012-04-20,Registered Voters,488,Live Phone,Nonpartisan,NA,Undecided,18
Arizona,13613,Behavior Research Center,2012-04-09,2012-04-17,Registered Voters,511,Live Phone,Nonpartisan,NA,Obama,42
Arizona,13613,Behavior Research Center,2012-04-09,2012-04-17,Registered Voters,511,Live Phone,Nonpartisan,NA,Romney,40
Arizona,13613,Behavior Research Center,2012-04-09,2012-04-17,Registered Voters,511,Live Phone,Nonpartisan,NA,Other,NA
Arizona,13613,Behavior Research Center,2012-04-09,2012-04-17,Registered Voters,511,Live Phone,Nonpartisan,NA,Undecided,18
Arizona,13221,Rasmussen,2012-03-13,2012-03-13,Likely Voters,500,Automated Phone,Nonpartisan,NA,Obama,40
Arizona,13221,Rasmussen,2012-03-13,2012-03-13,Likely Voters,500,Automated Phone,Nonpartisan,NA,Romney,51
Arizona,13221,Rasmussen,2012-03-13,2012-03-13,Likely Voters,500,Automated Phone,Nonpartisan,NA,Other,7
Arizona,13221,Rasmussen,2012-03-13,2012-03-13,Likely Voters,500,Automated Phone,Nonpartisan,NA,Undecided,2
Arizona,12990,NBC/Marist,2012-02-19,2012-02-20,Registered Voters,1265,Live Phone,Nonpartisan,NA,Obama,40
Arizona,12990,NBC/Marist,2012-02-19,2012-02-20,Registered Voters,1265,Live Phone,Nonpartisan,NA,Romney,45
Arizona,12990,NBC/Marist,2012-02-19,2012-02-20,Registered Voters,1265,Live Phone,Nonpartisan,NA,Other,NA
Arizona,12990,NBC/Marist,2012-02-19,2012-02-20,Registered Voters,1265,Live Phone,Nonpartisan,NA,Undecided,15
Arizona,12966,PPP (D),2012-02-17,2012-02-19,Registered Voters,743,Automated Phone,Pollster,Dem,Obama,47
Arizona,12966,PPP (D),2012-02-17,2012-02-19,Registered Voters,743,Automated Phone,Pollster,Dem,Romney,47
Arizona,12966,PPP (D),2012-02-17,2012-02-19,Registered Voters,743,Automated Phone,Pollster,Dem,Other,NA
Arizona,12966,PPP (D),2012-02-17,2012-02-19,Registered Voters,743,Automated Phone,Pollster,Dem,Undecided,6
Arizona,12520,Behavior Research Center,2012-01-05,2012-01-09,Registered Voters,553,Live Phone,Nonpartisan,NA,Obama,37
Arizona,12520,Behavior Research Center,2012-01-05,2012-01-09,Registered Voters,553,Live Phone,Nonpartisan,NA,Romney,43
Arizona,12520,Behavior Research Center,2012-01-05,2012-01-09,Registered Voters,553,Live Phone,Nonpartisan,NA,Other,NA
Arizona,12520,Behavior Research Center,2012-01-05,2012-01-09,Registered Voters,553,Live Phone,Nonpartisan,NA,Undecided,20
