state,poll_id,pollster,start_date,end_date,sample_subpopulation,sample_size,mode,partisanship,partisan_affiliation,candidate,support
Washington Dc,26807,SurveyMonkey,2016-11-01,2016-11-07,Likely Voters,310,Internet,Nonpartisan,NA,Trump,7
Washington Dc,26807,SurveyMonkey,2016-11-01,2016-11-07,Likely Voters,310,Internet,Nonpartisan,NA,Clinton,85
Washington Dc,26807,SurveyMonkey,2016-11-01,2016-11-07,Likely Voters,310,Internet,Nonpartisan,NA,Other,6
Washington Dc,26807,SurveyMonkey,2016-11-01,2016-11-07,Likely Voters,310,Internet,Nonpartisan,NA,Undecided,2
Washington Dc,26807,SurveyMonkey,2016-11-01,2016-11-07,Likely Voters,310,Internet,Nonpartisan,NA,Johnson,NA
Washington Dc,26807,SurveyMonkey,2016-11-01,2016-11-07,Likely Voters,310,Internet,Nonpartisan,NA,McMullin,NA
Washington Dc,26793,UPI/CVOTER,2016-10-30,2016-11-06,Likely Voters,312,Internet,Nonpartisan,NA,Trump,6
Washington Dc,26793,UPI/CVOTER,2016-10-30,2016-11-06,Likely Voters,312,Internet,Nonpartisan,NA,Clinton,92
Washington Dc,26793,UPI/CVOTER,2016-10-30,2016-11-06,Likely Voters,312,Internet,Nonpartisan,NA,Other,NA
Washington Dc,26793,UPI/CVOTER,2016-10-30,2016-11-06,Likely Voters,312,Internet,Nonpartisan,NA,Undecided,3
Washington Dc,26793,UPI/CVOTER,2016-10-30,2016-11-06,Likely Voters,312,Internet,Nonpartisan,NA,Johnson,NA
Washington Dc,26793,UPI/CVOTER,2016-10-30,2016-11-06,Likely Voters,312,Internet,Nonpartisan,NA,McMullin,NA
Washington Dc,26596,SurveyMonkey,2016-10-25,2016-10-31,Likely Voters,332,Internet,Nonpartisan,NA,Trump,4
Washington Dc,26596,SurveyMonkey,2016-10-25,2016-10-31,Likely Voters,332,Internet,Nonpartisan,NA,Clinton,88
Washington Dc,26596,SurveyMonkey,2016-10-25,2016-10-31,Likely Voters,332,Internet,Nonpartisan,NA,Other,7
Washington Dc,26596,SurveyMonkey,2016-10-25,2016-10-31,Likely Voters,332,Internet,Nonpartisan,NA,Undecided,1
Washington Dc,26596,SurveyMonkey,2016-10-25,2016-10-31,Likely Voters,332,Internet,Nonpartisan,NA,Johnson,NA
Washington Dc,26596,SurveyMonkey,2016-10-25,2016-10-31,Likely Voters,332,Internet,Nonpartisan,NA,McMullin,NA
Washington Dc,26592,UPI/CVOTER,2016-10-23,2016-10-29,Likely Voters,310,Internet,Nonpartisan,NA,Trump,13
Washington Dc,26592,UPI/CVOTER,2016-10-23,2016-10-29,Likely Voters,310,Internet,Nonpartisan,NA,Clinton,81
Washington Dc,26592,UPI/CVOTER,2016-10-23,2016-10-29,Likely Voters,310,Internet,Nonpartisan,NA,Other,NA
Washington Dc,26592,UPI/CVOTER,2016-10-23,2016-10-29,Likely Voters,310,Internet,Nonpartisan,NA,Undecided,6
Washington Dc,26592,UPI/CVOTER,2016-10-23,2016-10-29,Likely Voters,310,Internet,Nonpartisan,NA,Johnson,NA
Washington Dc,26592,UPI/CVOTER,2016-10-23,2016-10-29,Likely Voters,310,Internet,Nonpartisan,NA,McMullin,NA
Washington Dc,26441,SurveyMonkey,2016-10-18,2016-10-24,Likely Voters,504,Internet,Nonpartisan,NA,Trump,5
Washington Dc,26441,SurveyMonkey,2016-10-18,2016-10-24,Likely Voters,504,Internet,Nonpartisan,NA,Clinton,88
Washington Dc,26441,SurveyMonkey,2016-10-18,2016-10-24,Likely Voters,504,Internet,Nonpartisan,NA,Other,5
Washington Dc,26441,SurveyMonkey,2016-10-18,2016-10-24,Likely Voters,504,Internet,Nonpartisan,NA,Undecided,2
Washington Dc,26441,SurveyMonkey,2016-10-18,2016-10-24,Likely Voters,504,Internet,Nonpartisan,NA,Johnson,NA
Washington Dc,26441,SurveyMonkey,2016-10-18,2016-10-24,Likely Voters,504,Internet,Nonpartisan,NA,McMullin,NA
Wyoming,26793,UPI/CVOTER,2016-10-30,2016-11-06,Likely Voters,320,Internet,Nonpartisan,NA,Trump,67
Wyoming,26793,UPI/CVOTER,2016-10-30,2016-11-06,Likely Voters,320,Internet,Nonpartisan,NA,Clinton,28
Wyoming,26793,UPI/CVOTER,2016-10-30,2016-11-06,Likely Voters,320,Internet,Nonpartisan,NA,Other,NA
Wyoming,26793,UPI/CVOTER,2016-10-30,2016-11-06,Likely Voters,320,Internet,Nonpartisan,NA,Undecided,5
Wyoming,26793,UPI/CVOTER,2016-10-30,2016-11-06,Likely Voters,320,Internet,Nonpartisan,NA,Johnson,NA
Wyoming,26793,UPI/CVOTER,2016-10-30,2016-11-06,Likely Voters,320,Internet,Nonpartisan,NA,McMullin,NA
Wyoming,26596,SurveyMonkey,2016-10-25,2016-10-31,Likely Voters,251,Internet,Nonpartisan,NA,Trump,62
Wyoming,26596,SurveyMonkey,2016-10-25,2016-10-31,Likely Voters,251,Internet,Nonpartisan,NA,Clinton,22
Wyoming,26596,SurveyMonkey,2016-10-25,2016-10-31,Likely Voters,251,Internet,Nonpartisan,NA,Other,NA
Wyoming,26596,SurveyMonkey,2016-10-25,2016-10-31,Likely Voters,251,Internet,Nonpartisan,NA,Undecided,4
Wyoming,26596,SurveyMonkey,2016-10-25,2016-10-31,Likely Voters,251,Internet,Nonpartisan,NA,Johnson,NA
Wyoming,26596,SurveyMonkey,2016-10-25,2016-10-31,Likely Voters,251,Internet,Nonpartisan,NA,McMullin,NA
Wyoming,26592,UPI/CVOTER,2016-10-23,2016-10-29,Likely Voters,311,Internet,Nonpartisan,NA,Trump,65
Wyoming,26592,UPI/CVOTER,2016-10-23,2016-10-29,Likely Voters,311,Internet,Nonpartisan,NA,Clinton,30
Wyoming,26592,UPI/CVOTER,2016-10-23,2016-10-29,Likely Voters,311,Internet,Nonpartisan,NA,Other,NA
Wyoming,26592,UPI/CVOTER,2016-10-23,2016-10-29,Likely Voters,311,Internet,Nonpartisan,NA,Undecided,5
Wyoming,26592,UPI/CVOTER,2016-10-23,2016-10-29,Likely Voters,311,Internet,Nonpartisan,NA,Johnson,NA
Wyoming,26592,UPI/CVOTER,2016-10-23,2016-10-29,Likely Voters,311,Internet,Nonpartisan,NA,McMullin,NA
Wyoming,26441,SurveyMonkey,2016-10-18,2016-10-24,Likely Voters,361,Internet,Nonpartisan,NA,Trump,59
Wyoming,26441,SurveyMonkey,2016-10-18,2016-10-24,Likely Voters,361,Internet,Nonpartisan,NA,Clinton,25
Wyoming,26441,SurveyMonkey,2016-10-18,2016-10-24,Likely Voters,361,Internet,Nonpartisan,NA,Other,NA
Wyoming,26441,SurveyMonkey,2016-10-18,2016-10-24,Likely Voters,361,Internet,Nonpartisan,NA,Undecided,5
Wyoming,26441,SurveyMonkey,2016-10-18,2016-10-24,Likely Voters,361,Internet,Nonpartisan,NA,Johnson,NA
Wyoming,26441,SurveyMonkey,2016-10-18,2016-10-24,Likely Voters,361,Internet,Nonpartisan,NA,McMullin,NA
Wyoming,25602,DFM Research (D-Greene),2016-09-06,2016-09-11,Likely Voters,402,Live Phone,Sponsor,Dem,Trump,54
Wyoming,25602,DFM Research (D-Greene),2016-09-06,2016-09-11,Likely Voters,402,Live Phone,Sponsor,Dem,Clinton,19
Wyoming,25602,DFM Research (D-Greene),2016-09-06,2016-09-11,Likely Voters,402,Live Phone,Sponsor,Dem,Other,NA
Wyoming,25602,DFM Research (D-Greene),2016-09-06,2016-09-11,Likely Voters,402,Live Phone,Sponsor,Dem,Undecided,15
Wyoming,25602,DFM Research (D-Greene),2016-09-06,2016-09-11,Likely Voters,402,Live Phone,Sponsor,Dem,Johnson,NA
Wyoming,25602,DFM Research (D-Greene),2016-09-06,2016-09-11,Likely Voters,402,Live Phone,Sponsor,Dem,McMullin,NA
Wyoming,25396,WashPost/SurveyMonkey,2016-08-09,2016-09-01,Registered Voters,727,Internet,Nonpartisan,NA,Trump,65
Wyoming,25396,WashPost/SurveyMonkey,2016-08-09,2016-09-01,Registered Voters,727,Internet,Nonpartisan,NA,Clinton,27
Wyoming,25396,WashPost/SurveyMonkey,2016-08-09,2016-09-01,Registered Voters,727,Internet,Nonpartisan,NA,Other,NA
Wyoming,25396,WashPost/SurveyMonkey,2016-08-09,2016-09-01,Registered Voters,727,Internet,Nonpartisan,NA,Undecided,8
Wyoming,25396,WashPost/SurveyMonkey,2016-08-09,2016-09-01,Registered Voters,727,Internet,Nonpartisan,NA,Johnson,NA
Wyoming,25396,WashPost/SurveyMonkey,2016-08-09,2016-09-01,Registered Voters,727,Internet,Nonpartisan,NA,McMullin,NA
West Virginia,26807,SurveyMonkey,2016-11-01,2016-11-07,Likely Voters,472,Internet,Nonpartisan,NA,Trump,56
West Virginia,26807,SurveyMonkey,2016-11-01,2016-11-07,Likely Voters,472,Internet,Nonpartisan,NA,Clinton,29
West Virginia,26807,SurveyMonkey,2016-11-01,2016-11-07,Likely Voters,472,Internet,Nonpartisan,NA,Other,10
West Virginia,26807,SurveyMonkey,2016-11-01,2016-11-07,Likely Voters,472,Internet,Nonpartisan,NA,Undecided,5
West Virginia,26807,SurveyMonkey,2016-11-01,2016-11-07,Likely Voters,472,Internet,Nonpartisan,NA,Johnson,NA
West Virginia,26807,SurveyMonkey,2016-11-01,2016-11-07,Likely Voters,472,Internet,Nonpartisan,NA,McMullin,NA
West Virginia,26793,UPI/CVOTER,2016-10-30,2016-11-06,Likely Voters,309,Internet,Nonpartisan,NA,Trump,56
West Virginia,26793,UPI/CVOTER,2016-10-30,2016-11-06,Likely Voters,309,Internet,Nonpartisan,NA,Clinton,34
West Virginia,26793,UPI/CVOTER,2016-10-30,2016-11-06,Likely Voters,309,Internet,Nonpartisan,NA,Other,10
West Virginia,26793,UPI/CVOTER,2016-10-30,2016-11-06,Likely Voters,309,Internet,Nonpartisan,NA,Undecided,NA
West Virginia,26793,UPI/CVOTER,2016-10-30,2016-11-06,Likely Voters,309,Internet,Nonpartisan,NA,Johnson,NA
West Virginia,26793,UPI/CVOTER,2016-10-30,2016-11-06,Likely Voters,309,Internet,Nonpartisan,NA,McMullin,NA
West Virginia,26806,Ipsos/Reuters,2016-10-17,2016-11-06,Likely Voters,422,Internet,Nonpartisan,NA,Trump,58
West Virginia,26806,Ipsos/Reuters,2016-10-17,2016-11-06,Likely Voters,422,Internet,Nonpartisan,NA,Clinton,34
West Virginia,26806,Ipsos/Reuters,2016-10-17,2016-11-06,Likely Voters,422,Internet,Nonpartisan,NA,Other,NA
West Virginia,26806,Ipsos/Reuters,2016-10-17,2016-11-06,Likely Voters,422,Internet,Nonpartisan,NA,Undecided,8
West Virginia,26806,Ipsos/Reuters,2016-10-17,2016-11-06,Likely Voters,422,Internet,Nonpartisan,NA,Johnson,NA
West Virginia,26806,Ipsos/Reuters,2016-10-17,2016-11-06,Likely Voters,422,Internet,Nonpartisan,NA,McMullin,NA
West Virginia,26596,SurveyMonkey,2016-10-25,2016-10-31,Likely Voters,321,Internet,Nonpartisan,NA,Trump,58
West Virginia,26596,SurveyMonkey,2016-10-25,2016-10-31,Likely Voters,321,Internet,Nonpartisan,NA,Clinton,27
West Virginia,26596,SurveyMonkey,2016-10-25,2016-10-31,Likely Voters,321,Internet,Nonpartisan,NA,Other,12
West Virginia,26596,SurveyMonkey,2016-10-25,2016-10-31,Likely Voters,321,Internet,Nonpartisan,NA,Undecided,3
West Virginia,26596,SurveyMonkey,2016-10-25,2016-10-31,Likely Voters,321,Internet,Nonpartisan,NA,Johnson,NA
West Virginia,26596,SurveyMonkey,2016-10-25,2016-10-31,Likely Voters,321,Internet,Nonpartisan,NA,McMullin,NA
West Virginia,26592,UPI/CVOTER,2016-10-23,2016-10-29,Likely Voters,311,Internet,Nonpartisan,NA,Trump,59
West Virginia,26592,UPI/CVOTER,2016-10-23,2016-10-29,Likely Voters,311,Internet,Nonpartisan,NA,Clinton,36
West Virginia,26592,UPI/CVOTER,2016-10-23,2016-10-29,Likely Voters,311,Internet,Nonpartisan,NA,Other,5
West Virginia,26592,UPI/CVOTER,2016-10-23,2016-10-29,Likely Voters,311,Internet,Nonpartisan,NA,Undecided,NA
West Virginia,26592,UPI/CVOTER,2016-10-23,2016-10-29,Likely Voters,311,Internet,Nonpartisan,NA,Johnson,NA
West Virginia,26592,UPI/CVOTER,2016-10-23,2016-10-29,Likely Voters,311,Internet,Nonpartisan,NA,McMullin,NA
West Virginia,26441,SurveyMonkey,2016-10-18,2016-10-24,Likely Voters,379,Internet,Nonpartisan,NA,Trump,61
West Virginia,26441,SurveyMonkey,2016-10-18,2016-10-24,Likely Voters,379,Internet,Nonpartisan,NA,Clinton,29
West Virginia,26441,SurveyMonkey,2016-10-18,2016-10-24,Likely Voters,379,Internet,Nonpartisan,NA,Other,9
West Virginia,26441,SurveyMonkey,2016-10-18,2016-10-24,Likely Voters,379,Internet,Nonpartisan,NA,Undecided,1
West Virginia,26441,SurveyMonkey,2016-10-18,2016-10-24,Likely Voters,379,Internet,Nonpartisan,NA,Johnson,NA
West Virginia,26441,SurveyMonkey,2016-10-18,2016-10-24,Likely Voters,379,Internet,Nonpartisan,NA,McMullin,NA
West Virginia,26344,Ipsos/Reuters,2016-09-23,2016-10-13,Likely Voters,360,Internet,Nonpartisan,NA,Trump,54
West Virginia,26344,Ipsos/Reuters,2016-09-23,2016-10-13,Likely Voters,360,Internet,Nonpartisan,NA,Clinton,41
West Virginia,26344,Ipsos/Reuters,2016-09-23,2016-10-13,Likely Voters,360,Internet,Nonpartisan,NA,Other,NA
West Virginia,26344,Ipsos/Reuters,2016-09-23,2016-10-13,Likely Voters,360,Internet,Nonpartisan,NA,Undecided,5
West Virginia,26344,Ipsos/Reuters,2016-09-23,2016-10-13,Likely Voters,360,Internet,Nonpartisan,NA,Johnson,NA
West Virginia,26344,Ipsos/Reuters,2016-09-23,2016-10-13,Likely Voters,360,Internet,Nonpartisan,NA,McMullin,NA
West Virginia,26136,Ipsos/Reuters,2016-09-16,2016-10-06,Likely Voters,371,Internet,Nonpartisan,NA,Trump,55
West Virginia,26136,Ipsos/Reuters,2016-09-16,2016-10-06,Likely Voters,371,Internet,Nonpartisan,NA,Clinton,36
West Virginia,26136,Ipsos/Reuters,2016-09-16,2016-10-06,Likely Voters,371,Internet,Nonpartisan,NA,Other,NA
West Virginia,26136,Ipsos/Reuters,2016-09-16,2016-10-06,Likely Voters,371,Internet,Nonpartisan,NA,Undecided,9
West Virginia,26136,Ipsos/Reuters,2016-09-16,2016-10-06,Likely Voters,371,Internet,Nonpartisan,NA,Johnson,NA
West Virginia,26136,Ipsos/Reuters,2016-09-16,2016-10-06,Likely Voters,371,Internet,Nonpartisan,NA,McMullin,NA
West Virginia,25975,Garin-Hart-Yang (D-Reynolds),2016-09-13,2016-09-17,Likely Voters,500,Live Phone,Sponsor,Dem,Trump,60
West Virginia,25975,Garin-Hart-Yang (D-Reynolds),2016-09-13,2016-09-17,Likely Voters,500,Live Phone,Sponsor,Dem,Clinton,28
West Virginia,25975,Garin-Hart-Yang (D-Reynolds),2016-09-13,2016-09-17,Likely Voters,500,Live Phone,Sponsor,Dem,Other,NA
West Virginia,25975,Garin-Hart-Yang (D-Reynolds),2016-09-13,2016-09-17,Likely Voters,500,Live Phone,Sponsor,Dem,Undecided,12
West Virginia,25975,Garin-Hart-Yang (D-Reynolds),2016-09-13,2016-09-17,Likely Voters,500,Live Phone,Sponsor,Dem,Johnson,NA
West Virginia,25975,Garin-Hart-Yang (D-Reynolds),2016-09-13,2016-09-17,Likely Voters,500,Live Phone,Sponsor,Dem,McMullin,NA
West Virginia,25575,Ipsos/Reuters,2016-08-26,2016-09-15,Likely Voters,295,Internet,Nonpartisan,NA,Trump,49
West Virginia,25575,Ipsos/Reuters,2016-08-26,2016-09-15,Likely Voters,295,Internet,Nonpartisan,NA,Clinton,39
West Virginia,25575,Ipsos/Reuters,2016-08-26,2016-09-15,Likely Voters,295,Internet,Nonpartisan,NA,Other,NA
West Virginia,25575,Ipsos/Reuters,2016-08-26,2016-09-15,Likely Voters,295,Internet,Nonpartisan,NA,Undecided,12
West Virginia,25575,Ipsos/Reuters,2016-08-26,2016-09-15,Likely Voters,295,Internet,Nonpartisan,NA,Johnson,NA
West Virginia,25575,Ipsos/Reuters,2016-08-26,2016-09-15,Likely Voters,295,Internet,Nonpartisan,NA,McMullin,NA
West Virginia,25395,WashPost/SurveyMonkey,2016-08-09,2016-09-01,Registered Voters,698,Internet,Nonpartisan,NA,Trump,57
West Virginia,25395,WashPost/SurveyMonkey,2016-08-09,2016-09-01,Registered Voters,698,Internet,Nonpartisan,NA,Clinton,33
West Virginia,25395,WashPost/SurveyMonkey,2016-08-09,2016-09-01,Registered Voters,698,Internet,Nonpartisan,NA,Other,NA
West Virginia,25395,WashPost/SurveyMonkey,2016-08-09,2016-09-01,Registered Voters,698,Internet,Nonpartisan,NA,Undecided,10
West Virginia,25395,WashPost/SurveyMonkey,2016-08-09,2016-09-01,Registered Voters,698,Internet,Nonpartisan,NA,Johnson,NA
West Virginia,25395,WashPost/SurveyMonkey,2016-08-09,2016-09-01,Registered Voters,698,Internet,Nonpartisan,NA,McMullin,NA
West Virginia,25325,R.L. Repass & Partners/MetroNews,2016-08-09,2016-08-28,Likely Voters,435,Mixed,Nonpartisan,NA,Trump,49
West Virginia,25325,R.L. Repass & Partners/MetroNews,2016-08-09,2016-08-28,Likely Voters,435,Mixed,Nonpartisan,NA,Clinton,31
West Virginia,25325,R.L. Repass & Partners/MetroNews,2016-08-09,2016-08-28,Likely Voters,435,Mixed,Nonpartisan,NA,Other,14
West Virginia,25325,R.L. Repass & Partners/MetroNews,2016-08-09,2016-08-28,Likely Voters,435,Mixed,Nonpartisan,NA,Undecided,6
West Virginia,25325,R.L. Repass & Partners/MetroNews,2016-08-09,2016-08-28,Likely Voters,435,Mixed,Nonpartisan,NA,Johnson,NA
West Virginia,25325,R.L. Repass & Partners/MetroNews,2016-08-09,2016-08-28,Likely Voters,435,Mixed,Nonpartisan,NA,McMullin,NA
West Virginia,24437,PPP (D),2016-04-29,2016-05-01,Likely Voters,1201,IVR/Online,Pollster,Dem,Trump,57
West Virginia,24437,PPP (D),2016-04-29,2016-05-01,Likely Voters,1201,IVR/Online,Pollster,Dem,Clinton,30
West Virginia,24437,PPP (D),2016-04-29,2016-05-01,Likely Voters,1201,IVR/Online,Pollster,Dem,Other,NA
West Virginia,24437,PPP (D),2016-04-29,2016-05-01,Likely Voters,1201,IVR/Online,Pollster,Dem,Undecided,13
West Virginia,24437,PPP (D),2016-04-29,2016-05-01,Likely Voters,1201,IVR/Online,Pollster,Dem,Johnson,NA
West Virginia,24437,PPP (D),2016-04-29,2016-05-01,Likely Voters,1201,IVR/Online,Pollster,Dem,McMullin,NA
West Virginia,22627,Orion,2015-08-24,2015-08-25,Likely Voters,406,Live Phone,Nonpartisan,NA,Trump,53
West Virginia,22627,Orion,2015-08-24,2015-08-25,Likely Voters,406,Live Phone,Nonpartisan,NA,Clinton,30
West Virginia,22627,Orion,2015-08-24,2015-08-25,Likely Voters,406,Live Phone,Nonpartisan,NA,Other,NA
West Virginia,22627,Orion,2015-08-24,2015-08-25,Likely Voters,406,Live Phone,Nonpartisan,NA,Undecided,17
West Virginia,22627,Orion,2015-08-24,2015-08-25,Likely Voters,406,Live Phone,Nonpartisan,NA,Johnson,NA
West Virginia,22627,Orion,2015-08-24,2015-08-25,Likely Voters,406,Live Phone,Nonpartisan,NA,McMullin,NA
Nebraska,26807,SurveyMonkey,2016-11-01,2016-11-07,Likely Voters,988,Internet,Nonpartisan,NA,Trump,52
Nebraska,26807,SurveyMonkey,2016-11-01,2016-11-07,Likely Voters,988,Internet,Nonpartisan,NA,Clinton,35
Nebraska,26807,SurveyMonkey,2016-11-01,2016-11-07,Likely Voters,988,Internet,Nonpartisan,NA,Other,NA
Nebraska,26807,SurveyMonkey,2016-11-01,2016-11-07,Likely Voters,988,Internet,Nonpartisan,NA,Undecided,3
Nebraska,26807,SurveyMonkey,2016-11-01,2016-11-07,Likely Voters,988,Internet,Nonpartisan,NA,Johnson,NA
Nebraska,26807,SurveyMonkey,2016-11-01,2016-11-07,Likely Voters,988,Internet,Nonpartisan,NA,McMullin,NA
Nebraska,26793,UPI/CVOTER,2016-10-30,2016-11-06,Likely Voters,340,Internet,Nonpartisan,NA,Trump,56
Nebraska,26793,UPI/CVOTER,2016-10-30,2016-11-06,Likely Voters,340,Internet,Nonpartisan,NA,Clinton,38
Nebraska,26793,UPI/CVOTER,2016-10-30,2016-11-06,Likely Voters,340,Internet,Nonpartisan,NA,Other,NA
Nebraska,26793,UPI/CVOTER,2016-10-30,2016-11-06,Likely Voters,340,Internet,Nonpartisan,NA,Undecided,NA
Nebraska,26793,UPI/CVOTER,2016-10-30,2016-11-06,Likely Voters,340,Internet,Nonpartisan,NA,Johnson,NA
Nebraska,26793,UPI/CVOTER,2016-10-30,2016-11-06,Likely Voters,340,Internet,Nonpartisan,NA,McMullin,NA
Nebraska,26806,Ipsos/Reuters,2016-10-17,2016-11-06,Likely Voters,350,Internet,Nonpartisan,NA,Trump,53
Nebraska,26806,Ipsos/Reuters,2016-10-17,2016-11-06,Likely Voters,350,Internet,Nonpartisan,NA,Clinton,32
Nebraska,26806,Ipsos/Reuters,2016-10-17,2016-11-06,Likely Voters,350,Internet,Nonpartisan,NA,Other,NA
Nebraska,26806,Ipsos/Reuters,2016-10-17,2016-11-06,Likely Voters,350,Internet,Nonpartisan,NA,Undecided,15
Nebraska,26806,Ipsos/Reuters,2016-10-17,2016-11-06,Likely Voters,350,Internet,Nonpartisan,NA,Johnson,NA
Nebraska,26806,Ipsos/Reuters,2016-10-17,2016-11-06,Likely Voters,350,Internet,Nonpartisan,NA,McMullin,NA
Nebraska,26596,SurveyMonkey,2016-10-25,2016-10-31,Likely Voters,412,Internet,Nonpartisan,NA,Trump,52
Nebraska,26596,SurveyMonkey,2016-10-25,2016-10-31,Likely Voters,412,Internet,Nonpartisan,NA,Clinton,32
Nebraska,26596,SurveyMonkey,2016-10-25,2016-10-31,Likely Voters,412,Internet,Nonpartisan,NA,Other,NA
Nebraska,26596,SurveyMonkey,2016-10-25,2016-10-31,Likely Voters,412,Internet,Nonpartisan,NA,Undecided,2
Nebraska,26596,SurveyMonkey,2016-10-25,2016-10-31,Likely Voters,412,Internet,Nonpartisan,NA,Johnson,NA
Nebraska,26596,SurveyMonkey,2016-10-25,2016-10-31,Likely Voters,412,Internet,Nonpartisan,NA,McMullin,NA
Nebraska,26592,UPI/CVOTER,2016-10-23,2016-10-29,Likely Voters,334,Internet,Nonpartisan,NA,Trump,58
Nebraska,26592,UPI/CVOTER,2016-10-23,2016-10-29,Likely Voters,334,Internet,Nonpartisan,NA,Clinton,38
Nebraska,26592,UPI/CVOTER,2016-10-23,2016-10-29,Likely Voters,334,Internet,Nonpartisan,NA,Other,NA
Nebraska,26592,UPI/CVOTER,2016-10-23,2016-10-29,Likely Voters,334,Internet,Nonpartisan,NA,Undecided,NA
Nebraska,26592,UPI/CVOTER,2016-10-23,2016-10-29,Likely Voters,334,Internet,Nonpartisan,NA,Johnson,NA
Nebraska,26592,UPI/CVOTER,2016-10-23,2016-10-29,Likely Voters,334,Internet,Nonpartisan,NA,McMullin,NA
Nebraska,26441,SurveyMonkey,2016-10-18,2016-10-24,Likely Voters,461,Internet,Nonpartisan,NA,Trump,52
Nebraska,26441,SurveyMonkey,2016-10-18,2016-10-24,Likely Voters,461,Internet,Nonpartisan,NA,Clinton,33
Nebraska,26441,SurveyMonkey,2016-10-18,2016-10-24,Likely Voters,461,Internet,Nonpartisan,NA,Other,NA
Nebraska,26441,SurveyMonkey,2016-10-18,2016-10-24,Likely Voters,461,Internet,Nonpartisan,NA,Undecided,2
Nebraska,26441,SurveyMonkey,2016-10-18,2016-10-24,Likely Voters,461,Internet,Nonpartisan,NA,Johnson,NA
Nebraska,26441,SurveyMonkey,2016-10-18,2016-10-24,Likely Voters,461,Internet,Nonpartisan,NA,McMullin,NA
Nebraska,26344,Ipsos/Reuters,2016-09-23,2016-10-13,Likely Voters,386,Internet,Nonpartisan,NA,Trump,49
Nebraska,26344,Ipsos/Reuters,2016-09-23,2016-10-13,Likely Voters,386,Internet,Nonpartisan,NA,Clinton,33
Nebraska,26344,Ipsos/Reuters,2016-09-23,2016-10-13,Likely Voters,386,Internet,Nonpartisan,NA,Other,NA
Nebraska,26344,Ipsos/Reuters,2016-09-23,2016-10-13,Likely Voters,386,Internet,Nonpartisan,NA,Undecided,18
Nebraska,26344,Ipsos/Reuters,2016-09-23,2016-10-13,Likely Voters,386,Internet,Nonpartisan,NA,Johnson,NA
Nebraska,26344,Ipsos/Reuters,2016-09-23,2016-10-13,Likely Voters,386,Internet,Nonpartisan,NA,McMullin,NA
Nebraska,26119,Ipsos/Reuters,2016-09-16,2016-10-06,Likely Voters,356,Internet,Nonpartisan,NA,Trump,48
Nebraska,26119,Ipsos/Reuters,2016-09-16,2016-10-06,Likely Voters,356,Internet,Nonpartisan,NA,Clinton,32
Nebraska,26119,Ipsos/Reuters,2016-09-16,2016-10-06,Likely Voters,356,Internet,Nonpartisan,NA,Other,NA
Nebraska,26119,Ipsos/Reuters,2016-09-16,2016-10-06,Likely Voters,356,Internet,Nonpartisan,NA,Undecided,20
Nebraska,26119,Ipsos/Reuters,2016-09-16,2016-10-06,Likely Voters,356,Internet,Nonpartisan,NA,Johnson,NA
Nebraska,26119,Ipsos/Reuters,2016-09-16,2016-10-06,Likely Voters,356,Internet,Nonpartisan,NA,McMullin,NA
Nebraska,25559,Ipsos/Reuters,2016-08-26,2016-09-15,Likely Voters,267,Internet,Nonpartisan,NA,Trump,51
Nebraska,25559,Ipsos/Reuters,2016-08-26,2016-09-15,Likely Voters,267,Internet,Nonpartisan,NA,Clinton,32
Nebraska,25559,Ipsos/Reuters,2016-08-26,2016-09-15,Likely Voters,267,Internet,Nonpartisan,NA,Other,NA
Nebraska,25559,Ipsos/Reuters,2016-08-26,2016-09-15,Likely Voters,267,Internet,Nonpartisan,NA,Undecided,17
Nebraska,25559,Ipsos/Reuters,2016-08-26,2016-09-15,Likely Voters,267,Internet,Nonpartisan,NA,Johnson,NA
Nebraska,25559,Ipsos/Reuters,2016-08-26,2016-09-15,Likely Voters,267,Internet,Nonpartisan,NA,McMullin,NA
Nebraska,25377,WashPost/SurveyMonkey,2016-08-09,2016-09-01,Registered Voters,983,Internet,Nonpartisan,NA,Trump,49
Nebraska,25377,WashPost/SurveyMonkey,2016-08-09,2016-09-01,Registered Voters,983,Internet,Nonpartisan,NA,Clinton,38
Nebraska,25377,WashPost/SurveyMonkey,2016-08-09,2016-09-01,Registered Voters,983,Internet,Nonpartisan,NA,Other,NA
Nebraska,25377,WashPost/SurveyMonkey,2016-08-09,2016-09-01,Registered Voters,983,Internet,Nonpartisan,NA,Undecided,13
Nebraska,25377,WashPost/SurveyMonkey,2016-08-09,2016-09-01,Registered Voters,983,Internet,Nonpartisan,NA,Johnson,NA
Nebraska,25377,WashPost/SurveyMonkey,2016-08-09,2016-09-01,Registered Voters,983,Internet,Nonpartisan,NA,McMullin,NA
Montana,26807,SurveyMonkey,2016-11-01,2016-11-07,Likely Voters,449,Internet,Nonpartisan,NA,Trump,52
Montana,26807,SurveyMonkey,2016-11-01,2016-11-07,Likely Voters,449,Internet,Nonpartisan,NA,Clinton,30
Montana,26807,SurveyMonkey,2016-11-01,2016-11-07,Likely Voters,449,Internet,Nonpartisan,NA,Other,NA
Montana,26807,SurveyMonkey,2016-11-01,2016-11-07,Likely Voters,449,Internet,Nonpartisan,NA,Undecided,4
Montana,26807,SurveyMonkey,2016-11-01,2016-11-07,Likely Voters,449,Internet,Nonpartisan,NA,Johnson,NA
Montana,26807,SurveyMonkey,2016-11-01,2016-11-07,Likely Voters,449,Internet,Nonpartisan,NA,McMullin,NA
Montana,26793,UPI/CVOTER,2016-10-30,2016-11-06,Likely Voters,339,Internet,Nonpartisan,NA,Trump,54
Montana,26793,UPI/CVOTER,2016-10-30,2016-11-06,Likely Voters,339,Internet,Nonpartisan,NA,Clinton,41
Montana,26793,UPI/CVOTER,2016-10-30,2016-11-06,Likely Voters,339,Internet,Nonpartisan,NA,Other,NA
Montana,26793,UPI/CVOTER,2016-10-30,2016-11-06,Likely Voters,339,Internet,Nonpartisan,NA,Undecided,NA
Montana,26793,UPI/CVOTER,2016-10-30,2016-11-06,Likely Voters,339,Internet,Nonpartisan,NA,Johnson,NA
Montana,26793,UPI/CVOTER,2016-10-30,2016-11-06,Likely Voters,339,Internet,Nonpartisan,NA,McMullin,NA
Montana,26596,SurveyMonkey,2016-10-25,2016-10-31,Likely Voters,405,Internet,Nonpartisan,NA,Trump,49
Montana,26596,SurveyMonkey,2016-10-25,2016-10-31,Likely Voters,405,Internet,Nonpartisan,NA,Clinton,36
Montana,26596,SurveyMonkey,2016-10-25,2016-10-31,Likely Voters,405,Internet,Nonpartisan,NA,Other,NA
Montana,26596,SurveyMonkey,2016-10-25,2016-10-31,Likely Voters,405,Internet,Nonpartisan,NA,Undecided,2
Montana,26596,SurveyMonkey,2016-10-25,2016-10-31,Likely Voters,405,Internet,Nonpartisan,NA,Johnson,NA
Montana,26596,SurveyMonkey,2016-10-25,2016-10-31,Likely Voters,405,Internet,Nonpartisan,NA,McMullin,NA
Montana,26592,UPI/CVOTER,2016-10-23,2016-10-29,Likely Voters,340,Internet,Nonpartisan,NA,Trump,55
Montana,26592,UPI/CVOTER,2016-10-23,2016-10-29,Likely Voters,340,Internet,Nonpartisan,NA,Clinton,41
Montana,26592,UPI/CVOTER,2016-10-23,2016-10-29,Likely Voters,340,Internet,Nonpartisan,NA,Other,NA
Montana,26592,UPI/CVOTER,2016-10-23,2016-10-29,Likely Voters,340,Internet,Nonpartisan,NA,Undecided,NA
Montana,26592,UPI/CVOTER,2016-10-23,2016-10-29,Likely Voters,340,Internet,Nonpartisan,NA,Johnson,NA
Montana,26592,UPI/CVOTER,2016-10-23,2016-10-29,Likely Voters,340,Internet,Nonpartisan,NA,McMullin,NA
Montana,26441,SurveyMonkey,2016-10-18,2016-10-24,Likely Voters,475,Internet,Nonpartisan,NA,Trump,52
Montana,26441,SurveyMonkey,2016-10-18,2016-10-24,Likely Voters,475,Internet,Nonpartisan,NA,Clinton,35
Montana,26441,SurveyMonkey,2016-10-18,2016-10-24,Likely Voters,475,Internet,Nonpartisan,NA,Other,NA
Montana,26441,SurveyMonkey,2016-10-18,2016-10-24,Likely Voters,475,Internet,Nonpartisan,NA,Undecided,4
Montana,26441,SurveyMonkey,2016-10-18,2016-10-24,Likely Voters,475,Internet,Nonpartisan,NA,Johnson,NA
Montana,26441,SurveyMonkey,2016-10-18,2016-10-24,Likely Voters,475,Internet,Nonpartisan,NA,McMullin,NA
Montana,26444,MSU-Billings,2016-10-03,2016-10-10,Adults,590,Live Phone,Nonpartisan,NA,Trump,43
Montana,26444,MSU-Billings,2016-10-03,2016-10-10,Adults,590,Live Phone,Nonpartisan,NA,Clinton,27
Montana,26444,MSU-Billings,2016-10-03,2016-10-10,Adults,590,Live Phone,Nonpartisan,NA,Other,NA
Montana,26444,MSU-Billings,2016-10-03,2016-10-10,Adults,590,Live Phone,Nonpartisan,NA,Undecided,20
Montana,26444,MSU-Billings,2016-10-03,2016-10-10,Adults,590,Live Phone,Nonpartisan,NA,Johnson,NA
Montana,26444,MSU-Billings,2016-10-03,2016-10-10,Adults,590,Live Phone,Nonpartisan,NA,McMullin,NA
Montana,25376,WashPost/SurveyMonkey,2016-08-09,2016-09-01,Registered Voters,999,Internet,Nonpartisan,NA,Trump,51
Montana,25376,WashPost/SurveyMonkey,2016-08-09,2016-09-01,Registered Voters,999,Internet,Nonpartisan,NA,Clinton,38
Montana,25376,WashPost/SurveyMonkey,2016-08-09,2016-09-01,Registered Voters,999,Internet,Nonpartisan,NA,Other,NA
Montana,25376,WashPost/SurveyMonkey,2016-08-09,2016-09-01,Registered Voters,999,Internet,Nonpartisan,NA,Undecided,12
Montana,25376,WashPost/SurveyMonkey,2016-08-09,2016-09-01,Registered Voters,999,Internet,Nonpartisan,NA,Johnson,NA
Montana,25376,WashPost/SurveyMonkey,2016-08-09,2016-09-01,Registered Voters,999,Internet,Nonpartisan,NA,McMullin,NA
Washington,26807,SurveyMonkey,2016-11-01,2016-11-07,Likely Voters,1451,Internet,Nonpartisan,NA,Trump,33
Washington,26807,SurveyMonkey,2016-11-01,2016-11-07,Likely Voters,1451,Internet,Nonpartisan,NA,Clinton,51
Washington,26807,SurveyMonkey,2016-11-01,2016-11-07,Likely Voters,1451,Internet,Nonpartisan,NA,Other,13
Washington,26807,SurveyMonkey,2016-11-01,2016-11-07,Likely Voters,1451,Internet,Nonpartisan,NA,Undecided,3
Washington,26807,SurveyMonkey,2016-11-01,2016-11-07,Likely Voters,1451,Internet,Nonpartisan,NA,Johnson,NA
Washington,26807,SurveyMonkey,2016-11-01,2016-11-07,Likely Voters,1451,Internet,Nonpartisan,NA,McMullin,NA
Washington,26816,Insights West,2016-11-04,2016-11-06,Likely Voters,402,Internet,Nonpartisan,NA,Trump,36
Washington,26816,Insights West,2016-11-04,2016-11-06,Likely Voters,402,Internet,Nonpartisan,NA,Clinton,51
Washington,26816,Insights West,2016-11-04,2016-11-06,Likely Voters,402,Internet,Nonpartisan,NA,Other,6
Washington,26816,Insights West,2016-11-04,2016-11-06,Likely Voters,402,Internet,Nonpartisan,NA,Undecided,7
Washington,26816,Insights West,2016-11-04,2016-11-06,Likely Voters,402,Internet,Nonpartisan,NA,Johnson,NA
Washington,26816,Insights West,2016-11-04,2016-11-06,Likely Voters,402,Internet,Nonpartisan,NA,McMullin,NA
Washington,26793,UPI/CVOTER,2016-10-30,2016-11-06,Likely Voters,328,Internet,Nonpartisan,NA,Trump,39
Washington,26793,UPI/CVOTER,2016-10-30,2016-11-06,Likely Voters,328,Internet,Nonpartisan,NA,Clinton,56
Washington,26793,UPI/CVOTER,2016-10-30,2016-11-06,Likely Voters,328,Internet,Nonpartisan,NA,Other,6
Washington,26793,UPI/CVOTER,2016-10-30,2016-11-06,Likely Voters,328,Internet,Nonpartisan,NA,Undecided,NA
Washington,26793,UPI/CVOTER,2016-10-30,2016-11-06,Likely Voters,328,Internet,Nonpartisan,NA,Johnson,NA
Washington,26793,UPI/CVOTER,2016-10-30,2016-11-06,Likely Voters,328,Internet,Nonpartisan,NA,McMullin,NA
Washington,26806,Ipsos/Reuters,2016-10-17,2016-11-06,Likely Voters,863,Internet,Nonpartisan,NA,Trump,38
Washington,26806,Ipsos/Reuters,2016-10-17,2016-11-06,Likely Voters,863,Internet,Nonpartisan,NA,Clinton,47
Washington,26806,Ipsos/Reuters,2016-10-17,2016-11-06,Likely Voters,863,Internet,Nonpartisan,NA,Other,NA
Washington,26806,Ipsos/Reuters,2016-10-17,2016-11-06,Likely Voters,863,Internet,Nonpartisan,NA,Undecided,15
Washington,26806,Ipsos/Reuters,2016-10-17,2016-11-06,Likely Voters,863,Internet,Nonpartisan,NA,Johnson,NA
Washington,26806,Ipsos/Reuters,2016-10-17,2016-11-06,Likely Voters,863,Internet,Nonpartisan,NA,McMullin,NA
Washington,26738,SurveyUSA,2016-10-31,2016-11-02,Likely Voters,681,IVR/Online,Nonpartisan,NA,Trump,38
Washington,26738,SurveyUSA,2016-10-31,2016-11-02,Likely Voters,681,IVR/Online,Nonpartisan,NA,Clinton,50
Washington,26738,SurveyUSA,2016-10-31,2016-11-02,Likely Voters,681,IVR/Online,Nonpartisan,NA,Other,9
Washington,26738,SurveyUSA,2016-10-31,2016-11-02,Likely Voters,681,IVR/Online,Nonpartisan,NA,Undecided,4
Washington,26738,SurveyUSA,2016-10-31,2016-11-02,Likely Voters,681,IVR/Online,Nonpartisan,NA,Johnson,NA
Washington,26738,SurveyUSA,2016-10-31,2016-11-02,Likely Voters,681,IVR/Online,Nonpartisan,NA,McMullin,NA
Washington,26596,SurveyMonkey,2016-10-25,2016-10-31,Likely Voters,745,Internet,Nonpartisan,NA,Trump,34
Washington,26596,SurveyMonkey,2016-10-25,2016-10-31,Likely Voters,745,Internet,Nonpartisan,NA,Clinton,53
Washington,26596,SurveyMonkey,2016-10-25,2016-10-31,Likely Voters,745,Internet,Nonpartisan,NA,Other,11
Washington,26596,SurveyMonkey,2016-10-25,2016-10-31,Likely Voters,745,Internet,Nonpartisan,NA,Undecided,2
Washington,26596,SurveyMonkey,2016-10-25,2016-10-31,Likely Voters,745,Internet,Nonpartisan,NA,Johnson,NA
Washington,26596,SurveyMonkey,2016-10-25,2016-10-31,Likely Voters,745,Internet,Nonpartisan,NA,McMullin,NA
Washington,26592,UPI/CVOTER,2016-10-23,2016-10-29,Likely Voters,327,Internet,Nonpartisan,NA,Trump,43
Washington,26592,UPI/CVOTER,2016-10-23,2016-10-29,Likely Voters,327,Internet,Nonpartisan,NA,Clinton,53
Washington,26592,UPI/CVOTER,2016-10-23,2016-10-29,Likely Voters,327,Internet,Nonpartisan,NA,Other,4
Washington,26592,UPI/CVOTER,2016-10-23,2016-10-29,Likely Voters,327,Internet,Nonpartisan,NA,Undecided,NA
Washington,26592,UPI/CVOTER,2016-10-23,2016-10-29,Likely Voters,327,Internet,Nonpartisan,NA,Johnson,NA
Washington,26592,UPI/CVOTER,2016-10-23,2016-10-29,Likely Voters,327,Internet,Nonpartisan,NA,McMullin,NA
Washington,26441,SurveyMonkey,2016-10-18,2016-10-24,Likely Voters,687,Internet,Nonpartisan,NA,Trump,34
Washington,26441,SurveyMonkey,2016-10-18,2016-10-24,Likely Voters,687,Internet,Nonpartisan,NA,Clinton,51
Washington,26441,SurveyMonkey,2016-10-18,2016-10-24,Likely Voters,687,Internet,Nonpartisan,NA,Other,12
Washington,26441,SurveyMonkey,2016-10-18,2016-10-24,Likely Voters,687,Internet,Nonpartisan,NA,Undecided,2
Washington,26441,SurveyMonkey,2016-10-18,2016-10-24,Likely Voters,687,Internet,Nonpartisan,NA,Johnson,NA
Washington,26441,SurveyMonkey,2016-10-18,2016-10-24,Likely Voters,687,Internet,Nonpartisan,NA,McMullin,NA
Washington,26512,KCTS 9/Crosscut/Washington,2016-10-06,2016-10-13,Likely Voters,750,Internet,Nonpartisan,NA,Trump,39
Washington,26512,KCTS 9/Crosscut/Washington,2016-10-06,2016-10-13,Likely Voters,750,Internet,Nonpartisan,NA,Clinton,53
Washington,26512,KCTS 9/Crosscut/Washington,2016-10-06,2016-10-13,Likely Voters,750,Internet,Nonpartisan,NA,Other,NA
Washington,26512,KCTS 9/Crosscut/Washington,2016-10-06,2016-10-13,Likely Voters,750,Internet,Nonpartisan,NA,Undecided,22
Washington,26512,KCTS 9/Crosscut/Washington,2016-10-06,2016-10-13,Likely Voters,750,Internet,Nonpartisan,NA,Johnson,NA
Washington,26512,KCTS 9/Crosscut/Washington,2016-10-06,2016-10-13,Likely Voters,750,Internet,Nonpartisan,NA,McMullin,NA
Washington,26344,Ipsos/Reuters,2016-09-23,2016-10-13,Likely Voters,905,Internet,Nonpartisan,NA,Trump,37
Washington,26344,Ipsos/Reuters,2016-09-23,2016-10-13,Likely Voters,905,Internet,Nonpartisan,NA,Clinton,47
Washington,26344,Ipsos/Reuters,2016-09-23,2016-10-13,Likely Voters,905,Internet,Nonpartisan,NA,Other,NA
Washington,26344,Ipsos/Reuters,2016-09-23,2016-10-13,Likely Voters,905,Internet,Nonpartisan,NA,Undecided,16
Washington,26344,Ipsos/Reuters,2016-09-23,2016-10-13,Likely Voters,905,Internet,Nonpartisan,NA,Johnson,NA
Washington,26344,Ipsos/Reuters,2016-09-23,2016-10-13,Likely Voters,905,Internet,Nonpartisan,NA,McMullin,NA
Washington,26135,Ipsos/Reuters,2016-09-16,2016-10-06,Likely Voters,504,Internet,Nonpartisan,NA,Trump,33
Washington,26135,Ipsos/Reuters,2016-09-16,2016-10-06,Likely Voters,504,Internet,Nonpartisan,NA,Clinton,51
Washington,26135,Ipsos/Reuters,2016-09-16,2016-10-06,Likely Voters,504,Internet,Nonpartisan,NA,Other,NA
Washington,26135,Ipsos/Reuters,2016-09-16,2016-10-06,Likely Voters,504,Internet,Nonpartisan,NA,Undecided,16
Washington,26135,Ipsos/Reuters,2016-09-16,2016-10-06,Likely Voters,504,Internet,Nonpartisan,NA,Johnson,NA
Washington,26135,Ipsos/Reuters,2016-09-16,2016-10-06,Likely Voters,504,Internet,Nonpartisan,NA,McMullin,NA
Washington,25991,Strategies 360 (D- KOMO News),2016-09-29,2016-10-03,Likely Voters,500,Live Phone,Sponsor,Dem,Trump,33
Washington,25991,Strategies 360 (D- KOMO News),2016-09-29,2016-10-03,Likely Voters,500,Live Phone,Sponsor,Dem,Clinton,50
Washington,25991,Strategies 360 (D- KOMO News),2016-09-29,2016-10-03,Likely Voters,500,Live Phone,Sponsor,Dem,Other,10
Washington,25991,Strategies 360 (D- KOMO News),2016-09-29,2016-10-03,Likely Voters,500,Live Phone,Sponsor,Dem,Undecided,7
Washington,25991,Strategies 360 (D- KOMO News),2016-09-29,2016-10-03,Likely Voters,500,Live Phone,Sponsor,Dem,Johnson,NA
Washington,25991,Strategies 360 (D- KOMO News),2016-09-29,2016-10-03,Likely Voters,500,Live Phone,Sponsor,Dem,McMullin,NA
Washington,25574,Ipsos/Reuters,2016-08-26,2016-09-15,Likely Voters,733,Internet,Nonpartisan,NA,Trump,37
Washington,25574,Ipsos/Reuters,2016-08-26,2016-09-15,Likely Voters,733,Internet,Nonpartisan,NA,Clinton,47
Washington,25574,Ipsos/Reuters,2016-08-26,2016-09-15,Likely Voters,733,Internet,Nonpartisan,NA,Other,NA
Washington,25574,Ipsos/Reuters,2016-08-26,2016-09-15,Likely Voters,733,Internet,Nonpartisan,NA,Undecided,16
Washington,25574,Ipsos/Reuters,2016-08-26,2016-09-15,Likely Voters,733,Internet,Nonpartisan,NA,Johnson,NA
Washington,25574,Ipsos/Reuters,2016-08-26,2016-09-15,Likely Voters,733,Internet,Nonpartisan,NA,McMullin,NA
Washington,25627,Insights West,2016-09-12,2016-09-14,Likely Voters,505,Internet,Nonpartisan,NA,Trump,28
Washington,25627,Insights West,2016-09-12,2016-09-14,Likely Voters,505,Internet,Nonpartisan,NA,Clinton,38
Washington,25627,Insights West,2016-09-12,2016-09-14,Likely Voters,505,Internet,Nonpartisan,NA,Other,20
Washington,25627,Insights West,2016-09-12,2016-09-14,Likely Voters,505,Internet,Nonpartisan,NA,Undecided,14
Washington,25627,Insights West,2016-09-12,2016-09-14,Likely Voters,505,Internet,Nonpartisan,NA,Johnson,NA
Washington,25627,Insights West,2016-09-12,2016-09-14,Likely Voters,505,Internet,Nonpartisan,NA,McMullin,NA
Washington,25394,WashPost/SurveyMonkey,2016-08-09,2016-09-01,Registered Voters,722,Internet,Nonpartisan,NA,Trump,37
Washington,25394,WashPost/SurveyMonkey,2016-08-09,2016-09-01,Registered Voters,722,Internet,Nonpartisan,NA,Clinton,53
Washington,25394,WashPost/SurveyMonkey,2016-08-09,2016-09-01,Registered Voters,722,Internet,Nonpartisan,NA,Other,NA
Washington,25394,WashPost/SurveyMonkey,2016-08-09,2016-09-01,Registered Voters,722,Internet,Nonpartisan,NA,Undecided,10
Washington,25394,WashPost/SurveyMonkey,2016-08-09,2016-09-01,Registered Voters,722,Internet,Nonpartisan,NA,Johnson,NA
Washington,25394,WashPost/SurveyMonkey,2016-08-09,2016-09-01,Registered Voters,722,Internet,Nonpartisan,NA,McMullin,NA
Washington,25176,Elway,2016-08-09,2016-08-13,Registered Voters,500,Live Phone,Nonpartisan,NA,Trump,24
Washington,25176,Elway,2016-08-09,2016-08-13,Registered Voters,500,Live Phone,Nonpartisan,NA,Clinton,43
Washington,25176,Elway,2016-08-09,2016-08-13,Registered Voters,500,Live Phone,Nonpartisan,NA,Other,11
Washington,25176,Elway,2016-08-09,2016-08-13,Registered Voters,500,Live Phone,Nonpartisan,NA,Undecided,22
Washington,25176,Elway,2016-08-09,2016-08-13,Registered Voters,500,Live Phone,Nonpartisan,NA,Johnson,NA
Washington,25176,Elway,2016-08-09,2016-08-13,Registered Voters,500,Live Phone,Nonpartisan,NA,McMullin,NA
Washington,24698,PPP (D-Northwest Progressive Institute),2016-06-14,2016-06-15,Likely Voters,679,Automated Phone,Nonpartisan,NA,Trump,37
Washington,24698,PPP (D-Northwest Progressive Institute),2016-06-14,2016-06-15,Likely Voters,679,Automated Phone,Nonpartisan,NA,Clinton,49
Washington,24698,PPP (D-Northwest Progressive Institute),2016-06-14,2016-06-15,Likely Voters,679,Automated Phone,Nonpartisan,NA,Other,NA
Washington,24698,PPP (D-Northwest Progressive Institute),2016-06-14,2016-06-15,Likely Voters,679,Automated Phone,Nonpartisan,NA,Undecided,13
Washington,24698,PPP (D-Northwest Progressive Institute),2016-06-14,2016-06-15,Likely Voters,679,Automated Phone,Nonpartisan,NA,Johnson,NA
Washington,24698,PPP (D-Northwest Progressive Institute),2016-06-14,2016-06-15,Likely Voters,679,Automated Phone,Nonpartisan,NA,McMullin,NA
Mississippi,26807,SurveyMonkey,2016-11-01,2016-11-07,Likely Voters,719,Internet,Nonpartisan,NA,Trump,50
Mississippi,26807,SurveyMonkey,2016-11-01,2016-11-07,Likely Voters,719,Internet,Nonpartisan,NA,Clinton,42
Mississippi,26807,SurveyMonkey,2016-11-01,2016-11-07,Likely Voters,719,Internet,Nonpartisan,NA,Other,NA
Mississippi,26807,SurveyMonkey,2016-11-01,2016-11-07,Likely Voters,719,Internet,Nonpartisan,NA,Undecided,2
Mississippi,26807,SurveyMonkey,2016-11-01,2016-11-07,Likely Voters,719,Internet,Nonpartisan,NA,Johnson,NA
Mississippi,26807,SurveyMonkey,2016-11-01,2016-11-07,Likely Voters,719,Internet,Nonpartisan,NA,McMullin,NA
Mississippi,26793,UPI/CVOTER,2016-10-30,2016-11-06,Likely Voters,330,Internet,Nonpartisan,NA,Trump,54
Mississippi,26793,UPI/CVOTER,2016-10-30,2016-11-06,Likely Voters,330,Internet,Nonpartisan,NA,Clinton,42
Mississippi,26793,UPI/CVOTER,2016-10-30,2016-11-06,Likely Voters,330,Internet,Nonpartisan,NA,Other,NA
Mississippi,26793,UPI/CVOTER,2016-10-30,2016-11-06,Likely Voters,330,Internet,Nonpartisan,NA,Undecided,NA
Mississippi,26793,UPI/CVOTER,2016-10-30,2016-11-06,Likely Voters,330,Internet,Nonpartisan,NA,Johnson,NA
Mississippi,26793,UPI/CVOTER,2016-10-30,2016-11-06,Likely Voters,330,Internet,Nonpartisan,NA,McMullin,NA
Mississippi,26806,Ipsos/Reuters,2016-10-17,2016-11-06,Likely Voters,388,Internet,Nonpartisan,NA,Trump,53
Mississippi,26806,Ipsos/Reuters,2016-10-17,2016-11-06,Likely Voters,388,Internet,Nonpartisan,NA,Clinton,36
Mississippi,26806,Ipsos/Reuters,2016-10-17,2016-11-06,Likely Voters,388,Internet,Nonpartisan,NA,Other,NA
Mississippi,26806,Ipsos/Reuters,2016-10-17,2016-11-06,Likely Voters,388,Internet,Nonpartisan,NA,Undecided,11
Mississippi,26806,Ipsos/Reuters,2016-10-17,2016-11-06,Likely Voters,388,Internet,Nonpartisan,NA,Johnson,NA
Mississippi,26806,Ipsos/Reuters,2016-10-17,2016-11-06,Likely Voters,388,Internet,Nonpartisan,NA,McMullin,NA
Mississippi,26596,SurveyMonkey,2016-10-25,2016-10-31,Likely Voters,648,Internet,Nonpartisan,NA,Trump,48
Mississippi,26596,SurveyMonkey,2016-10-25,2016-10-31,Likely Voters,648,Internet,Nonpartisan,NA,Clinton,41
Mississippi,26596,SurveyMonkey,2016-10-25,2016-10-31,Likely Voters,648,Internet,Nonpartisan,NA,Other,NA
Mississippi,26596,SurveyMonkey,2016-10-25,2016-10-31,Likely Voters,648,Internet,Nonpartisan,NA,Undecided,3
Mississippi,26596,SurveyMonkey,2016-10-25,2016-10-31,Likely Voters,648,Internet,Nonpartisan,NA,Johnson,NA
Mississippi,26596,SurveyMonkey,2016-10-25,2016-10-31,Likely Voters,648,Internet,Nonpartisan,NA,McMullin,NA
Mississippi,26592,UPI/CVOTER,2016-10-23,2016-10-29,Likely Voters,313,Internet,Nonpartisan,NA,Trump,55
Mississippi,26592,UPI/CVOTER,2016-10-23,2016-10-29,Likely Voters,313,Internet,Nonpartisan,NA,Clinton,42
Mississippi,26592,UPI/CVOTER,2016-10-23,2016-10-29,Likely Voters,313,Internet,Nonpartisan,NA,Other,NA
Mississippi,26592,UPI/CVOTER,2016-10-23,2016-10-29,Likely Voters,313,Internet,Nonpartisan,NA,Undecided,NA
Mississippi,26592,UPI/CVOTER,2016-10-23,2016-10-29,Likely Voters,313,Internet,Nonpartisan,NA,Johnson,NA
Mississippi,26592,UPI/CVOTER,2016-10-23,2016-10-29,Likely Voters,313,Internet,Nonpartisan,NA,McMullin,NA
Mississippi,26441,SurveyMonkey,2016-10-18,2016-10-24,Likely Voters,704,Internet,Nonpartisan,NA,Trump,50
Mississippi,26441,SurveyMonkey,2016-10-18,2016-10-24,Likely Voters,704,Internet,Nonpartisan,NA,Clinton,42
Mississippi,26441,SurveyMonkey,2016-10-18,2016-10-24,Likely Voters,704,Internet,Nonpartisan,NA,Other,NA
Mississippi,26441,SurveyMonkey,2016-10-18,2016-10-24,Likely Voters,704,Internet,Nonpartisan,NA,Undecided,2
Mississippi,26441,SurveyMonkey,2016-10-18,2016-10-24,Likely Voters,704,Internet,Nonpartisan,NA,Johnson,NA
Mississippi,26441,SurveyMonkey,2016-10-18,2016-10-24,Likely Voters,704,Internet,Nonpartisan,NA,McMullin,NA
Mississippi,26344,Ipsos/Reuters,2016-09-23,2016-10-13,Likely Voters,404,Internet,Nonpartisan,NA,Trump,49
Mississippi,26344,Ipsos/Reuters,2016-09-23,2016-10-13,Likely Voters,404,Internet,Nonpartisan,NA,Clinton,41
Mississippi,26344,Ipsos/Reuters,2016-09-23,2016-10-13,Likely Voters,404,Internet,Nonpartisan,NA,Other,NA
Mississippi,26344,Ipsos/Reuters,2016-09-23,2016-10-13,Likely Voters,404,Internet,Nonpartisan,NA,Undecided,10
Mississippi,26344,Ipsos/Reuters,2016-09-23,2016-10-13,Likely Voters,404,Internet,Nonpartisan,NA,Johnson,NA
Mississippi,26344,Ipsos/Reuters,2016-09-23,2016-10-13,Likely Voters,404,Internet,Nonpartisan,NA,McMullin,NA
Mississippi,26117,Ipsos/Reuters,2016-09-16,2016-10-06,Likely Voters,405,Internet,Nonpartisan,NA,Trump,51
Mississippi,26117,Ipsos/Reuters,2016-09-16,2016-10-06,Likely Voters,405,Internet,Nonpartisan,NA,Clinton,40
Mississippi,26117,Ipsos/Reuters,2016-09-16,2016-10-06,Likely Voters,405,Internet,Nonpartisan,NA,Other,NA
Mississippi,26117,Ipsos/Reuters,2016-09-16,2016-10-06,Likely Voters,405,Internet,Nonpartisan,NA,Undecided,9
Mississippi,26117,Ipsos/Reuters,2016-09-16,2016-10-06,Likely Voters,405,Internet,Nonpartisan,NA,Johnson,NA
Mississippi,26117,Ipsos/Reuters,2016-09-16,2016-10-06,Likely Voters,405,Internet,Nonpartisan,NA,McMullin,NA
Mississippi,25557,Ipsos/Reuters,2016-08-26,2016-09-15,Likely Voters,348,Internet,Nonpartisan,NA,Trump,51
Mississippi,25557,Ipsos/Reuters,2016-08-26,2016-09-15,Likely Voters,348,Internet,Nonpartisan,NA,Clinton,37
Mississippi,25557,Ipsos/Reuters,2016-08-26,2016-09-15,Likely Voters,348,Internet,Nonpartisan,NA,Other,NA
Mississippi,25557,Ipsos/Reuters,2016-08-26,2016-09-15,Likely Voters,348,Internet,Nonpartisan,NA,Undecided,12
Mississippi,25557,Ipsos/Reuters,2016-08-26,2016-09-15,Likely Voters,348,Internet,Nonpartisan,NA,Johnson,NA
Mississippi,25557,Ipsos/Reuters,2016-08-26,2016-09-15,Likely Voters,348,Internet,Nonpartisan,NA,McMullin,NA
Mississippi,25374,WashPost/SurveyMonkey,2016-08-09,2016-09-01,Registered Voters,823,Internet,Nonpartisan,NA,Trump,48
Mississippi,25374,WashPost/SurveyMonkey,2016-08-09,2016-09-01,Registered Voters,823,Internet,Nonpartisan,NA,Clinton,46
Mississippi,25374,WashPost/SurveyMonkey,2016-08-09,2016-09-01,Registered Voters,823,Internet,Nonpartisan,NA,Other,NA
Mississippi,25374,WashPost/SurveyMonkey,2016-08-09,2016-09-01,Registered Voters,823,Internet,Nonpartisan,NA,Undecided,6
Mississippi,25374,WashPost/SurveyMonkey,2016-08-09,2016-09-01,Registered Voters,823,Internet,Nonpartisan,NA,Johnson,NA
Mississippi,25374,WashPost/SurveyMonkey,2016-08-09,2016-09-01,Registered Voters,823,Internet,Nonpartisan,NA,McMullin,NA
Mississippi,24213,Mason-Dixon,2016-03-28,2016-03-30,Registered Voters,625,Live Phone,Nonpartisan,NA,Trump,46
Mississippi,24213,Mason-Dixon,2016-03-28,2016-03-30,Registered Voters,625,Live Phone,Nonpartisan,NA,Clinton,43
Mississippi,24213,Mason-Dixon,2016-03-28,2016-03-30,Registered Voters,625,Live Phone,Nonpartisan,NA,Other,NA
Mississippi,24213,Mason-Dixon,2016-03-28,2016-03-30,Registered Voters,625,Live Phone,Nonpartisan,NA,Undecided,11
Mississippi,24213,Mason-Dixon,2016-03-28,2016-03-30,Registered Voters,625,Live Phone,Nonpartisan,NA,Johnson,NA
Mississippi,24213,Mason-Dixon,2016-03-28,2016-03-30,Registered Voters,625,Live Phone,Nonpartisan,NA,McMullin,NA
Vermont,26807,SurveyMonkey,2016-11-01,2016-11-07,Likely Voters,454,Internet,Nonpartisan,NA,Trump,25
Vermont,26807,SurveyMonkey,2016-11-01,2016-11-07,Likely Voters,454,Internet,Nonpartisan,NA,Clinton,61
Vermont,26807,SurveyMonkey,2016-11-01,2016-11-07,Likely Voters,454,Internet,Nonpartisan,NA,Other,12
Vermont,26807,SurveyMonkey,2016-11-01,2016-11-07,Likely Voters,454,Internet,Nonpartisan,NA,Undecided,2
Vermont,26807,SurveyMonkey,2016-11-01,2016-11-07,Likely Voters,454,Internet,Nonpartisan,NA,Johnson,NA
Vermont,26807,SurveyMonkey,2016-11-01,2016-11-07,Likely Voters,454,Internet,Nonpartisan,NA,McMullin,NA
Vermont,26793,UPI/CVOTER,2016-10-30,2016-11-06,Likely Voters,305,Internet,Nonpartisan,NA,Trump,33
Vermont,26793,UPI/CVOTER,2016-10-30,2016-11-06,Likely Voters,305,Internet,Nonpartisan,NA,Clinton,62
Vermont,26793,UPI/CVOTER,2016-10-30,2016-11-06,Likely Voters,305,Internet,Nonpartisan,NA,Other,NA
Vermont,26793,UPI/CVOTER,2016-10-30,2016-11-06,Likely Voters,305,Internet,Nonpartisan,NA,Undecided,5
Vermont,26793,UPI/CVOTER,2016-10-30,2016-11-06,Likely Voters,305,Internet,Nonpartisan,NA,Johnson,NA
Vermont,26793,UPI/CVOTER,2016-10-30,2016-11-06,Likely Voters,305,Internet,Nonpartisan,NA,McMullin,NA
Vermont,26596,SurveyMonkey,2016-10-25,2016-10-31,Likely Voters,436,Internet,Nonpartisan,NA,Trump,25
Vermont,26596,SurveyMonkey,2016-10-25,2016-10-31,Likely Voters,436,Internet,Nonpartisan,NA,Clinton,53
Vermont,26596,SurveyMonkey,2016-10-25,2016-10-31,Likely Voters,436,Internet,Nonpartisan,NA,Other,18
Vermont,26596,SurveyMonkey,2016-10-25,2016-10-31,Likely Voters,436,Internet,Nonpartisan,NA,Undecided,4
Vermont,26596,SurveyMonkey,2016-10-25,2016-10-31,Likely Voters,436,Internet,Nonpartisan,NA,Johnson,NA
Vermont,26596,SurveyMonkey,2016-10-25,2016-10-31,Likely Voters,436,Internet,Nonpartisan,NA,McMullin,NA
Vermont,26592,UPI/CVOTER,2016-10-23,2016-10-29,Likely Voters,304,Internet,Nonpartisan,NA,Trump,34
Vermont,26592,UPI/CVOTER,2016-10-23,2016-10-29,Likely Voters,304,Internet,Nonpartisan,NA,Clinton,63
Vermont,26592,UPI/CVOTER,2016-10-23,2016-10-29,Likely Voters,304,Internet,Nonpartisan,NA,Other,NA
Vermont,26592,UPI/CVOTER,2016-10-23,2016-10-29,Likely Voters,304,Internet,Nonpartisan,NA,Undecided,4
Vermont,26592,UPI/CVOTER,2016-10-23,2016-10-29,Likely Voters,304,Internet,Nonpartisan,NA,Johnson,NA
Vermont,26592,UPI/CVOTER,2016-10-23,2016-10-29,Likely Voters,304,Internet,Nonpartisan,NA,McMullin,NA
Vermont,26441,SurveyMonkey,2016-10-18,2016-10-24,Likely Voters,446,Internet,Nonpartisan,NA,Trump,23
Vermont,26441,SurveyMonkey,2016-10-18,2016-10-24,Likely Voters,446,Internet,Nonpartisan,NA,Clinton,54
Vermont,26441,SurveyMonkey,2016-10-18,2016-10-24,Likely Voters,446,Internet,Nonpartisan,NA,Other,20
Vermont,26441,SurveyMonkey,2016-10-18,2016-10-24,Likely Voters,446,Internet,Nonpartisan,NA,Undecided,3
Vermont,26441,SurveyMonkey,2016-10-18,2016-10-24,Likely Voters,446,Internet,Nonpartisan,NA,Johnson,NA
Vermont,26441,SurveyMonkey,2016-10-18,2016-10-24,Likely Voters,446,Internet,Nonpartisan,NA,McMullin,NA
Vermont,26269,Castleton University/VPR,2016-09-29,2016-10-14,Likely Voters,579,Live Phone,Nonpartisan,NA,Trump,17
Vermont,26269,Castleton University/VPR,2016-09-29,2016-10-14,Likely Voters,579,Live Phone,Nonpartisan,NA,Clinton,45
Vermont,26269,Castleton University/VPR,2016-09-29,2016-10-14,Likely Voters,579,Live Phone,Nonpartisan,NA,Other,24
Vermont,26269,Castleton University/VPR,2016-09-29,2016-10-14,Likely Voters,579,Live Phone,Nonpartisan,NA,Undecided,14
Vermont,26269,Castleton University/VPR,2016-09-29,2016-10-14,Likely Voters,579,Live Phone,Nonpartisan,NA,Johnson,NA
Vermont,26269,Castleton University/VPR,2016-09-29,2016-10-14,Likely Voters,579,Live Phone,Nonpartisan,NA,McMullin,NA
Vermont,25393,WashPost/SurveyMonkey,2016-08-09,2016-09-01,Registered Voters,550,Internet,Nonpartisan,NA,Trump,28
Vermont,25393,WashPost/SurveyMonkey,2016-08-09,2016-09-01,Registered Voters,550,Internet,Nonpartisan,NA,Clinton,56
Vermont,25393,WashPost/SurveyMonkey,2016-08-09,2016-09-01,Registered Voters,550,Internet,Nonpartisan,NA,Other,NA
Vermont,25393,WashPost/SurveyMonkey,2016-08-09,2016-09-01,Registered Voters,550,Internet,Nonpartisan,NA,Undecided,16
Vermont,25393,WashPost/SurveyMonkey,2016-08-09,2016-09-01,Registered Voters,550,Internet,Nonpartisan,NA,Johnson,NA
Vermont,25393,WashPost/SurveyMonkey,2016-08-09,2016-09-01,Registered Voters,550,Internet,Nonpartisan,NA,McMullin,NA
Vermont,24982,Castleton University/VPR,2016-07-11,2016-07-23,Likely Voters,637,Live Phone,Nonpartisan,NA,Trump,17
Vermont,24982,Castleton University/VPR,2016-07-11,2016-07-23,Likely Voters,637,Live Phone,Nonpartisan,NA,Clinton,39
Vermont,24982,Castleton University/VPR,2016-07-11,2016-07-23,Likely Voters,637,Live Phone,Nonpartisan,NA,Other,31
Vermont,24982,Castleton University/VPR,2016-07-11,2016-07-23,Likely Voters,637,Live Phone,Nonpartisan,NA,Undecided,13
Vermont,24982,Castleton University/VPR,2016-07-11,2016-07-23,Likely Voters,637,Live Phone,Nonpartisan,NA,Johnson,NA
Vermont,24982,Castleton University/VPR,2016-07-11,2016-07-23,Likely Voters,637,Live Phone,Nonpartisan,NA,McMullin,NA
Massachusetts,26807,SurveyMonkey,2016-11-01,2016-11-07,Likely Voters,1378,Internet,Nonpartisan,NA,Trump,30
Massachusetts,26807,SurveyMonkey,2016-11-01,2016-11-07,Likely Voters,1378,Internet,Nonpartisan,NA,Clinton,56
Massachusetts,26807,SurveyMonkey,2016-11-01,2016-11-07,Likely Voters,1378,Internet,Nonpartisan,NA,Other,4
Massachusetts,26807,SurveyMonkey,2016-11-01,2016-11-07,Likely Voters,1378,Internet,Nonpartisan,NA,Undecided,4
Massachusetts,26807,SurveyMonkey,2016-11-01,2016-11-07,Likely Voters,1378,Internet,Nonpartisan,NA,Johnson,6
Massachusetts,26807,SurveyMonkey,2016-11-01,2016-11-07,Likely Voters,1378,Internet,Nonpartisan,NA,McMullin,NA
Massachusetts,26793,UPI/CVOTER,2016-10-30,2016-11-06,Likely Voters,330,Internet,Nonpartisan,NA,Trump,37
Massachusetts,26793,UPI/CVOTER,2016-10-30,2016-11-06,Likely Voters,330,Internet,Nonpartisan,NA,Clinton,59
Massachusetts,26793,UPI/CVOTER,2016-10-30,2016-11-06,Likely Voters,330,Internet,Nonpartisan,NA,Other,4
Massachusetts,26793,UPI/CVOTER,2016-10-30,2016-11-06,Likely Voters,330,Internet,Nonpartisan,NA,Undecided,NA
Massachusetts,26793,UPI/CVOTER,2016-10-30,2016-11-06,Likely Voters,330,Internet,Nonpartisan,NA,Johnson,NA
Massachusetts,26793,UPI/CVOTER,2016-10-30,2016-11-06,Likely Voters,330,Internet,Nonpartisan,NA,McMullin,NA
Massachusetts,26806,Ipsos/Reuters,2016-10-17,2016-11-06,Likely Voters,512,Internet,Nonpartisan,NA,Trump,36
Massachusetts,26806,Ipsos/Reuters,2016-10-17,2016-11-06,Likely Voters,512,Internet,Nonpartisan,NA,Clinton,53
Massachusetts,26806,Ipsos/Reuters,2016-10-17,2016-11-06,Likely Voters,512,Internet,Nonpartisan,NA,Other,NA
Massachusetts,26806,Ipsos/Reuters,2016-10-17,2016-11-06,Likely Voters,512,Internet,Nonpartisan,NA,Undecided,11
Massachusetts,26806,Ipsos/Reuters,2016-10-17,2016-11-06,Likely Voters,512,Internet,Nonpartisan,NA,Johnson,NA
Massachusetts,26806,Ipsos/Reuters,2016-10-17,2016-11-06,Likely Voters,512,Internet,Nonpartisan,NA,McMullin,NA
Massachusetts,26699,WNEU,2016-10-23,2016-11-02,Likely Voters,417,Live Phone,Nonpartisan,NA,Trump,26
Massachusetts,26699,WNEU,2016-10-23,2016-11-02,Likely Voters,417,Live Phone,Nonpartisan,NA,Clinton,56
Massachusetts,26699,WNEU,2016-10-23,2016-11-02,Likely Voters,417,Live Phone,Nonpartisan,NA,Other,3
Massachusetts,26699,WNEU,2016-10-23,2016-11-02,Likely Voters,417,Live Phone,Nonpartisan,NA,Undecided,7
Massachusetts,26699,WNEU,2016-10-23,2016-11-02,Likely Voters,417,Live Phone,Nonpartisan,NA,Johnson,8
Massachusetts,26699,WNEU,2016-10-23,2016-11-02,Likely Voters,417,Live Phone,Nonpartisan,NA,McMullin,NA
Massachusetts,26596,SurveyMonkey,2016-10-25,2016-10-31,Likely Voters,796,Internet,Nonpartisan,NA,Trump,29
Massachusetts,26596,SurveyMonkey,2016-10-25,2016-10-31,Likely Voters,796,Internet,Nonpartisan,NA,Clinton,58
Massachusetts,26596,SurveyMonkey,2016-10-25,2016-10-31,Likely Voters,796,Internet,Nonpartisan,NA,Other,4
Massachusetts,26596,SurveyMonkey,2016-10-25,2016-10-31,Likely Voters,796,Internet,Nonpartisan,NA,Undecided,2
Massachusetts,26596,SurveyMonkey,2016-10-25,2016-10-31,Likely Voters,796,Internet,Nonpartisan,NA,Johnson,7
Massachusetts,26596,SurveyMonkey,2016-10-25,2016-10-31,Likely Voters,796,Internet,Nonpartisan,NA,McMullin,NA
Massachusetts,26592,UPI/CVOTER,2016-10-23,2016-10-29,Likely Voters,325,Internet,Nonpartisan,NA,Trump,39
Massachusetts,26592,UPI/CVOTER,2016-10-23,2016-10-29,Likely Voters,325,Internet,Nonpartisan,NA,Clinton,58
Massachusetts,26592,UPI/CVOTER,2016-10-23,2016-10-29,Likely Voters,325,Internet,Nonpartisan,NA,Other,3
Massachusetts,26592,UPI/CVOTER,2016-10-23,2016-10-29,Likely Voters,325,Internet,Nonpartisan,NA,Undecided,NA
Massachusetts,26592,UPI/CVOTER,2016-10-23,2016-10-29,Likely Voters,325,Internet,Nonpartisan,NA,Johnson,NA
Massachusetts,26592,UPI/CVOTER,2016-10-23,2016-10-29,Likely Voters,325,Internet,Nonpartisan,NA,McMullin,NA
Massachusetts,26505,Suffolk/Boston Globe,2016-10-24,2016-10-26,Likely Voters,500,Live Phone,Nonpartisan,NA,Trump,25
Massachusetts,26505,Suffolk/Boston Globe,2016-10-24,2016-10-26,Likely Voters,500,Live Phone,Nonpartisan,NA,Clinton,57
Massachusetts,26505,Suffolk/Boston Globe,2016-10-24,2016-10-26,Likely Voters,500,Live Phone,Nonpartisan,NA,Other,3
Massachusetts,26505,Suffolk/Boston Globe,2016-10-24,2016-10-26,Likely Voters,500,Live Phone,Nonpartisan,NA,Undecided,12
Massachusetts,26505,Suffolk/Boston Globe,2016-10-24,2016-10-26,Likely Voters,500,Live Phone,Nonpartisan,NA,Johnson,4
Massachusetts,26505,Suffolk/Boston Globe,2016-10-24,2016-10-26,Likely Voters,500,Live Phone,Nonpartisan,NA,McMullin,NA
Massachusetts,26441,SurveyMonkey,2016-10-18,2016-10-24,Likely Voters,675,Internet,Nonpartisan,NA,Trump,28
Massachusetts,26441,SurveyMonkey,2016-10-18,2016-10-24,Likely Voters,675,Internet,Nonpartisan,NA,Clinton,61
Massachusetts,26441,SurveyMonkey,2016-10-18,2016-10-24,Likely Voters,675,Internet,Nonpartisan,NA,Other,3
Massachusetts,26441,SurveyMonkey,2016-10-18,2016-10-24,Likely Voters,675,Internet,Nonpartisan,NA,Undecided,2
Massachusetts,26441,SurveyMonkey,2016-10-18,2016-10-24,Likely Voters,675,Internet,Nonpartisan,NA,Johnson,6
Massachusetts,26441,SurveyMonkey,2016-10-18,2016-10-24,Likely Voters,675,Internet,Nonpartisan,NA,McMullin,NA
Massachusetts,26223,MassINC/WBUR,2016-10-13,2016-10-16,Likely Voters,502,Live Phone,Nonpartisan,NA,Trump,28
Massachusetts,26223,MassINC/WBUR,2016-10-13,2016-10-16,Likely Voters,502,Live Phone,Nonpartisan,NA,Clinton,54
Massachusetts,26223,MassINC/WBUR,2016-10-13,2016-10-16,Likely Voters,502,Live Phone,Nonpartisan,NA,Other,5
Massachusetts,26223,MassINC/WBUR,2016-10-13,2016-10-16,Likely Voters,502,Live Phone,Nonpartisan,NA,Undecided,6
Massachusetts,26223,MassINC/WBUR,2016-10-13,2016-10-16,Likely Voters,502,Live Phone,Nonpartisan,NA,Johnson,7
Massachusetts,26223,MassINC/WBUR,2016-10-13,2016-10-16,Likely Voters,502,Live Phone,Nonpartisan,NA,McMullin,NA
Massachusetts,26114,Ipsos/Reuters,2016-09-16,2016-10-06,Likely Voters,904,Internet,Nonpartisan,NA,Trump,30
Massachusetts,26114,Ipsos/Reuters,2016-09-16,2016-10-06,Likely Voters,904,Internet,Nonpartisan,NA,Clinton,49
Massachusetts,26114,Ipsos/Reuters,2016-09-16,2016-10-06,Likely Voters,904,Internet,Nonpartisan,NA,Other,NA
Massachusetts,26114,Ipsos/Reuters,2016-09-16,2016-10-06,Likely Voters,904,Internet,Nonpartisan,NA,Undecided,21
Massachusetts,26114,Ipsos/Reuters,2016-09-16,2016-10-06,Likely Voters,904,Internet,Nonpartisan,NA,Johnson,NA
Massachusetts,26114,Ipsos/Reuters,2016-09-16,2016-10-06,Likely Voters,904,Internet,Nonpartisan,NA,McMullin,NA
Massachusetts,25988,WNEU,2016-09-24,2016-10-03,Likely Voters,403,Live Phone,Nonpartisan,NA,Trump,26
Massachusetts,25988,WNEU,2016-09-24,2016-10-03,Likely Voters,403,Live Phone,Nonpartisan,NA,Clinton,58
Massachusetts,25988,WNEU,2016-09-24,2016-10-03,Likely Voters,403,Live Phone,Nonpartisan,NA,Other,4
Massachusetts,25988,WNEU,2016-09-24,2016-10-03,Likely Voters,403,Live Phone,Nonpartisan,NA,Undecided,5
Massachusetts,25988,WNEU,2016-09-24,2016-10-03,Likely Voters,403,Live Phone,Nonpartisan,NA,Johnson,7
Massachusetts,25988,WNEU,2016-09-24,2016-10-03,Likely Voters,403,Live Phone,Nonpartisan,NA,McMullin,NA
Massachusetts,25722,UMass Amherst/WBZ-TV/YouGov,2016-09-15,2016-09-20,Likely Voters,700,Internet,Nonpartisan,NA,Trump,34
Massachusetts,25722,UMass Amherst/WBZ-TV/YouGov,2016-09-15,2016-09-20,Likely Voters,700,Internet,Nonpartisan,NA,Clinton,47
Massachusetts,25722,UMass Amherst/WBZ-TV/YouGov,2016-09-15,2016-09-20,Likely Voters,700,Internet,Nonpartisan,NA,Other,6
Massachusetts,25722,UMass Amherst/WBZ-TV/YouGov,2016-09-15,2016-09-20,Likely Voters,700,Internet,Nonpartisan,NA,Undecided,5
Massachusetts,25722,UMass Amherst/WBZ-TV/YouGov,2016-09-15,2016-09-20,Likely Voters,700,Internet,Nonpartisan,NA,Johnson,9
Massachusetts,25722,UMass Amherst/WBZ-TV/YouGov,2016-09-15,2016-09-20,Likely Voters,700,Internet,Nonpartisan,NA,McMullin,NA
Massachusetts,25554,Ipsos/Reuters,2016-08-26,2016-09-15,Likely Voters,691,Internet,Nonpartisan,NA,Trump,31
Massachusetts,25554,Ipsos/Reuters,2016-08-26,2016-09-15,Likely Voters,691,Internet,Nonpartisan,NA,Clinton,53
Massachusetts,25554,Ipsos/Reuters,2016-08-26,2016-09-15,Likely Voters,691,Internet,Nonpartisan,NA,Other,NA
Massachusetts,25554,Ipsos/Reuters,2016-08-26,2016-09-15,Likely Voters,691,Internet,Nonpartisan,NA,Undecided,16
Massachusetts,25554,Ipsos/Reuters,2016-08-26,2016-09-15,Likely Voters,691,Internet,Nonpartisan,NA,Johnson,NA
Massachusetts,25554,Ipsos/Reuters,2016-08-26,2016-09-15,Likely Voters,691,Internet,Nonpartisan,NA,McMullin,NA
Massachusetts,25478,MassINC/WBUR,2016-09-07,2016-09-10,Likely Voters,506,Live Phone,Nonpartisan,NA,Trump,28
Massachusetts,25478,MassINC/WBUR,2016-09-07,2016-09-10,Likely Voters,506,Live Phone,Nonpartisan,NA,Clinton,54
Massachusetts,25478,MassINC/WBUR,2016-09-07,2016-09-10,Likely Voters,506,Live Phone,Nonpartisan,NA,Other,7
Massachusetts,25478,MassINC/WBUR,2016-09-07,2016-09-10,Likely Voters,506,Live Phone,Nonpartisan,NA,Undecided,3
Massachusetts,25478,MassINC/WBUR,2016-09-07,2016-09-10,Likely Voters,506,Live Phone,Nonpartisan,NA,Johnson,9
Massachusetts,25478,MassINC/WBUR,2016-09-07,2016-09-10,Likely Voters,506,Live Phone,Nonpartisan,NA,McMullin,NA
Massachusetts,25372,WashPost/SurveyMonkey,2016-08-09,2016-09-01,Registered Voters,1167,Internet,Nonpartisan,NA,Trump,33
Massachusetts,25372,WashPost/SurveyMonkey,2016-08-09,2016-09-01,Registered Voters,1167,Internet,Nonpartisan,NA,Clinton,56
Massachusetts,25372,WashPost/SurveyMonkey,2016-08-09,2016-09-01,Registered Voters,1167,Internet,Nonpartisan,NA,Other,NA
Massachusetts,25372,WashPost/SurveyMonkey,2016-08-09,2016-09-01,Registered Voters,1167,Internet,Nonpartisan,NA,Undecided,12
Massachusetts,25372,WashPost/SurveyMonkey,2016-08-09,2016-09-01,Registered Voters,1167,Internet,Nonpartisan,NA,Johnson,NA
Massachusetts,25372,WashPost/SurveyMonkey,2016-08-09,2016-09-01,Registered Voters,1167,Internet,Nonpartisan,NA,McMullin,NA
Massachusetts,24461,Suffolk/Boston Globe,2016-05-02,2016-05-05,Likely Voters,500,Live Phone,Nonpartisan,NA,Trump,31
Massachusetts,24461,Suffolk/Boston Globe,2016-05-02,2016-05-05,Likely Voters,500,Live Phone,Nonpartisan,NA,Clinton,55
Massachusetts,24461,Suffolk/Boston Globe,2016-05-02,2016-05-05,Likely Voters,500,Live Phone,Nonpartisan,NA,Other,NA
Massachusetts,24461,Suffolk/Boston Globe,2016-05-02,2016-05-05,Likely Voters,500,Live Phone,Nonpartisan,NA,Undecided,14
Massachusetts,24461,Suffolk/Boston Globe,2016-05-02,2016-05-05,Likely Voters,500,Live Phone,Nonpartisan,NA,Johnson,NA
Massachusetts,24461,Suffolk/Boston Globe,2016-05-02,2016-05-05,Likely Voters,500,Live Phone,Nonpartisan,NA,McMullin,NA
Massachusetts,24252,WNEU,2016-04-01,2016-04-10,Registered Voters,497,Live Phone,Nonpartisan,NA,Trump,26
Massachusetts,24252,WNEU,2016-04-01,2016-04-10,Registered Voters,497,Live Phone,Nonpartisan,NA,Clinton,62
Massachusetts,24252,WNEU,2016-04-01,2016-04-10,Registered Voters,497,Live Phone,Nonpartisan,NA,Other,NA
Massachusetts,24252,WNEU,2016-04-01,2016-04-10,Registered Voters,497,Live Phone,Nonpartisan,NA,Undecided,12
Massachusetts,24252,WNEU,2016-04-01,2016-04-10,Registered Voters,497,Live Phone,Nonpartisan,NA,Johnson,NA
Massachusetts,24252,WNEU,2016-04-01,2016-04-10,Registered Voters,497,Live Phone,Nonpartisan,NA,McMullin,NA
Tennessee,26807,SurveyMonkey,2016-11-01,2016-11-07,Likely Voters,1433,Internet,Nonpartisan,NA,Trump,49
Tennessee,26807,SurveyMonkey,2016-11-01,2016-11-07,Likely Voters,1433,Internet,Nonpartisan,NA,Clinton,41
Tennessee,26807,SurveyMonkey,2016-11-01,2016-11-07,Likely Voters,1433,Internet,Nonpartisan,NA,Other,8
Tennessee,26807,SurveyMonkey,2016-11-01,2016-11-07,Likely Voters,1433,Internet,Nonpartisan,NA,Undecided,2
Tennessee,26807,SurveyMonkey,2016-11-01,2016-11-07,Likely Voters,1433,Internet,Nonpartisan,NA,Johnson,NA
Tennessee,26807,SurveyMonkey,2016-11-01,2016-11-07,Likely Voters,1433,Internet,Nonpartisan,NA,McMullin,NA
Tennessee,26793,UPI/CVOTER,2016-10-30,2016-11-06,Likely Voters,339,Internet,Nonpartisan,NA,Trump,55
Tennessee,26793,UPI/CVOTER,2016-10-30,2016-11-06,Likely Voters,339,Internet,Nonpartisan,NA,Clinton,39
Tennessee,26793,UPI/CVOTER,2016-10-30,2016-11-06,Likely Voters,339,Internet,Nonpartisan,NA,Other,6
Tennessee,26793,UPI/CVOTER,2016-10-30,2016-11-06,Likely Voters,339,Internet,Nonpartisan,NA,Undecided,NA
Tennessee,26793,UPI/CVOTER,2016-10-30,2016-11-06,Likely Voters,339,Internet,Nonpartisan,NA,Johnson,NA
Tennessee,26793,UPI/CVOTER,2016-10-30,2016-11-06,Likely Voters,339,Internet,Nonpartisan,NA,McMullin,NA
Tennessee,26806,Ipsos/Reuters,2016-10-17,2016-11-06,Likely Voters,823,Internet,Nonpartisan,NA,Trump,50
Tennessee,26806,Ipsos/Reuters,2016-10-17,2016-11-06,Likely Voters,823,Internet,Nonpartisan,NA,Clinton,36
Tennessee,26806,Ipsos/Reuters,2016-10-17,2016-11-06,Likely Voters,823,Internet,Nonpartisan,NA,Other,NA
Tennessee,26806,Ipsos/Reuters,2016-10-17,2016-11-06,Likely Voters,823,Internet,Nonpartisan,NA,Undecided,14
Tennessee,26806,Ipsos/Reuters,2016-10-17,2016-11-06,Likely Voters,823,Internet,Nonpartisan,NA,Johnson,NA
Tennessee,26806,Ipsos/Reuters,2016-10-17,2016-11-06,Likely Voters,823,Internet,Nonpartisan,NA,McMullin,NA
Tennessee,26596,SurveyMonkey,2016-10-25,2016-10-31,Likely Voters,550,Internet,Nonpartisan,NA,Trump,51
Tennessee,26596,SurveyMonkey,2016-10-25,2016-10-31,Likely Voters,550,Internet,Nonpartisan,NA,Clinton,38
Tennessee,26596,SurveyMonkey,2016-10-25,2016-10-31,Likely Voters,550,Internet,Nonpartisan,NA,Other,8
Tennessee,26596,SurveyMonkey,2016-10-25,2016-10-31,Likely Voters,550,Internet,Nonpartisan,NA,Undecided,2
Tennessee,26596,SurveyMonkey,2016-10-25,2016-10-31,Likely Voters,550,Internet,Nonpartisan,NA,Johnson,NA
Tennessee,26596,SurveyMonkey,2016-10-25,2016-10-31,Likely Voters,550,Internet,Nonpartisan,NA,McMullin,NA
Tennessee,26592,UPI/CVOTER,2016-10-23,2016-10-29,Likely Voters,339,Internet,Nonpartisan,NA,Trump,57
Tennessee,26592,UPI/CVOTER,2016-10-23,2016-10-29,Likely Voters,339,Internet,Nonpartisan,NA,Clinton,38
Tennessee,26592,UPI/CVOTER,2016-10-23,2016-10-29,Likely Voters,339,Internet,Nonpartisan,NA,Other,5
Tennessee,26592,UPI/CVOTER,2016-10-23,2016-10-29,Likely Voters,339,Internet,Nonpartisan,NA,Undecided,NA
Tennessee,26592,UPI/CVOTER,2016-10-23,2016-10-29,Likely Voters,339,Internet,Nonpartisan,NA,Johnson,NA
Tennessee,26592,UPI/CVOTER,2016-10-23,2016-10-29,Likely Voters,339,Internet,Nonpartisan,NA,McMullin,NA
Tennessee,26441,SurveyMonkey,2016-10-18,2016-10-24,Likely Voters,572,Internet,Nonpartisan,NA,Trump,49
Tennessee,26441,SurveyMonkey,2016-10-18,2016-10-24,Likely Voters,572,Internet,Nonpartisan,NA,Clinton,38
Tennessee,26441,SurveyMonkey,2016-10-18,2016-10-24,Likely Voters,572,Internet,Nonpartisan,NA,Other,9
Tennessee,26441,SurveyMonkey,2016-10-18,2016-10-24,Likely Voters,572,Internet,Nonpartisan,NA,Undecided,4
Tennessee,26441,SurveyMonkey,2016-10-18,2016-10-24,Likely Voters,572,Internet,Nonpartisan,NA,Johnson,NA
Tennessee,26441,SurveyMonkey,2016-10-18,2016-10-24,Likely Voters,572,Internet,Nonpartisan,NA,McMullin,NA
Tennessee,26285,ICITIZEN,2016-10-14,2016-10-17,Registered Voters,508,Internet,Nonpartisan,NA,Trump,44
Tennessee,26285,ICITIZEN,2016-10-14,2016-10-17,Registered Voters,508,Internet,Nonpartisan,NA,Clinton,34
Tennessee,26285,ICITIZEN,2016-10-14,2016-10-17,Registered Voters,508,Internet,Nonpartisan,NA,Other,14
Tennessee,26285,ICITIZEN,2016-10-14,2016-10-17,Registered Voters,508,Internet,Nonpartisan,NA,Undecided,8
Tennessee,26285,ICITIZEN,2016-10-14,2016-10-17,Registered Voters,508,Internet,Nonpartisan,NA,Johnson,NA
Tennessee,26285,ICITIZEN,2016-10-14,2016-10-17,Registered Voters,508,Internet,Nonpartisan,NA,McMullin,NA
Tennessee,26344,Ipsos/Reuters,2016-09-23,2016-10-13,Likely Voters,799,Internet,Nonpartisan,NA,Trump,47
Tennessee,26344,Ipsos/Reuters,2016-09-23,2016-10-13,Likely Voters,799,Internet,Nonpartisan,NA,Clinton,35
Tennessee,26344,Ipsos/Reuters,2016-09-23,2016-10-13,Likely Voters,799,Internet,Nonpartisan,NA,Other,NA
Tennessee,26344,Ipsos/Reuters,2016-09-23,2016-10-13,Likely Voters,799,Internet,Nonpartisan,NA,Undecided,18
Tennessee,26344,Ipsos/Reuters,2016-09-23,2016-10-13,Likely Voters,799,Internet,Nonpartisan,NA,Johnson,NA
Tennessee,26344,Ipsos/Reuters,2016-09-23,2016-10-13,Likely Voters,799,Internet,Nonpartisan,NA,McMullin,NA
Tennessee,26131,Ipsos/Reuters,2016-09-16,2016-10-06,Likely Voters,800,Internet,Nonpartisan,NA,Trump,49
Tennessee,26131,Ipsos/Reuters,2016-09-16,2016-10-06,Likely Voters,800,Internet,Nonpartisan,NA,Clinton,34
Tennessee,26131,Ipsos/Reuters,2016-09-16,2016-10-06,Likely Voters,800,Internet,Nonpartisan,NA,Other,NA
Tennessee,26131,Ipsos/Reuters,2016-09-16,2016-10-06,Likely Voters,800,Internet,Nonpartisan,NA,Undecided,17
Tennessee,26131,Ipsos/Reuters,2016-09-16,2016-10-06,Likely Voters,800,Internet,Nonpartisan,NA,Johnson,NA
Tennessee,26131,Ipsos/Reuters,2016-09-16,2016-10-06,Likely Voters,800,Internet,Nonpartisan,NA,McMullin,NA
Tennessee,25977,MTSU,2016-09-28,2016-10-02,Likely Voters,472,Live Phone,Nonpartisan,NA,Trump,48
Tennessee,25977,MTSU,2016-09-28,2016-10-02,Likely Voters,472,Live Phone,Nonpartisan,NA,Clinton,36
Tennessee,25977,MTSU,2016-09-28,2016-10-02,Likely Voters,472,Live Phone,Nonpartisan,NA,Other,7
Tennessee,25977,MTSU,2016-09-28,2016-10-02,Likely Voters,472,Live Phone,Nonpartisan,NA,Undecided,10
Tennessee,25977,MTSU,2016-09-28,2016-10-02,Likely Voters,472,Live Phone,Nonpartisan,NA,Johnson,NA
Tennessee,25977,MTSU,2016-09-28,2016-10-02,Likely Voters,472,Live Phone,Nonpartisan,NA,McMullin,NA
Tennessee,25987,Vanderbit/PSRA,2016-09-19,2016-10-02,Registered Voters,1000,Live Phone,Nonpartisan,NA,Trump,44
Tennessee,25987,Vanderbit/PSRA,2016-09-19,2016-10-02,Registered Voters,1000,Live Phone,Nonpartisan,NA,Clinton,33
Tennessee,25987,Vanderbit/PSRA,2016-09-19,2016-10-02,Registered Voters,1000,Live Phone,Nonpartisan,NA,Other,9
Tennessee,25987,Vanderbit/PSRA,2016-09-19,2016-10-02,Registered Voters,1000,Live Phone,Nonpartisan,NA,Undecided,14
Tennessee,25987,Vanderbit/PSRA,2016-09-19,2016-10-02,Registered Voters,1000,Live Phone,Nonpartisan,NA,Johnson,NA
Tennessee,25987,Vanderbit/PSRA,2016-09-19,2016-10-02,Registered Voters,1000,Live Phone,Nonpartisan,NA,McMullin,NA
Tennessee,25570,Ipsos/Reuters,2016-08-26,2016-09-15,Likely Voters,578,Internet,Nonpartisan,NA,Trump,50
Tennessee,25570,Ipsos/Reuters,2016-08-26,2016-09-15,Likely Voters,578,Internet,Nonpartisan,NA,Clinton,26
Tennessee,25570,Ipsos/Reuters,2016-08-26,2016-09-15,Likely Voters,578,Internet,Nonpartisan,NA,Other,NA
Tennessee,25570,Ipsos/Reuters,2016-08-26,2016-09-15,Likely Voters,578,Internet,Nonpartisan,NA,Undecided,24
Tennessee,25570,Ipsos/Reuters,2016-08-26,2016-09-15,Likely Voters,578,Internet,Nonpartisan,NA,Johnson,NA
Tennessee,25570,Ipsos/Reuters,2016-08-26,2016-09-15,Likely Voters,578,Internet,Nonpartisan,NA,McMullin,NA
Tennessee,25391,WashPost/SurveyMonkey,2016-08-09,2016-09-01,Registered Voters,1021,Internet,Nonpartisan,NA,Trump,55
Tennessee,25391,WashPost/SurveyMonkey,2016-08-09,2016-09-01,Registered Voters,1021,Internet,Nonpartisan,NA,Clinton,37
Tennessee,25391,WashPost/SurveyMonkey,2016-08-09,2016-09-01,Registered Voters,1021,Internet,Nonpartisan,NA,Other,NA
Tennessee,25391,WashPost/SurveyMonkey,2016-08-09,2016-09-01,Registered Voters,1021,Internet,Nonpartisan,NA,Undecided,8
Tennessee,25391,WashPost/SurveyMonkey,2016-08-09,2016-09-01,Registered Voters,1021,Internet,Nonpartisan,NA,Johnson,NA
Tennessee,25391,WashPost/SurveyMonkey,2016-08-09,2016-09-01,Registered Voters,1021,Internet,Nonpartisan,NA,McMullin,NA
Tennessee,25047,ICITIZEN,2016-07-25,2016-07-27,Registered Voters,531,Internet,Nonpartisan,NA,Trump,49
Tennessee,25047,ICITIZEN,2016-07-25,2016-07-27,Registered Voters,531,Internet,Nonpartisan,NA,Clinton,33
Tennessee,25047,ICITIZEN,2016-07-25,2016-07-27,Registered Voters,531,Internet,Nonpartisan,NA,Other,NA
Tennessee,25047,ICITIZEN,2016-07-25,2016-07-27,Registered Voters,531,Internet,Nonpartisan,NA,Undecided,18
Tennessee,25047,ICITIZEN,2016-07-25,2016-07-27,Registered Voters,531,Internet,Nonpartisan,NA,Johnson,NA
Tennessee,25047,ICITIZEN,2016-07-25,2016-07-27,Registered Voters,531,Internet,Nonpartisan,NA,McMullin,NA
Tennessee,24520,Vanderbit/PSRA,2016-04-25,2016-05-11,Registered Voters,1001,Live Phone,Nonpartisan,NA,Trump,44
Tennessee,24520,Vanderbit/PSRA,2016-04-25,2016-05-11,Registered Voters,1001,Live Phone,Nonpartisan,NA,Clinton,35
Tennessee,24520,Vanderbit/PSRA,2016-04-25,2016-05-11,Registered Voters,1001,Live Phone,Nonpartisan,NA,Other,2
Tennessee,24520,Vanderbit/PSRA,2016-04-25,2016-05-11,Registered Voters,1001,Live Phone,Nonpartisan,NA,Undecided,18
Tennessee,24520,Vanderbit/PSRA,2016-04-25,2016-05-11,Registered Voters,1001,Live Phone,Nonpartisan,NA,Johnson,NA
Tennessee,24520,Vanderbit/PSRA,2016-04-25,2016-05-11,Registered Voters,1001,Live Phone,Nonpartisan,NA,McMullin,NA
Louisiana,26807,SurveyMonkey,2016-11-01,2016-11-07,Likely Voters,982,Internet,Nonpartisan,NA,Trump,52
Louisiana,26807,SurveyMonkey,2016-11-01,2016-11-07,Likely Voters,982,Internet,Nonpartisan,NA,Clinton,38
Louisiana,26807,SurveyMonkey,2016-11-01,2016-11-07,Likely Voters,982,Internet,Nonpartisan,NA,Other,6
Louisiana,26807,SurveyMonkey,2016-11-01,2016-11-07,Likely Voters,982,Internet,Nonpartisan,NA,Undecided,4
Louisiana,26807,SurveyMonkey,2016-11-01,2016-11-07,Likely Voters,982,Internet,Nonpartisan,NA,Johnson,NA
Louisiana,26807,SurveyMonkey,2016-11-01,2016-11-07,Likely Voters,982,Internet,Nonpartisan,NA,McMullin,NA
Louisiana,26793,UPI/CVOTER,2016-10-30,2016-11-06,Likely Voters,329,Internet,Nonpartisan,NA,Trump,55
Louisiana,26793,UPI/CVOTER,2016-10-30,2016-11-06,Likely Voters,329,Internet,Nonpartisan,NA,Clinton,40
Louisiana,26793,UPI/CVOTER,2016-10-30,2016-11-06,Likely Voters,329,Internet,Nonpartisan,NA,Other,5
Louisiana,26793,UPI/CVOTER,2016-10-30,2016-11-06,Likely Voters,329,Internet,Nonpartisan,NA,Undecided,NA
Louisiana,26793,UPI/CVOTER,2016-10-30,2016-11-06,Likely Voters,329,Internet,Nonpartisan,NA,Johnson,NA
Louisiana,26793,UPI/CVOTER,2016-10-30,2016-11-06,Likely Voters,329,Internet,Nonpartisan,NA,McMullin,NA
Louisiana,26806,Ipsos/Reuters,2016-10-17,2016-11-06,Likely Voters,633,Internet,Nonpartisan,NA,Trump,52
Louisiana,26806,Ipsos/Reuters,2016-10-17,2016-11-06,Likely Voters,633,Internet,Nonpartisan,NA,Clinton,36
Louisiana,26806,Ipsos/Reuters,2016-10-17,2016-11-06,Likely Voters,633,Internet,Nonpartisan,NA,Other,NA
Louisiana,26806,Ipsos/Reuters,2016-10-17,2016-11-06,Likely Voters,633,Internet,Nonpartisan,NA,Undecided,12
Louisiana,26806,Ipsos/Reuters,2016-10-17,2016-11-06,Likely Voters,633,Internet,Nonpartisan,NA,Johnson,NA
Louisiana,26806,Ipsos/Reuters,2016-10-17,2016-11-06,Likely Voters,633,Internet,Nonpartisan,NA,McMullin,NA
Louisiana,26596,SurveyMonkey,2016-10-25,2016-10-31,Likely Voters,423,Internet,Nonpartisan,NA,Trump,51
Louisiana,26596,SurveyMonkey,2016-10-25,2016-10-31,Likely Voters,423,Internet,Nonpartisan,NA,Clinton,38
Louisiana,26596,SurveyMonkey,2016-10-25,2016-10-31,Likely Voters,423,Internet,Nonpartisan,NA,Other,7
Louisiana,26596,SurveyMonkey,2016-10-25,2016-10-31,Likely Voters,423,Internet,Nonpartisan,NA,Undecided,4
Louisiana,26596,SurveyMonkey,2016-10-25,2016-10-31,Likely Voters,423,Internet,Nonpartisan,NA,Johnson,NA
Louisiana,26596,SurveyMonkey,2016-10-25,2016-10-31,Likely Voters,423,Internet,Nonpartisan,NA,McMullin,NA
Louisiana,26592,UPI/CVOTER,2016-10-23,2016-10-29,Likely Voters,316,Internet,Nonpartisan,NA,Trump,56
Louisiana,26592,UPI/CVOTER,2016-10-23,2016-10-29,Likely Voters,316,Internet,Nonpartisan,NA,Clinton,40
Louisiana,26592,UPI/CVOTER,2016-10-23,2016-10-29,Likely Voters,316,Internet,Nonpartisan,NA,Other,4
Louisiana,26592,UPI/CVOTER,2016-10-23,2016-10-29,Likely Voters,316,Internet,Nonpartisan,NA,Undecided,NA
Louisiana,26592,UPI/CVOTER,2016-10-23,2016-10-29,Likely Voters,316,Internet,Nonpartisan,NA,Johnson,NA
Louisiana,26592,UPI/CVOTER,2016-10-23,2016-10-29,Likely Voters,316,Internet,Nonpartisan,NA,McMullin,NA
Louisiana,26441,SurveyMonkey,2016-10-18,2016-10-24,Likely Voters,388,Internet,Nonpartisan,NA,Trump,53
Louisiana,26441,SurveyMonkey,2016-10-18,2016-10-24,Likely Voters,388,Internet,Nonpartisan,NA,Clinton,38
Louisiana,26441,SurveyMonkey,2016-10-18,2016-10-24,Likely Voters,388,Internet,Nonpartisan,NA,Other,7
Louisiana,26441,SurveyMonkey,2016-10-18,2016-10-24,Likely Voters,388,Internet,Nonpartisan,NA,Undecided,1
Louisiana,26441,SurveyMonkey,2016-10-18,2016-10-24,Likely Voters,388,Internet,Nonpartisan,NA,Johnson,NA
Louisiana,26441,SurveyMonkey,2016-10-18,2016-10-24,Likely Voters,388,Internet,Nonpartisan,NA,McMullin,NA
Louisiana,26486,Southern Media/Opinion Research,2016-10-19,2016-10-21,Likely Voters,500,Live Phone,Nonpartisan,NA,Trump,50
Louisiana,26486,Southern Media/Opinion Research,2016-10-19,2016-10-21,Likely Voters,500,Live Phone,Nonpartisan,NA,Clinton,35
Louisiana,26486,Southern Media/Opinion Research,2016-10-19,2016-10-21,Likely Voters,500,Live Phone,Nonpartisan,NA,Other,7
Louisiana,26486,Southern Media/Opinion Research,2016-10-19,2016-10-21,Likely Voters,500,Live Phone,Nonpartisan,NA,Undecided,8
Louisiana,26486,Southern Media/Opinion Research,2016-10-19,2016-10-21,Likely Voters,500,Live Phone,Nonpartisan,NA,Johnson,NA
Louisiana,26486,Southern Media/Opinion Research,2016-10-19,2016-10-21,Likely Voters,500,Live Phone,Nonpartisan,NA,McMullin,NA
Louisiana,26616,Lucid/The Times-Picayune,2016-10-15,2016-10-21,Likely Voters,614,Internet,Nonpartisan,NA,Trump,43
Louisiana,26616,Lucid/The Times-Picayune,2016-10-15,2016-10-21,Likely Voters,614,Internet,Nonpartisan,NA,Clinton,40
Louisiana,26616,Lucid/The Times-Picayune,2016-10-15,2016-10-21,Likely Voters,614,Internet,Nonpartisan,NA,Other,10
Louisiana,26616,Lucid/The Times-Picayune,2016-10-15,2016-10-21,Likely Voters,614,Internet,Nonpartisan,NA,Undecided,7
Louisiana,26616,Lucid/The Times-Picayune,2016-10-15,2016-10-21,Likely Voters,614,Internet,Nonpartisan,NA,Johnson,NA
Louisiana,26616,Lucid/The Times-Picayune,2016-10-15,2016-10-21,Likely Voters,614,Internet,Nonpartisan,NA,McMullin,NA
Louisiana,26522,University of New Orleans,2016-10-15,2016-10-21,Likely Voters,603,Live Phone,Nonpartisan,NA,Trump,49
Louisiana,26522,University of New Orleans,2016-10-15,2016-10-21,Likely Voters,603,Live Phone,Nonpartisan,NA,Clinton,35
Louisiana,26522,University of New Orleans,2016-10-15,2016-10-21,Likely Voters,603,Live Phone,Nonpartisan,NA,Other,10
Louisiana,26522,University of New Orleans,2016-10-15,2016-10-21,Likely Voters,603,Live Phone,Nonpartisan,NA,Undecided,6
Louisiana,26522,University of New Orleans,2016-10-15,2016-10-21,Likely Voters,603,Live Phone,Nonpartisan,NA,Johnson,NA
Louisiana,26522,University of New Orleans,2016-10-15,2016-10-21,Likely Voters,603,Live Phone,Nonpartisan,NA,McMullin,NA
Louisiana,26371,Mason-Dixon/FOX 8/Raycom,2016-10-17,2016-10-19,Likely Voters,625,Live Phone,Nonpartisan,NA,Trump,54
Louisiana,26371,Mason-Dixon/FOX 8/Raycom,2016-10-17,2016-10-19,Likely Voters,625,Live Phone,Nonpartisan,NA,Clinton,34
Louisiana,26371,Mason-Dixon/FOX 8/Raycom,2016-10-17,2016-10-19,Likely Voters,625,Live Phone,Nonpartisan,NA,Other,3
Louisiana,26371,Mason-Dixon/FOX 8/Raycom,2016-10-17,2016-10-19,Likely Voters,625,Live Phone,Nonpartisan,NA,Undecided,9
Louisiana,26371,Mason-Dixon/FOX 8/Raycom,2016-10-17,2016-10-19,Likely Voters,625,Live Phone,Nonpartisan,NA,Johnson,NA
Louisiana,26371,Mason-Dixon/FOX 8/Raycom,2016-10-17,2016-10-19,Likely Voters,625,Live Phone,Nonpartisan,NA,McMullin,NA
Louisiana,26208,JMC Analytics (R-Fleming),2016-10-11,2016-10-15,Likely Voters,800,IVR/Live Phone,Sponsor,Rep,Trump,45
Louisiana,26208,JMC Analytics (R-Fleming),2016-10-11,2016-10-15,Likely Voters,800,IVR/Live Phone,Sponsor,Rep,Clinton,38
Louisiana,26208,JMC Analytics (R-Fleming),2016-10-11,2016-10-15,Likely Voters,800,IVR/Live Phone,Sponsor,Rep,Other,5
Louisiana,26208,JMC Analytics (R-Fleming),2016-10-11,2016-10-15,Likely Voters,800,IVR/Live Phone,Sponsor,Rep,Undecided,12
Louisiana,26208,JMC Analytics (R-Fleming),2016-10-11,2016-10-15,Likely Voters,800,IVR/Live Phone,Sponsor,Rep,Johnson,NA
Louisiana,26208,JMC Analytics (R-Fleming),2016-10-11,2016-10-15,Likely Voters,800,IVR/Live Phone,Sponsor,Rep,McMullin,NA
Louisiana,26344,Ipsos/Reuters,2016-09-23,2016-10-13,Likely Voters,644,Internet,Nonpartisan,NA,Trump,49
Louisiana,26344,Ipsos/Reuters,2016-09-23,2016-10-13,Likely Voters,644,Internet,Nonpartisan,NA,Clinton,36
Louisiana,26344,Ipsos/Reuters,2016-09-23,2016-10-13,Likely Voters,644,Internet,Nonpartisan,NA,Other,NA
Louisiana,26344,Ipsos/Reuters,2016-09-23,2016-10-13,Likely Voters,644,Internet,Nonpartisan,NA,Undecided,15
Louisiana,26344,Ipsos/Reuters,2016-09-23,2016-10-13,Likely Voters,644,Internet,Nonpartisan,NA,Johnson,NA
Louisiana,26344,Ipsos/Reuters,2016-09-23,2016-10-13,Likely Voters,644,Internet,Nonpartisan,NA,McMullin,NA
Louisiana,26111,Ipsos/Reuters,2016-09-16,2016-10-06,Likely Voters,631,Internet,Nonpartisan,NA,Trump,51
Louisiana,26111,Ipsos/Reuters,2016-09-16,2016-10-06,Likely Voters,631,Internet,Nonpartisan,NA,Clinton,36
Louisiana,26111,Ipsos/Reuters,2016-09-16,2016-10-06,Likely Voters,631,Internet,Nonpartisan,NA,Other,NA
Louisiana,26111,Ipsos/Reuters,2016-09-16,2016-10-06,Likely Voters,631,Internet,Nonpartisan,NA,Undecided,13
Louisiana,26111,Ipsos/Reuters,2016-09-16,2016-10-06,Likely Voters,631,Internet,Nonpartisan,NA,Johnson,NA
Louisiana,26111,Ipsos/Reuters,2016-09-16,2016-10-06,Likely Voters,631,Internet,Nonpartisan,NA,McMullin,NA
Louisiana,25682,JMC Analytics (R),2016-09-22,2016-09-24,Likely Voters,905,IVR/Live Phone,Pollster,Rep,Trump,45
Louisiana,25682,JMC Analytics (R),2016-09-22,2016-09-24,Likely Voters,905,IVR/Live Phone,Pollster,Rep,Clinton,35
Louisiana,25682,JMC Analytics (R),2016-09-22,2016-09-24,Likely Voters,905,IVR/Live Phone,Pollster,Rep,Other,8
Louisiana,25682,JMC Analytics (R),2016-09-22,2016-09-24,Likely Voters,905,IVR/Live Phone,Pollster,Rep,Undecided,13
Louisiana,25682,JMC Analytics (R),2016-09-22,2016-09-24,Likely Voters,905,IVR/Live Phone,Pollster,Rep,Johnson,NA
Louisiana,25682,JMC Analytics (R),2016-09-22,2016-09-24,Likely Voters,905,IVR/Live Phone,Pollster,Rep,McMullin,NA
Louisiana,25605,Southern Media/Opinion Research,2016-09-15,2016-09-17,Likely Voters,500,Live Phone,Nonpartisan,NA,Trump,49
Louisiana,25605,Southern Media/Opinion Research,2016-09-15,2016-09-17,Likely Voters,500,Live Phone,Nonpartisan,NA,Clinton,33
Louisiana,25605,Southern Media/Opinion Research,2016-09-15,2016-09-17,Likely Voters,500,Live Phone,Nonpartisan,NA,Other,8
Louisiana,25605,Southern Media/Opinion Research,2016-09-15,2016-09-17,Likely Voters,500,Live Phone,Nonpartisan,NA,Undecided,11
Louisiana,25605,Southern Media/Opinion Research,2016-09-15,2016-09-17,Likely Voters,500,Live Phone,Nonpartisan,NA,Johnson,NA
Louisiana,25605,Southern Media/Opinion Research,2016-09-15,2016-09-17,Likely Voters,500,Live Phone,Nonpartisan,NA,McMullin,NA
Louisiana,25551,Ipsos/Reuters,2016-08-26,2016-09-15,Likely Voters,511,Internet,Nonpartisan,NA,Trump,54
Louisiana,25551,Ipsos/Reuters,2016-08-26,2016-09-15,Likely Voters,511,Internet,Nonpartisan,NA,Clinton,34
Louisiana,25551,Ipsos/Reuters,2016-08-26,2016-09-15,Likely Voters,511,Internet,Nonpartisan,NA,Other,NA
Louisiana,25551,Ipsos/Reuters,2016-08-26,2016-09-15,Likely Voters,511,Internet,Nonpartisan,NA,Undecided,12
Louisiana,25551,Ipsos/Reuters,2016-08-26,2016-09-15,Likely Voters,511,Internet,Nonpartisan,NA,Johnson,NA
Louisiana,25551,Ipsos/Reuters,2016-08-26,2016-09-15,Likely Voters,511,Internet,Nonpartisan,NA,McMullin,NA
Louisiana,25438,Anzalone (D-Democrats For Education Reform),2016-08-29,2016-09-01,Likely Voters,605,Live Phone,Sponsor,Dem,Trump,46
Louisiana,25438,Anzalone (D-Democrats For Education Reform),2016-08-29,2016-09-01,Likely Voters,605,Live Phone,Sponsor,Dem,Clinton,40
Louisiana,25438,Anzalone (D-Democrats For Education Reform),2016-08-29,2016-09-01,Likely Voters,605,Live Phone,Sponsor,Dem,Other,8
Louisiana,25438,Anzalone (D-Democrats For Education Reform),2016-08-29,2016-09-01,Likely Voters,605,Live Phone,Sponsor,Dem,Undecided,6
Louisiana,25438,Anzalone (D-Democrats For Education Reform),2016-08-29,2016-09-01,Likely Voters,605,Live Phone,Sponsor,Dem,Johnson,NA
Louisiana,25438,Anzalone (D-Democrats For Education Reform),2016-08-29,2016-09-01,Likely Voters,605,Live Phone,Sponsor,Dem,McMullin,NA
Louisiana,25369,WashPost/SurveyMonkey,2016-08-09,2016-09-01,Registered Voters,871,Internet,Nonpartisan,NA,Trump,53
Louisiana,25369,WashPost/SurveyMonkey,2016-08-09,2016-09-01,Registered Voters,871,Internet,Nonpartisan,NA,Clinton,38
Louisiana,25369,WashPost/SurveyMonkey,2016-08-09,2016-09-01,Registered Voters,871,Internet,Nonpartisan,NA,Other,NA
Louisiana,25369,WashPost/SurveyMonkey,2016-08-09,2016-09-01,Registered Voters,871,Internet,Nonpartisan,NA,Undecided,8
Louisiana,25369,WashPost/SurveyMonkey,2016-08-09,2016-09-01,Registered Voters,871,Internet,Nonpartisan,NA,Johnson,NA
Louisiana,25369,WashPost/SurveyMonkey,2016-08-09,2016-09-01,Registered Voters,871,Internet,Nonpartisan,NA,McMullin,NA
Louisiana,24470,JMC Analytics (R),2016-05-05,2016-05-06,Likely Voters,624,Automated Phone,Pollster,Rep,Trump,52
Louisiana,24470,JMC Analytics (R),2016-05-05,2016-05-06,Likely Voters,624,Automated Phone,Pollster,Rep,Clinton,36
Louisiana,24470,JMC Analytics (R),2016-05-05,2016-05-06,Likely Voters,624,Automated Phone,Pollster,Rep,Other,4
Louisiana,24470,JMC Analytics (R),2016-05-05,2016-05-06,Likely Voters,624,Automated Phone,Pollster,Rep,Undecided,8
Louisiana,24470,JMC Analytics (R),2016-05-05,2016-05-06,Likely Voters,624,Automated Phone,Pollster,Rep,Johnson,NA
Louisiana,24470,JMC Analytics (R),2016-05-05,2016-05-06,Likely Voters,624,Automated Phone,Pollster,Rep,McMullin,NA
Louisiana,22846,Clarus/WWL-TV/The Advocate,2015-09-20,2015-09-23,Likely Voters,800,Live Phone,Nonpartisan,NA,Trump,47
Louisiana,22846,Clarus/WWL-TV/The Advocate,2015-09-20,2015-09-23,Likely Voters,800,Live Phone,Nonpartisan,NA,Clinton,39
Louisiana,22846,Clarus/WWL-TV/The Advocate,2015-09-20,2015-09-23,Likely Voters,800,Live Phone,Nonpartisan,NA,Other,NA
Louisiana,22846,Clarus/WWL-TV/The Advocate,2015-09-20,2015-09-23,Likely Voters,800,Live Phone,Nonpartisan,NA,Undecided,NA
Louisiana,22846,Clarus/WWL-TV/The Advocate,2015-09-20,2015-09-23,Likely Voters,800,Live Phone,Nonpartisan,NA,Johnson,NA
Louisiana,22846,Clarus/WWL-TV/The Advocate,2015-09-20,2015-09-23,Likely Voters,800,Live Phone,Nonpartisan,NA,McMullin,NA
South Dakota,26807,SurveyMonkey,2016-11-01,2016-11-07,Likely Voters,459,Internet,Nonpartisan,NA,Trump,53
South Dakota,26807,SurveyMonkey,2016-11-01,2016-11-07,Likely Voters,459,Internet,Nonpartisan,NA,Clinton,32
South Dakota,26807,SurveyMonkey,2016-11-01,2016-11-07,Likely Voters,459,Internet,Nonpartisan,NA,Other,NA
South Dakota,26807,SurveyMonkey,2016-11-01,2016-11-07,Likely Voters,459,Internet,Nonpartisan,NA,Undecided,4
South Dakota,26807,SurveyMonkey,2016-11-01,2016-11-07,Likely Voters,459,Internet,Nonpartisan,NA,Johnson,NA
South Dakota,26807,SurveyMonkey,2016-11-01,2016-11-07,Likely Voters,459,Internet,Nonpartisan,NA,McMullin,NA
South Dakota,26793,UPI/CVOTER,2016-10-30,2016-11-06,Likely Voters,312,Internet,Nonpartisan,NA,Trump,55
South Dakota,26793,UPI/CVOTER,2016-10-30,2016-11-06,Likely Voters,312,Internet,Nonpartisan,NA,Clinton,40
South Dakota,26793,UPI/CVOTER,2016-10-30,2016-11-06,Likely Voters,312,Internet,Nonpartisan,NA,Other,NA
South Dakota,26793,UPI/CVOTER,2016-10-30,2016-11-06,Likely Voters,312,Internet,Nonpartisan,NA,Undecided,NA
South Dakota,26793,UPI/CVOTER,2016-10-30,2016-11-06,Likely Voters,312,Internet,Nonpartisan,NA,Johnson,NA
South Dakota,26793,UPI/CVOTER,2016-10-30,2016-11-06,Likely Voters,312,Internet,Nonpartisan,NA,McMullin,NA
South Dakota,26596,SurveyMonkey,2016-10-25,2016-10-31,Likely Voters,298,Internet,Nonpartisan,NA,Trump,53
South Dakota,26596,SurveyMonkey,2016-10-25,2016-10-31,Likely Voters,298,Internet,Nonpartisan,NA,Clinton,27
South Dakota,26596,SurveyMonkey,2016-10-25,2016-10-31,Likely Voters,298,Internet,Nonpartisan,NA,Other,NA
South Dakota,26596,SurveyMonkey,2016-10-25,2016-10-31,Likely Voters,298,Internet,Nonpartisan,NA,Undecided,4
South Dakota,26596,SurveyMonkey,2016-10-25,2016-10-31,Likely Voters,298,Internet,Nonpartisan,NA,Johnson,NA
South Dakota,26596,SurveyMonkey,2016-10-25,2016-10-31,Likely Voters,298,Internet,Nonpartisan,NA,McMullin,NA
South Dakota,26592,UPI/CVOTER,2016-10-23,2016-10-29,Likely Voters,311,Internet,Nonpartisan,NA,Trump,56
South Dakota,26592,UPI/CVOTER,2016-10-23,2016-10-29,Likely Voters,311,Internet,Nonpartisan,NA,Clinton,40
South Dakota,26592,UPI/CVOTER,2016-10-23,2016-10-29,Likely Voters,311,Internet,Nonpartisan,NA,Other,NA
South Dakota,26592,UPI/CVOTER,2016-10-23,2016-10-29,Likely Voters,311,Internet,Nonpartisan,NA,Undecided,NA
South Dakota,26592,UPI/CVOTER,2016-10-23,2016-10-29,Likely Voters,311,Internet,Nonpartisan,NA,Johnson,NA
South Dakota,26592,UPI/CVOTER,2016-10-23,2016-10-29,Likely Voters,311,Internet,Nonpartisan,NA,McMullin,NA
South Dakota,26441,SurveyMonkey,2016-10-18,2016-10-24,Likely Voters,377,Internet,Nonpartisan,NA,Trump,52
South Dakota,26441,SurveyMonkey,2016-10-18,2016-10-24,Likely Voters,377,Internet,Nonpartisan,NA,Clinton,32
South Dakota,26441,SurveyMonkey,2016-10-18,2016-10-24,Likely Voters,377,Internet,Nonpartisan,NA,Other,NA
South Dakota,26441,SurveyMonkey,2016-10-18,2016-10-24,Likely Voters,377,Internet,Nonpartisan,NA,Undecided,5
South Dakota,26441,SurveyMonkey,2016-10-18,2016-10-24,Likely Voters,377,Internet,Nonpartisan,NA,Johnson,NA
South Dakota,26441,SurveyMonkey,2016-10-18,2016-10-24,Likely Voters,377,Internet,Nonpartisan,NA,McMullin,NA
South Dakota,26434,Mason-Dixon,2016-10-18,2016-10-20,Likely Voters,400,Live Phone,Nonpartisan,NA,Trump,44
South Dakota,26434,Mason-Dixon,2016-10-18,2016-10-20,Likely Voters,400,Live Phone,Nonpartisan,NA,Clinton,37
South Dakota,26434,Mason-Dixon,2016-10-18,2016-10-20,Likely Voters,400,Live Phone,Nonpartisan,NA,Other,NA
South Dakota,26434,Mason-Dixon,2016-10-18,2016-10-20,Likely Voters,400,Live Phone,Nonpartisan,NA,Undecided,12
South Dakota,26434,Mason-Dixon,2016-10-18,2016-10-20,Likely Voters,400,Live Phone,Nonpartisan,NA,Johnson,NA
South Dakota,26434,Mason-Dixon,2016-10-18,2016-10-20,Likely Voters,400,Live Phone,Nonpartisan,NA,McMullin,NA
South Dakota,25390,WashPost/SurveyMonkey,2016-08-09,2016-09-01,Registered Voters,809,Internet,Nonpartisan,NA,Trump,51
South Dakota,25390,WashPost/SurveyMonkey,2016-08-09,2016-09-01,Registered Voters,809,Internet,Nonpartisan,NA,Clinton,37
South Dakota,25390,WashPost/SurveyMonkey,2016-08-09,2016-09-01,Registered Voters,809,Internet,Nonpartisan,NA,Other,NA
South Dakota,25390,WashPost/SurveyMonkey,2016-08-09,2016-09-01,Registered Voters,809,Internet,Nonpartisan,NA,Undecided,11
South Dakota,25390,WashPost/SurveyMonkey,2016-08-09,2016-09-01,Registered Voters,809,Internet,Nonpartisan,NA,Johnson,NA
South Dakota,25390,WashPost/SurveyMonkey,2016-08-09,2016-09-01,Registered Voters,809,Internet,Nonpartisan,NA,McMullin,NA
Rhode Island,26807,SurveyMonkey,2016-11-01,2016-11-07,Likely Voters,415,Internet,Nonpartisan,NA,Trump,36
Rhode Island,26807,SurveyMonkey,2016-11-01,2016-11-07,Likely Voters,415,Internet,Nonpartisan,NA,Clinton,48
Rhode Island,26807,SurveyMonkey,2016-11-01,2016-11-07,Likely Voters,415,Internet,Nonpartisan,NA,Other,NA
Rhode Island,26807,SurveyMonkey,2016-11-01,2016-11-07,Likely Voters,415,Internet,Nonpartisan,NA,Undecided,3
Rhode Island,26807,SurveyMonkey,2016-11-01,2016-11-07,Likely Voters,415,Internet,Nonpartisan,NA,Johnson,NA
Rhode Island,26807,SurveyMonkey,2016-11-01,2016-11-07,Likely Voters,415,Internet,Nonpartisan,NA,McMullin,NA
Rhode Island,26793,UPI/CVOTER,2016-10-30,2016-11-06,Likely Voters,310,Internet,Nonpartisan,NA,Trump,37
Rhode Island,26793,UPI/CVOTER,2016-10-30,2016-11-06,Likely Voters,310,Internet,Nonpartisan,NA,Clinton,59
Rhode Island,26793,UPI/CVOTER,2016-10-30,2016-11-06,Likely Voters,310,Internet,Nonpartisan,NA,Other,NA
Rhode Island,26793,UPI/CVOTER,2016-10-30,2016-11-06,Likely Voters,310,Internet,Nonpartisan,NA,Undecided,NA
Rhode Island,26793,UPI/CVOTER,2016-10-30,2016-11-06,Likely Voters,310,Internet,Nonpartisan,NA,Johnson,NA
Rhode Island,26793,UPI/CVOTER,2016-10-30,2016-11-06,Likely Voters,310,Internet,Nonpartisan,NA,McMullin,NA
Rhode Island,26596,SurveyMonkey,2016-10-25,2016-10-31,Likely Voters,419,Internet,Nonpartisan,NA,Trump,36
Rhode Island,26596,SurveyMonkey,2016-10-25,2016-10-31,Likely Voters,419,Internet,Nonpartisan,NA,Clinton,49
Rhode Island,26596,SurveyMonkey,2016-10-25,2016-10-31,Likely Voters,419,Internet,Nonpartisan,NA,Other,NA
Rhode Island,26596,SurveyMonkey,2016-10-25,2016-10-31,Likely Voters,419,Internet,Nonpartisan,NA,Undecided,1
Rhode Island,26596,SurveyMonkey,2016-10-25,2016-10-31,Likely Voters,419,Internet,Nonpartisan,NA,Johnson,NA
Rhode Island,26596,SurveyMonkey,2016-10-25,2016-10-31,Likely Voters,419,Internet,Nonpartisan,NA,McMullin,NA
Rhode Island,26592,UPI/CVOTER,2016-10-23,2016-10-29,Likely Voters,308,Internet,Nonpartisan,NA,Trump,40
Rhode Island,26592,UPI/CVOTER,2016-10-23,2016-10-29,Likely Voters,308,Internet,Nonpartisan,NA,Clinton,57
Rhode Island,26592,UPI/CVOTER,2016-10-23,2016-10-29,Likely Voters,308,Internet,Nonpartisan,NA,Other,NA
Rhode Island,26592,UPI/CVOTER,2016-10-23,2016-10-29,Likely Voters,308,Internet,Nonpartisan,NA,Undecided,NA
Rhode Island,26592,UPI/CVOTER,2016-10-23,2016-10-29,Likely Voters,308,Internet,Nonpartisan,NA,Johnson,NA
Rhode Island,26592,UPI/CVOTER,2016-10-23,2016-10-29,Likely Voters,308,Internet,Nonpartisan,NA,McMullin,NA
Rhode Island,26441,SurveyMonkey,2016-10-18,2016-10-24,Likely Voters,488,Internet,Nonpartisan,NA,Trump,37
Rhode Island,26441,SurveyMonkey,2016-10-18,2016-10-24,Likely Voters,488,Internet,Nonpartisan,NA,Clinton,49
Rhode Island,26441,SurveyMonkey,2016-10-18,2016-10-24,Likely Voters,488,Internet,Nonpartisan,NA,Other,NA
Rhode Island,26441,SurveyMonkey,2016-10-18,2016-10-24,Likely Voters,488,Internet,Nonpartisan,NA,Undecided,3
Rhode Island,26441,SurveyMonkey,2016-10-18,2016-10-24,Likely Voters,488,Internet,Nonpartisan,NA,Johnson,NA
Rhode Island,26441,SurveyMonkey,2016-10-18,2016-10-24,Likely Voters,488,Internet,Nonpartisan,NA,McMullin,NA
Rhode Island,25388,WashPost/SurveyMonkey,2016-08-09,2016-09-01,Registered Voters,625,Internet,Nonpartisan,NA,Trump,40
Rhode Island,25388,WashPost/SurveyMonkey,2016-08-09,2016-09-01,Registered Voters,625,Internet,Nonpartisan,NA,Clinton,50
Rhode Island,25388,WashPost/SurveyMonkey,2016-08-09,2016-09-01,Registered Voters,625,Internet,Nonpartisan,NA,Other,NA
Rhode Island,25388,WashPost/SurveyMonkey,2016-08-09,2016-09-01,Registered Voters,625,Internet,Nonpartisan,NA,Undecided,11
Rhode Island,25388,WashPost/SurveyMonkey,2016-08-09,2016-09-01,Registered Voters,625,Internet,Nonpartisan,NA,Johnson,NA
Rhode Island,25388,WashPost/SurveyMonkey,2016-08-09,2016-09-01,Registered Voters,625,Internet,Nonpartisan,NA,McMullin,NA
Kentucky,26807,SurveyMonkey,2016-11-01,2016-11-07,Likely Voters,1315,Internet,Nonpartisan,NA,Trump,54
Kentucky,26807,SurveyMonkey,2016-11-01,2016-11-07,Likely Voters,1315,Internet,Nonpartisan,NA,Clinton,35
Kentucky,26807,SurveyMonkey,2016-11-01,2016-11-07,Likely Voters,1315,Internet,Nonpartisan,NA,Other,NA
Kentucky,26807,SurveyMonkey,2016-11-01,2016-11-07,Likely Voters,1315,Internet,Nonpartisan,NA,Undecided,2
Kentucky,26807,SurveyMonkey,2016-11-01,2016-11-07,Likely Voters,1315,Internet,Nonpartisan,NA,Johnson,NA
Kentucky,26807,SurveyMonkey,2016-11-01,2016-11-07,Likely Voters,1315,Internet,Nonpartisan,NA,McMullin,NA
Kentucky,26793,UPI/CVOTER,2016-10-30,2016-11-06,Likely Voters,328,Internet,Nonpartisan,NA,Trump,60
Kentucky,26793,UPI/CVOTER,2016-10-30,2016-11-06,Likely Voters,328,Internet,Nonpartisan,NA,Clinton,36
Kentucky,26793,UPI/CVOTER,2016-10-30,2016-11-06,Likely Voters,328,Internet,Nonpartisan,NA,Other,NA
Kentucky,26793,UPI/CVOTER,2016-10-30,2016-11-06,Likely Voters,328,Internet,Nonpartisan,NA,Undecided,NA
Kentucky,26793,UPI/CVOTER,2016-10-30,2016-11-06,Likely Voters,328,Internet,Nonpartisan,NA,Johnson,NA
Kentucky,26793,UPI/CVOTER,2016-10-30,2016-11-06,Likely Voters,328,Internet,Nonpartisan,NA,McMullin,NA
Kentucky,26806,Ipsos/Reuters,2016-10-17,2016-11-06,Likely Voters,651,Internet,Nonpartisan,NA,Trump,58
Kentucky,26806,Ipsos/Reuters,2016-10-17,2016-11-06,Likely Voters,651,Internet,Nonpartisan,NA,Clinton,38
Kentucky,26806,Ipsos/Reuters,2016-10-17,2016-11-06,Likely Voters,651,Internet,Nonpartisan,NA,Other,NA
Kentucky,26806,Ipsos/Reuters,2016-10-17,2016-11-06,Likely Voters,651,Internet,Nonpartisan,NA,Undecided,4
Kentucky,26806,Ipsos/Reuters,2016-10-17,2016-11-06,Likely Voters,651,Internet,Nonpartisan,NA,Johnson,NA
Kentucky,26806,Ipsos/Reuters,2016-10-17,2016-11-06,Likely Voters,651,Internet,Nonpartisan,NA,McMullin,NA
Kentucky,26596,SurveyMonkey,2016-10-25,2016-10-31,Likely Voters,424,Internet,Nonpartisan,NA,Trump,58
Kentucky,26596,SurveyMonkey,2016-10-25,2016-10-31,Likely Voters,424,Internet,Nonpartisan,NA,Clinton,31
Kentucky,26596,SurveyMonkey,2016-10-25,2016-10-31,Likely Voters,424,Internet,Nonpartisan,NA,Other,NA
Kentucky,26596,SurveyMonkey,2016-10-25,2016-10-31,Likely Voters,424,Internet,Nonpartisan,NA,Undecided,1
Kentucky,26596,SurveyMonkey,2016-10-25,2016-10-31,Likely Voters,424,Internet,Nonpartisan,NA,Johnson,NA
Kentucky,26596,SurveyMonkey,2016-10-25,2016-10-31,Likely Voters,424,Internet,Nonpartisan,NA,McMullin,NA
Kentucky,26592,UPI/CVOTER,2016-10-23,2016-10-29,Likely Voters,324,Internet,Nonpartisan,NA,Trump,59
Kentucky,26592,UPI/CVOTER,2016-10-23,2016-10-29,Likely Voters,324,Internet,Nonpartisan,NA,Clinton,37
Kentucky,26592,UPI/CVOTER,2016-10-23,2016-10-29,Likely Voters,324,Internet,Nonpartisan,NA,Other,NA
Kentucky,26592,UPI/CVOTER,2016-10-23,2016-10-29,Likely Voters,324,Internet,Nonpartisan,NA,Undecided,NA
Kentucky,26592,UPI/CVOTER,2016-10-23,2016-10-29,Likely Voters,324,Internet,Nonpartisan,NA,Johnson,NA
Kentucky,26592,UPI/CVOTER,2016-10-23,2016-10-29,Likely Voters,324,Internet,Nonpartisan,NA,McMullin,NA
Kentucky,26594,Cygnal (RunSwitch PR),2016-10-26,2016-10-28,Likely Voters,811,Live Phone,Sponsor,Rep,Trump,56
Kentucky,26594,Cygnal (RunSwitch PR),2016-10-26,2016-10-28,Likely Voters,811,Live Phone,Sponsor,Rep,Clinton,32
Kentucky,26594,Cygnal (RunSwitch PR),2016-10-26,2016-10-28,Likely Voters,811,Live Phone,Sponsor,Rep,Other,NA
Kentucky,26594,Cygnal (RunSwitch PR),2016-10-26,2016-10-28,Likely Voters,811,Live Phone,Sponsor,Rep,Undecided,5
Kentucky,26594,Cygnal (RunSwitch PR),2016-10-26,2016-10-28,Likely Voters,811,Live Phone,Sponsor,Rep,Johnson,NA
Kentucky,26594,Cygnal (RunSwitch PR),2016-10-26,2016-10-28,Likely Voters,811,Live Phone,Sponsor,Rep,McMullin,NA
Kentucky,26441,SurveyMonkey,2016-10-18,2016-10-24,Likely Voters,366,Internet,Nonpartisan,NA,Trump,60
Kentucky,26441,SurveyMonkey,2016-10-18,2016-10-24,Likely Voters,366,Internet,Nonpartisan,NA,Clinton,29
Kentucky,26441,SurveyMonkey,2016-10-18,2016-10-24,Likely Voters,366,Internet,Nonpartisan,NA,Other,NA
Kentucky,26441,SurveyMonkey,2016-10-18,2016-10-24,Likely Voters,366,Internet,Nonpartisan,NA,Undecided,1
Kentucky,26441,SurveyMonkey,2016-10-18,2016-10-24,Likely Voters,366,Internet,Nonpartisan,NA,Johnson,NA
Kentucky,26441,SurveyMonkey,2016-10-18,2016-10-24,Likely Voters,366,Internet,Nonpartisan,NA,McMullin,NA
Kentucky,26344,Ipsos/Reuters,2016-09-23,2016-10-13,Likely Voters,576,Internet,Nonpartisan,NA,Trump,53
Kentucky,26344,Ipsos/Reuters,2016-09-23,2016-10-13,Likely Voters,576,Internet,Nonpartisan,NA,Clinton,39
Kentucky,26344,Ipsos/Reuters,2016-09-23,2016-10-13,Likely Voters,576,Internet,Nonpartisan,NA,Other,NA
Kentucky,26344,Ipsos/Reuters,2016-09-23,2016-10-13,Likely Voters,576,Internet,Nonpartisan,NA,Undecided,8
Kentucky,26344,Ipsos/Reuters,2016-09-23,2016-10-13,Likely Voters,576,Internet,Nonpartisan,NA,Johnson,NA
Kentucky,26344,Ipsos/Reuters,2016-09-23,2016-10-13,Likely Voters,576,Internet,Nonpartisan,NA,McMullin,NA
Kentucky,26110,Ipsos/Reuters,2016-09-16,2016-10-06,Likely Voters,627,Internet,Nonpartisan,NA,Trump,57
Kentucky,26110,Ipsos/Reuters,2016-09-16,2016-10-06,Likely Voters,627,Internet,Nonpartisan,NA,Clinton,37
Kentucky,26110,Ipsos/Reuters,2016-09-16,2016-10-06,Likely Voters,627,Internet,Nonpartisan,NA,Other,NA
Kentucky,26110,Ipsos/Reuters,2016-09-16,2016-10-06,Likely Voters,627,Internet,Nonpartisan,NA,Undecided,6
Kentucky,26110,Ipsos/Reuters,2016-09-16,2016-10-06,Likely Voters,627,Internet,Nonpartisan,NA,Johnson,NA
Kentucky,26110,Ipsos/Reuters,2016-09-16,2016-10-06,Likely Voters,627,Internet,Nonpartisan,NA,McMullin,NA
Kentucky,25550,Ipsos/Reuters,2016-08-26,2016-09-15,Likely Voters,716,Internet,Nonpartisan,NA,Trump,54
Kentucky,25550,Ipsos/Reuters,2016-08-26,2016-09-15,Likely Voters,716,Internet,Nonpartisan,NA,Clinton,35
Kentucky,25550,Ipsos/Reuters,2016-08-26,2016-09-15,Likely Voters,716,Internet,Nonpartisan,NA,Other,NA
Kentucky,25550,Ipsos/Reuters,2016-08-26,2016-09-15,Likely Voters,716,Internet,Nonpartisan,NA,Undecided,11
Kentucky,25550,Ipsos/Reuters,2016-08-26,2016-09-15,Likely Voters,716,Internet,Nonpartisan,NA,Johnson,NA
Kentucky,25550,Ipsos/Reuters,2016-08-26,2016-09-15,Likely Voters,716,Internet,Nonpartisan,NA,McMullin,NA
Kentucky,25368,WashPost/SurveyMonkey,2016-08-09,2016-09-01,Registered Voters,732,Internet,Nonpartisan,NA,Trump,57
Kentucky,25368,WashPost/SurveyMonkey,2016-08-09,2016-09-01,Registered Voters,732,Internet,Nonpartisan,NA,Clinton,34
Kentucky,25368,WashPost/SurveyMonkey,2016-08-09,2016-09-01,Registered Voters,732,Internet,Nonpartisan,NA,Other,NA
Kentucky,25368,WashPost/SurveyMonkey,2016-08-09,2016-09-01,Registered Voters,732,Internet,Nonpartisan,NA,Undecided,9
Kentucky,25368,WashPost/SurveyMonkey,2016-08-09,2016-09-01,Registered Voters,732,Internet,Nonpartisan,NA,Johnson,NA
Kentucky,25368,WashPost/SurveyMonkey,2016-08-09,2016-09-01,Registered Voters,732,Internet,Nonpartisan,NA,McMullin,NA
Kentucky,22299,PPP (D),2015-06-18,2015-06-21,Likely Voters,1108,IVR/Online,Pollster,Dem,Trump,42
Kentucky,22299,PPP (D),2015-06-18,2015-06-21,Likely Voters,1108,IVR/Online,Pollster,Dem,Clinton,45
Kentucky,22299,PPP (D),2015-06-18,2015-06-21,Likely Voters,1108,IVR/Online,Pollster,Dem,Other,NA
Kentucky,22299,PPP (D),2015-06-18,2015-06-21,Likely Voters,1108,IVR/Online,Pollster,Dem,Undecided,13
Kentucky,22299,PPP (D),2015-06-18,2015-06-21,Likely Voters,1108,IVR/Online,Pollster,Dem,Johnson,NA
Kentucky,22299,PPP (D),2015-06-18,2015-06-21,Likely Voters,1108,IVR/Online,Pollster,Dem,McMullin,NA
Oregon,26807,SurveyMonkey,2016-11-01,2016-11-07,Likely Voters,1595,Internet,Nonpartisan,NA,Trump,35
Oregon,26807,SurveyMonkey,2016-11-01,2016-11-07,Likely Voters,1595,Internet,Nonpartisan,NA,Clinton,50
Oregon,26807,SurveyMonkey,2016-11-01,2016-11-07,Likely Voters,1595,Internet,Nonpartisan,NA,Other,5
Oregon,26807,SurveyMonkey,2016-11-01,2016-11-07,Likely Voters,1595,Internet,Nonpartisan,NA,Undecided,2
Oregon,26807,SurveyMonkey,2016-11-01,2016-11-07,Likely Voters,1595,Internet,Nonpartisan,NA,Johnson,7
Oregon,26807,SurveyMonkey,2016-11-01,2016-11-07,Likely Voters,1595,Internet,Nonpartisan,NA,McMullin,NA
Oregon,26793,UPI/CVOTER,2016-10-30,2016-11-06,Likely Voters,319,Internet,Nonpartisan,NA,Trump,43
Oregon,26793,UPI/CVOTER,2016-10-30,2016-11-06,Likely Voters,319,Internet,Nonpartisan,NA,Clinton,51
Oregon,26793,UPI/CVOTER,2016-10-30,2016-11-06,Likely Voters,319,Internet,Nonpartisan,NA,Other,6
Oregon,26793,UPI/CVOTER,2016-10-30,2016-11-06,Likely Voters,319,Internet,Nonpartisan,NA,Undecided,NA
Oregon,26793,UPI/CVOTER,2016-10-30,2016-11-06,Likely Voters,319,Internet,Nonpartisan,NA,Johnson,NA
Oregon,26793,UPI/CVOTER,2016-10-30,2016-11-06,Likely Voters,319,Internet,Nonpartisan,NA,McMullin,NA
Oregon,26806,Ipsos/Reuters,2016-10-17,2016-11-06,Likely Voters,636,Internet,Nonpartisan,NA,Trump,37
Oregon,26806,Ipsos/Reuters,2016-10-17,2016-11-06,Likely Voters,636,Internet,Nonpartisan,NA,Clinton,47
Oregon,26806,Ipsos/Reuters,2016-10-17,2016-11-06,Likely Voters,636,Internet,Nonpartisan,NA,Other,NA
Oregon,26806,Ipsos/Reuters,2016-10-17,2016-11-06,Likely Voters,636,Internet,Nonpartisan,NA,Undecided,16
Oregon,26806,Ipsos/Reuters,2016-10-17,2016-11-06,Likely Voters,636,Internet,Nonpartisan,NA,Johnson,NA
Oregon,26806,Ipsos/Reuters,2016-10-17,2016-11-06,Likely Voters,636,Internet,Nonpartisan,NA,McMullin,NA
Oregon,26596,SurveyMonkey,2016-10-25,2016-10-31,Likely Voters,743,Internet,Nonpartisan,NA,Trump,36
Oregon,26596,SurveyMonkey,2016-10-25,2016-10-31,Likely Voters,743,Internet,Nonpartisan,NA,Clinton,51
Oregon,26596,SurveyMonkey,2016-10-25,2016-10-31,Likely Voters,743,Internet,Nonpartisan,NA,Other,4
Oregon,26596,SurveyMonkey,2016-10-25,2016-10-31,Likely Voters,743,Internet,Nonpartisan,NA,Undecided,2
Oregon,26596,SurveyMonkey,2016-10-25,2016-10-31,Likely Voters,743,Internet,Nonpartisan,NA,Johnson,7
Oregon,26596,SurveyMonkey,2016-10-25,2016-10-31,Likely Voters,743,Internet,Nonpartisan,NA,McMullin,NA
Oregon,26634,DHM Research/Fox 12,2016-10-25,2016-10-29,Likely Voters,504,Live Phone,Nonpartisan,NA,Trump,34
Oregon,26634,DHM Research/Fox 12,2016-10-25,2016-10-29,Likely Voters,504,Live Phone,Nonpartisan,NA,Clinton,41
Oregon,26634,DHM Research/Fox 12,2016-10-25,2016-10-29,Likely Voters,504,Live Phone,Nonpartisan,NA,Other,10
Oregon,26634,DHM Research/Fox 12,2016-10-25,2016-10-29,Likely Voters,504,Live Phone,Nonpartisan,NA,Undecided,11
Oregon,26634,DHM Research/Fox 12,2016-10-25,2016-10-29,Likely Voters,504,Live Phone,Nonpartisan,NA,Johnson,4
Oregon,26634,DHM Research/Fox 12,2016-10-25,2016-10-29,Likely Voters,504,Live Phone,Nonpartisan,NA,McMullin,NA
Oregon,26592,UPI/CVOTER,2016-10-23,2016-10-29,Likely Voters,313,Internet,Nonpartisan,NA,Trump,43
Oregon,26592,UPI/CVOTER,2016-10-23,2016-10-29,Likely Voters,313,Internet,Nonpartisan,NA,Clinton,50
Oregon,26592,UPI/CVOTER,2016-10-23,2016-10-29,Likely Voters,313,Internet,Nonpartisan,NA,Other,6
Oregon,26592,UPI/CVOTER,2016-10-23,2016-10-29,Likely Voters,313,Internet,Nonpartisan,NA,Undecided,NA
Oregon,26592,UPI/CVOTER,2016-10-23,2016-10-29,Likely Voters,313,Internet,Nonpartisan,NA,Johnson,NA
Oregon,26592,UPI/CVOTER,2016-10-23,2016-10-29,Likely Voters,313,Internet,Nonpartisan,NA,McMullin,NA
Oregon,26441,SurveyMonkey,2016-10-18,2016-10-24,Likely Voters,576,Internet,Nonpartisan,NA,Trump,32
Oregon,26441,SurveyMonkey,2016-10-18,2016-10-24,Likely Voters,576,Internet,Nonpartisan,NA,Clinton,51
Oregon,26441,SurveyMonkey,2016-10-18,2016-10-24,Likely Voters,576,Internet,Nonpartisan,NA,Other,5
Oregon,26441,SurveyMonkey,2016-10-18,2016-10-24,Likely Voters,576,Internet,Nonpartisan,NA,Undecided,3
Oregon,26441,SurveyMonkey,2016-10-18,2016-10-24,Likely Voters,576,Internet,Nonpartisan,NA,Johnson,9
Oregon,26441,SurveyMonkey,2016-10-18,2016-10-24,Likely Voters,576,Internet,Nonpartisan,NA,McMullin,NA
Oregon,26273,Riley Research/KGW/The Oregonian,2016-10-04,2016-10-14,Likely Voters,608,Live Phone,Nonpartisan,NA,Trump,36
Oregon,26273,Riley Research/KGW/The Oregonian,2016-10-04,2016-10-14,Likely Voters,608,Live Phone,Nonpartisan,NA,Clinton,46
Oregon,26273,Riley Research/KGW/The Oregonian,2016-10-04,2016-10-14,Likely Voters,608,Live Phone,Nonpartisan,NA,Other,9
Oregon,26273,Riley Research/KGW/The Oregonian,2016-10-04,2016-10-14,Likely Voters,608,Live Phone,Nonpartisan,NA,Undecided,4
Oregon,26273,Riley Research/KGW/The Oregonian,2016-10-04,2016-10-14,Likely Voters,608,Live Phone,Nonpartisan,NA,Johnson,5
Oregon,26273,Riley Research/KGW/The Oregonian,2016-10-04,2016-10-14,Likely Voters,608,Live Phone,Nonpartisan,NA,McMullin,NA
Oregon,26258,DHM Research/Oregon Public Broadcasting,2016-10-06,2016-10-13,Likely Voters,600,Live Phone,Nonpartisan,NA,Trump,36
Oregon,26258,DHM Research/Oregon Public Broadcasting,2016-10-06,2016-10-13,Likely Voters,600,Live Phone,Nonpartisan,NA,Clinton,43
Oregon,26258,DHM Research/Oregon Public Broadcasting,2016-10-06,2016-10-13,Likely Voters,600,Live Phone,Nonpartisan,NA,Other,8
Oregon,26258,DHM Research/Oregon Public Broadcasting,2016-10-06,2016-10-13,Likely Voters,600,Live Phone,Nonpartisan,NA,Undecided,7
Oregon,26258,DHM Research/Oregon Public Broadcasting,2016-10-06,2016-10-13,Likely Voters,600,Live Phone,Nonpartisan,NA,Johnson,7
Oregon,26258,DHM Research/Oregon Public Broadcasting,2016-10-06,2016-10-13,Likely Voters,600,Live Phone,Nonpartisan,NA,McMullin,NA
Oregon,26344,Ipsos/Reuters,2016-09-23,2016-10-13,Likely Voters,616,Internet,Nonpartisan,NA,Trump,37
Oregon,26344,Ipsos/Reuters,2016-09-23,2016-10-13,Likely Voters,616,Internet,Nonpartisan,NA,Clinton,47
Oregon,26344,Ipsos/Reuters,2016-09-23,2016-10-13,Likely Voters,616,Internet,Nonpartisan,NA,Other,NA
Oregon,26344,Ipsos/Reuters,2016-09-23,2016-10-13,Likely Voters,616,Internet,Nonpartisan,NA,Undecided,16
Oregon,26344,Ipsos/Reuters,2016-09-23,2016-10-13,Likely Voters,616,Internet,Nonpartisan,NA,Johnson,NA
Oregon,26344,Ipsos/Reuters,2016-09-23,2016-10-13,Likely Voters,616,Internet,Nonpartisan,NA,McMullin,NA
Oregon,26170,SurveyUSA/KATU-TV,2016-10-10,2016-10-12,Likely Voters,654,IVR/Online,Nonpartisan,NA,Trump,38
Oregon,26170,SurveyUSA/KATU-TV,2016-10-10,2016-10-12,Likely Voters,654,IVR/Online,Nonpartisan,NA,Clinton,48
Oregon,26170,SurveyUSA/KATU-TV,2016-10-10,2016-10-12,Likely Voters,654,IVR/Online,Nonpartisan,NA,Other,4
Oregon,26170,SurveyUSA/KATU-TV,2016-10-10,2016-10-12,Likely Voters,654,IVR/Online,Nonpartisan,NA,Undecided,5
Oregon,26170,SurveyUSA/KATU-TV,2016-10-10,2016-10-12,Likely Voters,654,IVR/Online,Nonpartisan,NA,Johnson,6
Oregon,26170,SurveyUSA/KATU-TV,2016-10-10,2016-10-12,Likely Voters,654,IVR/Online,Nonpartisan,NA,McMullin,NA
Oregon,26128,Ipsos/Reuters,2016-09-16,2016-10-06,Likely Voters,626,Internet,Nonpartisan,NA,Trump,36
Oregon,26128,Ipsos/Reuters,2016-09-16,2016-10-06,Likely Voters,626,Internet,Nonpartisan,NA,Clinton,51
Oregon,26128,Ipsos/Reuters,2016-09-16,2016-10-06,Likely Voters,626,Internet,Nonpartisan,NA,Other,NA
Oregon,26128,Ipsos/Reuters,2016-09-16,2016-10-06,Likely Voters,626,Internet,Nonpartisan,NA,Undecided,13
Oregon,26128,Ipsos/Reuters,2016-09-16,2016-10-06,Likely Voters,626,Internet,Nonpartisan,NA,Johnson,NA
Oregon,26128,Ipsos/Reuters,2016-09-16,2016-10-06,Likely Voters,626,Internet,Nonpartisan,NA,McMullin,NA
Oregon,26009,Gravis Marketing/Breitbart,2016-10-04,2016-10-04,Registered Voters,1248,IVR/Online,Nonpartisan,NA,Trump,39
Oregon,26009,Gravis Marketing/Breitbart,2016-10-04,2016-10-04,Registered Voters,1248,IVR/Online,Nonpartisan,NA,Clinton,47
Oregon,26009,Gravis Marketing/Breitbart,2016-10-04,2016-10-04,Registered Voters,1248,IVR/Online,Nonpartisan,NA,Other,2
Oregon,26009,Gravis Marketing/Breitbart,2016-10-04,2016-10-04,Registered Voters,1248,IVR/Online,Nonpartisan,NA,Undecided,8
Oregon,26009,Gravis Marketing/Breitbart,2016-10-04,2016-10-04,Registered Voters,1248,IVR/Online,Nonpartisan,NA,Johnson,4
Oregon,26009,Gravis Marketing/Breitbart,2016-10-04,2016-10-04,Registered Voters,1248,IVR/Online,Nonpartisan,NA,McMullin,NA
Oregon,25954,Hoffman Research (R),2016-09-29,2016-10-01,Likely Voters,605,Live Phone,Pollster,Rep,Trump,33
Oregon,25954,Hoffman Research (R),2016-09-29,2016-10-01,Likely Voters,605,Live Phone,Pollster,Rep,Clinton,45
Oregon,25954,Hoffman Research (R),2016-09-29,2016-10-01,Likely Voters,605,Live Phone,Pollster,Rep,Other,3
Oregon,25954,Hoffman Research (R),2016-09-29,2016-10-01,Likely Voters,605,Live Phone,Pollster,Rep,Undecided,11
Oregon,25954,Hoffman Research (R),2016-09-29,2016-10-01,Likely Voters,605,Live Phone,Pollster,Rep,Johnson,8
Oregon,25954,Hoffman Research (R),2016-09-29,2016-10-01,Likely Voters,605,Live Phone,Pollster,Rep,McMullin,NA
Oregon,25567,Ipsos/Reuters,2016-08-26,2016-09-15,Likely Voters,687,Internet,Nonpartisan,NA,Trump,41
Oregon,25567,Ipsos/Reuters,2016-08-26,2016-09-15,Likely Voters,687,Internet,Nonpartisan,NA,Clinton,44
Oregon,25567,Ipsos/Reuters,2016-08-26,2016-09-15,Likely Voters,687,Internet,Nonpartisan,NA,Other,NA
Oregon,25567,Ipsos/Reuters,2016-08-26,2016-09-15,Likely Voters,687,Internet,Nonpartisan,NA,Undecided,15
Oregon,25567,Ipsos/Reuters,2016-08-26,2016-09-15,Likely Voters,687,Internet,Nonpartisan,NA,Johnson,NA
Oregon,25567,Ipsos/Reuters,2016-08-26,2016-09-15,Likely Voters,687,Internet,Nonpartisan,NA,McMullin,NA
Oregon,25469,ICITIZEN,2016-09-02,2016-09-07,Registered Voters,610,Internet,Nonpartisan,NA,Trump,28
Oregon,25469,ICITIZEN,2016-09-02,2016-09-07,Registered Voters,610,Internet,Nonpartisan,NA,Clinton,43
Oregon,25469,ICITIZEN,2016-09-02,2016-09-07,Registered Voters,610,Internet,Nonpartisan,NA,Other,10
Oregon,25469,ICITIZEN,2016-09-02,2016-09-07,Registered Voters,610,Internet,Nonpartisan,NA,Undecided,8
Oregon,25469,ICITIZEN,2016-09-02,2016-09-07,Registered Voters,610,Internet,Nonpartisan,NA,Johnson,11
Oregon,25469,ICITIZEN,2016-09-02,2016-09-07,Registered Voters,610,Internet,Nonpartisan,NA,McMullin,NA
Oregon,25426,DHM,2016-09-01,2016-09-06,Registered Voters,517,Live Phone,Nonpartisan,NA,Trump,25
Oregon,25426,DHM,2016-09-01,2016-09-06,Registered Voters,517,Live Phone,Nonpartisan,NA,Clinton,38
Oregon,25426,DHM,2016-09-01,2016-09-06,Registered Voters,517,Live Phone,Nonpartisan,NA,Other,11
Oregon,25426,DHM,2016-09-01,2016-09-06,Registered Voters,517,Live Phone,Nonpartisan,NA,Undecided,17
Oregon,25426,DHM,2016-09-01,2016-09-06,Registered Voters,517,Live Phone,Nonpartisan,NA,Johnson,10
Oregon,25426,DHM,2016-09-01,2016-09-06,Registered Voters,517,Live Phone,Nonpartisan,NA,McMullin,NA
Oregon,25386,WashPost/SurveyMonkey,2016-08-09,2016-09-01,Registered Voters,877,Internet,Nonpartisan,NA,Trump,36
Oregon,25386,WashPost/SurveyMonkey,2016-08-09,2016-09-01,Registered Voters,877,Internet,Nonpartisan,NA,Clinton,55
Oregon,25386,WashPost/SurveyMonkey,2016-08-09,2016-09-01,Registered Voters,877,Internet,Nonpartisan,NA,Other,NA
Oregon,25386,WashPost/SurveyMonkey,2016-08-09,2016-09-01,Registered Voters,877,Internet,Nonpartisan,NA,Undecided,9
Oregon,25386,WashPost/SurveyMonkey,2016-08-09,2016-09-01,Registered Voters,877,Internet,Nonpartisan,NA,Johnson,NA
Oregon,25386,WashPost/SurveyMonkey,2016-08-09,2016-09-01,Registered Voters,877,Internet,Nonpartisan,NA,McMullin,NA
Oregon,24981,Clout Research (R),2016-07-09,2016-07-13,Likely Voters,701,Live Phone,Pollster,Rep,Trump,40
Oregon,24981,Clout Research (R),2016-07-09,2016-07-13,Likely Voters,701,Live Phone,Pollster,Rep,Clinton,43
Oregon,24981,Clout Research (R),2016-07-09,2016-07-13,Likely Voters,701,Live Phone,Pollster,Rep,Other,3
Oregon,24981,Clout Research (R),2016-07-09,2016-07-13,Likely Voters,701,Live Phone,Pollster,Rep,Undecided,8
Oregon,24981,Clout Research (R),2016-07-09,2016-07-13,Likely Voters,701,Live Phone,Pollster,Rep,Johnson,6
Oregon,24981,Clout Research (R),2016-07-09,2016-07-13,Likely Voters,701,Live Phone,Pollster,Rep,McMullin,NA
Oregon,24858,ICITIZEN,2016-06-23,2016-06-27,Registered Voters,555,Internet,Nonpartisan,NA,Trump,32
Oregon,24858,ICITIZEN,2016-06-23,2016-06-27,Registered Voters,555,Internet,Nonpartisan,NA,Clinton,46
Oregon,24858,ICITIZEN,2016-06-23,2016-06-27,Registered Voters,555,Internet,Nonpartisan,NA,Other,NA
Oregon,24858,ICITIZEN,2016-06-23,2016-06-27,Registered Voters,555,Internet,Nonpartisan,NA,Undecided,22
Oregon,24858,ICITIZEN,2016-06-23,2016-06-27,Registered Voters,555,Internet,Nonpartisan,NA,Johnson,NA
Oregon,24858,ICITIZEN,2016-06-23,2016-06-27,Registered Voters,555,Internet,Nonpartisan,NA,McMullin,NA
Oregon,24571,Clout Research (R),2016-05-10,2016-05-13,Likely Voters,657,Live Phone,Pollster,Rep,Trump,44
Oregon,24571,Clout Research (R),2016-05-10,2016-05-13,Likely Voters,657,Live Phone,Pollster,Rep,Clinton,42
Oregon,24571,Clout Research (R),2016-05-10,2016-05-13,Likely Voters,657,Live Phone,Pollster,Rep,Other,NA
Oregon,24571,Clout Research (R),2016-05-10,2016-05-13,Likely Voters,657,Live Phone,Pollster,Rep,Undecided,13
Oregon,24571,Clout Research (R),2016-05-10,2016-05-13,Likely Voters,657,Live Phone,Pollster,Rep,Johnson,NA
Oregon,24571,Clout Research (R),2016-05-10,2016-05-13,Likely Voters,657,Live Phone,Pollster,Rep,McMullin,NA
Oregon,24481,DHM Research/Oregon Public Broadcasting/Fox 12,2016-05-06,2016-05-09,Likely Voters,901,Live Phone,Nonpartisan,NA,Trump,32
Oregon,24481,DHM Research/Oregon Public Broadcasting/Fox 12,2016-05-06,2016-05-09,Likely Voters,901,Live Phone,Nonpartisan,NA,Clinton,43
Oregon,24481,DHM Research/Oregon Public Broadcasting/Fox 12,2016-05-06,2016-05-09,Likely Voters,901,Live Phone,Nonpartisan,NA,Other,11
Oregon,24481,DHM Research/Oregon Public Broadcasting/Fox 12,2016-05-06,2016-05-09,Likely Voters,901,Live Phone,Nonpartisan,NA,Undecided,15
Oregon,24481,DHM Research/Oregon Public Broadcasting/Fox 12,2016-05-06,2016-05-09,Likely Voters,901,Live Phone,Nonpartisan,NA,Johnson,NA
Oregon,24481,DHM Research/Oregon Public Broadcasting/Fox 12,2016-05-06,2016-05-09,Likely Voters,901,Live Phone,Nonpartisan,NA,McMullin,NA
Oklahoma,26807,SurveyMonkey,2016-11-01,2016-11-07,Likely Voters,1271,Internet,Nonpartisan,NA,Trump,57
Oklahoma,26807,SurveyMonkey,2016-11-01,2016-11-07,Likely Voters,1271,Internet,Nonpartisan,NA,Clinton,32
Oklahoma,26807,SurveyMonkey,2016-11-01,2016-11-07,Likely Voters,1271,Internet,Nonpartisan,NA,Other,10
Oklahoma,26807,SurveyMonkey,2016-11-01,2016-11-07,Likely Voters,1271,Internet,Nonpartisan,NA,Undecided,2
Oklahoma,26807,SurveyMonkey,2016-11-01,2016-11-07,Likely Voters,1271,Internet,Nonpartisan,NA,Johnson,NA
Oklahoma,26807,SurveyMonkey,2016-11-01,2016-11-07,Likely Voters,1271,Internet,Nonpartisan,NA,McMullin,NA
Oklahoma,26793,UPI/CVOTER,2016-10-30,2016-11-06,Likely Voters,323,Internet,Nonpartisan,NA,Trump,63
Oklahoma,26793,UPI/CVOTER,2016-10-30,2016-11-06,Likely Voters,323,Internet,Nonpartisan,NA,Clinton,34
Oklahoma,26793,UPI/CVOTER,2016-10-30,2016-11-06,Likely Voters,323,Internet,Nonpartisan,NA,Other,4
Oklahoma,26793,UPI/CVOTER,2016-10-30,2016-11-06,Likely Voters,323,Internet,Nonpartisan,NA,Undecided,NA
Oklahoma,26793,UPI/CVOTER,2016-10-30,2016-11-06,Likely Voters,323,Internet,Nonpartisan,NA,Johnson,NA
Oklahoma,26793,UPI/CVOTER,2016-10-30,2016-11-06,Likely Voters,323,Internet,Nonpartisan,NA,McMullin,NA
Oklahoma,26806,Ipsos/Reuters,2016-10-17,2016-11-06,Likely Voters,664,Internet,Nonpartisan,NA,Trump,61
Oklahoma,26806,Ipsos/Reuters,2016-10-17,2016-11-06,Likely Voters,664,Internet,Nonpartisan,NA,Clinton,30
Oklahoma,26806,Ipsos/Reuters,2016-10-17,2016-11-06,Likely Voters,664,Internet,Nonpartisan,NA,Other,NA
Oklahoma,26806,Ipsos/Reuters,2016-10-17,2016-11-06,Likely Voters,664,Internet,Nonpartisan,NA,Undecided,9
Oklahoma,26806,Ipsos/Reuters,2016-10-17,2016-11-06,Likely Voters,664,Internet,Nonpartisan,NA,Johnson,NA
Oklahoma,26806,Ipsos/Reuters,2016-10-17,2016-11-06,Likely Voters,664,Internet,Nonpartisan,NA,McMullin,NA
Oklahoma,26596,SurveyMonkey,2016-10-25,2016-10-31,Likely Voters,472,Internet,Nonpartisan,NA,Trump,54
Oklahoma,26596,SurveyMonkey,2016-10-25,2016-10-31,Likely Voters,472,Internet,Nonpartisan,NA,Clinton,31
Oklahoma,26596,SurveyMonkey,2016-10-25,2016-10-31,Likely Voters,472,Internet,Nonpartisan,NA,Other,12
Oklahoma,26596,SurveyMonkey,2016-10-25,2016-10-31,Likely Voters,472,Internet,Nonpartisan,NA,Undecided,2
Oklahoma,26596,SurveyMonkey,2016-10-25,2016-10-31,Likely Voters,472,Internet,Nonpartisan,NA,Johnson,NA
Oklahoma,26596,SurveyMonkey,2016-10-25,2016-10-31,Likely Voters,472,Internet,Nonpartisan,NA,McMullin,NA
Oklahoma,26592,UPI/CVOTER,2016-10-23,2016-10-29,Likely Voters,321,Internet,Nonpartisan,NA,Trump,63
Oklahoma,26592,UPI/CVOTER,2016-10-23,2016-10-29,Likely Voters,321,Internet,Nonpartisan,NA,Clinton,33
Oklahoma,26592,UPI/CVOTER,2016-10-23,2016-10-29,Likely Voters,321,Internet,Nonpartisan,NA,Other,4
Oklahoma,26592,UPI/CVOTER,2016-10-23,2016-10-29,Likely Voters,321,Internet,Nonpartisan,NA,Undecided,NA
Oklahoma,26592,UPI/CVOTER,2016-10-23,2016-10-29,Likely Voters,321,Internet,Nonpartisan,NA,Johnson,NA
Oklahoma,26592,UPI/CVOTER,2016-10-23,2016-10-29,Likely Voters,321,Internet,Nonpartisan,NA,McMullin,NA
Oklahoma,26441,SurveyMonkey,2016-10-18,2016-10-24,Likely Voters,493,Internet,Nonpartisan,NA,Trump,56
Oklahoma,26441,SurveyMonkey,2016-10-18,2016-10-24,Likely Voters,493,Internet,Nonpartisan,NA,Clinton,32
Oklahoma,26441,SurveyMonkey,2016-10-18,2016-10-24,Likely Voters,493,Internet,Nonpartisan,NA,Other,10
Oklahoma,26441,SurveyMonkey,2016-10-18,2016-10-24,Likely Voters,493,Internet,Nonpartisan,NA,Undecided,2
Oklahoma,26441,SurveyMonkey,2016-10-18,2016-10-24,Likely Voters,493,Internet,Nonpartisan,NA,Johnson,NA
Oklahoma,26441,SurveyMonkey,2016-10-18,2016-10-24,Likely Voters,493,Internet,Nonpartisan,NA,McMullin,NA
Oklahoma,26382,SoonerPoll.com,2016-10-18,2016-10-20,Likely Voters,530,Live Phone/Online,Nonpartisan,NA,Trump,60
Oklahoma,26382,SoonerPoll.com,2016-10-18,2016-10-20,Likely Voters,530,Live Phone/Online,Nonpartisan,NA,Clinton,30
Oklahoma,26382,SoonerPoll.com,2016-10-18,2016-10-20,Likely Voters,530,Live Phone/Online,Nonpartisan,NA,Other,5
Oklahoma,26382,SoonerPoll.com,2016-10-18,2016-10-20,Likely Voters,530,Live Phone/Online,Nonpartisan,NA,Undecided,6
Oklahoma,26382,SoonerPoll.com,2016-10-18,2016-10-20,Likely Voters,530,Live Phone/Online,Nonpartisan,NA,Johnson,NA
Oklahoma,26382,SoonerPoll.com,2016-10-18,2016-10-20,Likely Voters,530,Live Phone/Online,Nonpartisan,NA,McMullin,NA
Oklahoma,26344,Ipsos/Reuters,2016-09-23,2016-10-13,Likely Voters,647,Internet,Nonpartisan,NA,Trump,51
Oklahoma,26344,Ipsos/Reuters,2016-09-23,2016-10-13,Likely Voters,647,Internet,Nonpartisan,NA,Clinton,36
Oklahoma,26344,Ipsos/Reuters,2016-09-23,2016-10-13,Likely Voters,647,Internet,Nonpartisan,NA,Other,NA
Oklahoma,26344,Ipsos/Reuters,2016-09-23,2016-10-13,Likely Voters,647,Internet,Nonpartisan,NA,Undecided,13
Oklahoma,26344,Ipsos/Reuters,2016-09-23,2016-10-13,Likely Voters,647,Internet,Nonpartisan,NA,Johnson,NA
Oklahoma,26344,Ipsos/Reuters,2016-09-23,2016-10-13,Likely Voters,647,Internet,Nonpartisan,NA,McMullin,NA
Oklahoma,26127,Ipsos/Reuters,2016-09-16,2016-10-06,Likely Voters,638,Internet,Nonpartisan,NA,Trump,53
Oklahoma,26127,Ipsos/Reuters,2016-09-16,2016-10-06,Likely Voters,638,Internet,Nonpartisan,NA,Clinton,33
Oklahoma,26127,Ipsos/Reuters,2016-09-16,2016-10-06,Likely Voters,638,Internet,Nonpartisan,NA,Other,NA
Oklahoma,26127,Ipsos/Reuters,2016-09-16,2016-10-06,Likely Voters,638,Internet,Nonpartisan,NA,Undecided,14
Oklahoma,26127,Ipsos/Reuters,2016-09-16,2016-10-06,Likely Voters,638,Internet,Nonpartisan,NA,Johnson,NA
Oklahoma,26127,Ipsos/Reuters,2016-09-16,2016-10-06,Likely Voters,638,Internet,Nonpartisan,NA,McMullin,NA
Oklahoma,25520,SoonerPoll.com,2016-09-13,2016-09-15,Likely Voters,515,Live Phone/Online,Nonpartisan,NA,Trump,51
Oklahoma,25520,SoonerPoll.com,2016-09-13,2016-09-15,Likely Voters,515,Live Phone/Online,Nonpartisan,NA,Clinton,36
Oklahoma,25520,SoonerPoll.com,2016-09-13,2016-09-15,Likely Voters,515,Live Phone/Online,Nonpartisan,NA,Other,6
Oklahoma,25520,SoonerPoll.com,2016-09-13,2016-09-15,Likely Voters,515,Live Phone/Online,Nonpartisan,NA,Undecided,8
Oklahoma,25520,SoonerPoll.com,2016-09-13,2016-09-15,Likely Voters,515,Live Phone/Online,Nonpartisan,NA,Johnson,NA
Oklahoma,25520,SoonerPoll.com,2016-09-13,2016-09-15,Likely Voters,515,Live Phone/Online,Nonpartisan,NA,McMullin,NA
Oklahoma,25566,Ipsos/Reuters,2016-08-26,2016-09-15,Likely Voters,498,Internet,Nonpartisan,NA,Trump,53
Oklahoma,25566,Ipsos/Reuters,2016-08-26,2016-09-15,Likely Voters,498,Internet,Nonpartisan,NA,Clinton,32
Oklahoma,25566,Ipsos/Reuters,2016-08-26,2016-09-15,Likely Voters,498,Internet,Nonpartisan,NA,Other,NA
Oklahoma,25566,Ipsos/Reuters,2016-08-26,2016-09-15,Likely Voters,498,Internet,Nonpartisan,NA,Undecided,15
Oklahoma,25566,Ipsos/Reuters,2016-08-26,2016-09-15,Likely Voters,498,Internet,Nonpartisan,NA,Johnson,NA
Oklahoma,25566,Ipsos/Reuters,2016-08-26,2016-09-15,Likely Voters,498,Internet,Nonpartisan,NA,McMullin,NA
Oklahoma,25385,WashPost/SurveyMonkey,2016-08-09,2016-09-01,Registered Voters,1041,Internet,Nonpartisan,NA,Trump,57
Oklahoma,25385,WashPost/SurveyMonkey,2016-08-09,2016-09-01,Registered Voters,1041,Internet,Nonpartisan,NA,Clinton,33
Oklahoma,25385,WashPost/SurveyMonkey,2016-08-09,2016-09-01,Registered Voters,1041,Internet,Nonpartisan,NA,Other,NA
Oklahoma,25385,WashPost/SurveyMonkey,2016-08-09,2016-09-01,Registered Voters,1041,Internet,Nonpartisan,NA,Undecided,10
Oklahoma,25385,WashPost/SurveyMonkey,2016-08-09,2016-09-01,Registered Voters,1041,Internet,Nonpartisan,NA,Johnson,NA
Oklahoma,25385,WashPost/SurveyMonkey,2016-08-09,2016-09-01,Registered Voters,1041,Internet,Nonpartisan,NA,McMullin,NA
Oklahoma,25038,SoonerPoll.com,2016-07-20,2016-07-25,Likely Voters,398,Live Phone,Nonpartisan,NA,Trump,53
Oklahoma,25038,SoonerPoll.com,2016-07-20,2016-07-25,Likely Voters,398,Live Phone,Nonpartisan,NA,Clinton,29
Oklahoma,25038,SoonerPoll.com,2016-07-20,2016-07-25,Likely Voters,398,Live Phone,Nonpartisan,NA,Other,7
Oklahoma,25038,SoonerPoll.com,2016-07-20,2016-07-25,Likely Voters,398,Live Phone,Nonpartisan,NA,Undecided,11
Oklahoma,25038,SoonerPoll.com,2016-07-20,2016-07-25,Likely Voters,398,Live Phone,Nonpartisan,NA,Johnson,NA
Oklahoma,25038,SoonerPoll.com,2016-07-20,2016-07-25,Likely Voters,398,Live Phone,Nonpartisan,NA,McMullin,NA
North Dakota,26807,SurveyMonkey,2016-11-01,2016-11-07,Likely Voters,313,Internet,Nonpartisan,NA,Trump,57
North Dakota,26807,SurveyMonkey,2016-11-01,2016-11-07,Likely Voters,313,Internet,Nonpartisan,NA,Clinton,29
North Dakota,26807,SurveyMonkey,2016-11-01,2016-11-07,Likely Voters,313,Internet,Nonpartisan,NA,Other,NA
North Dakota,26807,SurveyMonkey,2016-11-01,2016-11-07,Likely Voters,313,Internet,Nonpartisan,NA,Undecided,2
North Dakota,26807,SurveyMonkey,2016-11-01,2016-11-07,Likely Voters,313,Internet,Nonpartisan,NA,Johnson,NA
North Dakota,26807,SurveyMonkey,2016-11-01,2016-11-07,Likely Voters,313,Internet,Nonpartisan,NA,McMullin,NA
North Dakota,26793,UPI/CVOTER,2016-10-30,2016-11-06,Likely Voters,307,Internet,Nonpartisan,NA,Trump,55
North Dakota,26793,UPI/CVOTER,2016-10-30,2016-11-06,Likely Voters,307,Internet,Nonpartisan,NA,Clinton,39
North Dakota,26793,UPI/CVOTER,2016-10-30,2016-11-06,Likely Voters,307,Internet,Nonpartisan,NA,Other,NA
North Dakota,26793,UPI/CVOTER,2016-10-30,2016-11-06,Likely Voters,307,Internet,Nonpartisan,NA,Undecided,NA
North Dakota,26793,UPI/CVOTER,2016-10-30,2016-11-06,Likely Voters,307,Internet,Nonpartisan,NA,Johnson,NA
North Dakota,26793,UPI/CVOTER,2016-10-30,2016-11-06,Likely Voters,307,Internet,Nonpartisan,NA,McMullin,NA
North Dakota,26596,SurveyMonkey,2016-10-25,2016-10-31,Likely Voters,279,Internet,Nonpartisan,NA,Trump,53
North Dakota,26596,SurveyMonkey,2016-10-25,2016-10-31,Likely Voters,279,Internet,Nonpartisan,NA,Clinton,31
North Dakota,26596,SurveyMonkey,2016-10-25,2016-10-31,Likely Voters,279,Internet,Nonpartisan,NA,Other,NA
North Dakota,26596,SurveyMonkey,2016-10-25,2016-10-31,Likely Voters,279,Internet,Nonpartisan,NA,Undecided,2
North Dakota,26596,SurveyMonkey,2016-10-25,2016-10-31,Likely Voters,279,Internet,Nonpartisan,NA,Johnson,NA
North Dakota,26596,SurveyMonkey,2016-10-25,2016-10-31,Likely Voters,279,Internet,Nonpartisan,NA,McMullin,NA
North Dakota,26592,UPI/CVOTER,2016-10-23,2016-10-29,Likely Voters,306,Internet,Nonpartisan,NA,Trump,57
North Dakota,26592,UPI/CVOTER,2016-10-23,2016-10-29,Likely Voters,306,Internet,Nonpartisan,NA,Clinton,37
North Dakota,26592,UPI/CVOTER,2016-10-23,2016-10-29,Likely Voters,306,Internet,Nonpartisan,NA,Other,NA
North Dakota,26592,UPI/CVOTER,2016-10-23,2016-10-29,Likely Voters,306,Internet,Nonpartisan,NA,Undecided,NA
North Dakota,26592,UPI/CVOTER,2016-10-23,2016-10-29,Likely Voters,306,Internet,Nonpartisan,NA,Johnson,NA
North Dakota,26592,UPI/CVOTER,2016-10-23,2016-10-29,Likely Voters,306,Internet,Nonpartisan,NA,McMullin,NA
North Dakota,26441,SurveyMonkey,2016-10-18,2016-10-24,Likely Voters,339,Internet,Nonpartisan,NA,Trump,49
North Dakota,26441,SurveyMonkey,2016-10-18,2016-10-24,Likely Voters,339,Internet,Nonpartisan,NA,Clinton,31
North Dakota,26441,SurveyMonkey,2016-10-18,2016-10-24,Likely Voters,339,Internet,Nonpartisan,NA,Other,NA
North Dakota,26441,SurveyMonkey,2016-10-18,2016-10-24,Likely Voters,339,Internet,Nonpartisan,NA,Undecided,5
North Dakota,26441,SurveyMonkey,2016-10-18,2016-10-24,Likely Voters,339,Internet,Nonpartisan,NA,Johnson,NA
North Dakota,26441,SurveyMonkey,2016-10-18,2016-10-24,Likely Voters,339,Internet,Nonpartisan,NA,McMullin,NA
North Dakota,25590,DFM Research (D),2016-09-12,2016-09-17,Likely Voters,400,Live Phone,Pollster,Dem,Trump,43
North Dakota,25590,DFM Research (D),2016-09-12,2016-09-17,Likely Voters,400,Live Phone,Pollster,Dem,Clinton,32
North Dakota,25590,DFM Research (D),2016-09-12,2016-09-17,Likely Voters,400,Live Phone,Pollster,Dem,Other,NA
North Dakota,25590,DFM Research (D),2016-09-12,2016-09-17,Likely Voters,400,Live Phone,Pollster,Dem,Undecided,16
North Dakota,25590,DFM Research (D),2016-09-12,2016-09-17,Likely Voters,400,Live Phone,Pollster,Dem,Johnson,NA
North Dakota,25590,DFM Research (D),2016-09-12,2016-09-17,Likely Voters,400,Live Phone,Pollster,Dem,McMullin,NA
North Dakota,25384,WashPost/SurveyMonkey,2016-08-09,2016-09-01,Registered Voters,549,Internet,Nonpartisan,NA,Trump,60
North Dakota,25384,WashPost/SurveyMonkey,2016-08-09,2016-09-01,Registered Voters,549,Internet,Nonpartisan,NA,Clinton,32
North Dakota,25384,WashPost/SurveyMonkey,2016-08-09,2016-09-01,Registered Voters,549,Internet,Nonpartisan,NA,Other,NA
North Dakota,25384,WashPost/SurveyMonkey,2016-08-09,2016-09-01,Registered Voters,549,Internet,Nonpartisan,NA,Undecided,8
North Dakota,25384,WashPost/SurveyMonkey,2016-08-09,2016-09-01,Registered Voters,549,Internet,Nonpartisan,NA,Johnson,NA
North Dakota,25384,WashPost/SurveyMonkey,2016-08-09,2016-09-01,Registered Voters,549,Internet,Nonpartisan,NA,McMullin,NA
New Mexico,26807,SurveyMonkey,2016-11-01,2016-11-07,Likely Voters,749,Internet,Nonpartisan,NA,Trump,38
New Mexico,26807,SurveyMonkey,2016-11-01,2016-11-07,Likely Voters,749,Internet,Nonpartisan,NA,Clinton,40
New Mexico,26807,SurveyMonkey,2016-11-01,2016-11-07,Likely Voters,749,Internet,Nonpartisan,NA,Other,4
New Mexico,26807,SurveyMonkey,2016-11-01,2016-11-07,Likely Voters,749,Internet,Nonpartisan,NA,Undecided,2
New Mexico,26807,SurveyMonkey,2016-11-01,2016-11-07,Likely Voters,749,Internet,Nonpartisan,NA,Johnson,16
New Mexico,26807,SurveyMonkey,2016-11-01,2016-11-07,Likely Voters,749,Internet,Nonpartisan,NA,McMullin,NA
New Mexico,26793,UPI/CVOTER,2016-10-30,2016-11-06,Likely Voters,330,Internet,Nonpartisan,NA,Trump,38
New Mexico,26793,UPI/CVOTER,2016-10-30,2016-11-06,Likely Voters,330,Internet,Nonpartisan,NA,Clinton,47
New Mexico,26793,UPI/CVOTER,2016-10-30,2016-11-06,Likely Voters,330,Internet,Nonpartisan,NA,Other,15
New Mexico,26793,UPI/CVOTER,2016-10-30,2016-11-06,Likely Voters,330,Internet,Nonpartisan,NA,Undecided,NA
New Mexico,26793,UPI/CVOTER,2016-10-30,2016-11-06,Likely Voters,330,Internet,Nonpartisan,NA,Johnson,NA
New Mexico,26793,UPI/CVOTER,2016-10-30,2016-11-06,Likely Voters,330,Internet,Nonpartisan,NA,McMullin,NA
New Mexico,26806,Ipsos/Reuters,2016-10-17,2016-11-06,Likely Voters,275,Internet,Nonpartisan,NA,Trump,38
New Mexico,26806,Ipsos/Reuters,2016-10-17,2016-11-06,Likely Voters,275,Internet,Nonpartisan,NA,Clinton,41
New Mexico,26806,Ipsos/Reuters,2016-10-17,2016-11-06,Likely Voters,275,Internet,Nonpartisan,NA,Other,NA
New Mexico,26806,Ipsos/Reuters,2016-10-17,2016-11-06,Likely Voters,275,Internet,Nonpartisan,NA,Undecided,21
New Mexico,26806,Ipsos/Reuters,2016-10-17,2016-11-06,Likely Voters,275,Internet,Nonpartisan,NA,Johnson,NA
New Mexico,26806,Ipsos/Reuters,2016-10-17,2016-11-06,Likely Voters,275,Internet,Nonpartisan,NA,McMullin,NA
New Mexico,26798,Albuquerque Journal/Research & Polling,2016-11-01,2016-11-03,Likely Voters,504,Live Phone,Nonpartisan,NA,Trump,40
New Mexico,26798,Albuquerque Journal/Research & Polling,2016-11-01,2016-11-03,Likely Voters,504,Live Phone,Nonpartisan,NA,Clinton,45
New Mexico,26798,Albuquerque Journal/Research & Polling,2016-11-01,2016-11-03,Likely Voters,504,Live Phone,Nonpartisan,NA,Other,3
New Mexico,26798,Albuquerque Journal/Research & Polling,2016-11-01,2016-11-03,Likely Voters,504,Live Phone,Nonpartisan,NA,Undecided,2
New Mexico,26798,Albuquerque Journal/Research & Polling,2016-11-01,2016-11-03,Likely Voters,504,Live Phone,Nonpartisan,NA,Johnson,11
New Mexico,26798,Albuquerque Journal/Research & Polling,2016-11-01,2016-11-03,Likely Voters,504,Live Phone,Nonpartisan,NA,McMullin,NA
New Mexico,26714,ZiaPoll,2016-11-01,2016-11-02,Likely Voters,1102,Mixed,Nonpartisan,NA,Trump,43
New Mexico,26714,ZiaPoll,2016-11-01,2016-11-02,Likely Voters,1102,Mixed,Nonpartisan,NA,Clinton,46
New Mexico,26714,ZiaPoll,2016-11-01,2016-11-02,Likely Voters,1102,Mixed,Nonpartisan,NA,Other,3
New Mexico,26714,ZiaPoll,2016-11-01,2016-11-02,Likely Voters,1102,Mixed,Nonpartisan,NA,Undecided,1
New Mexico,26714,ZiaPoll,2016-11-01,2016-11-02,Likely Voters,1102,Mixed,Nonpartisan,NA,Johnson,7
New Mexico,26714,ZiaPoll,2016-11-01,2016-11-02,Likely Voters,1102,Mixed,Nonpartisan,NA,McMullin,NA
New Mexico,26642,Lucid/The Times-Picayune,2016-10-28,2016-11-01,Likely Voters,567,Internet,Nonpartisan,NA,Trump,31
New Mexico,26642,Lucid/The Times-Picayune,2016-10-28,2016-11-01,Likely Voters,567,Internet,Nonpartisan,NA,Clinton,39
New Mexico,26642,Lucid/The Times-Picayune,2016-10-28,2016-11-01,Likely Voters,567,Internet,Nonpartisan,NA,Other,2
New Mexico,26642,Lucid/The Times-Picayune,2016-10-28,2016-11-01,Likely Voters,567,Internet,Nonpartisan,NA,Undecided,7
New Mexico,26642,Lucid/The Times-Picayune,2016-10-28,2016-11-01,Likely Voters,567,Internet,Nonpartisan,NA,Johnson,22
New Mexico,26642,Lucid/The Times-Picayune,2016-10-28,2016-11-01,Likely Voters,567,Internet,Nonpartisan,NA,McMullin,NA
New Mexico,26596,SurveyMonkey,2016-10-25,2016-10-31,Likely Voters,987,Internet,Nonpartisan,NA,Trump,34
New Mexico,26596,SurveyMonkey,2016-10-25,2016-10-31,Likely Voters,987,Internet,Nonpartisan,NA,Clinton,44
New Mexico,26596,SurveyMonkey,2016-10-25,2016-10-31,Likely Voters,987,Internet,Nonpartisan,NA,Other,3
New Mexico,26596,SurveyMonkey,2016-10-25,2016-10-31,Likely Voters,987,Internet,Nonpartisan,NA,Undecided,2
New Mexico,26596,SurveyMonkey,2016-10-25,2016-10-31,Likely Voters,987,Internet,Nonpartisan,NA,Johnson,17
New Mexico,26596,SurveyMonkey,2016-10-25,2016-10-31,Likely Voters,987,Internet,Nonpartisan,NA,McMullin,NA
New Mexico,26592,UPI/CVOTER,2016-10-23,2016-10-29,Likely Voters,322,Internet,Nonpartisan,NA,Trump,44
New Mexico,26592,UPI/CVOTER,2016-10-23,2016-10-29,Likely Voters,322,Internet,Nonpartisan,NA,Clinton,50
New Mexico,26592,UPI/CVOTER,2016-10-23,2016-10-29,Likely Voters,322,Internet,Nonpartisan,NA,Other,5
New Mexico,26592,UPI/CVOTER,2016-10-23,2016-10-29,Likely Voters,322,Internet,Nonpartisan,NA,Undecided,NA
New Mexico,26592,UPI/CVOTER,2016-10-23,2016-10-29,Likely Voters,322,Internet,Nonpartisan,NA,Johnson,NA
New Mexico,26592,UPI/CVOTER,2016-10-23,2016-10-29,Likely Voters,322,Internet,Nonpartisan,NA,McMullin,NA
New Mexico,26441,SurveyMonkey,2016-10-18,2016-10-24,Likely Voters,1095,Internet,Nonpartisan,NA,Trump,34
New Mexico,26441,SurveyMonkey,2016-10-18,2016-10-24,Likely Voters,1095,Internet,Nonpartisan,NA,Clinton,41
New Mexico,26441,SurveyMonkey,2016-10-18,2016-10-24,Likely Voters,1095,Internet,Nonpartisan,NA,Other,2
New Mexico,26441,SurveyMonkey,2016-10-18,2016-10-24,Likely Voters,1095,Internet,Nonpartisan,NA,Undecided,2
New Mexico,26441,SurveyMonkey,2016-10-18,2016-10-24,Likely Voters,1095,Internet,Nonpartisan,NA,Johnson,21
New Mexico,26441,SurveyMonkey,2016-10-18,2016-10-24,Likely Voters,1095,Internet,Nonpartisan,NA,McMullin,NA
New Mexico,26241,WashPost/SurveyMonkey,2016-10-08,2016-10-16,Likely Voters,889,Internet,Nonpartisan,NA,Trump,39
New Mexico,26241,WashPost/SurveyMonkey,2016-10-08,2016-10-16,Likely Voters,889,Internet,Nonpartisan,NA,Clinton,50
New Mexico,26241,WashPost/SurveyMonkey,2016-10-08,2016-10-16,Likely Voters,889,Internet,Nonpartisan,NA,Other,NA
New Mexico,26241,WashPost/SurveyMonkey,2016-10-08,2016-10-16,Likely Voters,889,Internet,Nonpartisan,NA,Undecided,10
New Mexico,26241,WashPost/SurveyMonkey,2016-10-08,2016-10-16,Likely Voters,889,Internet,Nonpartisan,NA,Johnson,NA
New Mexico,26241,WashPost/SurveyMonkey,2016-10-08,2016-10-16,Likely Voters,889,Internet,Nonpartisan,NA,McMullin,NA
New Mexico,26344,Ipsos/Reuters,2016-09-23,2016-10-13,Likely Voters,263,Internet,Nonpartisan,NA,Trump,36
New Mexico,26344,Ipsos/Reuters,2016-09-23,2016-10-13,Likely Voters,263,Internet,Nonpartisan,NA,Clinton,44
New Mexico,26344,Ipsos/Reuters,2016-09-23,2016-10-13,Likely Voters,263,Internet,Nonpartisan,NA,Other,NA
New Mexico,26344,Ipsos/Reuters,2016-09-23,2016-10-13,Likely Voters,263,Internet,Nonpartisan,NA,Undecided,20
New Mexico,26344,Ipsos/Reuters,2016-09-23,2016-10-13,Likely Voters,263,Internet,Nonpartisan,NA,Johnson,NA
New Mexico,26344,Ipsos/Reuters,2016-09-23,2016-10-13,Likely Voters,263,Internet,Nonpartisan,NA,McMullin,NA
New Mexico,26123,Ipsos/Reuters,2016-09-16,2016-10-06,Likely Voters,263,Internet,Nonpartisan,NA,Trump,36
New Mexico,26123,Ipsos/Reuters,2016-09-16,2016-10-06,Likely Voters,263,Internet,Nonpartisan,NA,Clinton,49
New Mexico,26123,Ipsos/Reuters,2016-09-16,2016-10-06,Likely Voters,263,Internet,Nonpartisan,NA,Other,NA
New Mexico,26123,Ipsos/Reuters,2016-09-16,2016-10-06,Likely Voters,263,Internet,Nonpartisan,NA,Undecided,15
New Mexico,26123,Ipsos/Reuters,2016-09-16,2016-10-06,Likely Voters,263,Internet,Nonpartisan,NA,Johnson,NA
New Mexico,26123,Ipsos/Reuters,2016-09-16,2016-10-06,Likely Voters,263,Internet,Nonpartisan,NA,McMullin,NA
New Mexico,25972,SurveyUSA/KOB-TV,2016-09-28,2016-10-02,Likely Voters,594,IVR/Online,Nonpartisan,NA,Trump,33
New Mexico,25972,SurveyUSA/KOB-TV,2016-09-28,2016-10-02,Likely Voters,594,IVR/Online,Nonpartisan,NA,Clinton,46
New Mexico,25972,SurveyUSA/KOB-TV,2016-09-28,2016-10-02,Likely Voters,594,IVR/Online,Nonpartisan,NA,Other,4
New Mexico,25972,SurveyUSA/KOB-TV,2016-09-28,2016-10-02,Likely Voters,594,IVR/Online,Nonpartisan,NA,Undecided,3
New Mexico,25972,SurveyUSA/KOB-TV,2016-09-28,2016-10-02,Likely Voters,594,IVR/Online,Nonpartisan,NA,Johnson,14
New Mexico,25972,SurveyUSA/KOB-TV,2016-09-28,2016-10-02,Likely Voters,594,IVR/Online,Nonpartisan,NA,McMullin,NA
New Mexico,25959,Albuquerque Journal/Research & Polling,2016-09-27,2016-09-29,Likely Voters,501,Live Phone,Nonpartisan,NA,Trump,34
New Mexico,25959,Albuquerque Journal/Research & Polling,2016-09-27,2016-09-29,Likely Voters,501,Live Phone,Nonpartisan,NA,Clinton,44
New Mexico,25959,Albuquerque Journal/Research & Polling,2016-09-27,2016-09-29,Likely Voters,501,Live Phone,Nonpartisan,NA,Other,14
New Mexico,25959,Albuquerque Journal/Research & Polling,2016-09-27,2016-09-29,Likely Voters,501,Live Phone,Nonpartisan,NA,Undecided,8
New Mexico,25959,Albuquerque Journal/Research & Polling,2016-09-27,2016-09-29,Likely Voters,501,Live Phone,Nonpartisan,NA,Johnson,NA
New Mexico,25959,Albuquerque Journal/Research & Polling,2016-09-27,2016-09-29,Likely Voters,501,Live Phone,Nonpartisan,NA,McMullin,NA
New Mexico,25381,WashPost/SurveyMonkey,2016-08-09,2016-09-01,Registered Voters,1788,Internet,Nonpartisan,NA,Trump,37
New Mexico,25381,WashPost/SurveyMonkey,2016-08-09,2016-09-01,Registered Voters,1788,Internet,Nonpartisan,NA,Clinton,51
New Mexico,25381,WashPost/SurveyMonkey,2016-08-09,2016-09-01,Registered Voters,1788,Internet,Nonpartisan,NA,Other,NA
New Mexico,25381,WashPost/SurveyMonkey,2016-08-09,2016-09-01,Registered Voters,1788,Internet,Nonpartisan,NA,Undecided,13
New Mexico,25381,WashPost/SurveyMonkey,2016-08-09,2016-09-01,Registered Voters,1788,Internet,Nonpartisan,NA,Johnson,NA
New Mexico,25381,WashPost/SurveyMonkey,2016-08-09,2016-09-01,Registered Voters,1788,Internet,Nonpartisan,NA,McMullin,NA
New Mexico,25266,PPP (D)/NM Political Report,2016-08-19,2016-08-21,Likely Voters,1103,IVR/Online,Pollster,Dem,Trump,31
New Mexico,25266,PPP (D)/NM Political Report,2016-08-19,2016-08-21,Likely Voters,1103,IVR/Online,Pollster,Dem,Clinton,40
New Mexico,25266,PPP (D)/NM Political Report,2016-08-19,2016-08-21,Likely Voters,1103,IVR/Online,Pollster,Dem,Other,4
New Mexico,25266,PPP (D)/NM Political Report,2016-08-19,2016-08-21,Likely Voters,1103,IVR/Online,Pollster,Dem,Undecided,9
New Mexico,25266,PPP (D)/NM Political Report,2016-08-19,2016-08-21,Likely Voters,1103,IVR/Online,Pollster,Dem,Johnson,16
New Mexico,25266,PPP (D)/NM Political Report,2016-08-19,2016-08-21,Likely Voters,1103,IVR/Online,Pollster,Dem,McMullin,NA
New Mexico,24939,PPP (D)/NM Political Report,2016-05-13,2016-05-15,Likely Voters,802,Automated Phone,Pollster,Dem,Trump,33
New Mexico,24939,PPP (D)/NM Political Report,2016-05-13,2016-05-15,Likely Voters,802,Automated Phone,Pollster,Dem,Clinton,41
New Mexico,24939,PPP (D)/NM Political Report,2016-05-13,2016-05-15,Likely Voters,802,Automated Phone,Pollster,Dem,Other,NA
New Mexico,24939,PPP (D)/NM Political Report,2016-05-13,2016-05-15,Likely Voters,802,Automated Phone,Pollster,Dem,Undecided,12
New Mexico,24939,PPP (D)/NM Political Report,2016-05-13,2016-05-15,Likely Voters,802,Automated Phone,Pollster,Dem,Johnson,14
New Mexico,24939,PPP (D)/NM Political Report,2016-05-13,2016-05-15,Likely Voters,802,Automated Phone,Pollster,Dem,McMullin,NA
Illinois,26807,SurveyMonkey,2016-11-01,2016-11-07,Likely Voters,1823,Internet,Nonpartisan,NA,Trump,35
Illinois,26807,SurveyMonkey,2016-11-01,2016-11-07,Likely Voters,1823,Internet,Nonpartisan,NA,Clinton,52
Illinois,26807,SurveyMonkey,2016-11-01,2016-11-07,Likely Voters,1823,Internet,Nonpartisan,NA,Other,10
Illinois,26807,SurveyMonkey,2016-11-01,2016-11-07,Likely Voters,1823,Internet,Nonpartisan,NA,Undecided,2
Illinois,26807,SurveyMonkey,2016-11-01,2016-11-07,Likely Voters,1823,Internet,Nonpartisan,NA,Johnson,NA
Illinois,26807,SurveyMonkey,2016-11-01,2016-11-07,Likely Voters,1823,Internet,Nonpartisan,NA,McMullin,NA
Illinois,26793,UPI/CVOTER,2016-10-30,2016-11-06,Likely Voters,403,Internet,Nonpartisan,NA,Trump,40
Illinois,26793,UPI/CVOTER,2016-10-30,2016-11-06,Likely Voters,403,Internet,Nonpartisan,NA,Clinton,54
Illinois,26793,UPI/CVOTER,2016-10-30,2016-11-06,Likely Voters,403,Internet,Nonpartisan,NA,Other,6
Illinois,26793,UPI/CVOTER,2016-10-30,2016-11-06,Likely Voters,403,Internet,Nonpartisan,NA,Undecided,NA
Illinois,26793,UPI/CVOTER,2016-10-30,2016-11-06,Likely Voters,403,Internet,Nonpartisan,NA,Johnson,NA
Illinois,26793,UPI/CVOTER,2016-10-30,2016-11-06,Likely Voters,403,Internet,Nonpartisan,NA,McMullin,NA
Illinois,26806,Ipsos/Reuters,2016-10-17,2016-11-06,Likely Voters,781,Internet,Nonpartisan,NA,Trump,39
Illinois,26806,Ipsos/Reuters,2016-10-17,2016-11-06,Likely Voters,781,Internet,Nonpartisan,NA,Clinton,51
Illinois,26806,Ipsos/Reuters,2016-10-17,2016-11-06,Likely Voters,781,Internet,Nonpartisan,NA,Other,NA
Illinois,26806,Ipsos/Reuters,2016-10-17,2016-11-06,Likely Voters,781,Internet,Nonpartisan,NA,Undecided,10
Illinois,26806,Ipsos/Reuters,2016-10-17,2016-11-06,Likely Voters,781,Internet,Nonpartisan,NA,Johnson,NA
Illinois,26806,Ipsos/Reuters,2016-10-17,2016-11-06,Likely Voters,781,Internet,Nonpartisan,NA,McMullin,NA
Illinois,26596,SurveyMonkey,2016-10-25,2016-10-31,Likely Voters,1003,Internet,Nonpartisan,NA,Trump,35
Illinois,26596,SurveyMonkey,2016-10-25,2016-10-31,Likely Voters,1003,Internet,Nonpartisan,NA,Clinton,52
Illinois,26596,SurveyMonkey,2016-10-25,2016-10-31,Likely Voters,1003,Internet,Nonpartisan,NA,Other,11
Illinois,26596,SurveyMonkey,2016-10-25,2016-10-31,Likely Voters,1003,Internet,Nonpartisan,NA,Undecided,1
Illinois,26596,SurveyMonkey,2016-10-25,2016-10-31,Likely Voters,1003,Internet,Nonpartisan,NA,Johnson,NA
Illinois,26596,SurveyMonkey,2016-10-25,2016-10-31,Likely Voters,1003,Internet,Nonpartisan,NA,McMullin,NA
Illinois,26592,UPI/CVOTER,2016-10-23,2016-10-29,Likely Voters,387,Internet,Nonpartisan,NA,Trump,41
Illinois,26592,UPI/CVOTER,2016-10-23,2016-10-29,Likely Voters,387,Internet,Nonpartisan,NA,Clinton,56
Illinois,26592,UPI/CVOTER,2016-10-23,2016-10-29,Likely Voters,387,Internet,Nonpartisan,NA,Other,4
Illinois,26592,UPI/CVOTER,2016-10-23,2016-10-29,Likely Voters,387,Internet,Nonpartisan,NA,Undecided,NA
Illinois,26592,UPI/CVOTER,2016-10-23,2016-10-29,Likely Voters,387,Internet,Nonpartisan,NA,Johnson,NA
Illinois,26592,UPI/CVOTER,2016-10-23,2016-10-29,Likely Voters,387,Internet,Nonpartisan,NA,McMullin,NA
Illinois,26605,Loras College,2016-10-26,2016-10-27,Likely Voters,600,Live Phone,Nonpartisan,NA,Trump,37
Illinois,26605,Loras College,2016-10-26,2016-10-27,Likely Voters,600,Live Phone,Nonpartisan,NA,Clinton,48
Illinois,26605,Loras College,2016-10-26,2016-10-27,Likely Voters,600,Live Phone,Nonpartisan,NA,Other,6
Illinois,26605,Loras College,2016-10-26,2016-10-27,Likely Voters,600,Live Phone,Nonpartisan,NA,Undecided,10
Illinois,26605,Loras College,2016-10-26,2016-10-27,Likely Voters,600,Live Phone,Nonpartisan,NA,Johnson,NA
Illinois,26605,Loras College,2016-10-26,2016-10-27,Likely Voters,600,Live Phone,Nonpartisan,NA,McMullin,NA
Illinois,26441,SurveyMonkey,2016-10-18,2016-10-24,Likely Voters,1091,Internet,Nonpartisan,NA,Trump,34
Illinois,26441,SurveyMonkey,2016-10-18,2016-10-24,Likely Voters,1091,Internet,Nonpartisan,NA,Clinton,52
Illinois,26441,SurveyMonkey,2016-10-18,2016-10-24,Likely Voters,1091,Internet,Nonpartisan,NA,Other,12
Illinois,26441,SurveyMonkey,2016-10-18,2016-10-24,Likely Voters,1091,Internet,Nonpartisan,NA,Undecided,3
Illinois,26441,SurveyMonkey,2016-10-18,2016-10-24,Likely Voters,1091,Internet,Nonpartisan,NA,Johnson,NA
Illinois,26441,SurveyMonkey,2016-10-18,2016-10-24,Likely Voters,1091,Internet,Nonpartisan,NA,McMullin,NA
Illinois,26394,Victory Research,2016-10-16,2016-10-18,Likely Voters,1200,Live Phone,Nonpartisan,NA,Trump,36
Illinois,26394,Victory Research,2016-10-16,2016-10-18,Likely Voters,1200,Live Phone,Nonpartisan,NA,Clinton,51
Illinois,26394,Victory Research,2016-10-16,2016-10-18,Likely Voters,1200,Live Phone,Nonpartisan,NA,Other,8
Illinois,26394,Victory Research,2016-10-16,2016-10-18,Likely Voters,1200,Live Phone,Nonpartisan,NA,Undecided,5
Illinois,26394,Victory Research,2016-10-16,2016-10-18,Likely Voters,1200,Live Phone,Nonpartisan,NA,Johnson,NA
Illinois,26394,Victory Research,2016-10-16,2016-10-18,Likely Voters,1200,Live Phone,Nonpartisan,NA,McMullin,NA
Illinois,26344,Ipsos/Reuters,2016-09-23,2016-10-13,Likely Voters,612,Internet,Nonpartisan,NA,Trump,27
Illinois,26344,Ipsos/Reuters,2016-09-23,2016-10-13,Likely Voters,612,Internet,Nonpartisan,NA,Clinton,60
Illinois,26344,Ipsos/Reuters,2016-09-23,2016-10-13,Likely Voters,612,Internet,Nonpartisan,NA,Other,NA
Illinois,26344,Ipsos/Reuters,2016-09-23,2016-10-13,Likely Voters,612,Internet,Nonpartisan,NA,Undecided,13
Illinois,26344,Ipsos/Reuters,2016-09-23,2016-10-13,Likely Voters,612,Internet,Nonpartisan,NA,Johnson,NA
Illinois,26344,Ipsos/Reuters,2016-09-23,2016-10-13,Likely Voters,612,Internet,Nonpartisan,NA,McMullin,NA
Illinois,26106,Ipsos/Reuters,2016-09-16,2016-10-06,Likely Voters,873,Internet,Nonpartisan,NA,Trump,31
Illinois,26106,Ipsos/Reuters,2016-09-16,2016-10-06,Likely Voters,873,Internet,Nonpartisan,NA,Clinton,57
Illinois,26106,Ipsos/Reuters,2016-09-16,2016-10-06,Likely Voters,873,Internet,Nonpartisan,NA,Other,NA
Illinois,26106,Ipsos/Reuters,2016-09-16,2016-10-06,Likely Voters,873,Internet,Nonpartisan,NA,Undecided,12
Illinois,26106,Ipsos/Reuters,2016-09-16,2016-10-06,Likely Voters,873,Internet,Nonpartisan,NA,Johnson,NA
Illinois,26106,Ipsos/Reuters,2016-09-16,2016-10-06,Likely Voters,873,Internet,Nonpartisan,NA,McMullin,NA
Illinois,25955,Southern Illinois University,2016-09-27,2016-10-02,Likely Voters,865,Live Phone,Nonpartisan,NA,Trump,28
Illinois,25955,Southern Illinois University,2016-09-27,2016-10-02,Likely Voters,865,Live Phone,Nonpartisan,NA,Clinton,53
Illinois,25955,Southern Illinois University,2016-09-27,2016-10-02,Likely Voters,865,Live Phone,Nonpartisan,NA,Other,10
Illinois,25955,Southern Illinois University,2016-09-27,2016-10-02,Likely Voters,865,Live Phone,Nonpartisan,NA,Undecided,10
Illinois,25955,Southern Illinois University,2016-09-27,2016-10-02,Likely Voters,865,Live Phone,Nonpartisan,NA,Johnson,NA
Illinois,25955,Southern Illinois University,2016-09-27,2016-10-02,Likely Voters,865,Live Phone,Nonpartisan,NA,McMullin,NA
Illinois,25826,Victory Research,2016-09-21,2016-09-24,Likely Voters,1200,Live Phone,Nonpartisan,NA,Trump,35
Illinois,25826,Victory Research,2016-09-21,2016-09-24,Likely Voters,1200,Live Phone,Nonpartisan,NA,Clinton,49
Illinois,25826,Victory Research,2016-09-21,2016-09-24,Likely Voters,1200,Live Phone,Nonpartisan,NA,Other,5
Illinois,25826,Victory Research,2016-09-21,2016-09-24,Likely Voters,1200,Live Phone,Nonpartisan,NA,Undecided,11
Illinois,25826,Victory Research,2016-09-21,2016-09-24,Likely Voters,1200,Live Phone,Nonpartisan,NA,Johnson,NA
Illinois,25826,Victory Research,2016-09-21,2016-09-24,Likely Voters,1200,Live Phone,Nonpartisan,NA,McMullin,NA
Illinois,25527,Loras College,2016-09-13,2016-09-16,Likely Voters,600,Live Phone,Nonpartisan,NA,Trump,33
Illinois,25527,Loras College,2016-09-13,2016-09-16,Likely Voters,600,Live Phone,Nonpartisan,NA,Clinton,47
Illinois,25527,Loras College,2016-09-13,2016-09-16,Likely Voters,600,Live Phone,Nonpartisan,NA,Other,9
Illinois,25527,Loras College,2016-09-13,2016-09-16,Likely Voters,600,Live Phone,Nonpartisan,NA,Undecided,11
Illinois,25527,Loras College,2016-09-13,2016-09-16,Likely Voters,600,Live Phone,Nonpartisan,NA,Johnson,NA
Illinois,25527,Loras College,2016-09-13,2016-09-16,Likely Voters,600,Live Phone,Nonpartisan,NA,McMullin,NA
Illinois,25546,Ipsos/Reuters,2016-08-26,2016-09-15,Likely Voters,615,Internet,Nonpartisan,NA,Trump,36
Illinois,25546,Ipsos/Reuters,2016-08-26,2016-09-15,Likely Voters,615,Internet,Nonpartisan,NA,Clinton,51
Illinois,25546,Ipsos/Reuters,2016-08-26,2016-09-15,Likely Voters,615,Internet,Nonpartisan,NA,Other,NA
Illinois,25546,Ipsos/Reuters,2016-08-26,2016-09-15,Likely Voters,615,Internet,Nonpartisan,NA,Undecided,13
Illinois,25546,Ipsos/Reuters,2016-08-26,2016-09-15,Likely Voters,615,Internet,Nonpartisan,NA,Johnson,NA
Illinois,25546,Ipsos/Reuters,2016-08-26,2016-09-15,Likely Voters,615,Internet,Nonpartisan,NA,McMullin,NA
Illinois,25364,WashPost/SurveyMonkey,2016-08-09,2016-09-01,Registered Voters,2599,Internet,Nonpartisan,NA,Trump,38
Illinois,25364,WashPost/SurveyMonkey,2016-08-09,2016-09-01,Registered Voters,2599,Internet,Nonpartisan,NA,Clinton,53
Illinois,25364,WashPost/SurveyMonkey,2016-08-09,2016-09-01,Registered Voters,2599,Internet,Nonpartisan,NA,Other,NA
Illinois,25364,WashPost/SurveyMonkey,2016-08-09,2016-09-01,Registered Voters,2599,Internet,Nonpartisan,NA,Undecided,9
Illinois,25364,WashPost/SurveyMonkey,2016-08-09,2016-09-01,Registered Voters,2599,Internet,Nonpartisan,NA,Johnson,NA
Illinois,25364,WashPost/SurveyMonkey,2016-08-09,2016-09-01,Registered Voters,2599,Internet,Nonpartisan,NA,McMullin,NA
Illinois,25095,"Normington, Petts & Associates (D-Duckworth)",2016-08-01,2016-08-04,Likely Voters,800,Live Phone,Sponsor,Dem,Trump,32
Illinois,25095,"Normington, Petts & Associates (D-Duckworth)",2016-08-01,2016-08-04,Likely Voters,800,Live Phone,Sponsor,Dem,Clinton,51
Illinois,25095,"Normington, Petts & Associates (D-Duckworth)",2016-08-01,2016-08-04,Likely Voters,800,Live Phone,Sponsor,Dem,Other,NA
Illinois,25095,"Normington, Petts & Associates (D-Duckworth)",2016-08-01,2016-08-04,Likely Voters,800,Live Phone,Sponsor,Dem,Undecided,17
Illinois,25095,"Normington, Petts & Associates (D-Duckworth)",2016-08-01,2016-08-04,Likely Voters,800,Live Phone,Sponsor,Dem,Johnson,NA
Illinois,25095,"Normington, Petts & Associates (D-Duckworth)",2016-08-01,2016-08-04,Likely Voters,800,Live Phone,Sponsor,Dem,McMullin,NA
Illinois,24913,Victory Research,2016-07-14,2016-07-16,Likely Voters,1200,Live Phone,Nonpartisan,NA,Trump,34
Illinois,24913,Victory Research,2016-07-14,2016-07-16,Likely Voters,1200,Live Phone,Nonpartisan,NA,Clinton,51
Illinois,24913,Victory Research,2016-07-14,2016-07-16,Likely Voters,1200,Live Phone,Nonpartisan,NA,Other,11
Illinois,24913,Victory Research,2016-07-14,2016-07-16,Likely Voters,1200,Live Phone,Nonpartisan,NA,Undecided,4
Illinois,24913,Victory Research,2016-07-14,2016-07-16,Likely Voters,1200,Live Phone,Nonpartisan,NA,Johnson,NA
Illinois,24913,Victory Research,2016-07-14,2016-07-16,Likely Voters,1200,Live Phone,Nonpartisan,NA,McMullin,NA
Illinois,24058,NBC/WSJ/Marist,2016-03-04,2016-03-10,Registered Voters,1968,Live Phone,Nonpartisan,NA,Trump,32
Illinois,24058,NBC/WSJ/Marist,2016-03-04,2016-03-10,Registered Voters,1968,Live Phone,Nonpartisan,NA,Clinton,57
Illinois,24058,NBC/WSJ/Marist,2016-03-04,2016-03-10,Registered Voters,1968,Live Phone,Nonpartisan,NA,Other,NA
Illinois,24058,NBC/WSJ/Marist,2016-03-04,2016-03-10,Registered Voters,1968,Live Phone,Nonpartisan,NA,Undecided,11
Illinois,24058,NBC/WSJ/Marist,2016-03-04,2016-03-10,Registered Voters,1968,Live Phone,Nonpartisan,NA,Johnson,NA
Illinois,24058,NBC/WSJ/Marist,2016-03-04,2016-03-10,Registered Voters,1968,Live Phone,Nonpartisan,NA,McMullin,NA
Illinois,22471,PPP (D),2015-07-20,2015-07-21,Likely Voters,931,IVR/Online,Pollster,Dem,Trump,33
Illinois,22471,PPP (D),2015-07-20,2015-07-21,Likely Voters,931,IVR/Online,Pollster,Dem,Clinton,51
Illinois,22471,PPP (D),2015-07-20,2015-07-21,Likely Voters,931,IVR/Online,Pollster,Dem,Other,NA
Illinois,22471,PPP (D),2015-07-20,2015-07-21,Likely Voters,931,IVR/Online,Pollster,Dem,Undecided,16
Illinois,22471,PPP (D),2015-07-20,2015-07-21,Likely Voters,931,IVR/Online,Pollster,Dem,Johnson,NA
Illinois,22471,PPP (D),2015-07-20,2015-07-21,Likely Voters,931,IVR/Online,Pollster,Dem,McMullin,NA
Idaho,26807,SurveyMonkey,2016-11-01,2016-11-07,Likely Voters,612,Internet,Nonpartisan,NA,Trump,47
Idaho,26807,SurveyMonkey,2016-11-01,2016-11-07,Likely Voters,612,Internet,Nonpartisan,NA,Clinton,29
Idaho,26807,SurveyMonkey,2016-11-01,2016-11-07,Likely Voters,612,Internet,Nonpartisan,NA,Other,4
Idaho,26807,SurveyMonkey,2016-11-01,2016-11-07,Likely Voters,612,Internet,Nonpartisan,NA,Undecided,2
Idaho,26807,SurveyMonkey,2016-11-01,2016-11-07,Likely Voters,612,Internet,Nonpartisan,NA,Johnson,6
Idaho,26807,SurveyMonkey,2016-11-01,2016-11-07,Likely Voters,612,Internet,Nonpartisan,NA,McMullin,11
Idaho,26793,UPI/CVOTER,2016-10-30,2016-11-06,Likely Voters,322,Internet,Nonpartisan,NA,Trump,60
Idaho,26793,UPI/CVOTER,2016-10-30,2016-11-06,Likely Voters,322,Internet,Nonpartisan,NA,Clinton,33
Idaho,26793,UPI/CVOTER,2016-10-30,2016-11-06,Likely Voters,322,Internet,Nonpartisan,NA,Other,NA
Idaho,26793,UPI/CVOTER,2016-10-30,2016-11-06,Likely Voters,322,Internet,Nonpartisan,NA,Undecided,7
Idaho,26793,UPI/CVOTER,2016-10-30,2016-11-06,Likely Voters,322,Internet,Nonpartisan,NA,Johnson,NA
Idaho,26793,UPI/CVOTER,2016-10-30,2016-11-06,Likely Voters,322,Internet,Nonpartisan,NA,McMullin,NA
Idaho,26806,Ipsos/Reuters,2016-10-17,2016-11-06,Likely Voters,325,Internet,Nonpartisan,NA,Trump,53
Idaho,26806,Ipsos/Reuters,2016-10-17,2016-11-06,Likely Voters,325,Internet,Nonpartisan,NA,Clinton,30
Idaho,26806,Ipsos/Reuters,2016-10-17,2016-11-06,Likely Voters,325,Internet,Nonpartisan,NA,Other,NA
Idaho,26806,Ipsos/Reuters,2016-10-17,2016-11-06,Likely Voters,325,Internet,Nonpartisan,NA,Undecided,17
Idaho,26806,Ipsos/Reuters,2016-10-17,2016-11-06,Likely Voters,325,Internet,Nonpartisan,NA,Johnson,NA
Idaho,26806,Ipsos/Reuters,2016-10-17,2016-11-06,Likely Voters,325,Internet,Nonpartisan,NA,McMullin,NA
Idaho,26596,SurveyMonkey,2016-10-25,2016-10-31,Likely Voters,447,Internet,Nonpartisan,NA,Trump,49
Idaho,26596,SurveyMonkey,2016-10-25,2016-10-31,Likely Voters,447,Internet,Nonpartisan,NA,Clinton,31
Idaho,26596,SurveyMonkey,2016-10-25,2016-10-31,Likely Voters,447,Internet,Nonpartisan,NA,Other,2
Idaho,26596,SurveyMonkey,2016-10-25,2016-10-31,Likely Voters,447,Internet,Nonpartisan,NA,Undecided,1
Idaho,26596,SurveyMonkey,2016-10-25,2016-10-31,Likely Voters,447,Internet,Nonpartisan,NA,Johnson,10
Idaho,26596,SurveyMonkey,2016-10-25,2016-10-31,Likely Voters,447,Internet,Nonpartisan,NA,McMullin,7
Idaho,26592,UPI/CVOTER,2016-10-23,2016-10-29,Likely Voters,318,Internet,Nonpartisan,NA,Trump,61
Idaho,26592,UPI/CVOTER,2016-10-23,2016-10-29,Likely Voters,318,Internet,Nonpartisan,NA,Clinton,34
Idaho,26592,UPI/CVOTER,2016-10-23,2016-10-29,Likely Voters,318,Internet,Nonpartisan,NA,Other,NA
Idaho,26592,UPI/CVOTER,2016-10-23,2016-10-29,Likely Voters,318,Internet,Nonpartisan,NA,Undecided,6
Idaho,26592,UPI/CVOTER,2016-10-23,2016-10-29,Likely Voters,318,Internet,Nonpartisan,NA,Johnson,NA
Idaho,26592,UPI/CVOTER,2016-10-23,2016-10-29,Likely Voters,318,Internet,Nonpartisan,NA,McMullin,NA
Idaho,26516,Rasmussen/Heat Street,2016-10-23,2016-10-24,Likely Voters,750,IVR/Online,Nonpartisan,NA,Trump,48
Idaho,26516,Rasmussen/Heat Street,2016-10-23,2016-10-24,Likely Voters,750,IVR/Online,Nonpartisan,NA,Clinton,29
Idaho,26516,Rasmussen/Heat Street,2016-10-23,2016-10-24,Likely Voters,750,IVR/Online,Nonpartisan,NA,Other,2
Idaho,26516,Rasmussen/Heat Street,2016-10-23,2016-10-24,Likely Voters,750,IVR/Online,Nonpartisan,NA,Undecided,8
Idaho,26516,Rasmussen/Heat Street,2016-10-23,2016-10-24,Likely Voters,750,IVR/Online,Nonpartisan,NA,Johnson,6
Idaho,26516,Rasmussen/Heat Street,2016-10-23,2016-10-24,Likely Voters,750,IVR/Online,Nonpartisan,NA,McMullin,10
Idaho,26441,SurveyMonkey,2016-10-18,2016-10-24,Likely Voters,438,Internet,Nonpartisan,NA,Trump,50
Idaho,26441,SurveyMonkey,2016-10-18,2016-10-24,Likely Voters,438,Internet,Nonpartisan,NA,Clinton,29
Idaho,26441,SurveyMonkey,2016-10-18,2016-10-24,Likely Voters,438,Internet,Nonpartisan,NA,Other,2
Idaho,26441,SurveyMonkey,2016-10-18,2016-10-24,Likely Voters,438,Internet,Nonpartisan,NA,Undecided,4
Idaho,26441,SurveyMonkey,2016-10-18,2016-10-24,Likely Voters,438,Internet,Nonpartisan,NA,Johnson,15
Idaho,26441,SurveyMonkey,2016-10-18,2016-10-24,Likely Voters,438,Internet,Nonpartisan,NA,McMullin,NA
Idaho,26344,Ipsos/Reuters,2016-09-23,2016-10-13,Likely Voters,323,Internet,Nonpartisan,NA,Trump,54
Idaho,26344,Ipsos/Reuters,2016-09-23,2016-10-13,Likely Voters,323,Internet,Nonpartisan,NA,Clinton,31
Idaho,26344,Ipsos/Reuters,2016-09-23,2016-10-13,Likely Voters,323,Internet,Nonpartisan,NA,Other,NA
Idaho,26344,Ipsos/Reuters,2016-09-23,2016-10-13,Likely Voters,323,Internet,Nonpartisan,NA,Undecided,15
Idaho,26344,Ipsos/Reuters,2016-09-23,2016-10-13,Likely Voters,323,Internet,Nonpartisan,NA,Johnson,NA
Idaho,26344,Ipsos/Reuters,2016-09-23,2016-10-13,Likely Voters,323,Internet,Nonpartisan,NA,McMullin,NA
Idaho,26105,Ipsos/Reuters,2016-09-16,2016-10-06,Likely Voters,320,Internet,Nonpartisan,NA,Trump,55
Idaho,26105,Ipsos/Reuters,2016-09-16,2016-10-06,Likely Voters,320,Internet,Nonpartisan,NA,Clinton,31
Idaho,26105,Ipsos/Reuters,2016-09-16,2016-10-06,Likely Voters,320,Internet,Nonpartisan,NA,Other,NA
Idaho,26105,Ipsos/Reuters,2016-09-16,2016-10-06,Likely Voters,320,Internet,Nonpartisan,NA,Undecided,14
Idaho,26105,Ipsos/Reuters,2016-09-16,2016-10-06,Likely Voters,320,Internet,Nonpartisan,NA,Johnson,NA
Idaho,26105,Ipsos/Reuters,2016-09-16,2016-10-06,Likely Voters,320,Internet,Nonpartisan,NA,McMullin,NA
Idaho,25545,Ipsos/Reuters,2016-08-26,2016-09-15,Likely Voters,261,Internet,Nonpartisan,NA,Trump,56
Idaho,25545,Ipsos/Reuters,2016-08-26,2016-09-15,Likely Voters,261,Internet,Nonpartisan,NA,Clinton,32
Idaho,25545,Ipsos/Reuters,2016-08-26,2016-09-15,Likely Voters,261,Internet,Nonpartisan,NA,Other,NA
Idaho,25545,Ipsos/Reuters,2016-08-26,2016-09-15,Likely Voters,261,Internet,Nonpartisan,NA,Undecided,12
Idaho,25545,Ipsos/Reuters,2016-08-26,2016-09-15,Likely Voters,261,Internet,Nonpartisan,NA,Johnson,NA
Idaho,25545,Ipsos/Reuters,2016-08-26,2016-09-15,Likely Voters,261,Internet,Nonpartisan,NA,McMullin,NA
Idaho,25363,WashPost/SurveyMonkey,2016-08-09,2016-09-01,Registered Voters,716,Internet,Nonpartisan,NA,Trump,53
Idaho,25363,WashPost/SurveyMonkey,2016-08-09,2016-09-01,Registered Voters,716,Internet,Nonpartisan,NA,Clinton,34
Idaho,25363,WashPost/SurveyMonkey,2016-08-09,2016-09-01,Registered Voters,716,Internet,Nonpartisan,NA,Other,NA
Idaho,25363,WashPost/SurveyMonkey,2016-08-09,2016-09-01,Registered Voters,716,Internet,Nonpartisan,NA,Undecided,13
Idaho,25363,WashPost/SurveyMonkey,2016-08-09,2016-09-01,Registered Voters,716,Internet,Nonpartisan,NA,Johnson,NA
Idaho,25363,WashPost/SurveyMonkey,2016-08-09,2016-09-01,Registered Voters,716,Internet,Nonpartisan,NA,McMullin,NA
Idaho,24927,Dan Jones & Associates/IdahoPoliticsWeekly.com,2016-07-05,2016-07-16,Likely Voters,601,Live Phone,Nonpartisan,NA,Trump,44
Idaho,24927,Dan Jones & Associates/IdahoPoliticsWeekly.com,2016-07-05,2016-07-16,Likely Voters,601,Live Phone,Nonpartisan,NA,Clinton,23
Idaho,24927,Dan Jones & Associates/IdahoPoliticsWeekly.com,2016-07-05,2016-07-16,Likely Voters,601,Live Phone,Nonpartisan,NA,Other,17
Idaho,24927,Dan Jones & Associates/IdahoPoliticsWeekly.com,2016-07-05,2016-07-16,Likely Voters,601,Live Phone,Nonpartisan,NA,Undecided,7
Idaho,24927,Dan Jones & Associates/IdahoPoliticsWeekly.com,2016-07-05,2016-07-16,Likely Voters,601,Live Phone,Nonpartisan,NA,Johnson,5
Idaho,24927,Dan Jones & Associates/IdahoPoliticsWeekly.com,2016-07-05,2016-07-16,Likely Voters,601,Live Phone,Nonpartisan,NA,McMullin,NA
Hawaii,26807,SurveyMonkey,2016-11-01,2016-11-07,Likely Voters,426,Internet,Nonpartisan,NA,Trump,28
Hawaii,26807,SurveyMonkey,2016-11-01,2016-11-07,Likely Voters,426,Internet,Nonpartisan,NA,Clinton,52
Hawaii,26807,SurveyMonkey,2016-11-01,2016-11-07,Likely Voters,426,Internet,Nonpartisan,NA,Other,NA
Hawaii,26807,SurveyMonkey,2016-11-01,2016-11-07,Likely Voters,426,Internet,Nonpartisan,NA,Undecided,4
Hawaii,26807,SurveyMonkey,2016-11-01,2016-11-07,Likely Voters,426,Internet,Nonpartisan,NA,Johnson,NA
Hawaii,26807,SurveyMonkey,2016-11-01,2016-11-07,Likely Voters,426,Internet,Nonpartisan,NA,McMullin,NA
Hawaii,26793,UPI/CVOTER,2016-10-30,2016-11-06,Likely Voters,308,Internet,Nonpartisan,NA,Trump,31
Hawaii,26793,UPI/CVOTER,2016-10-30,2016-11-06,Likely Voters,308,Internet,Nonpartisan,NA,Clinton,65
Hawaii,26793,UPI/CVOTER,2016-10-30,2016-11-06,Likely Voters,308,Internet,Nonpartisan,NA,Other,NA
Hawaii,26793,UPI/CVOTER,2016-10-30,2016-11-06,Likely Voters,308,Internet,Nonpartisan,NA,Undecided,NA
Hawaii,26793,UPI/CVOTER,2016-10-30,2016-11-06,Likely Voters,308,Internet,Nonpartisan,NA,Johnson,NA
Hawaii,26793,UPI/CVOTER,2016-10-30,2016-11-06,Likely Voters,308,Internet,Nonpartisan,NA,McMullin,NA
Hawaii,26596,SurveyMonkey,2016-10-25,2016-10-31,Likely Voters,467,Internet,Nonpartisan,NA,Trump,32
Hawaii,26596,SurveyMonkey,2016-10-25,2016-10-31,Likely Voters,467,Internet,Nonpartisan,NA,Clinton,51
Hawaii,26596,SurveyMonkey,2016-10-25,2016-10-31,Likely Voters,467,Internet,Nonpartisan,NA,Other,NA
Hawaii,26596,SurveyMonkey,2016-10-25,2016-10-31,Likely Voters,467,Internet,Nonpartisan,NA,Undecided,3
Hawaii,26596,SurveyMonkey,2016-10-25,2016-10-31,Likely Voters,467,Internet,Nonpartisan,NA,Johnson,NA
Hawaii,26596,SurveyMonkey,2016-10-25,2016-10-31,Likely Voters,467,Internet,Nonpartisan,NA,McMullin,NA
Hawaii,26592,UPI/CVOTER,2016-10-23,2016-10-29,Likely Voters,310,Internet,Nonpartisan,NA,Trump,33
Hawaii,26592,UPI/CVOTER,2016-10-23,2016-10-29,Likely Voters,310,Internet,Nonpartisan,NA,Clinton,64
Hawaii,26592,UPI/CVOTER,2016-10-23,2016-10-29,Likely Voters,310,Internet,Nonpartisan,NA,Other,NA
Hawaii,26592,UPI/CVOTER,2016-10-23,2016-10-29,Likely Voters,310,Internet,Nonpartisan,NA,Undecided,NA
Hawaii,26592,UPI/CVOTER,2016-10-23,2016-10-29,Likely Voters,310,Internet,Nonpartisan,NA,Johnson,NA
Hawaii,26592,UPI/CVOTER,2016-10-23,2016-10-29,Likely Voters,310,Internet,Nonpartisan,NA,McMullin,NA
Hawaii,26441,SurveyMonkey,2016-10-18,2016-10-24,Likely Voters,459,Internet,Nonpartisan,NA,Trump,34
Hawaii,26441,SurveyMonkey,2016-10-18,2016-10-24,Likely Voters,459,Internet,Nonpartisan,NA,Clinton,49
Hawaii,26441,SurveyMonkey,2016-10-18,2016-10-24,Likely Voters,459,Internet,Nonpartisan,NA,Other,NA
Hawaii,26441,SurveyMonkey,2016-10-18,2016-10-24,Likely Voters,459,Internet,Nonpartisan,NA,Undecided,3
Hawaii,26441,SurveyMonkey,2016-10-18,2016-10-24,Likely Voters,459,Internet,Nonpartisan,NA,Johnson,NA
Hawaii,26441,SurveyMonkey,2016-10-18,2016-10-24,Likely Voters,459,Internet,Nonpartisan,NA,McMullin,NA
Hawaii,25362,WashPost/SurveyMonkey,2016-08-09,2016-09-01,Registered Voters,546,Internet,Nonpartisan,NA,Trump,28
Hawaii,25362,WashPost/SurveyMonkey,2016-08-09,2016-09-01,Registered Voters,546,Internet,Nonpartisan,NA,Clinton,58
Hawaii,25362,WashPost/SurveyMonkey,2016-08-09,2016-09-01,Registered Voters,546,Internet,Nonpartisan,NA,Other,NA
Hawaii,25362,WashPost/SurveyMonkey,2016-08-09,2016-09-01,Registered Voters,546,Internet,Nonpartisan,NA,Undecided,14
Hawaii,25362,WashPost/SurveyMonkey,2016-08-09,2016-09-01,Registered Voters,546,Internet,Nonpartisan,NA,Johnson,NA
Hawaii,25362,WashPost/SurveyMonkey,2016-08-09,2016-09-01,Registered Voters,546,Internet,Nonpartisan,NA,McMullin,NA
Delaware,26807,SurveyMonkey,2016-11-01,2016-11-07,Likely Voters,367,Internet,Nonpartisan,NA,Trump,39
Delaware,26807,SurveyMonkey,2016-11-01,2016-11-07,Likely Voters,367,Internet,Nonpartisan,NA,Clinton,50
Delaware,26807,SurveyMonkey,2016-11-01,2016-11-07,Likely Voters,367,Internet,Nonpartisan,NA,Other,8
Delaware,26807,SurveyMonkey,2016-11-01,2016-11-07,Likely Voters,367,Internet,Nonpartisan,NA,Undecided,3
Delaware,26807,SurveyMonkey,2016-11-01,2016-11-07,Likely Voters,367,Internet,Nonpartisan,NA,Johnson,NA
Delaware,26807,SurveyMonkey,2016-11-01,2016-11-07,Likely Voters,367,Internet,Nonpartisan,NA,McMullin,NA
Delaware,26793,UPI/CVOTER,2016-10-30,2016-11-06,Likely Voters,307,Internet,Nonpartisan,NA,Trump,42
Delaware,26793,UPI/CVOTER,2016-10-30,2016-11-06,Likely Voters,307,Internet,Nonpartisan,NA,Clinton,54
Delaware,26793,UPI/CVOTER,2016-10-30,2016-11-06,Likely Voters,307,Internet,Nonpartisan,NA,Other,4
Delaware,26793,UPI/CVOTER,2016-10-30,2016-11-06,Likely Voters,307,Internet,Nonpartisan,NA,Undecided,NA
Delaware,26793,UPI/CVOTER,2016-10-30,2016-11-06,Likely Voters,307,Internet,Nonpartisan,NA,Johnson,NA
Delaware,26793,UPI/CVOTER,2016-10-30,2016-11-06,Likely Voters,307,Internet,Nonpartisan,NA,McMullin,NA
Delaware,26596,SurveyMonkey,2016-10-25,2016-10-31,Likely Voters,458,Internet,Nonpartisan,NA,Trump,38
Delaware,26596,SurveyMonkey,2016-10-25,2016-10-31,Likely Voters,458,Internet,Nonpartisan,NA,Clinton,50
Delaware,26596,SurveyMonkey,2016-10-25,2016-10-31,Likely Voters,458,Internet,Nonpartisan,NA,Other,9
Delaware,26596,SurveyMonkey,2016-10-25,2016-10-31,Likely Voters,458,Internet,Nonpartisan,NA,Undecided,4
Delaware,26596,SurveyMonkey,2016-10-25,2016-10-31,Likely Voters,458,Internet,Nonpartisan,NA,Johnson,NA
Delaware,26596,SurveyMonkey,2016-10-25,2016-10-31,Likely Voters,458,Internet,Nonpartisan,NA,McMullin,NA
Delaware,26592,UPI/CVOTER,2016-10-23,2016-10-29,Likely Voters,308,Internet,Nonpartisan,NA,Trump,42
Delaware,26592,UPI/CVOTER,2016-10-23,2016-10-29,Likely Voters,308,Internet,Nonpartisan,NA,Clinton,55
Delaware,26592,UPI/CVOTER,2016-10-23,2016-10-29,Likely Voters,308,Internet,Nonpartisan,NA,Other,3
Delaware,26592,UPI/CVOTER,2016-10-23,2016-10-29,Likely Voters,308,Internet,Nonpartisan,NA,Undecided,NA
Delaware,26592,UPI/CVOTER,2016-10-23,2016-10-29,Likely Voters,308,Internet,Nonpartisan,NA,Johnson,NA
Delaware,26592,UPI/CVOTER,2016-10-23,2016-10-29,Likely Voters,308,Internet,Nonpartisan,NA,McMullin,NA
Delaware,26441,SurveyMonkey,2016-10-18,2016-10-24,Likely Voters,528,Internet,Nonpartisan,NA,Trump,34
Delaware,26441,SurveyMonkey,2016-10-18,2016-10-24,Likely Voters,528,Internet,Nonpartisan,NA,Clinton,52
Delaware,26441,SurveyMonkey,2016-10-18,2016-10-24,Likely Voters,528,Internet,Nonpartisan,NA,Other,12
Delaware,26441,SurveyMonkey,2016-10-18,2016-10-24,Likely Voters,528,Internet,Nonpartisan,NA,Undecided,2
Delaware,26441,SurveyMonkey,2016-10-18,2016-10-24,Likely Voters,528,Internet,Nonpartisan,NA,Johnson,NA
Delaware,26441,SurveyMonkey,2016-10-18,2016-10-24,Likely Voters,528,Internet,Nonpartisan,NA,McMullin,NA
Delaware,25891,University of Delaware/PSRAI,2016-09-16,2016-09-28,Likely Voters,762,Live Phone,Nonpartisan,NA,Trump,30
Delaware,25891,University of Delaware/PSRAI,2016-09-16,2016-09-28,Likely Voters,762,Live Phone,Nonpartisan,NA,Clinton,51
Delaware,25891,University of Delaware/PSRAI,2016-09-16,2016-09-28,Likely Voters,762,Live Phone,Nonpartisan,NA,Other,9
Delaware,25891,University of Delaware/PSRAI,2016-09-16,2016-09-28,Likely Voters,762,Live Phone,Nonpartisan,NA,Undecided,9
Delaware,25891,University of Delaware/PSRAI,2016-09-16,2016-09-28,Likely Voters,762,Live Phone,Nonpartisan,NA,Johnson,NA
Delaware,25891,University of Delaware/PSRAI,2016-09-16,2016-09-28,Likely Voters,762,Live Phone,Nonpartisan,NA,McMullin,NA
Delaware,25361,WashPost/SurveyMonkey,2016-08-09,2016-09-01,Registered Voters,637,Internet,Nonpartisan,NA,Trump,36
Delaware,25361,WashPost/SurveyMonkey,2016-08-09,2016-09-01,Registered Voters,637,Internet,Nonpartisan,NA,Clinton,50
Delaware,25361,WashPost/SurveyMonkey,2016-08-09,2016-09-01,Registered Voters,637,Internet,Nonpartisan,NA,Other,NA
Delaware,25361,WashPost/SurveyMonkey,2016-08-09,2016-09-01,Registered Voters,637,Internet,Nonpartisan,NA,Undecided,14
Delaware,25361,WashPost/SurveyMonkey,2016-08-09,2016-09-01,Registered Voters,637,Internet,Nonpartisan,NA,Johnson,NA
Delaware,25361,WashPost/SurveyMonkey,2016-08-09,2016-09-01,Registered Voters,637,Internet,Nonpartisan,NA,McMullin,NA
Delaware,24987,Fairleigh Dickinson/Delaware News Journal,2016-07-20,2016-07-24,Registered Voters,715,Live Phone,Nonpartisan,NA,Trump,32
Delaware,24987,Fairleigh Dickinson/Delaware News Journal,2016-07-20,2016-07-24,Registered Voters,715,Live Phone,Nonpartisan,NA,Clinton,42
Delaware,24987,Fairleigh Dickinson/Delaware News Journal,2016-07-20,2016-07-24,Registered Voters,715,Live Phone,Nonpartisan,NA,Other,14
Delaware,24987,Fairleigh Dickinson/Delaware News Journal,2016-07-20,2016-07-24,Registered Voters,715,Live Phone,Nonpartisan,NA,Undecided,12
Delaware,24987,Fairleigh Dickinson/Delaware News Journal,2016-07-20,2016-07-24,Registered Voters,715,Live Phone,Nonpartisan,NA,Johnson,NA
Delaware,24987,Fairleigh Dickinson/Delaware News Journal,2016-07-20,2016-07-24,Registered Voters,715,Live Phone,Nonpartisan,NA,McMullin,NA
Connecticut,26807,SurveyMonkey,2016-11-01,2016-11-07,Likely Voters,1387,Internet,Nonpartisan,NA,Trump,36
Connecticut,26807,SurveyMonkey,2016-11-01,2016-11-07,Likely Voters,1387,Internet,Nonpartisan,NA,Clinton,52
Connecticut,26807,SurveyMonkey,2016-11-01,2016-11-07,Likely Voters,1387,Internet,Nonpartisan,NA,Other,9
Connecticut,26807,SurveyMonkey,2016-11-01,2016-11-07,Likely Voters,1387,Internet,Nonpartisan,NA,Undecided,3
Connecticut,26807,SurveyMonkey,2016-11-01,2016-11-07,Likely Voters,1387,Internet,Nonpartisan,NA,Johnson,NA
Connecticut,26807,SurveyMonkey,2016-11-01,2016-11-07,Likely Voters,1387,Internet,Nonpartisan,NA,McMullin,NA
Connecticut,26793,UPI/CVOTER,2016-10-30,2016-11-06,Likely Voters,327,Internet,Nonpartisan,NA,Trump,40
Connecticut,26793,UPI/CVOTER,2016-10-30,2016-11-06,Likely Voters,327,Internet,Nonpartisan,NA,Clinton,55
Connecticut,26793,UPI/CVOTER,2016-10-30,2016-11-06,Likely Voters,327,Internet,Nonpartisan,NA,Other,5
Connecticut,26793,UPI/CVOTER,2016-10-30,2016-11-06,Likely Voters,327,Internet,Nonpartisan,NA,Undecided,NA
Connecticut,26793,UPI/CVOTER,2016-10-30,2016-11-06,Likely Voters,327,Internet,Nonpartisan,NA,Johnson,NA
Connecticut,26793,UPI/CVOTER,2016-10-30,2016-11-06,Likely Voters,327,Internet,Nonpartisan,NA,McMullin,NA
Connecticut,26806,Ipsos/Reuters,2016-10-17,2016-11-06,Likely Voters,515,Internet,Nonpartisan,NA,Trump,40
Connecticut,26806,Ipsos/Reuters,2016-10-17,2016-11-06,Likely Voters,515,Internet,Nonpartisan,NA,Clinton,50
Connecticut,26806,Ipsos/Reuters,2016-10-17,2016-11-06,Likely Voters,515,Internet,Nonpartisan,NA,Other,NA
Connecticut,26806,Ipsos/Reuters,2016-10-17,2016-11-06,Likely Voters,515,Internet,Nonpartisan,NA,Undecided,10
Connecticut,26806,Ipsos/Reuters,2016-10-17,2016-11-06,Likely Voters,515,Internet,Nonpartisan,NA,Johnson,NA
Connecticut,26806,Ipsos/Reuters,2016-10-17,2016-11-06,Likely Voters,515,Internet,Nonpartisan,NA,McMullin,NA
Connecticut,26596,SurveyMonkey,2016-10-25,2016-10-31,Likely Voters,554,Internet,Nonpartisan,NA,Trump,39
Connecticut,26596,SurveyMonkey,2016-10-25,2016-10-31,Likely Voters,554,Internet,Nonpartisan,NA,Clinton,51
Connecticut,26596,SurveyMonkey,2016-10-25,2016-10-31,Likely Voters,554,Internet,Nonpartisan,NA,Other,9
Connecticut,26596,SurveyMonkey,2016-10-25,2016-10-31,Likely Voters,554,Internet,Nonpartisan,NA,Undecided,2
Connecticut,26596,SurveyMonkey,2016-10-25,2016-10-31,Likely Voters,554,Internet,Nonpartisan,NA,Johnson,NA
Connecticut,26596,SurveyMonkey,2016-10-25,2016-10-31,Likely Voters,554,Internet,Nonpartisan,NA,McMullin,NA
Connecticut,26592,UPI/CVOTER,2016-10-23,2016-10-29,Likely Voters,326,Internet,Nonpartisan,NA,Trump,43
Connecticut,26592,UPI/CVOTER,2016-10-23,2016-10-29,Likely Voters,326,Internet,Nonpartisan,NA,Clinton,54
Connecticut,26592,UPI/CVOTER,2016-10-23,2016-10-29,Likely Voters,326,Internet,Nonpartisan,NA,Other,3
Connecticut,26592,UPI/CVOTER,2016-10-23,2016-10-29,Likely Voters,326,Internet,Nonpartisan,NA,Undecided,NA
Connecticut,26592,UPI/CVOTER,2016-10-23,2016-10-29,Likely Voters,326,Internet,Nonpartisan,NA,Johnson,NA
Connecticut,26592,UPI/CVOTER,2016-10-23,2016-10-29,Likely Voters,326,Internet,Nonpartisan,NA,McMullin,NA
Connecticut,26441,SurveyMonkey,2016-10-18,2016-10-24,Likely Voters,515,Internet,Nonpartisan,NA,Trump,36
Connecticut,26441,SurveyMonkey,2016-10-18,2016-10-24,Likely Voters,515,Internet,Nonpartisan,NA,Clinton,50
Connecticut,26441,SurveyMonkey,2016-10-18,2016-10-24,Likely Voters,515,Internet,Nonpartisan,NA,Other,11
Connecticut,26441,SurveyMonkey,2016-10-18,2016-10-24,Likely Voters,515,Internet,Nonpartisan,NA,Undecided,2
Connecticut,26441,SurveyMonkey,2016-10-18,2016-10-24,Likely Voters,515,Internet,Nonpartisan,NA,Johnson,NA
Connecticut,26441,SurveyMonkey,2016-10-18,2016-10-24,Likely Voters,515,Internet,Nonpartisan,NA,McMullin,NA
Connecticut,26344,Ipsos/Reuters,2016-09-23,2016-10-13,Likely Voters,741,Internet,Nonpartisan,NA,Trump,36
Connecticut,26344,Ipsos/Reuters,2016-09-23,2016-10-13,Likely Voters,741,Internet,Nonpartisan,NA,Clinton,53
Connecticut,26344,Ipsos/Reuters,2016-09-23,2016-10-13,Likely Voters,741,Internet,Nonpartisan,NA,Other,NA
Connecticut,26344,Ipsos/Reuters,2016-09-23,2016-10-13,Likely Voters,741,Internet,Nonpartisan,NA,Undecided,11
Connecticut,26344,Ipsos/Reuters,2016-09-23,2016-10-13,Likely Voters,741,Internet,Nonpartisan,NA,Johnson,NA
Connecticut,26344,Ipsos/Reuters,2016-09-23,2016-10-13,Likely Voters,741,Internet,Nonpartisan,NA,McMullin,NA
Connecticut,26102,Ipsos/Reuters,2016-09-16,2016-10-06,Likely Voters,506,Internet,Nonpartisan,NA,Trump,35
Connecticut,26102,Ipsos/Reuters,2016-09-16,2016-10-06,Likely Voters,506,Internet,Nonpartisan,NA,Clinton,53
Connecticut,26102,Ipsos/Reuters,2016-09-16,2016-10-06,Likely Voters,506,Internet,Nonpartisan,NA,Other,NA
Connecticut,26102,Ipsos/Reuters,2016-09-16,2016-10-06,Likely Voters,506,Internet,Nonpartisan,NA,Undecided,12
Connecticut,26102,Ipsos/Reuters,2016-09-16,2016-10-06,Likely Voters,506,Internet,Nonpartisan,NA,Johnson,NA
Connecticut,26102,Ipsos/Reuters,2016-09-16,2016-10-06,Likely Voters,506,Internet,Nonpartisan,NA,McMullin,NA
Connecticut,25542,Ipsos/Reuters,2016-08-26,2016-09-15,Likely Voters,674,Internet,Nonpartisan,NA,Trump,37
Connecticut,25542,Ipsos/Reuters,2016-08-26,2016-09-15,Likely Voters,674,Internet,Nonpartisan,NA,Clinton,47
Connecticut,25542,Ipsos/Reuters,2016-08-26,2016-09-15,Likely Voters,674,Internet,Nonpartisan,NA,Other,NA
Connecticut,25542,Ipsos/Reuters,2016-08-26,2016-09-15,Likely Voters,674,Internet,Nonpartisan,NA,Undecided,16
Connecticut,25542,Ipsos/Reuters,2016-08-26,2016-09-15,Likely Voters,674,Internet,Nonpartisan,NA,Johnson,NA
Connecticut,25542,Ipsos/Reuters,2016-08-26,2016-09-15,Likely Voters,674,Internet,Nonpartisan,NA,McMullin,NA
Connecticut,25360,WashPost/SurveyMonkey,2016-08-09,2016-09-01,Registered Voters,1053,Internet,Nonpartisan,NA,Trump,39
Connecticut,25360,WashPost/SurveyMonkey,2016-08-09,2016-09-01,Registered Voters,1053,Internet,Nonpartisan,NA,Clinton,51
Connecticut,25360,WashPost/SurveyMonkey,2016-08-09,2016-09-01,Registered Voters,1053,Internet,Nonpartisan,NA,Other,NA
Connecticut,25360,WashPost/SurveyMonkey,2016-08-09,2016-09-01,Registered Voters,1053,Internet,Nonpartisan,NA,Undecided,10
Connecticut,25360,WashPost/SurveyMonkey,2016-08-09,2016-09-01,Registered Voters,1053,Internet,Nonpartisan,NA,Johnson,NA
Connecticut,25360,WashPost/SurveyMonkey,2016-08-09,2016-09-01,Registered Voters,1053,Internet,Nonpartisan,NA,McMullin,NA
Connecticut,24627,Quinnipiac,2016-06-01,2016-06-05,Registered Voters,1030,Live Phone,Nonpartisan,NA,Trump,38
Connecticut,24627,Quinnipiac,2016-06-01,2016-06-05,Registered Voters,1030,Live Phone,Nonpartisan,NA,Clinton,45
Connecticut,24627,Quinnipiac,2016-06-01,2016-06-05,Registered Voters,1030,Live Phone,Nonpartisan,NA,Other,3
Connecticut,24627,Quinnipiac,2016-06-01,2016-06-05,Registered Voters,1030,Live Phone,Nonpartisan,NA,Undecided,14
Connecticut,24627,Quinnipiac,2016-06-01,2016-06-05,Registered Voters,1030,Live Phone,Nonpartisan,NA,Johnson,NA
Connecticut,24627,Quinnipiac,2016-06-01,2016-06-05,Registered Voters,1030,Live Phone,Nonpartisan,NA,McMullin,NA
Connecticut,24256,Emerson College Polling Society,2016-04-10,2016-04-11,Likely Voters,1043,Automated Phone,Nonpartisan,NA,Trump,40
Connecticut,24256,Emerson College Polling Society,2016-04-10,2016-04-11,Likely Voters,1043,Automated Phone,Nonpartisan,NA,Clinton,48
Connecticut,24256,Emerson College Polling Society,2016-04-10,2016-04-11,Likely Voters,1043,Automated Phone,Nonpartisan,NA,Other,NA
Connecticut,24256,Emerson College Polling Society,2016-04-10,2016-04-11,Likely Voters,1043,Automated Phone,Nonpartisan,NA,Undecided,12
Connecticut,24256,Emerson College Polling Society,2016-04-10,2016-04-11,Likely Voters,1043,Automated Phone,Nonpartisan,NA,Johnson,NA
Connecticut,24256,Emerson College Polling Society,2016-04-10,2016-04-11,Likely Voters,1043,Automated Phone,Nonpartisan,NA,McMullin,NA
Connecticut,22907,Quinnipiac,2015-10-07,2015-10-11,Registered Voters,1735,Live Phone,Nonpartisan,NA,Trump,40
Connecticut,22907,Quinnipiac,2015-10-07,2015-10-11,Registered Voters,1735,Live Phone,Nonpartisan,NA,Clinton,47
Connecticut,22907,Quinnipiac,2015-10-07,2015-10-11,Registered Voters,1735,Live Phone,Nonpartisan,NA,Other,2
Connecticut,22907,Quinnipiac,2015-10-07,2015-10-11,Registered Voters,1735,Live Phone,Nonpartisan,NA,Undecided,11
Connecticut,22907,Quinnipiac,2015-10-07,2015-10-11,Registered Voters,1735,Live Phone,Nonpartisan,NA,Johnson,NA
Connecticut,22907,Quinnipiac,2015-10-07,2015-10-11,Registered Voters,1735,Live Phone,Nonpartisan,NA,McMullin,NA
Arkansas,26807,SurveyMonkey,2016-11-01,2016-11-07,Likely Voters,930,Internet,Nonpartisan,NA,Trump,56
Arkansas,26807,SurveyMonkey,2016-11-01,2016-11-07,Likely Voters,930,Internet,Nonpartisan,NA,Clinton,32
Arkansas,26807,SurveyMonkey,2016-11-01,2016-11-07,Likely Voters,930,Internet,Nonpartisan,NA,Other,9
Arkansas,26807,SurveyMonkey,2016-11-01,2016-11-07,Likely Voters,930,Internet,Nonpartisan,NA,Undecided,2
Arkansas,26807,SurveyMonkey,2016-11-01,2016-11-07,Likely Voters,930,Internet,Nonpartisan,NA,Johnson,NA
Arkansas,26807,SurveyMonkey,2016-11-01,2016-11-07,Likely Voters,930,Internet,Nonpartisan,NA,McMullin,NA
Arkansas,26793,UPI/CVOTER,2016-10-30,2016-11-06,Likely Voters,323,Internet,Nonpartisan,NA,Trump,57
Arkansas,26793,UPI/CVOTER,2016-10-30,2016-11-06,Likely Voters,323,Internet,Nonpartisan,NA,Clinton,37
Arkansas,26793,UPI/CVOTER,2016-10-30,2016-11-06,Likely Voters,323,Internet,Nonpartisan,NA,Other,6
Arkansas,26793,UPI/CVOTER,2016-10-30,2016-11-06,Likely Voters,323,Internet,Nonpartisan,NA,Undecided,NA
Arkansas,26793,UPI/CVOTER,2016-10-30,2016-11-06,Likely Voters,323,Internet,Nonpartisan,NA,Johnson,NA
Arkansas,26793,UPI/CVOTER,2016-10-30,2016-11-06,Likely Voters,323,Internet,Nonpartisan,NA,McMullin,NA
Arkansas,26806,Ipsos/Reuters,2016-10-17,2016-11-06,Likely Voters,515,Internet,Nonpartisan,NA,Trump,53
Arkansas,26806,Ipsos/Reuters,2016-10-17,2016-11-06,Likely Voters,515,Internet,Nonpartisan,NA,Clinton,38
Arkansas,26806,Ipsos/Reuters,2016-10-17,2016-11-06,Likely Voters,515,Internet,Nonpartisan,NA,Other,NA
Arkansas,26806,Ipsos/Reuters,2016-10-17,2016-11-06,Likely Voters,515,Internet,Nonpartisan,NA,Undecided,9
Arkansas,26806,Ipsos/Reuters,2016-10-17,2016-11-06,Likely Voters,515,Internet,Nonpartisan,NA,Johnson,NA
Arkansas,26806,Ipsos/Reuters,2016-10-17,2016-11-06,Likely Voters,515,Internet,Nonpartisan,NA,McMullin,NA
Arkansas,26596,SurveyMonkey,2016-10-25,2016-10-31,Likely Voters,484,Internet,Nonpartisan,NA,Trump,52
Arkansas,26596,SurveyMonkey,2016-10-25,2016-10-31,Likely Voters,484,Internet,Nonpartisan,NA,Clinton,39
Arkansas,26596,SurveyMonkey,2016-10-25,2016-10-31,Likely Voters,484,Internet,Nonpartisan,NA,Other,7
Arkansas,26596,SurveyMonkey,2016-10-25,2016-10-31,Likely Voters,484,Internet,Nonpartisan,NA,Undecided,2
Arkansas,26596,SurveyMonkey,2016-10-25,2016-10-31,Likely Voters,484,Internet,Nonpartisan,NA,Johnson,NA
Arkansas,26596,SurveyMonkey,2016-10-25,2016-10-31,Likely Voters,484,Internet,Nonpartisan,NA,McMullin,NA
Arkansas,26592,UPI/CVOTER,2016-10-23,2016-10-29,Likely Voters,324,Internet,Nonpartisan,NA,Trump,58
Arkansas,26592,UPI/CVOTER,2016-10-23,2016-10-29,Likely Voters,324,Internet,Nonpartisan,NA,Clinton,37
Arkansas,26592,UPI/CVOTER,2016-10-23,2016-10-29,Likely Voters,324,Internet,Nonpartisan,NA,Other,5
Arkansas,26592,UPI/CVOTER,2016-10-23,2016-10-29,Likely Voters,324,Internet,Nonpartisan,NA,Undecided,NA
Arkansas,26592,UPI/CVOTER,2016-10-23,2016-10-29,Likely Voters,324,Internet,Nonpartisan,NA,Johnson,NA
Arkansas,26592,UPI/CVOTER,2016-10-23,2016-10-29,Likely Voters,324,Internet,Nonpartisan,NA,McMullin,NA
Arkansas,26670,U of Arkansas,2016-10-18,2016-10-25,Likely Voters,585,Live Phone,Nonpartisan,NA,Trump,51
Arkansas,26670,U of Arkansas,2016-10-18,2016-10-25,Likely Voters,585,Live Phone,Nonpartisan,NA,Clinton,31
Arkansas,26670,U of Arkansas,2016-10-18,2016-10-25,Likely Voters,585,Live Phone,Nonpartisan,NA,Other,NA
Arkansas,26670,U of Arkansas,2016-10-18,2016-10-25,Likely Voters,585,Live Phone,Nonpartisan,NA,Undecided,18
Arkansas,26670,U of Arkansas,2016-10-18,2016-10-25,Likely Voters,585,Live Phone,Nonpartisan,NA,Johnson,NA
Arkansas,26670,U of Arkansas,2016-10-18,2016-10-25,Likely Voters,585,Live Phone,Nonpartisan,NA,McMullin,NA
Arkansas,26441,SurveyMonkey,2016-10-18,2016-10-24,Likely Voters,498,Internet,Nonpartisan,NA,Trump,54
Arkansas,26441,SurveyMonkey,2016-10-18,2016-10-24,Likely Voters,498,Internet,Nonpartisan,NA,Clinton,33
Arkansas,26441,SurveyMonkey,2016-10-18,2016-10-24,Likely Voters,498,Internet,Nonpartisan,NA,Other,12
Arkansas,26441,SurveyMonkey,2016-10-18,2016-10-24,Likely Voters,498,Internet,Nonpartisan,NA,Undecided,2
Arkansas,26441,SurveyMonkey,2016-10-18,2016-10-24,Likely Voters,498,Internet,Nonpartisan,NA,Johnson,NA
Arkansas,26441,SurveyMonkey,2016-10-18,2016-10-24,Likely Voters,498,Internet,Nonpartisan,NA,McMullin,NA
Arkansas,26344,Ipsos/Reuters,2016-09-23,2016-10-13,Likely Voters,495,Internet,Nonpartisan,NA,Trump,52
Arkansas,26344,Ipsos/Reuters,2016-09-23,2016-10-13,Likely Voters,495,Internet,Nonpartisan,NA,Clinton,36
Arkansas,26344,Ipsos/Reuters,2016-09-23,2016-10-13,Likely Voters,495,Internet,Nonpartisan,NA,Other,NA
Arkansas,26344,Ipsos/Reuters,2016-09-23,2016-10-13,Likely Voters,495,Internet,Nonpartisan,NA,Undecided,12
Arkansas,26344,Ipsos/Reuters,2016-09-23,2016-10-13,Likely Voters,495,Internet,Nonpartisan,NA,Johnson,NA
Arkansas,26344,Ipsos/Reuters,2016-09-23,2016-10-13,Likely Voters,495,Internet,Nonpartisan,NA,McMullin,NA
Arkansas,26099,Ipsos/Reuters,2016-09-16,2016-10-06,Likely Voters,475,Internet,Nonpartisan,NA,Trump,53
Arkansas,26099,Ipsos/Reuters,2016-09-16,2016-10-06,Likely Voters,475,Internet,Nonpartisan,NA,Clinton,38
Arkansas,26099,Ipsos/Reuters,2016-09-16,2016-10-06,Likely Voters,475,Internet,Nonpartisan,NA,Other,NA
Arkansas,26099,Ipsos/Reuters,2016-09-16,2016-10-06,Likely Voters,475,Internet,Nonpartisan,NA,Undecided,9
Arkansas,26099,Ipsos/Reuters,2016-09-16,2016-10-06,Likely Voters,475,Internet,Nonpartisan,NA,Johnson,NA
Arkansas,26099,Ipsos/Reuters,2016-09-16,2016-10-06,Likely Voters,475,Internet,Nonpartisan,NA,McMullin,NA
Arkansas,25539,Ipsos/Reuters,2016-08-26,2016-09-15,Likely Voters,437,Internet,Nonpartisan,NA,Trump,51
Arkansas,25539,Ipsos/Reuters,2016-08-26,2016-09-15,Likely Voters,437,Internet,Nonpartisan,NA,Clinton,41
Arkansas,25539,Ipsos/Reuters,2016-08-26,2016-09-15,Likely Voters,437,Internet,Nonpartisan,NA,Other,NA
Arkansas,25539,Ipsos/Reuters,2016-08-26,2016-09-15,Likely Voters,437,Internet,Nonpartisan,NA,Undecided,8
Arkansas,25539,Ipsos/Reuters,2016-08-26,2016-09-15,Likely Voters,437,Internet,Nonpartisan,NA,Johnson,NA
Arkansas,25539,Ipsos/Reuters,2016-08-26,2016-09-15,Likely Voters,437,Internet,Nonpartisan,NA,McMullin,NA
Arkansas,25358,WashPost/SurveyMonkey,2016-08-09,2016-09-01,Registered Voters,765,Internet,Nonpartisan,NA,Trump,54
Arkansas,25358,WashPost/SurveyMonkey,2016-08-09,2016-09-01,Registered Voters,765,Internet,Nonpartisan,NA,Clinton,41
Arkansas,25358,WashPost/SurveyMonkey,2016-08-09,2016-09-01,Registered Voters,765,Internet,Nonpartisan,NA,Other,NA
Arkansas,25358,WashPost/SurveyMonkey,2016-08-09,2016-09-01,Registered Voters,765,Internet,Nonpartisan,NA,Undecided,5
Arkansas,25358,WashPost/SurveyMonkey,2016-08-09,2016-09-01,Registered Voters,765,Internet,Nonpartisan,NA,Johnson,NA
Arkansas,25358,WashPost/SurveyMonkey,2016-08-09,2016-09-01,Registered Voters,765,Internet,Nonpartisan,NA,McMullin,NA
Arkansas,24779,Hendrix College/Talk Business,2016-06-21,2016-06-21,Registered Voters,751,Automated Phone,Nonpartisan,NA,Trump,47
Arkansas,24779,Hendrix College/Talk Business,2016-06-21,2016-06-21,Registered Voters,751,Automated Phone,Nonpartisan,NA,Clinton,36
Arkansas,24779,Hendrix College/Talk Business,2016-06-21,2016-06-21,Registered Voters,751,Automated Phone,Nonpartisan,NA,Other,8
Arkansas,24779,Hendrix College/Talk Business,2016-06-21,2016-06-21,Registered Voters,751,Automated Phone,Nonpartisan,NA,Undecided,9
Arkansas,24779,Hendrix College/Talk Business,2016-06-21,2016-06-21,Registered Voters,751,Automated Phone,Nonpartisan,NA,Johnson,NA
Arkansas,24779,Hendrix College/Talk Business,2016-06-21,2016-06-21,Registered Voters,751,Automated Phone,Nonpartisan,NA,McMullin,NA
Alaska,26807,SurveyMonkey,2016-11-01,2016-11-07,Likely Voters,409,Internet,Nonpartisan,NA,Trump,48
Alaska,26807,SurveyMonkey,2016-11-01,2016-11-07,Likely Voters,409,Internet,Nonpartisan,NA,Clinton,31
Alaska,26807,SurveyMonkey,2016-11-01,2016-11-07,Likely Voters,409,Internet,Nonpartisan,NA,Other,7
Alaska,26807,SurveyMonkey,2016-11-01,2016-11-07,Likely Voters,409,Internet,Nonpartisan,NA,Undecided,3
Alaska,26807,SurveyMonkey,2016-11-01,2016-11-07,Likely Voters,409,Internet,Nonpartisan,NA,Johnson,12
Alaska,26807,SurveyMonkey,2016-11-01,2016-11-07,Likely Voters,409,Internet,Nonpartisan,NA,McMullin,NA
Alaska,26793,UPI/CVOTER,2016-10-30,2016-11-06,Likely Voters,308,Internet,Nonpartisan,NA,Trump,53
Alaska,26793,UPI/CVOTER,2016-10-30,2016-11-06,Likely Voters,308,Internet,Nonpartisan,NA,Clinton,41
Alaska,26793,UPI/CVOTER,2016-10-30,2016-11-06,Likely Voters,308,Internet,Nonpartisan,NA,Other,NA
Alaska,26793,UPI/CVOTER,2016-10-30,2016-11-06,Likely Voters,308,Internet,Nonpartisan,NA,Undecided,7
Alaska,26793,UPI/CVOTER,2016-10-30,2016-11-06,Likely Voters,308,Internet,Nonpartisan,NA,Johnson,NA
Alaska,26793,UPI/CVOTER,2016-10-30,2016-11-06,Likely Voters,308,Internet,Nonpartisan,NA,McMullin,NA
Alaska,26596,SurveyMonkey,2016-10-25,2016-10-31,Likely Voters,300,Internet,Nonpartisan,NA,Trump,46
Alaska,26596,SurveyMonkey,2016-10-25,2016-10-31,Likely Voters,300,Internet,Nonpartisan,NA,Clinton,38
Alaska,26596,SurveyMonkey,2016-10-25,2016-10-31,Likely Voters,300,Internet,Nonpartisan,NA,Other,2
Alaska,26596,SurveyMonkey,2016-10-25,2016-10-31,Likely Voters,300,Internet,Nonpartisan,NA,Undecided,2
Alaska,26596,SurveyMonkey,2016-10-25,2016-10-31,Likely Voters,300,Internet,Nonpartisan,NA,Johnson,13
Alaska,26596,SurveyMonkey,2016-10-25,2016-10-31,Likely Voters,300,Internet,Nonpartisan,NA,McMullin,NA
Alaska,26592,UPI/CVOTER,2016-10-23,2016-10-29,Likely Voters,304,Internet,Nonpartisan,NA,Trump,55
Alaska,26592,UPI/CVOTER,2016-10-23,2016-10-29,Likely Voters,304,Internet,Nonpartisan,NA,Clinton,41
Alaska,26592,UPI/CVOTER,2016-10-23,2016-10-29,Likely Voters,304,Internet,Nonpartisan,NA,Other,NA
Alaska,26592,UPI/CVOTER,2016-10-23,2016-10-29,Likely Voters,304,Internet,Nonpartisan,NA,Undecided,4
Alaska,26592,UPI/CVOTER,2016-10-23,2016-10-29,Likely Voters,304,Internet,Nonpartisan,NA,Johnson,NA
Alaska,26592,UPI/CVOTER,2016-10-23,2016-10-29,Likely Voters,304,Internet,Nonpartisan,NA,McMullin,NA
Alaska,26551,Craciun Research (D),2016-10-21,2016-10-26,Likely Voters,400,Live Phone,Pollster,Dem,Trump,43
Alaska,26551,Craciun Research (D),2016-10-21,2016-10-26,Likely Voters,400,Live Phone,Pollster,Dem,Clinton,47
Alaska,26551,Craciun Research (D),2016-10-21,2016-10-26,Likely Voters,400,Live Phone,Pollster,Dem,Other,3
Alaska,26551,Craciun Research (D),2016-10-21,2016-10-26,Likely Voters,400,Live Phone,Pollster,Dem,Undecided,NA
Alaska,26551,Craciun Research (D),2016-10-21,2016-10-26,Likely Voters,400,Live Phone,Pollster,Dem,Johnson,7
Alaska,26551,Craciun Research (D),2016-10-21,2016-10-26,Likely Voters,400,Live Phone,Pollster,Dem,McMullin,NA
Alaska,26441,SurveyMonkey,2016-10-18,2016-10-24,Likely Voters,443,Internet,Nonpartisan,NA,Trump,46
Alaska,26441,SurveyMonkey,2016-10-18,2016-10-24,Likely Voters,443,Internet,Nonpartisan,NA,Clinton,31
Alaska,26441,SurveyMonkey,2016-10-18,2016-10-24,Likely Voters,443,Internet,Nonpartisan,NA,Other,5
Alaska,26441,SurveyMonkey,2016-10-18,2016-10-24,Likely Voters,443,Internet,Nonpartisan,NA,Undecided,2
Alaska,26441,SurveyMonkey,2016-10-18,2016-10-24,Likely Voters,443,Internet,Nonpartisan,NA,Johnson,16
Alaska,26441,SurveyMonkey,2016-10-18,2016-10-24,Likely Voters,443,Internet,Nonpartisan,NA,McMullin,NA
Alaska,26094,Moore (R-Murkowski),2016-10-05,2016-10-06,Likely Voters,500,Live Phone,Sponsor,Rep,Trump,37
Alaska,26094,Moore (R-Murkowski),2016-10-05,2016-10-06,Likely Voters,500,Live Phone,Sponsor,Rep,Clinton,34
Alaska,26094,Moore (R-Murkowski),2016-10-05,2016-10-06,Likely Voters,500,Live Phone,Sponsor,Rep,Other,2
Alaska,26094,Moore (R-Murkowski),2016-10-05,2016-10-06,Likely Voters,500,Live Phone,Sponsor,Rep,Undecided,18
Alaska,26094,Moore (R-Murkowski),2016-10-05,2016-10-06,Likely Voters,500,Live Phone,Sponsor,Rep,Johnson,10
Alaska,26094,Moore (R-Murkowski),2016-10-05,2016-10-06,Likely Voters,500,Live Phone,Sponsor,Rep,McMullin,NA
Alaska,26166,Alaska Survey Research/Alaska Dispatch News,2016-09-28,2016-10-02,Registered Voters,660,Live Phone,Nonpartisan,NA,Trump,46
Alaska,26166,Alaska Survey Research/Alaska Dispatch News,2016-09-28,2016-10-02,Registered Voters,660,Live Phone,Nonpartisan,NA,Clinton,42
Alaska,26166,Alaska Survey Research/Alaska Dispatch News,2016-09-28,2016-10-02,Registered Voters,660,Live Phone,Nonpartisan,NA,Other,NA
Alaska,26166,Alaska Survey Research/Alaska Dispatch News,2016-09-28,2016-10-02,Registered Voters,660,Live Phone,Nonpartisan,NA,Undecided,12
Alaska,26166,Alaska Survey Research/Alaska Dispatch News,2016-09-28,2016-10-02,Registered Voters,660,Live Phone,Nonpartisan,NA,Johnson,NA
Alaska,26166,Alaska Survey Research/Alaska Dispatch News,2016-09-28,2016-10-02,Registered Voters,660,Live Phone,Nonpartisan,NA,McMullin,NA
Alaska,26093,Moore (R-Murkowski),2016-09-13,2016-09-15,Likely Voters,500,Live Phone,Sponsor,Rep,Trump,39
Alaska,26093,Moore (R-Murkowski),2016-09-13,2016-09-15,Likely Voters,500,Live Phone,Sponsor,Rep,Clinton,31
Alaska,26093,Moore (R-Murkowski),2016-09-13,2016-09-15,Likely Voters,500,Live Phone,Sponsor,Rep,Other,4
Alaska,26093,Moore (R-Murkowski),2016-09-13,2016-09-15,Likely Voters,500,Live Phone,Sponsor,Rep,Undecided,16
Alaska,26093,Moore (R-Murkowski),2016-09-13,2016-09-15,Likely Voters,500,Live Phone,Sponsor,Rep,Johnson,9
Alaska,26093,Moore (R-Murkowski),2016-09-13,2016-09-15,Likely Voters,500,Live Phone,Sponsor,Rep,McMullin,NA
Alaska,25357,WashPost/SurveyMonkey,2016-08-09,2016-09-01,Registered Voters,989,Internet,Nonpartisan,NA,Trump,47
Alaska,25357,WashPost/SurveyMonkey,2016-08-09,2016-09-01,Registered Voters,989,Internet,Nonpartisan,NA,Clinton,39
Alaska,25357,WashPost/SurveyMonkey,2016-08-09,2016-09-01,Registered Voters,989,Internet,Nonpartisan,NA,Other,NA
Alaska,25357,WashPost/SurveyMonkey,2016-08-09,2016-09-01,Registered Voters,989,Internet,Nonpartisan,NA,Undecided,14
Alaska,25357,WashPost/SurveyMonkey,2016-08-09,2016-09-01,Registered Voters,989,Internet,Nonpartisan,NA,Johnson,NA
Alaska,25357,WashPost/SurveyMonkey,2016-08-09,2016-09-01,Registered Voters,989,Internet,Nonpartisan,NA,McMullin,NA
Alaska,25407,Moore (R-Murkowski),2016-08-27,2016-08-29,Likely Voters,500,Live Phone,Sponsor,Rep,Trump,39
Alaska,25407,Moore (R-Murkowski),2016-08-27,2016-08-29,Likely Voters,500,Live Phone,Sponsor,Rep,Clinton,29
Alaska,25407,Moore (R-Murkowski),2016-08-27,2016-08-29,Likely Voters,500,Live Phone,Sponsor,Rep,Other,4
Alaska,25407,Moore (R-Murkowski),2016-08-27,2016-08-29,Likely Voters,500,Live Phone,Sponsor,Rep,Undecided,17
Alaska,25407,Moore (R-Murkowski),2016-08-27,2016-08-29,Likely Voters,500,Live Phone,Sponsor,Rep,Johnson,10
Alaska,25407,Moore (R-Murkowski),2016-08-27,2016-08-29,Likely Voters,500,Live Phone,Sponsor,Rep,McMullin,NA
Alabama,26807,SurveyMonkey,2016-11-01,2016-11-07,Likely Voters,1131,Internet,Nonpartisan,NA,Trump,55
Alabama,26807,SurveyMonkey,2016-11-01,2016-11-07,Likely Voters,1131,Internet,Nonpartisan,NA,Clinton,36
Alabama,26807,SurveyMonkey,2016-11-01,2016-11-07,Likely Voters,1131,Internet,Nonpartisan,NA,Other,NA
Alabama,26807,SurveyMonkey,2016-11-01,2016-11-07,Likely Voters,1131,Internet,Nonpartisan,NA,Undecided,2
Alabama,26807,SurveyMonkey,2016-11-01,2016-11-07,Likely Voters,1131,Internet,Nonpartisan,NA,Johnson,NA
Alabama,26807,SurveyMonkey,2016-11-01,2016-11-07,Likely Voters,1131,Internet,Nonpartisan,NA,McMullin,NA
Alabama,26793,UPI/CVOTER,2016-10-30,2016-11-06,Likely Voters,341,Internet,Nonpartisan,NA,Trump,58
Alabama,26793,UPI/CVOTER,2016-10-30,2016-11-06,Likely Voters,341,Internet,Nonpartisan,NA,Clinton,37
Alabama,26793,UPI/CVOTER,2016-10-30,2016-11-06,Likely Voters,341,Internet,Nonpartisan,NA,Other,NA
Alabama,26793,UPI/CVOTER,2016-10-30,2016-11-06,Likely Voters,341,Internet,Nonpartisan,NA,Undecided,5
Alabama,26793,UPI/CVOTER,2016-10-30,2016-11-06,Likely Voters,341,Internet,Nonpartisan,NA,Johnson,NA
Alabama,26793,UPI/CVOTER,2016-10-30,2016-11-06,Likely Voters,341,Internet,Nonpartisan,NA,McMullin,NA
Alabama,26806,Ipsos/Reuters,2016-10-17,2016-11-06,Likely Voters,585,Internet,Nonpartisan,NA,Trump,54
Alabama,26806,Ipsos/Reuters,2016-10-17,2016-11-06,Likely Voters,585,Internet,Nonpartisan,NA,Clinton,38
Alabama,26806,Ipsos/Reuters,2016-10-17,2016-11-06,Likely Voters,585,Internet,Nonpartisan,NA,Other,NA
Alabama,26806,Ipsos/Reuters,2016-10-17,2016-11-06,Likely Voters,585,Internet,Nonpartisan,NA,Undecided,8
Alabama,26806,Ipsos/Reuters,2016-10-17,2016-11-06,Likely Voters,585,Internet,Nonpartisan,NA,Johnson,NA
Alabama,26806,Ipsos/Reuters,2016-10-17,2016-11-06,Likely Voters,585,Internet,Nonpartisan,NA,McMullin,NA
Alabama,26596,SurveyMonkey,2016-10-25,2016-10-31,Likely Voters,485,Internet,Nonpartisan,NA,Trump,55
Alabama,26596,SurveyMonkey,2016-10-25,2016-10-31,Likely Voters,485,Internet,Nonpartisan,NA,Clinton,35
Alabama,26596,SurveyMonkey,2016-10-25,2016-10-31,Likely Voters,485,Internet,Nonpartisan,NA,Other,NA
Alabama,26596,SurveyMonkey,2016-10-25,2016-10-31,Likely Voters,485,Internet,Nonpartisan,NA,Undecided,3
Alabama,26596,SurveyMonkey,2016-10-25,2016-10-31,Likely Voters,485,Internet,Nonpartisan,NA,Johnson,NA
Alabama,26596,SurveyMonkey,2016-10-25,2016-10-31,Likely Voters,485,Internet,Nonpartisan,NA,McMullin,NA
Alabama,26592,UPI/CVOTER,2016-10-23,2016-10-29,Likely Voters,349,Internet,Nonpartisan,NA,Trump,58
Alabama,26592,UPI/CVOTER,2016-10-23,2016-10-29,Likely Voters,349,Internet,Nonpartisan,NA,Clinton,37
Alabama,26592,UPI/CVOTER,2016-10-23,2016-10-29,Likely Voters,349,Internet,Nonpartisan,NA,Other,NA
Alabama,26592,UPI/CVOTER,2016-10-23,2016-10-29,Likely Voters,349,Internet,Nonpartisan,NA,Undecided,5
Alabama,26592,UPI/CVOTER,2016-10-23,2016-10-29,Likely Voters,349,Internet,Nonpartisan,NA,Johnson,NA
Alabama,26592,UPI/CVOTER,2016-10-23,2016-10-29,Likely Voters,349,Internet,Nonpartisan,NA,McMullin,NA
Alabama,26441,SurveyMonkey,2016-10-18,2016-10-24,Likely Voters,415,Internet,Nonpartisan,NA,Trump,52
Alabama,26441,SurveyMonkey,2016-10-18,2016-10-24,Likely Voters,415,Internet,Nonpartisan,NA,Clinton,36
Alabama,26441,SurveyMonkey,2016-10-18,2016-10-24,Likely Voters,415,Internet,Nonpartisan,NA,Other,NA
Alabama,26441,SurveyMonkey,2016-10-18,2016-10-24,Likely Voters,415,Internet,Nonpartisan,NA,Undecided,2
Alabama,26441,SurveyMonkey,2016-10-18,2016-10-24,Likely Voters,415,Internet,Nonpartisan,NA,Johnson,NA
Alabama,26441,SurveyMonkey,2016-10-18,2016-10-24,Likely Voters,415,Internet,Nonpartisan,NA,McMullin,NA
Alabama,26288,UPI/CVOTER,2016-10-09,2016-10-16,Likely Voters,327,Internet,Nonpartisan,NA,Trump,57
Alabama,26288,UPI/CVOTER,2016-10-09,2016-10-16,Likely Voters,327,Internet,Nonpartisan,NA,Clinton,38
Alabama,26288,UPI/CVOTER,2016-10-09,2016-10-16,Likely Voters,327,Internet,Nonpartisan,NA,Other,NA
Alabama,26288,UPI/CVOTER,2016-10-09,2016-10-16,Likely Voters,327,Internet,Nonpartisan,NA,Undecided,NA
Alabama,26288,UPI/CVOTER,2016-10-09,2016-10-16,Likely Voters,327,Internet,Nonpartisan,NA,Johnson,NA
Alabama,26288,UPI/CVOTER,2016-10-09,2016-10-16,Likely Voters,327,Internet,Nonpartisan,NA,McMullin,NA
Alabama,26344,Ipsos/Reuters,2016-09-23,2016-10-13,Likely Voters,550,Internet,Nonpartisan,NA,Trump,54
Alabama,26344,Ipsos/Reuters,2016-09-23,2016-10-13,Likely Voters,550,Internet,Nonpartisan,NA,Clinton,38
Alabama,26344,Ipsos/Reuters,2016-09-23,2016-10-13,Likely Voters,550,Internet,Nonpartisan,NA,Other,NA
Alabama,26344,Ipsos/Reuters,2016-09-23,2016-10-13,Likely Voters,550,Internet,Nonpartisan,NA,Undecided,8
Alabama,26344,Ipsos/Reuters,2016-09-23,2016-10-13,Likely Voters,550,Internet,Nonpartisan,NA,Johnson,NA
Alabama,26344,Ipsos/Reuters,2016-09-23,2016-10-13,Likely Voters,550,Internet,Nonpartisan,NA,McMullin,NA
Alabama,26097,Ipsos/Reuters,2016-09-16,2016-10-06,Likely Voters,580,Internet,Nonpartisan,NA,Trump,57
Alabama,26097,Ipsos/Reuters,2016-09-16,2016-10-06,Likely Voters,580,Internet,Nonpartisan,NA,Clinton,37
Alabama,26097,Ipsos/Reuters,2016-09-16,2016-10-06,Likely Voters,580,Internet,Nonpartisan,NA,Other,NA
Alabama,26097,Ipsos/Reuters,2016-09-16,2016-10-06,Likely Voters,580,Internet,Nonpartisan,NA,Undecided,6
Alabama,26097,Ipsos/Reuters,2016-09-16,2016-10-06,Likely Voters,580,Internet,Nonpartisan,NA,Johnson,NA
Alabama,26097,Ipsos/Reuters,2016-09-16,2016-10-06,Likely Voters,580,Internet,Nonpartisan,NA,McMullin,NA
Alabama,25898,UPI/CVOTER,2016-09-19,2016-10-02,Likely Voters,545,Internet,Nonpartisan,NA,Trump,59
Alabama,25898,UPI/CVOTER,2016-09-19,2016-10-02,Likely Voters,545,Internet,Nonpartisan,NA,Clinton,36
Alabama,25898,UPI/CVOTER,2016-09-19,2016-10-02,Likely Voters,545,Internet,Nonpartisan,NA,Other,NA
Alabama,25898,UPI/CVOTER,2016-09-19,2016-10-02,Likely Voters,545,Internet,Nonpartisan,NA,Undecided,NA
Alabama,25898,UPI/CVOTER,2016-09-19,2016-10-02,Likely Voters,545,Internet,Nonpartisan,NA,Johnson,NA
Alabama,25898,UPI/CVOTER,2016-09-19,2016-10-02,Likely Voters,545,Internet,Nonpartisan,NA,McMullin,NA
Alabama,25537,Ipsos/Reuters,2016-08-26,2016-09-15,Likely Voters,628,Internet,Nonpartisan,NA,Trump,53
Alabama,25537,Ipsos/Reuters,2016-08-26,2016-09-15,Likely Voters,628,Internet,Nonpartisan,NA,Clinton,40
Alabama,25537,Ipsos/Reuters,2016-08-26,2016-09-15,Likely Voters,628,Internet,Nonpartisan,NA,Other,NA
Alabama,25537,Ipsos/Reuters,2016-08-26,2016-09-15,Likely Voters,628,Internet,Nonpartisan,NA,Undecided,7
Alabama,25537,Ipsos/Reuters,2016-08-26,2016-09-15,Likely Voters,628,Internet,Nonpartisan,NA,Johnson,NA
Alabama,25537,Ipsos/Reuters,2016-08-26,2016-09-15,Likely Voters,628,Internet,Nonpartisan,NA,McMullin,NA
Alabama,25356,WashPost/SurveyMonkey,2016-08-09,2016-09-01,Registered Voters,958,Internet,Nonpartisan,NA,Trump,57
Alabama,25356,WashPost/SurveyMonkey,2016-08-09,2016-09-01,Registered Voters,958,Internet,Nonpartisan,NA,Clinton,36
Alabama,25356,WashPost/SurveyMonkey,2016-08-09,2016-09-01,Registered Voters,958,Internet,Nonpartisan,NA,Other,NA
Alabama,25356,WashPost/SurveyMonkey,2016-08-09,2016-09-01,Registered Voters,958,Internet,Nonpartisan,NA,Undecided,7
Alabama,25356,WashPost/SurveyMonkey,2016-08-09,2016-09-01,Registered Voters,958,Internet,Nonpartisan,NA,Johnson,NA
Alabama,25356,WashPost/SurveyMonkey,2016-08-09,2016-09-01,Registered Voters,958,Internet,Nonpartisan,NA,McMullin,NA
Texas,26807,SurveyMonkey,2016-11-01,2016-11-07,Likely Voters,3009,Internet,Nonpartisan,NA,Trump,46
Texas,26807,SurveyMonkey,2016-11-01,2016-11-07,Likely Voters,3009,Internet,Nonpartisan,NA,Clinton,43
Texas,26807,SurveyMonkey,2016-11-01,2016-11-07,Likely Voters,3009,Internet,Nonpartisan,NA,Other,2
Texas,26807,SurveyMonkey,2016-11-01,2016-11-07,Likely Voters,3009,Internet,Nonpartisan,NA,Undecided,3
Texas,26807,SurveyMonkey,2016-11-01,2016-11-07,Likely Voters,3009,Internet,Nonpartisan,NA,Johnson,NA
Texas,26807,SurveyMonkey,2016-11-01,2016-11-07,Likely Voters,3009,Internet,Nonpartisan,NA,McMullin,NA
Texas,26793,UPI/CVOTER,2016-10-30,2016-11-06,Likely Voters,472,Internet,Nonpartisan,NA,Trump,54
Texas,26793,UPI/CVOTER,2016-10-30,2016-11-06,Likely Voters,472,Internet,Nonpartisan,NA,Clinton,40
Texas,26793,UPI/CVOTER,2016-10-30,2016-11-06,Likely Voters,472,Internet,Nonpartisan,NA,Other,6
Texas,26793,UPI/CVOTER,2016-10-30,2016-11-06,Likely Voters,472,Internet,Nonpartisan,NA,Undecided,NA
Texas,26793,UPI/CVOTER,2016-10-30,2016-11-06,Likely Voters,472,Internet,Nonpartisan,NA,Johnson,NA
Texas,26793,UPI/CVOTER,2016-10-30,2016-11-06,Likely Voters,472,Internet,Nonpartisan,NA,McMullin,NA
Texas,26806,Ipsos/Reuters,2016-10-17,2016-11-06,Likely Voters,1213,Internet,Nonpartisan,NA,Trump,49
Texas,26806,Ipsos/Reuters,2016-10-17,2016-11-06,Likely Voters,1213,Internet,Nonpartisan,NA,Clinton,39
Texas,26806,Ipsos/Reuters,2016-10-17,2016-11-06,Likely Voters,1213,Internet,Nonpartisan,NA,Other,NA
Texas,26806,Ipsos/Reuters,2016-10-17,2016-11-06,Likely Voters,1213,Internet,Nonpartisan,NA,Undecided,12
Texas,26806,Ipsos/Reuters,2016-10-17,2016-11-06,Likely Voters,1213,Internet,Nonpartisan,NA,Johnson,NA
Texas,26806,Ipsos/Reuters,2016-10-17,2016-11-06,Likely Voters,1213,Internet,Nonpartisan,NA,McMullin,NA
Texas,26684,NBC/WSJ/Marist,2016-10-30,2016-11-01,Likely Voters,679,Live Phone,Nonpartisan,NA,Trump,49
Texas,26684,NBC/WSJ/Marist,2016-10-30,2016-11-01,Likely Voters,679,Live Phone,Nonpartisan,NA,Clinton,41
Texas,26684,NBC/WSJ/Marist,2016-10-30,2016-11-01,Likely Voters,679,Live Phone,Nonpartisan,NA,Other,8
Texas,26684,NBC/WSJ/Marist,2016-10-30,2016-11-01,Likely Voters,679,Live Phone,Nonpartisan,NA,Undecided,2
Texas,26684,NBC/WSJ/Marist,2016-10-30,2016-11-01,Likely Voters,679,Live Phone,Nonpartisan,NA,Johnson,NA
Texas,26684,NBC/WSJ/Marist,2016-10-30,2016-11-01,Likely Voters,679,Live Phone,Nonpartisan,NA,McMullin,NA
Texas,26596,SurveyMonkey,2016-10-25,2016-10-31,Likely Voters,2051,Internet,Nonpartisan,NA,Trump,47
Texas,26596,SurveyMonkey,2016-10-25,2016-10-31,Likely Voters,2051,Internet,Nonpartisan,NA,Clinton,41
Texas,26596,SurveyMonkey,2016-10-25,2016-10-31,Likely Voters,2051,Internet,Nonpartisan,NA,Other,5
Texas,26596,SurveyMonkey,2016-10-25,2016-10-31,Likely Voters,2051,Internet,Nonpartisan,NA,Undecided,NA
Texas,26596,SurveyMonkey,2016-10-25,2016-10-31,Likely Voters,2051,Internet,Nonpartisan,NA,Johnson,NA
Texas,26596,SurveyMonkey,2016-10-25,2016-10-31,Likely Voters,2051,Internet,Nonpartisan,NA,McMullin,NA
Texas,26652,Dixie Strategies (R)/KTVT-CBS 11,2016-10-27,2016-10-29,Likely Voters,980,IVR/Live Phone,Pollster,Rep,Trump,52
Texas,26652,Dixie Strategies (R)/KTVT-CBS 11,2016-10-27,2016-10-29,Likely Voters,980,IVR/Live Phone,Pollster,Rep,Clinton,39
Texas,26652,Dixie Strategies (R)/KTVT-CBS 11,2016-10-27,2016-10-29,Likely Voters,980,IVR/Live Phone,Pollster,Rep,Other,2
Texas,26652,Dixie Strategies (R)/KTVT-CBS 11,2016-10-27,2016-10-29,Likely Voters,980,IVR/Live Phone,Pollster,Rep,Undecided,4
Texas,26652,Dixie Strategies (R)/KTVT-CBS 11,2016-10-27,2016-10-29,Likely Voters,980,IVR/Live Phone,Pollster,Rep,Johnson,NA
Texas,26652,Dixie Strategies (R)/KTVT-CBS 11,2016-10-27,2016-10-29,Likely Voters,980,IVR/Live Phone,Pollster,Rep,McMullin,NA
Texas,26592,UPI/CVOTER,2016-10-23,2016-10-29,Likely Voters,429,Internet,Nonpartisan,NA,Trump,55
Texas,26592,UPI/CVOTER,2016-10-23,2016-10-29,Likely Voters,429,Internet,Nonpartisan,NA,Clinton,41
Texas,26592,UPI/CVOTER,2016-10-23,2016-10-29,Likely Voters,429,Internet,Nonpartisan,NA,Other,5
Texas,26592,UPI/CVOTER,2016-10-23,2016-10-29,Likely Voters,429,Internet,Nonpartisan,NA,Undecided,NA
Texas,26592,UPI/CVOTER,2016-10-23,2016-10-29,Likely Voters,429,Internet,Nonpartisan,NA,Johnson,NA
Texas,26592,UPI/CVOTER,2016-10-23,2016-10-29,Likely Voters,429,Internet,Nonpartisan,NA,McMullin,NA
Texas,26524,Pulse/Crosswind,2016-10-22,2016-10-24,Likely Voters,800,IVR/Online,Nonpartisan,NA,Trump,45
Texas,26524,Pulse/Crosswind,2016-10-22,2016-10-24,Likely Voters,800,IVR/Online,Nonpartisan,NA,Clinton,38
Texas,26524,Pulse/Crosswind,2016-10-22,2016-10-24,Likely Voters,800,IVR/Online,Nonpartisan,NA,Other,NA
Texas,26524,Pulse/Crosswind,2016-10-22,2016-10-24,Likely Voters,800,IVR/Online,Nonpartisan,NA,Undecided,10
Texas,26524,Pulse/Crosswind,2016-10-22,2016-10-24,Likely Voters,800,IVR/Online,Nonpartisan,NA,Johnson,NA
Texas,26524,Pulse/Crosswind,2016-10-22,2016-10-24,Likely Voters,800,IVR/Online,Nonpartisan,NA,McMullin,NA
Texas,26441,SurveyMonkey,2016-10-18,2016-10-24,Likely Voters,2148,Internet,Nonpartisan,NA,Trump,47
Texas,26441,SurveyMonkey,2016-10-18,2016-10-24,Likely Voters,2148,Internet,Nonpartisan,NA,Clinton,40
Texas,26441,SurveyMonkey,2016-10-18,2016-10-24,Likely Voters,2148,Internet,Nonpartisan,NA,Other,6
Texas,26441,SurveyMonkey,2016-10-18,2016-10-24,Likely Voters,2148,Internet,Nonpartisan,NA,Undecided,NA
Texas,26441,SurveyMonkey,2016-10-18,2016-10-24,Likely Voters,2148,Internet,Nonpartisan,NA,Johnson,NA
Texas,26441,SurveyMonkey,2016-10-18,2016-10-24,Likely Voters,2148,Internet,Nonpartisan,NA,McMullin,NA
Texas,26496,YouGov/University of Texas/Texas Tribune,2016-10-14,2016-10-23,Likely Voters,959,Internet,Nonpartisan,NA,Trump,45
Texas,26496,YouGov/University of Texas/Texas Tribune,2016-10-14,2016-10-23,Likely Voters,959,Internet,Nonpartisan,NA,Clinton,42
Texas,26496,YouGov/University of Texas/Texas Tribune,2016-10-14,2016-10-23,Likely Voters,959,Internet,Nonpartisan,NA,Other,7
Texas,26496,YouGov/University of Texas/Texas Tribune,2016-10-14,2016-10-23,Likely Voters,959,Internet,Nonpartisan,NA,Undecided,NA
Texas,26496,YouGov/University of Texas/Texas Tribune,2016-10-14,2016-10-23,Likely Voters,959,Internet,Nonpartisan,NA,Johnson,NA
Texas,26496,YouGov/University of Texas/Texas Tribune,2016-10-14,2016-10-23,Likely Voters,959,Internet,Nonpartisan,NA,McMullin,NA
Texas,26381,CBS/YouGov,2016-10-20,2016-10-21,Likely Voters,1031,Internet,Nonpartisan,NA,Trump,46
Texas,26381,CBS/YouGov,2016-10-20,2016-10-21,Likely Voters,1031,Internet,Nonpartisan,NA,Clinton,43
Texas,26381,CBS/YouGov,2016-10-20,2016-10-21,Likely Voters,1031,Internet,Nonpartisan,NA,Other,3
Texas,26381,CBS/YouGov,2016-10-20,2016-10-21,Likely Voters,1031,Internet,Nonpartisan,NA,Undecided,3
Texas,26381,CBS/YouGov,2016-10-20,2016-10-21,Likely Voters,1031,Internet,Nonpartisan,NA,Johnson,NA
Texas,26381,CBS/YouGov,2016-10-20,2016-10-21,Likely Voters,1031,Internet,Nonpartisan,NA,McMullin,NA
Texas,26250,WashPost/SurveyMonkey,2016-10-08,2016-10-16,Likely Voters,1332,Internet,Nonpartisan,NA,Trump,48
Texas,26250,WashPost/SurveyMonkey,2016-10-08,2016-10-16,Likely Voters,1332,Internet,Nonpartisan,NA,Clinton,46
Texas,26250,WashPost/SurveyMonkey,2016-10-08,2016-10-16,Likely Voters,1332,Internet,Nonpartisan,NA,Other,NA
Texas,26250,WashPost/SurveyMonkey,2016-10-08,2016-10-16,Likely Voters,1332,Internet,Nonpartisan,NA,Undecided,5
Texas,26250,WashPost/SurveyMonkey,2016-10-08,2016-10-16,Likely Voters,1332,Internet,Nonpartisan,NA,Johnson,NA
Texas,26250,WashPost/SurveyMonkey,2016-10-08,2016-10-16,Likely Voters,1332,Internet,Nonpartisan,NA,McMullin,NA
Texas,26255,University of Houston,2016-10-07,2016-10-15,Likely Voters,1000,Live Phone,Nonpartisan,NA,Trump,41
Texas,26255,University of Houston,2016-10-07,2016-10-15,Likely Voters,1000,Live Phone,Nonpartisan,NA,Clinton,38
Texas,26255,University of Houston,2016-10-07,2016-10-15,Likely Voters,1000,Live Phone,Nonpartisan,NA,Other,4
Texas,26255,University of Houston,2016-10-07,2016-10-15,Likely Voters,1000,Live Phone,Nonpartisan,NA,Undecided,13
Texas,26255,University of Houston,2016-10-07,2016-10-15,Likely Voters,1000,Live Phone,Nonpartisan,NA,Johnson,NA
Texas,26255,University of Houston,2016-10-07,2016-10-15,Likely Voters,1000,Live Phone,Nonpartisan,NA,McMullin,NA
Texas,26344,Ipsos/Reuters,2016-09-23,2016-10-13,Likely Voters,831,Internet,Nonpartisan,NA,Trump,57
Texas,26344,Ipsos/Reuters,2016-09-23,2016-10-13,Likely Voters,831,Internet,Nonpartisan,NA,Clinton,32
Texas,26344,Ipsos/Reuters,2016-09-23,2016-10-13,Likely Voters,831,Internet,Nonpartisan,NA,Other,NA
Texas,26344,Ipsos/Reuters,2016-09-23,2016-10-13,Likely Voters,831,Internet,Nonpartisan,NA,Undecided,11
Texas,26344,Ipsos/Reuters,2016-09-23,2016-10-13,Likely Voters,831,Internet,Nonpartisan,NA,Johnson,NA
Texas,26344,Ipsos/Reuters,2016-09-23,2016-10-13,Likely Voters,831,Internet,Nonpartisan,NA,McMullin,NA
Texas,26172,SurveyUSA/TEGNA,2016-10-10,2016-10-12,Likely Voters,638,IVR/Online,Sponsor,Other,Trump,47
Texas,26172,SurveyUSA/TEGNA,2016-10-10,2016-10-12,Likely Voters,638,IVR/Online,Sponsor,Other,Clinton,43
Texas,26172,SurveyUSA/TEGNA,2016-10-10,2016-10-12,Likely Voters,638,IVR/Online,Sponsor,Other,Other,1
Texas,26172,SurveyUSA/TEGNA,2016-10-10,2016-10-12,Likely Voters,638,IVR/Online,Sponsor,Other,Undecided,5
Texas,26172,SurveyUSA/TEGNA,2016-10-10,2016-10-12,Likely Voters,638,IVR/Online,Sponsor,Other,Johnson,NA
Texas,26172,SurveyUSA/TEGNA,2016-10-10,2016-10-12,Likely Voters,638,IVR/Online,Sponsor,Other,McMullin,NA
Texas,26132,Ipsos/Reuters,2016-09-16,2016-10-06,Likely Voters,1111,Internet,Nonpartisan,NA,Trump,50
Texas,26132,Ipsos/Reuters,2016-09-16,2016-10-06,Likely Voters,1111,Internet,Nonpartisan,NA,Clinton,34
Texas,26132,Ipsos/Reuters,2016-09-16,2016-10-06,Likely Voters,1111,Internet,Nonpartisan,NA,Other,NA
Texas,26132,Ipsos/Reuters,2016-09-16,2016-10-06,Likely Voters,1111,Internet,Nonpartisan,NA,Undecided,16
Texas,26132,Ipsos/Reuters,2016-09-16,2016-10-06,Likely Voters,1111,Internet,Nonpartisan,NA,Johnson,NA
Texas,26132,Ipsos/Reuters,2016-09-16,2016-10-06,Likely Voters,1111,Internet,Nonpartisan,NA,McMullin,NA
Texas,26653,Dixie Strategies (R)/KTVT-CBS 11,2016-09-29,2016-10-01,Likely Voters,780,IVR/Live Phone,Pollster,Rep,Trump,45
Texas,26653,Dixie Strategies (R)/KTVT-CBS 11,2016-09-29,2016-10-01,Likely Voters,780,IVR/Live Phone,Pollster,Rep,Clinton,38
Texas,26653,Dixie Strategies (R)/KTVT-CBS 11,2016-09-29,2016-10-01,Likely Voters,780,IVR/Live Phone,Pollster,Rep,Other,3
Texas,26653,Dixie Strategies (R)/KTVT-CBS 11,2016-09-29,2016-10-01,Likely Voters,780,IVR/Live Phone,Pollster,Rep,Undecided,10
Texas,26653,Dixie Strategies (R)/KTVT-CBS 11,2016-09-29,2016-10-01,Likely Voters,780,IVR/Live Phone,Pollster,Rep,Johnson,NA
Texas,26653,Dixie Strategies (R)/KTVT-CBS 11,2016-09-29,2016-10-01,Likely Voters,780,IVR/Live Phone,Pollster,Rep,McMullin,NA
Texas,25571,Ipsos/Reuters,2016-08-26,2016-09-15,Likely Voters,869,Internet,Nonpartisan,NA,Trump,51
Texas,25571,Ipsos/Reuters,2016-08-26,2016-09-15,Likely Voters,869,Internet,Nonpartisan,NA,Clinton,29
Texas,25571,Ipsos/Reuters,2016-08-26,2016-09-15,Likely Voters,869,Internet,Nonpartisan,NA,Other,NA
Texas,25571,Ipsos/Reuters,2016-08-26,2016-09-15,Likely Voters,869,Internet,Nonpartisan,NA,Undecided,20
Texas,25571,Ipsos/Reuters,2016-08-26,2016-09-15,Likely Voters,869,Internet,Nonpartisan,NA,Johnson,NA
Texas,25571,Ipsos/Reuters,2016-08-26,2016-09-15,Likely Voters,869,Internet,Nonpartisan,NA,McMullin,NA
Texas,25501,Texas Lyceum,2016-09-01,2016-09-11,Likely Voters,502,Live Phone,Nonpartisan,NA,Trump,42
Texas,25501,Texas Lyceum,2016-09-01,2016-09-11,Likely Voters,502,Live Phone,Nonpartisan,NA,Clinton,36
Texas,25501,Texas Lyceum,2016-09-01,2016-09-11,Likely Voters,502,Live Phone,Nonpartisan,NA,Other,NA
Texas,25501,Texas Lyceum,2016-09-01,2016-09-11,Likely Voters,502,Live Phone,Nonpartisan,NA,Undecided,21
Texas,25501,Texas Lyceum,2016-09-01,2016-09-11,Likely Voters,502,Live Phone,Nonpartisan,NA,Johnson,NA
Texas,25501,Texas Lyceum,2016-09-01,2016-09-11,Likely Voters,502,Live Phone,Nonpartisan,NA,McMullin,NA
Texas,25352,Washington Post/SurveyMonkey,2016-08-09,2016-09-01,Registered Voters,5147,Internet,Nonpartisan,NA,Trump,45
Texas,25352,Washington Post/SurveyMonkey,2016-08-09,2016-09-01,Registered Voters,5147,Internet,Nonpartisan,NA,Clinton,46
Texas,25352,Washington Post/SurveyMonkey,2016-08-09,2016-09-01,Registered Voters,5147,Internet,Nonpartisan,NA,Other,NA
Texas,25352,Washington Post/SurveyMonkey,2016-08-09,2016-09-01,Registered Voters,5147,Internet,Nonpartisan,NA,Undecided,9
Texas,25352,Washington Post/SurveyMonkey,2016-08-09,2016-09-01,Registered Voters,5147,Internet,Nonpartisan,NA,Johnson,NA
Texas,25352,Washington Post/SurveyMonkey,2016-08-09,2016-09-01,Registered Voters,5147,Internet,Nonpartisan,NA,McMullin,NA
Texas,25184,PPP (D),2016-08-12,2016-08-14,Likely Voters,944,IVR/Online,Pollster,Dem,Trump,44
Texas,25184,PPP (D),2016-08-12,2016-08-14,Likely Voters,944,IVR/Online,Pollster,Dem,Clinton,38
Texas,25184,PPP (D),2016-08-12,2016-08-14,Likely Voters,944,IVR/Online,Pollster,Dem,Other,2
Texas,25184,PPP (D),2016-08-12,2016-08-14,Likely Voters,944,IVR/Online,Pollster,Dem,Undecided,10
Texas,25184,PPP (D),2016-08-12,2016-08-14,Likely Voters,944,IVR/Online,Pollster,Dem,Johnson,NA
Texas,25184,PPP (D),2016-08-12,2016-08-14,Likely Voters,944,IVR/Online,Pollster,Dem,McMullin,NA
Texas,25185,Dixie Strategies (R)/KTVT-CBS 11,2016-08-08,2016-08-09,Likely Voters,1018,IVR/Live Phone,Pollster,Rep,Trump,46
Texas,25185,Dixie Strategies (R)/KTVT-CBS 11,2016-08-08,2016-08-09,Likely Voters,1018,IVR/Live Phone,Pollster,Rep,Clinton,36
Texas,25185,Dixie Strategies (R)/KTVT-CBS 11,2016-08-08,2016-08-09,Likely Voters,1018,IVR/Live Phone,Pollster,Rep,Other,9
Texas,25185,Dixie Strategies (R)/KTVT-CBS 11,2016-08-08,2016-08-09,Likely Voters,1018,IVR/Live Phone,Pollster,Rep,Undecided,9
Texas,25185,Dixie Strategies (R)/KTVT-CBS 11,2016-08-08,2016-08-09,Likely Voters,1018,IVR/Live Phone,Pollster,Rep,Johnson,NA
Texas,25185,Dixie Strategies (R)/KTVT-CBS 11,2016-08-08,2016-08-09,Likely Voters,1018,IVR/Live Phone,Pollster,Rep,McMullin,NA
Texas,24775,YouGov/University of Texas/Texas Tribune,2016-06-10,2016-06-19,Registered Voters,1200,Internet,Nonpartisan,NA,Trump,41
Texas,24775,YouGov/University of Texas/Texas Tribune,2016-06-10,2016-06-19,Registered Voters,1200,Internet,Nonpartisan,NA,Clinton,33
Texas,24775,YouGov/University of Texas/Texas Tribune,2016-06-10,2016-06-19,Registered Voters,1200,Internet,Nonpartisan,NA,Other,19
Texas,24775,YouGov/University of Texas/Texas Tribune,2016-06-10,2016-06-19,Registered Voters,1200,Internet,Nonpartisan,NA,Undecided,8
Texas,24775,YouGov/University of Texas/Texas Tribune,2016-06-10,2016-06-19,Registered Voters,1200,Internet,Nonpartisan,NA,Johnson,NA
Texas,24775,YouGov/University of Texas/Texas Tribune,2016-06-10,2016-06-19,Registered Voters,1200,Internet,Nonpartisan,NA,McMullin,NA
Texas,22837,Texas Lyceum,2015-09-08,2015-09-21,Likely Voters,633,Live Phone,Nonpartisan,NA,Trump,39
Texas,22837,Texas Lyceum,2015-09-08,2015-09-21,Likely Voters,633,Live Phone,Nonpartisan,NA,Clinton,37
Texas,22837,Texas Lyceum,2015-09-08,2015-09-21,Likely Voters,633,Live Phone,Nonpartisan,NA,Other,NA
Texas,22837,Texas Lyceum,2015-09-08,2015-09-21,Likely Voters,633,Live Phone,Nonpartisan,NA,Undecided,25
Texas,22837,Texas Lyceum,2015-09-08,2015-09-21,Likely Voters,633,Live Phone,Nonpartisan,NA,Johnson,NA
Texas,22837,Texas Lyceum,2015-09-08,2015-09-21,Likely Voters,633,Live Phone,Nonpartisan,NA,McMullin,NA
South Carolina,26807,SurveyMonkey,2016-11-01,2016-11-07,Likely Voters,1698,Internet,Nonpartisan,NA,Trump,47
South Carolina,26807,SurveyMonkey,2016-11-01,2016-11-07,Likely Voters,1698,Internet,Nonpartisan,NA,Clinton,43
South Carolina,26807,SurveyMonkey,2016-11-01,2016-11-07,Likely Voters,1698,Internet,Nonpartisan,NA,Other,8
South Carolina,26807,SurveyMonkey,2016-11-01,2016-11-07,Likely Voters,1698,Internet,Nonpartisan,NA,Undecided,3
South Carolina,26807,SurveyMonkey,2016-11-01,2016-11-07,Likely Voters,1698,Internet,Nonpartisan,NA,Johnson,NA
South Carolina,26807,SurveyMonkey,2016-11-01,2016-11-07,Likely Voters,1698,Internet,Nonpartisan,NA,McMullin,NA
South Carolina,26793,UPI/CVOTER,2016-10-30,2016-11-06,Likely Voters,338,Internet,Nonpartisan,NA,Trump,53
South Carolina,26793,UPI/CVOTER,2016-10-30,2016-11-06,Likely Voters,338,Internet,Nonpartisan,NA,Clinton,42
South Carolina,26793,UPI/CVOTER,2016-10-30,2016-11-06,Likely Voters,338,Internet,Nonpartisan,NA,Other,5
South Carolina,26793,UPI/CVOTER,2016-10-30,2016-11-06,Likely Voters,338,Internet,Nonpartisan,NA,Undecided,NA
South Carolina,26793,UPI/CVOTER,2016-10-30,2016-11-06,Likely Voters,338,Internet,Nonpartisan,NA,Johnson,NA
South Carolina,26793,UPI/CVOTER,2016-10-30,2016-11-06,Likely Voters,338,Internet,Nonpartisan,NA,McMullin,NA
South Carolina,26806,Ipsos/Reuters,2016-10-17,2016-11-06,Likely Voters,617,Internet,Nonpartisan,NA,Trump,49
South Carolina,26806,Ipsos/Reuters,2016-10-17,2016-11-06,Likely Voters,617,Internet,Nonpartisan,NA,Clinton,44
South Carolina,26806,Ipsos/Reuters,2016-10-17,2016-11-06,Likely Voters,617,Internet,Nonpartisan,NA,Other,NA
South Carolina,26806,Ipsos/Reuters,2016-10-17,2016-11-06,Likely Voters,617,Internet,Nonpartisan,NA,Undecided,7
South Carolina,26806,Ipsos/Reuters,2016-10-17,2016-11-06,Likely Voters,617,Internet,Nonpartisan,NA,Johnson,NA
South Carolina,26806,Ipsos/Reuters,2016-10-17,2016-11-06,Likely Voters,617,Internet,Nonpartisan,NA,McMullin,NA
South Carolina,26596,SurveyMonkey,2016-10-25,2016-10-31,Likely Voters,1762,Internet,Nonpartisan,NA,Trump,45
South Carolina,26596,SurveyMonkey,2016-10-25,2016-10-31,Likely Voters,1762,Internet,Nonpartisan,NA,Clinton,43
South Carolina,26596,SurveyMonkey,2016-10-25,2016-10-31,Likely Voters,1762,Internet,Nonpartisan,NA,Other,8
South Carolina,26596,SurveyMonkey,2016-10-25,2016-10-31,Likely Voters,1762,Internet,Nonpartisan,NA,Undecided,3
South Carolina,26596,SurveyMonkey,2016-10-25,2016-10-31,Likely Voters,1762,Internet,Nonpartisan,NA,Johnson,NA
South Carolina,26596,SurveyMonkey,2016-10-25,2016-10-31,Likely Voters,1762,Internet,Nonpartisan,NA,McMullin,NA
South Carolina,26592,UPI/CVOTER,2016-10-23,2016-10-29,Likely Voters,325,Internet,Nonpartisan,NA,Trump,54
South Carolina,26592,UPI/CVOTER,2016-10-23,2016-10-29,Likely Voters,325,Internet,Nonpartisan,NA,Clinton,42
South Carolina,26592,UPI/CVOTER,2016-10-23,2016-10-29,Likely Voters,325,Internet,Nonpartisan,NA,Other,4
South Carolina,26592,UPI/CVOTER,2016-10-23,2016-10-29,Likely Voters,325,Internet,Nonpartisan,NA,Undecided,NA
South Carolina,26592,UPI/CVOTER,2016-10-23,2016-10-29,Likely Voters,325,Internet,Nonpartisan,NA,Johnson,NA
South Carolina,26592,UPI/CVOTER,2016-10-23,2016-10-29,Likely Voters,325,Internet,Nonpartisan,NA,McMullin,NA
South Carolina,26441,SurveyMonkey,2016-10-18,2016-10-24,Likely Voters,1900,Internet,Nonpartisan,NA,Trump,45
South Carolina,26441,SurveyMonkey,2016-10-18,2016-10-24,Likely Voters,1900,Internet,Nonpartisan,NA,Clinton,43
South Carolina,26441,SurveyMonkey,2016-10-18,2016-10-24,Likely Voters,1900,Internet,Nonpartisan,NA,Other,9
South Carolina,26441,SurveyMonkey,2016-10-18,2016-10-24,Likely Voters,1900,Internet,Nonpartisan,NA,Undecided,3
South Carolina,26441,SurveyMonkey,2016-10-18,2016-10-24,Likely Voters,1900,Internet,Nonpartisan,NA,Johnson,NA
South Carolina,26441,SurveyMonkey,2016-10-18,2016-10-24,Likely Voters,1900,Internet,Nonpartisan,NA,McMullin,NA
South Carolina,26344,Ipsos/Reuters,2016-09-23,2016-10-13,Likely Voters,751,Internet,Nonpartisan,NA,Trump,49
South Carolina,26344,Ipsos/Reuters,2016-09-23,2016-10-13,Likely Voters,751,Internet,Nonpartisan,NA,Clinton,46
South Carolina,26344,Ipsos/Reuters,2016-09-23,2016-10-13,Likely Voters,751,Internet,Nonpartisan,NA,Other,NA
South Carolina,26344,Ipsos/Reuters,2016-09-23,2016-10-13,Likely Voters,751,Internet,Nonpartisan,NA,Undecided,5
South Carolina,26344,Ipsos/Reuters,2016-09-23,2016-10-13,Likely Voters,751,Internet,Nonpartisan,NA,Johnson,NA
South Carolina,26344,Ipsos/Reuters,2016-09-23,2016-10-13,Likely Voters,751,Internet,Nonpartisan,NA,McMullin,NA
South Carolina,26130,Ipsos/Reuters,2016-09-16,2016-10-06,Likely Voters,528,Internet,Nonpartisan,NA,Trump,48
South Carolina,26130,Ipsos/Reuters,2016-09-16,2016-10-06,Likely Voters,528,Internet,Nonpartisan,NA,Clinton,47
South Carolina,26130,Ipsos/Reuters,2016-09-16,2016-10-06,Likely Voters,528,Internet,Nonpartisan,NA,Other,NA
South Carolina,26130,Ipsos/Reuters,2016-09-16,2016-10-06,Likely Voters,528,Internet,Nonpartisan,NA,Undecided,5
South Carolina,26130,Ipsos/Reuters,2016-09-16,2016-10-06,Likely Voters,528,Internet,Nonpartisan,NA,Johnson,NA
South Carolina,26130,Ipsos/Reuters,2016-09-16,2016-10-06,Likely Voters,528,Internet,Nonpartisan,NA,McMullin,NA
South Carolina,25802,Winthrop University,2016-09-18,2016-09-26,Likely Voters,475,Live Phone,Nonpartisan,NA,Trump,42
South Carolina,25802,Winthrop University,2016-09-18,2016-09-26,Likely Voters,475,Live Phone,Nonpartisan,NA,Clinton,38
South Carolina,25802,Winthrop University,2016-09-18,2016-09-26,Likely Voters,475,Live Phone,Nonpartisan,NA,Other,9
South Carolina,25802,Winthrop University,2016-09-18,2016-09-26,Likely Voters,475,Live Phone,Nonpartisan,NA,Undecided,11
South Carolina,25802,Winthrop University,2016-09-18,2016-09-26,Likely Voters,475,Live Phone,Nonpartisan,NA,Johnson,NA
South Carolina,25802,Winthrop University,2016-09-18,2016-09-26,Likely Voters,475,Live Phone,Nonpartisan,NA,McMullin,NA
South Carolina,25569,Ipsos/Reuters,2016-08-26,2016-09-15,Likely Voters,703,Internet,Nonpartisan,NA,Trump,51
South Carolina,25569,Ipsos/Reuters,2016-08-26,2016-09-15,Likely Voters,703,Internet,Nonpartisan,NA,Clinton,43
South Carolina,25569,Ipsos/Reuters,2016-08-26,2016-09-15,Likely Voters,703,Internet,Nonpartisan,NA,Other,NA
South Carolina,25569,Ipsos/Reuters,2016-08-26,2016-09-15,Likely Voters,703,Internet,Nonpartisan,NA,Undecided,6
South Carolina,25569,Ipsos/Reuters,2016-08-26,2016-09-15,Likely Voters,703,Internet,Nonpartisan,NA,Johnson,NA
South Carolina,25569,Ipsos/Reuters,2016-08-26,2016-09-15,Likely Voters,703,Internet,Nonpartisan,NA,McMullin,NA
South Carolina,25476,Starboard Communications (R- SCGOP),2016-09-07,2016-09-09,Likely Voters,600,Live Phone,Pollster,Rep,Trump,48
South Carolina,25476,Starboard Communications (R- SCGOP),2016-09-07,2016-09-09,Likely Voters,600,Live Phone,Pollster,Rep,Clinton,35
South Carolina,25476,Starboard Communications (R- SCGOP),2016-09-07,2016-09-09,Likely Voters,600,Live Phone,Pollster,Rep,Other,7
South Carolina,25476,Starboard Communications (R- SCGOP),2016-09-07,2016-09-09,Likely Voters,600,Live Phone,Pollster,Rep,Undecided,11
South Carolina,25476,Starboard Communications (R- SCGOP),2016-09-07,2016-09-09,Likely Voters,600,Live Phone,Pollster,Rep,Johnson,NA
South Carolina,25476,Starboard Communications (R- SCGOP),2016-09-07,2016-09-09,Likely Voters,600,Live Phone,Pollster,Rep,McMullin,NA
South Carolina,25389,WashPost/SurveyMonkey,2016-08-09,2016-09-01,Registered Voters,894,Internet,Nonpartisan,NA,Trump,49
South Carolina,25389,WashPost/SurveyMonkey,2016-08-09,2016-09-01,Registered Voters,894,Internet,Nonpartisan,NA,Clinton,42
South Carolina,25389,WashPost/SurveyMonkey,2016-08-09,2016-09-01,Registered Voters,894,Internet,Nonpartisan,NA,Other,NA
South Carolina,25389,WashPost/SurveyMonkey,2016-08-09,2016-09-01,Registered Voters,894,Internet,Nonpartisan,NA,Undecided,8
South Carolina,25389,WashPost/SurveyMonkey,2016-08-09,2016-09-01,Registered Voters,894,Internet,Nonpartisan,NA,Johnson,NA
South Carolina,25389,WashPost/SurveyMonkey,2016-08-09,2016-09-01,Registered Voters,894,Internet,Nonpartisan,NA,McMullin,NA
South Carolina,25249,Feldman (D-South Carolina Democratic Party),2016-08-18,2016-08-21,Likely Voters,600,Live Phone,Sponsor,Dem,Trump,39
South Carolina,25249,Feldman (D-South Carolina Democratic Party),2016-08-18,2016-08-21,Likely Voters,600,Live Phone,Sponsor,Dem,Clinton,39
South Carolina,25249,Feldman (D-South Carolina Democratic Party),2016-08-18,2016-08-21,Likely Voters,600,Live Phone,Sponsor,Dem,Other,6
South Carolina,25249,Feldman (D-South Carolina Democratic Party),2016-08-18,2016-08-21,Likely Voters,600,Live Phone,Sponsor,Dem,Undecided,16
South Carolina,25249,Feldman (D-South Carolina Democratic Party),2016-08-18,2016-08-21,Likely Voters,600,Live Phone,Sponsor,Dem,Johnson,NA
South Carolina,25249,Feldman (D-South Carolina Democratic Party),2016-08-18,2016-08-21,Likely Voters,600,Live Phone,Sponsor,Dem,McMullin,NA
South Carolina,25222,Gravis Marketing,2016-08-15,2016-08-17,Registered Voters,768,IVR/Online,Nonpartisan,NA,Trump,46
South Carolina,25222,Gravis Marketing,2016-08-15,2016-08-17,Registered Voters,768,IVR/Online,Nonpartisan,NA,Clinton,42
South Carolina,25222,Gravis Marketing,2016-08-15,2016-08-17,Registered Voters,768,IVR/Online,Nonpartisan,NA,Other,NA
South Carolina,25222,Gravis Marketing,2016-08-15,2016-08-17,Registered Voters,768,IVR/Online,Nonpartisan,NA,Undecided,12
South Carolina,25222,Gravis Marketing,2016-08-15,2016-08-17,Registered Voters,768,IVR/Online,Nonpartisan,NA,Johnson,NA
South Carolina,25222,Gravis Marketing,2016-08-15,2016-08-17,Registered Voters,768,IVR/Online,Nonpartisan,NA,McMullin,NA
South Carolina,25127,PPP (D),2016-08-09,2016-08-10,Likely Voters,1290,IVR/Online,Pollster,Dem,Trump,41
South Carolina,25127,PPP (D),2016-08-09,2016-08-10,Likely Voters,1290,IVR/Online,Pollster,Dem,Clinton,39
South Carolina,25127,PPP (D),2016-08-09,2016-08-10,Likely Voters,1290,IVR/Online,Pollster,Dem,Other,7
South Carolina,25127,PPP (D),2016-08-09,2016-08-10,Likely Voters,1290,IVR/Online,Pollster,Dem,Undecided,13
South Carolina,25127,PPP (D),2016-08-09,2016-08-10,Likely Voters,1290,IVR/Online,Pollster,Dem,Johnson,NA
South Carolina,25127,PPP (D),2016-08-09,2016-08-10,Likely Voters,1290,IVR/Online,Pollster,Dem,McMullin,NA
South Carolina,23186,Morning Consult/Campaign for Sustainable Rx Pricing,2015-11-10,2015-11-16,Registered Voters,627,Live Phone/Online,Nonpartisan,NA,Trump,44
South Carolina,23186,Morning Consult/Campaign for Sustainable Rx Pricing,2015-11-10,2015-11-16,Registered Voters,627,Live Phone/Online,Nonpartisan,NA,Clinton,41
South Carolina,23186,Morning Consult/Campaign for Sustainable Rx Pricing,2015-11-10,2015-11-16,Registered Voters,627,Live Phone/Online,Nonpartisan,NA,Other,NA
South Carolina,23186,Morning Consult/Campaign for Sustainable Rx Pricing,2015-11-10,2015-11-16,Registered Voters,627,Live Phone/Online,Nonpartisan,NA,Undecided,15
South Carolina,23186,Morning Consult/Campaign for Sustainable Rx Pricing,2015-11-10,2015-11-16,Registered Voters,627,Live Phone/Online,Nonpartisan,NA,Johnson,NA
South Carolina,23186,Morning Consult/Campaign for Sustainable Rx Pricing,2015-11-10,2015-11-16,Registered Voters,627,Live Phone/Online,Nonpartisan,NA,McMullin,NA
South Carolina,23160,PPP (D),2015-11-07,2015-11-08,Likely Voters,1290,IVR/Online,Pollster,Dem,Trump,47
South Carolina,23160,PPP (D),2015-11-07,2015-11-08,Likely Voters,1290,IVR/Online,Pollster,Dem,Clinton,42
South Carolina,23160,PPP (D),2015-11-07,2015-11-08,Likely Voters,1290,IVR/Online,Pollster,Dem,Other,NA
South Carolina,23160,PPP (D),2015-11-07,2015-11-08,Likely Voters,1290,IVR/Online,Pollster,Dem,Undecided,11
South Carolina,23160,PPP (D),2015-11-07,2015-11-08,Likely Voters,1290,IVR/Online,Pollster,Dem,Johnson,NA
South Carolina,23160,PPP (D),2015-11-07,2015-11-08,Likely Voters,1290,IVR/Online,Pollster,Dem,McMullin,NA
Maine,26807,SurveyMonkey,2016-11-01,2016-11-07,Likely Voters,779,Internet,Nonpartisan,NA,Trump,38
Maine,26807,SurveyMonkey,2016-11-01,2016-11-07,Likely Voters,779,Internet,Nonpartisan,NA,Clinton,46
Maine,26807,SurveyMonkey,2016-11-01,2016-11-07,Likely Voters,779,Internet,Nonpartisan,NA,Other,5
Maine,26807,SurveyMonkey,2016-11-01,2016-11-07,Likely Voters,779,Internet,Nonpartisan,NA,Undecided,2
Maine,26807,SurveyMonkey,2016-11-01,2016-11-07,Likely Voters,779,Internet,Nonpartisan,NA,Johnson,NA
Maine,26807,SurveyMonkey,2016-11-01,2016-11-07,Likely Voters,779,Internet,Nonpartisan,NA,McMullin,NA
Maine,26793,UPI/CVOTER,2016-10-30,2016-11-06,Likely Voters,308,Internet,Nonpartisan,NA,Trump,41
Maine,26793,UPI/CVOTER,2016-10-30,2016-11-06,Likely Voters,308,Internet,Nonpartisan,NA,Clinton,54
Maine,26793,UPI/CVOTER,2016-10-30,2016-11-06,Likely Voters,308,Internet,Nonpartisan,NA,Other,5
Maine,26793,UPI/CVOTER,2016-10-30,2016-11-06,Likely Voters,308,Internet,Nonpartisan,NA,Undecided,NA
Maine,26793,UPI/CVOTER,2016-10-30,2016-11-06,Likely Voters,308,Internet,Nonpartisan,NA,Johnson,NA
Maine,26793,UPI/CVOTER,2016-10-30,2016-11-06,Likely Voters,308,Internet,Nonpartisan,NA,McMullin,NA
Maine,26806,Ipsos/Reuters,2016-10-17,2016-11-06,Likely Voters,304,Internet,Nonpartisan,NA,Trump,35
Maine,26806,Ipsos/Reuters,2016-10-17,2016-11-06,Likely Voters,304,Internet,Nonpartisan,NA,Clinton,42
Maine,26806,Ipsos/Reuters,2016-10-17,2016-11-06,Likely Voters,304,Internet,Nonpartisan,NA,Other,NA
Maine,26806,Ipsos/Reuters,2016-10-17,2016-11-06,Likely Voters,304,Internet,Nonpartisan,NA,Undecided,23
Maine,26806,Ipsos/Reuters,2016-10-17,2016-11-06,Likely Voters,304,Internet,Nonpartisan,NA,Johnson,NA
Maine,26806,Ipsos/Reuters,2016-10-17,2016-11-06,Likely Voters,304,Internet,Nonpartisan,NA,McMullin,NA
Maine,26596,SurveyMonkey,2016-10-25,2016-10-31,Likely Voters,432,Internet,Nonpartisan,NA,Trump,37
Maine,26596,SurveyMonkey,2016-10-25,2016-10-31,Likely Voters,432,Internet,Nonpartisan,NA,Clinton,49
Maine,26596,SurveyMonkey,2016-10-25,2016-10-31,Likely Voters,432,Internet,Nonpartisan,NA,Other,4
Maine,26596,SurveyMonkey,2016-10-25,2016-10-31,Likely Voters,432,Internet,Nonpartisan,NA,Undecided,4
Maine,26596,SurveyMonkey,2016-10-25,2016-10-31,Likely Voters,432,Internet,Nonpartisan,NA,Johnson,NA
Maine,26596,SurveyMonkey,2016-10-25,2016-10-31,Likely Voters,432,Internet,Nonpartisan,NA,McMullin,NA
Maine,26592,UPI/CVOTER,2016-10-23,2016-10-29,Likely Voters,312,Internet,Nonpartisan,NA,Trump,43
Maine,26592,UPI/CVOTER,2016-10-23,2016-10-29,Likely Voters,312,Internet,Nonpartisan,NA,Clinton,54
Maine,26592,UPI/CVOTER,2016-10-23,2016-10-29,Likely Voters,312,Internet,Nonpartisan,NA,Other,3
Maine,26592,UPI/CVOTER,2016-10-23,2016-10-29,Likely Voters,312,Internet,Nonpartisan,NA,Undecided,NA
Maine,26592,UPI/CVOTER,2016-10-23,2016-10-29,Likely Voters,312,Internet,Nonpartisan,NA,Johnson,NA
Maine,26592,UPI/CVOTER,2016-10-23,2016-10-29,Likely Voters,312,Internet,Nonpartisan,NA,McMullin,NA
Maine,26601,MPRC,2016-10-24,2016-10-26,Likely Voters,812,IVR/Online,Nonpartisan,NA,Trump,40
Maine,26601,MPRC,2016-10-24,2016-10-26,Likely Voters,812,IVR/Online,Nonpartisan,NA,Clinton,47
Maine,26601,MPRC,2016-10-24,2016-10-26,Likely Voters,812,IVR/Online,Nonpartisan,NA,Other,NA
Maine,26601,MPRC,2016-10-24,2016-10-26,Likely Voters,812,IVR/Online,Nonpartisan,NA,Undecided,13
Maine,26601,MPRC,2016-10-24,2016-10-26,Likely Voters,812,IVR/Online,Nonpartisan,NA,Johnson,NA
Maine,26601,MPRC,2016-10-24,2016-10-26,Likely Voters,812,IVR/Online,Nonpartisan,NA,McMullin,NA
Maine,26553,UNH/Portland Press Herald/Maine Sunday Telegram,2016-10-20,2016-10-25,Likely Voters,646,Live Phone,Nonpartisan,NA,Trump,37
Maine,26553,UNH/Portland Press Herald/Maine Sunday Telegram,2016-10-20,2016-10-25,Likely Voters,646,Live Phone,Nonpartisan,NA,Clinton,48
Maine,26553,UNH/Portland Press Herald/Maine Sunday Telegram,2016-10-20,2016-10-25,Likely Voters,646,Live Phone,Nonpartisan,NA,Other,6
Maine,26553,UNH/Portland Press Herald/Maine Sunday Telegram,2016-10-20,2016-10-25,Likely Voters,646,Live Phone,Nonpartisan,NA,Undecided,3
Maine,26553,UNH/Portland Press Herald/Maine Sunday Telegram,2016-10-20,2016-10-25,Likely Voters,646,Live Phone,Nonpartisan,NA,Johnson,NA
Maine,26553,UNH/Portland Press Herald/Maine Sunday Telegram,2016-10-20,2016-10-25,Likely Voters,646,Live Phone,Nonpartisan,NA,McMullin,NA
Maine,26441,SurveyMonkey,2016-10-18,2016-10-24,Likely Voters,370,Internet,Nonpartisan,NA,Trump,35
Maine,26441,SurveyMonkey,2016-10-18,2016-10-24,Likely Voters,370,Internet,Nonpartisan,NA,Clinton,51
Maine,26441,SurveyMonkey,2016-10-18,2016-10-24,Likely Voters,370,Internet,Nonpartisan,NA,Other,4
Maine,26441,SurveyMonkey,2016-10-18,2016-10-24,Likely Voters,370,Internet,Nonpartisan,NA,Undecided,3
Maine,26441,SurveyMonkey,2016-10-18,2016-10-24,Likely Voters,370,Internet,Nonpartisan,NA,Johnson,NA
Maine,26441,SurveyMonkey,2016-10-18,2016-10-24,Likely Voters,370,Internet,Nonpartisan,NA,McMullin,NA
Maine,26350,MPRC,2016-10-14,2016-10-15,Likely Voters,890,IVR/Online,Nonpartisan,NA,Trump,39
Maine,26350,MPRC,2016-10-14,2016-10-15,Likely Voters,890,IVR/Online,Nonpartisan,NA,Clinton,49
Maine,26350,MPRC,2016-10-14,2016-10-15,Likely Voters,890,IVR/Online,Nonpartisan,NA,Other,NA
Maine,26350,MPRC,2016-10-14,2016-10-15,Likely Voters,890,IVR/Online,Nonpartisan,NA,Undecided,12
Maine,26350,MPRC,2016-10-14,2016-10-15,Likely Voters,890,IVR/Online,Nonpartisan,NA,Johnson,NA
Maine,26350,MPRC,2016-10-14,2016-10-15,Likely Voters,890,IVR/Online,Nonpartisan,NA,McMullin,NA
Maine,26344,Ipsos/Reuters,2016-09-23,2016-10-13,Likely Voters,281,Internet,Nonpartisan,NA,Trump,35
Maine,26344,Ipsos/Reuters,2016-09-23,2016-10-13,Likely Voters,281,Internet,Nonpartisan,NA,Clinton,48
Maine,26344,Ipsos/Reuters,2016-09-23,2016-10-13,Likely Voters,281,Internet,Nonpartisan,NA,Other,NA
Maine,26344,Ipsos/Reuters,2016-09-23,2016-10-13,Likely Voters,281,Internet,Nonpartisan,NA,Undecided,17
Maine,26344,Ipsos/Reuters,2016-09-23,2016-10-13,Likely Voters,281,Internet,Nonpartisan,NA,Johnson,NA
Maine,26344,Ipsos/Reuters,2016-09-23,2016-10-13,Likely Voters,281,Internet,Nonpartisan,NA,McMullin,NA
Maine,26145,MPRC,2016-10-07,2016-10-09,Likely Voters,892,IVR/Online,Nonpartisan,NA,Trump,40
Maine,26145,MPRC,2016-10-07,2016-10-09,Likely Voters,892,IVR/Online,Nonpartisan,NA,Clinton,49
Maine,26145,MPRC,2016-10-07,2016-10-09,Likely Voters,892,IVR/Online,Nonpartisan,NA,Other,NA
Maine,26145,MPRC,2016-10-07,2016-10-09,Likely Voters,892,IVR/Online,Nonpartisan,NA,Undecided,11
Maine,26145,MPRC,2016-10-07,2016-10-09,Likely Voters,892,IVR/Online,Nonpartisan,NA,Johnson,NA
Maine,26145,MPRC,2016-10-07,2016-10-09,Likely Voters,892,IVR/Online,Nonpartisan,NA,McMullin,NA
Maine,26112,Ipsos/Reuters,2016-09-16,2016-10-06,Likely Voters,303,Internet,Nonpartisan,NA,Trump,33
Maine,26112,Ipsos/Reuters,2016-09-16,2016-10-06,Likely Voters,303,Internet,Nonpartisan,NA,Clinton,46
Maine,26112,Ipsos/Reuters,2016-09-16,2016-10-06,Likely Voters,303,Internet,Nonpartisan,NA,Other,NA
Maine,26112,Ipsos/Reuters,2016-09-16,2016-10-06,Likely Voters,303,Internet,Nonpartisan,NA,Undecided,21
Maine,26112,Ipsos/Reuters,2016-09-16,2016-10-06,Likely Voters,303,Internet,Nonpartisan,NA,Johnson,NA
Maine,26112,Ipsos/Reuters,2016-09-16,2016-10-06,Likely Voters,303,Internet,Nonpartisan,NA,McMullin,NA
Maine,25648,UNH/Portland Press Herald/Maine Sunday Telegram,2016-09-15,2016-09-21,Likely Voters,513,Live Phone,Nonpartisan,NA,Trump,37
Maine,25648,UNH/Portland Press Herald/Maine Sunday Telegram,2016-09-15,2016-09-21,Likely Voters,513,Live Phone,Nonpartisan,NA,Clinton,42
Maine,25648,UNH/Portland Press Herald/Maine Sunday Telegram,2016-09-15,2016-09-21,Likely Voters,513,Live Phone,Nonpartisan,NA,Other,15
Maine,25648,UNH/Portland Press Herald/Maine Sunday Telegram,2016-09-15,2016-09-21,Likely Voters,513,Live Phone,Nonpartisan,NA,Undecided,5
Maine,25648,UNH/Portland Press Herald/Maine Sunday Telegram,2016-09-15,2016-09-21,Likely Voters,513,Live Phone,Nonpartisan,NA,Johnson,NA
Maine,25648,UNH/Portland Press Herald/Maine Sunday Telegram,2016-09-15,2016-09-21,Likely Voters,513,Live Phone,Nonpartisan,NA,McMullin,NA
Maine,25578,MPRC,2016-09-15,2016-09-17,Likely Voters,835,IVR/Online,Nonpartisan,NA,Trump,40
Maine,25578,MPRC,2016-09-15,2016-09-17,Likely Voters,835,IVR/Online,Nonpartisan,NA,Clinton,45
Maine,25578,MPRC,2016-09-15,2016-09-17,Likely Voters,835,IVR/Online,Nonpartisan,NA,Other,NA
Maine,25578,MPRC,2016-09-15,2016-09-17,Likely Voters,835,IVR/Online,Nonpartisan,NA,Undecided,15
Maine,25578,MPRC,2016-09-15,2016-09-17,Likely Voters,835,IVR/Online,Nonpartisan,NA,Johnson,NA
Maine,25578,MPRC,2016-09-15,2016-09-17,Likely Voters,835,IVR/Online,Nonpartisan,NA,McMullin,NA
Maine,25552,Ipsos/Reuters,2016-08-26,2016-09-15,Likely Voters,275,Internet,Nonpartisan,NA,Trump,40
Maine,25552,Ipsos/Reuters,2016-08-26,2016-09-15,Likely Voters,275,Internet,Nonpartisan,NA,Clinton,41
Maine,25552,Ipsos/Reuters,2016-08-26,2016-09-15,Likely Voters,275,Internet,Nonpartisan,NA,Other,NA
Maine,25552,Ipsos/Reuters,2016-08-26,2016-09-15,Likely Voters,275,Internet,Nonpartisan,NA,Undecided,19
Maine,25552,Ipsos/Reuters,2016-08-26,2016-09-15,Likely Voters,275,Internet,Nonpartisan,NA,Johnson,NA
Maine,25552,Ipsos/Reuters,2016-08-26,2016-09-15,Likely Voters,275,Internet,Nonpartisan,NA,McMullin,NA
Maine,25483,SurveyUSA/Boston Globe/Colby College,2016-09-04,2016-09-10,Likely Voters,779,IVR/Online,Nonpartisan,NA,Trump,39
Maine,25483,SurveyUSA/Boston Globe/Colby College,2016-09-04,2016-09-10,Likely Voters,779,IVR/Online,Nonpartisan,NA,Clinton,42
Maine,25483,SurveyUSA/Boston Globe/Colby College,2016-09-04,2016-09-10,Likely Voters,779,IVR/Online,Nonpartisan,NA,Other,5
Maine,25483,SurveyUSA/Boston Globe/Colby College,2016-09-04,2016-09-10,Likely Voters,779,IVR/Online,Nonpartisan,NA,Undecided,5
Maine,25483,SurveyUSA/Boston Globe/Colby College,2016-09-04,2016-09-10,Likely Voters,779,IVR/Online,Nonpartisan,NA,Johnson,NA
Maine,25483,SurveyUSA/Boston Globe/Colby College,2016-09-04,2016-09-10,Likely Voters,779,IVR/Online,Nonpartisan,NA,McMullin,NA
Maine,25370,WashPost/SurveyMonkey,2016-08-09,2016-09-01,Registered Voters,715,Internet,Nonpartisan,NA,Trump,39
Maine,25370,WashPost/SurveyMonkey,2016-08-09,2016-09-01,Registered Voters,715,Internet,Nonpartisan,NA,Clinton,47
Maine,25370,WashPost/SurveyMonkey,2016-08-09,2016-09-01,Registered Voters,715,Internet,Nonpartisan,NA,Other,NA
Maine,25370,WashPost/SurveyMonkey,2016-08-09,2016-09-01,Registered Voters,715,Internet,Nonpartisan,NA,Undecided,14
Maine,25370,WashPost/SurveyMonkey,2016-08-09,2016-09-01,Registered Voters,715,Internet,Nonpartisan,NA,Johnson,NA
Maine,25370,WashPost/SurveyMonkey,2016-08-09,2016-09-01,Registered Voters,715,Internet,Nonpartisan,NA,McMullin,NA
Maine,25482,MPRC,2016-08-17,2016-08-20,Likely Voters,841,IVR/Online,Nonpartisan,NA,Trump,32
Maine,25482,MPRC,2016-08-17,2016-08-20,Likely Voters,841,IVR/Online,Nonpartisan,NA,Clinton,42
Maine,25482,MPRC,2016-08-17,2016-08-20,Likely Voters,841,IVR/Online,Nonpartisan,NA,Other,4
Maine,25482,MPRC,2016-08-17,2016-08-20,Likely Voters,841,IVR/Online,Nonpartisan,NA,Undecided,13
Maine,25482,MPRC,2016-08-17,2016-08-20,Likely Voters,841,IVR/Online,Nonpartisan,NA,Johnson,NA
Maine,25482,MPRC,2016-08-17,2016-08-20,Likely Voters,841,IVR/Online,Nonpartisan,NA,McMullin,NA
Maine,25132,Gravis Marketing,2016-08-04,2016-08-08,Registered Voters,2046,IVR/Online,Nonpartisan,NA,Trump,36
Maine,25132,Gravis Marketing,2016-08-04,2016-08-08,Registered Voters,2046,IVR/Online,Nonpartisan,NA,Clinton,46
Maine,25132,Gravis Marketing,2016-08-04,2016-08-08,Registered Voters,2046,IVR/Online,Nonpartisan,NA,Other,17
Maine,25132,Gravis Marketing,2016-08-04,2016-08-08,Registered Voters,2046,IVR/Online,Nonpartisan,NA,Undecided,NA
Maine,25132,Gravis Marketing,2016-08-04,2016-08-08,Registered Voters,2046,IVR/Online,Nonpartisan,NA,Johnson,NA
Maine,25132,Gravis Marketing,2016-08-04,2016-08-08,Registered Voters,2046,IVR/Online,Nonpartisan,NA,McMullin,NA
Maine,24771,UNH/Portland Press Herald/Maine Sunday Telegram,2016-06-15,2016-06-21,Likely Voters,469,Live Phone,Nonpartisan,NA,Trump,35
Maine,24771,UNH/Portland Press Herald/Maine Sunday Telegram,2016-06-15,2016-06-21,Likely Voters,469,Live Phone,Nonpartisan,NA,Clinton,42
Maine,24771,UNH/Portland Press Herald/Maine Sunday Telegram,2016-06-15,2016-06-21,Likely Voters,469,Live Phone,Nonpartisan,NA,Other,19
Maine,24771,UNH/Portland Press Herald/Maine Sunday Telegram,2016-06-15,2016-06-21,Likely Voters,469,Live Phone,Nonpartisan,NA,Undecided,4
Maine,24771,UNH/Portland Press Herald/Maine Sunday Telegram,2016-06-15,2016-06-21,Likely Voters,469,Live Phone,Nonpartisan,NA,Johnson,NA
Maine,24771,UNH/Portland Press Herald/Maine Sunday Telegram,2016-06-15,2016-06-21,Likely Voters,469,Live Phone,Nonpartisan,NA,McMullin,NA
Indiana,26807,SurveyMonkey,2016-11-01,2016-11-07,Likely Voters,1700,Internet,Nonpartisan,NA,Trump,52
Indiana,26807,SurveyMonkey,2016-11-01,2016-11-07,Likely Voters,1700,Internet,Nonpartisan,NA,Clinton,35
Indiana,26807,SurveyMonkey,2016-11-01,2016-11-07,Likely Voters,1700,Internet,Nonpartisan,NA,Other,NA
Indiana,26807,SurveyMonkey,2016-11-01,2016-11-07,Likely Voters,1700,Internet,Nonpartisan,NA,Undecided,3
Indiana,26807,SurveyMonkey,2016-11-01,2016-11-07,Likely Voters,1700,Internet,Nonpartisan,NA,Johnson,10
Indiana,26807,SurveyMonkey,2016-11-01,2016-11-07,Likely Voters,1700,Internet,Nonpartisan,NA,McMullin,NA
Indiana,26793,UPI/CVOTER,2016-10-30,2016-11-06,Likely Voters,338,Internet,Nonpartisan,NA,Trump,51
Indiana,26793,UPI/CVOTER,2016-10-30,2016-11-06,Likely Voters,338,Internet,Nonpartisan,NA,Clinton,43
Indiana,26793,UPI/CVOTER,2016-10-30,2016-11-06,Likely Voters,338,Internet,Nonpartisan,NA,Other,6
Indiana,26793,UPI/CVOTER,2016-10-30,2016-11-06,Likely Voters,338,Internet,Nonpartisan,NA,Undecided,NA
Indiana,26793,UPI/CVOTER,2016-10-30,2016-11-06,Likely Voters,338,Internet,Nonpartisan,NA,Johnson,NA
Indiana,26793,UPI/CVOTER,2016-10-30,2016-11-06,Likely Voters,338,Internet,Nonpartisan,NA,McMullin,NA
Indiana,26806,Ipsos/Reuters,2016-10-17,2016-11-06,Likely Voters,541,Internet,Nonpartisan,NA,Trump,54
Indiana,26806,Ipsos/Reuters,2016-10-17,2016-11-06,Likely Voters,541,Internet,Nonpartisan,NA,Clinton,38
Indiana,26806,Ipsos/Reuters,2016-10-17,2016-11-06,Likely Voters,541,Internet,Nonpartisan,NA,Other,NA
Indiana,26806,Ipsos/Reuters,2016-10-17,2016-11-06,Likely Voters,541,Internet,Nonpartisan,NA,Undecided,8
Indiana,26806,Ipsos/Reuters,2016-10-17,2016-11-06,Likely Voters,541,Internet,Nonpartisan,NA,Johnson,NA
Indiana,26806,Ipsos/Reuters,2016-10-17,2016-11-06,Likely Voters,541,Internet,Nonpartisan,NA,McMullin,NA
Indiana,26719,Gravis Marketing,2016-10-30,2016-11-01,Registered Voters,399,Internet,Nonpartisan,NA,Trump,49
Indiana,26719,Gravis Marketing,2016-10-30,2016-11-01,Registered Voters,399,Internet,Nonpartisan,NA,Clinton,39
Indiana,26719,Gravis Marketing,2016-10-30,2016-11-01,Registered Voters,399,Internet,Nonpartisan,NA,Other,NA
Indiana,26719,Gravis Marketing,2016-10-30,2016-11-01,Registered Voters,399,Internet,Nonpartisan,NA,Undecided,9
Indiana,26719,Gravis Marketing,2016-10-30,2016-11-01,Registered Voters,399,Internet,Nonpartisan,NA,Johnson,5
Indiana,26719,Gravis Marketing,2016-10-30,2016-11-01,Registered Voters,399,Internet,Nonpartisan,NA,McMullin,NA
Indiana,26596,SurveyMonkey,2016-10-25,2016-10-31,Likely Voters,674,Internet,Nonpartisan,NA,Trump,51
Indiana,26596,SurveyMonkey,2016-10-25,2016-10-31,Likely Voters,674,Internet,Nonpartisan,NA,Clinton,37
Indiana,26596,SurveyMonkey,2016-10-25,2016-10-31,Likely Voters,674,Internet,Nonpartisan,NA,Other,NA
Indiana,26596,SurveyMonkey,2016-10-25,2016-10-31,Likely Voters,674,Internet,Nonpartisan,NA,Undecided,2
Indiana,26596,SurveyMonkey,2016-10-25,2016-10-31,Likely Voters,674,Internet,Nonpartisan,NA,Johnson,10
Indiana,26596,SurveyMonkey,2016-10-25,2016-10-31,Likely Voters,674,Internet,Nonpartisan,NA,McMullin,NA
Indiana,26574,Monmouth University,2016-10-27,2016-10-30,Likely Voters,402,Live Phone,Nonpartisan,NA,Trump,50
Indiana,26574,Monmouth University,2016-10-27,2016-10-30,Likely Voters,402,Live Phone,Nonpartisan,NA,Clinton,39
Indiana,26574,Monmouth University,2016-10-27,2016-10-30,Likely Voters,402,Live Phone,Nonpartisan,NA,Other,2
Indiana,26574,Monmouth University,2016-10-27,2016-10-30,Likely Voters,402,Live Phone,Nonpartisan,NA,Undecided,5
Indiana,26574,Monmouth University,2016-10-27,2016-10-30,Likely Voters,402,Live Phone,Nonpartisan,NA,Johnson,4
Indiana,26574,Monmouth University,2016-10-27,2016-10-30,Likely Voters,402,Live Phone,Nonpartisan,NA,McMullin,NA
Indiana,26592,UPI/CVOTER,2016-10-23,2016-10-29,Likely Voters,332,Internet,Nonpartisan,NA,Trump,54
Indiana,26592,UPI/CVOTER,2016-10-23,2016-10-29,Likely Voters,332,Internet,Nonpartisan,NA,Clinton,42
Indiana,26592,UPI/CVOTER,2016-10-23,2016-10-29,Likely Voters,332,Internet,Nonpartisan,NA,Other,4
Indiana,26592,UPI/CVOTER,2016-10-23,2016-10-29,Likely Voters,332,Internet,Nonpartisan,NA,Undecided,NA
Indiana,26592,UPI/CVOTER,2016-10-23,2016-10-29,Likely Voters,332,Internet,Nonpartisan,NA,Johnson,NA
Indiana,26592,UPI/CVOTER,2016-10-23,2016-10-29,Likely Voters,332,Internet,Nonpartisan,NA,McMullin,NA
Indiana,26433,Gravis Marketing,2016-10-22,2016-10-24,Registered Voters,596,Internet,Nonpartisan,NA,Trump,49
Indiana,26433,Gravis Marketing,2016-10-22,2016-10-24,Registered Voters,596,Internet,Nonpartisan,NA,Clinton,38
Indiana,26433,Gravis Marketing,2016-10-22,2016-10-24,Registered Voters,596,Internet,Nonpartisan,NA,Other,NA
Indiana,26433,Gravis Marketing,2016-10-22,2016-10-24,Registered Voters,596,Internet,Nonpartisan,NA,Undecided,8
Indiana,26433,Gravis Marketing,2016-10-22,2016-10-24,Registered Voters,596,Internet,Nonpartisan,NA,Johnson,5
Indiana,26433,Gravis Marketing,2016-10-22,2016-10-24,Registered Voters,596,Internet,Nonpartisan,NA,McMullin,NA
Indiana,26441,SurveyMonkey,2016-10-18,2016-10-24,Likely Voters,688,Internet,Nonpartisan,NA,Trump,48
Indiana,26441,SurveyMonkey,2016-10-18,2016-10-24,Likely Voters,688,Internet,Nonpartisan,NA,Clinton,35
Indiana,26441,SurveyMonkey,2016-10-18,2016-10-24,Likely Voters,688,Internet,Nonpartisan,NA,Other,1
Indiana,26441,SurveyMonkey,2016-10-18,2016-10-24,Likely Voters,688,Internet,Nonpartisan,NA,Undecided,3
Indiana,26441,SurveyMonkey,2016-10-18,2016-10-24,Likely Voters,688,Internet,Nonpartisan,NA,Johnson,13
Indiana,26441,SurveyMonkey,2016-10-18,2016-10-24,Likely Voters,688,Internet,Nonpartisan,NA,McMullin,NA
Indiana,26363,WISH-TV/Ball State,2016-10-10,2016-10-16,Likely Voters,544,Live Phone,Nonpartisan,NA,Trump,43
Indiana,26363,WISH-TV/Ball State,2016-10-10,2016-10-16,Likely Voters,544,Live Phone,Nonpartisan,NA,Clinton,37
Indiana,26363,WISH-TV/Ball State,2016-10-10,2016-10-16,Likely Voters,544,Live Phone,Nonpartisan,NA,Other,1
Indiana,26363,WISH-TV/Ball State,2016-10-10,2016-10-16,Likely Voters,544,Live Phone,Nonpartisan,NA,Undecided,11
Indiana,26363,WISH-TV/Ball State,2016-10-10,2016-10-16,Likely Voters,544,Live Phone,Nonpartisan,NA,Johnson,9
Indiana,26363,WISH-TV/Ball State,2016-10-10,2016-10-16,Likely Voters,544,Live Phone,Nonpartisan,NA,McMullin,NA
Indiana,26175,Monmouth University,2016-10-11,2016-10-13,Likely Voters,402,Live Phone,Nonpartisan,NA,Trump,45
Indiana,26175,Monmouth University,2016-10-11,2016-10-13,Likely Voters,402,Live Phone,Nonpartisan,NA,Clinton,41
Indiana,26175,Monmouth University,2016-10-11,2016-10-13,Likely Voters,402,Live Phone,Nonpartisan,NA,Other,1
Indiana,26175,Monmouth University,2016-10-11,2016-10-13,Likely Voters,402,Live Phone,Nonpartisan,NA,Undecided,5
Indiana,26175,Monmouth University,2016-10-11,2016-10-13,Likely Voters,402,Live Phone,Nonpartisan,NA,Johnson,9
Indiana,26175,Monmouth University,2016-10-11,2016-10-13,Likely Voters,402,Live Phone,Nonpartisan,NA,McMullin,NA
Indiana,26344,Ipsos/Reuters,2016-09-23,2016-10-13,Likely Voters,822,Internet,Nonpartisan,NA,Trump,47
Indiana,26344,Ipsos/Reuters,2016-09-23,2016-10-13,Likely Voters,822,Internet,Nonpartisan,NA,Clinton,38
Indiana,26344,Ipsos/Reuters,2016-09-23,2016-10-13,Likely Voters,822,Internet,Nonpartisan,NA,Other,NA
Indiana,26344,Ipsos/Reuters,2016-09-23,2016-10-13,Likely Voters,822,Internet,Nonpartisan,NA,Undecided,15
Indiana,26344,Ipsos/Reuters,2016-09-23,2016-10-13,Likely Voters,822,Internet,Nonpartisan,NA,Johnson,NA
Indiana,26344,Ipsos/Reuters,2016-09-23,2016-10-13,Likely Voters,822,Internet,Nonpartisan,NA,McMullin,NA
Indiana,26225,Lucid/The Times-Picayune,2016-10-07,2016-10-10,Likely Voters,1123,Internet,Nonpartisan,NA,Trump,43
Indiana,26225,Lucid/The Times-Picayune,2016-10-07,2016-10-10,Likely Voters,1123,Internet,Nonpartisan,NA,Clinton,37
Indiana,26225,Lucid/The Times-Picayune,2016-10-07,2016-10-10,Likely Voters,1123,Internet,Nonpartisan,NA,Other,3
Indiana,26225,Lucid/The Times-Picayune,2016-10-07,2016-10-10,Likely Voters,1123,Internet,Nonpartisan,NA,Undecided,7
Indiana,26225,Lucid/The Times-Picayune,2016-10-07,2016-10-10,Likely Voters,1123,Internet,Nonpartisan,NA,Johnson,10
Indiana,26225,Lucid/The Times-Picayune,2016-10-07,2016-10-10,Likely Voters,1123,Internet,Nonpartisan,NA,McMullin,NA
Indiana,26107,Ipsos/Reuters,2016-09-16,2016-10-06,Likely Voters,844,Internet,Nonpartisan,NA,Trump,50
Indiana,26107,Ipsos/Reuters,2016-09-16,2016-10-06,Likely Voters,844,Internet,Nonpartisan,NA,Clinton,37
Indiana,26107,Ipsos/Reuters,2016-09-16,2016-10-06,Likely Voters,844,Internet,Nonpartisan,NA,Other,NA
Indiana,26107,Ipsos/Reuters,2016-09-16,2016-10-06,Likely Voters,844,Internet,Nonpartisan,NA,Undecided,13
Indiana,26107,Ipsos/Reuters,2016-09-16,2016-10-06,Likely Voters,844,Internet,Nonpartisan,NA,Johnson,NA
Indiana,26107,Ipsos/Reuters,2016-09-16,2016-10-06,Likely Voters,844,Internet,Nonpartisan,NA,McMullin,NA
Indiana,25547,Ipsos/Reuters,2016-08-26,2016-09-15,Likely Voters,709,Internet,Nonpartisan,NA,Trump,53
Indiana,25547,Ipsos/Reuters,2016-08-26,2016-09-15,Likely Voters,709,Internet,Nonpartisan,NA,Clinton,33
Indiana,25547,Ipsos/Reuters,2016-08-26,2016-09-15,Likely Voters,709,Internet,Nonpartisan,NA,Other,NA
Indiana,25547,Ipsos/Reuters,2016-08-26,2016-09-15,Likely Voters,709,Internet,Nonpartisan,NA,Undecided,14
Indiana,25547,Ipsos/Reuters,2016-08-26,2016-09-15,Likely Voters,709,Internet,Nonpartisan,NA,Johnson,NA
Indiana,25547,Ipsos/Reuters,2016-08-26,2016-09-15,Likely Voters,709,Internet,Nonpartisan,NA,McMullin,NA
Indiana,25365,WashPost/SurveyMonkey,2016-08-09,2016-09-01,Registered Voters,2294,Internet,Nonpartisan,NA,Trump,52
Indiana,25365,WashPost/SurveyMonkey,2016-08-09,2016-09-01,Registered Voters,2294,Internet,Nonpartisan,NA,Clinton,37
Indiana,25365,WashPost/SurveyMonkey,2016-08-09,2016-09-01,Registered Voters,2294,Internet,Nonpartisan,NA,Other,NA
Indiana,25365,WashPost/SurveyMonkey,2016-08-09,2016-09-01,Registered Voters,2294,Internet,Nonpartisan,NA,Undecided,11
Indiana,25365,WashPost/SurveyMonkey,2016-08-09,2016-09-01,Registered Voters,2294,Internet,Nonpartisan,NA,Johnson,NA
Indiana,25365,WashPost/SurveyMonkey,2016-08-09,2016-09-01,Registered Voters,2294,Internet,Nonpartisan,NA,McMullin,NA
Indiana,25197,Monmouth University,2016-08-13,2016-08-16,Likely Voters,403,Live Phone,Nonpartisan,NA,Trump,47
Indiana,25197,Monmouth University,2016-08-13,2016-08-16,Likely Voters,403,Live Phone,Nonpartisan,NA,Clinton,36
Indiana,25197,Monmouth University,2016-08-13,2016-08-16,Likely Voters,403,Live Phone,Nonpartisan,NA,Other,1
Indiana,25197,Monmouth University,2016-08-13,2016-08-16,Likely Voters,403,Live Phone,Nonpartisan,NA,Undecided,5
Indiana,25197,Monmouth University,2016-08-13,2016-08-16,Likely Voters,403,Live Phone,Nonpartisan,NA,Johnson,10
Indiana,25197,Monmouth University,2016-08-13,2016-08-16,Likely Voters,403,Live Phone,Nonpartisan,NA,McMullin,NA
Indiana,24413,NBC/WSJ/Marist,2016-04-26,2016-04-28,Registered Voters,2149,Live Phone,Nonpartisan,NA,Trump,48
Indiana,24413,NBC/WSJ/Marist,2016-04-26,2016-04-28,Registered Voters,2149,Live Phone,Nonpartisan,NA,Clinton,41
Indiana,24413,NBC/WSJ/Marist,2016-04-26,2016-04-28,Registered Voters,2149,Live Phone,Nonpartisan,NA,Other,NA
Indiana,24413,NBC/WSJ/Marist,2016-04-26,2016-04-28,Registered Voters,2149,Live Phone,Nonpartisan,NA,Undecided,11
Indiana,24413,NBC/WSJ/Marist,2016-04-26,2016-04-28,Registered Voters,2149,Live Phone,Nonpartisan,NA,Johnson,NA
Indiana,24413,NBC/WSJ/Marist,2016-04-26,2016-04-28,Registered Voters,2149,Live Phone,Nonpartisan,NA,McMullin,NA
Indiana,24601,POS (R)/HPI/WTHR,2016-04-18,2016-04-21,Likely Voters,500,Live Phone,Pollster,Rep,Trump,47
Indiana,24601,POS (R)/HPI/WTHR,2016-04-18,2016-04-21,Likely Voters,500,Live Phone,Pollster,Rep,Clinton,39
Indiana,24601,POS (R)/HPI/WTHR,2016-04-18,2016-04-21,Likely Voters,500,Live Phone,Pollster,Rep,Other,NA
Indiana,24601,POS (R)/HPI/WTHR,2016-04-18,2016-04-21,Likely Voters,500,Live Phone,Pollster,Rep,Undecided,14
Indiana,24601,POS (R)/HPI/WTHR,2016-04-18,2016-04-21,Likely Voters,500,Live Phone,Pollster,Rep,Johnson,NA
Indiana,24601,POS (R)/HPI/WTHR,2016-04-18,2016-04-21,Likely Voters,500,Live Phone,Pollster,Rep,McMullin,NA
Nevada,26807,SurveyMonkey,2016-11-01,2016-11-07,Likely Voters,1207,Internet,Nonpartisan,NA,Trump,43
Nevada,26807,SurveyMonkey,2016-11-01,2016-11-07,Likely Voters,1207,Internet,Nonpartisan,NA,Clinton,45
Nevada,26807,SurveyMonkey,2016-11-01,2016-11-07,Likely Voters,1207,Internet,Nonpartisan,NA,Other,NA
Nevada,26807,SurveyMonkey,2016-11-01,2016-11-07,Likely Voters,1207,Internet,Nonpartisan,NA,Undecided,3
Nevada,26807,SurveyMonkey,2016-11-01,2016-11-07,Likely Voters,1207,Internet,Nonpartisan,NA,Johnson,9
Nevada,26807,SurveyMonkey,2016-11-01,2016-11-07,Likely Voters,1207,Internet,Nonpartisan,NA,McMullin,NA
Nevada,26814,Insights West,2016-11-04,2016-11-06,Likely Voters,387,Internet,Nonpartisan,NA,Trump,42
Nevada,26814,Insights West,2016-11-04,2016-11-06,Likely Voters,387,Internet,Nonpartisan,NA,Clinton,42
Nevada,26814,Insights West,2016-11-04,2016-11-06,Likely Voters,387,Internet,Nonpartisan,NA,Other,3
Nevada,26814,Insights West,2016-11-04,2016-11-06,Likely Voters,387,Internet,Nonpartisan,NA,Undecided,9
Nevada,26814,Insights West,2016-11-04,2016-11-06,Likely Voters,387,Internet,Nonpartisan,NA,Johnson,4
Nevada,26814,Insights West,2016-11-04,2016-11-06,Likely Voters,387,Internet,Nonpartisan,NA,McMullin,NA
Nevada,26793,UPI/CVOTER,2016-10-30,2016-11-06,Likely Voters,323,Internet,Nonpartisan,NA,Trump,46
Nevada,26793,UPI/CVOTER,2016-10-30,2016-11-06,Likely Voters,323,Internet,Nonpartisan,NA,Clinton,49
Nevada,26793,UPI/CVOTER,2016-10-30,2016-11-06,Likely Voters,323,Internet,Nonpartisan,NA,Other,5
Nevada,26793,UPI/CVOTER,2016-10-30,2016-11-06,Likely Voters,323,Internet,Nonpartisan,NA,Undecided,NA
Nevada,26793,UPI/CVOTER,2016-10-30,2016-11-06,Likely Voters,323,Internet,Nonpartisan,NA,Johnson,NA
Nevada,26793,UPI/CVOTER,2016-10-30,2016-11-06,Likely Voters,323,Internet,Nonpartisan,NA,McMullin,NA
Nevada,26806,Ipsos/Reuters,2016-10-17,2016-11-06,Likely Voters,571,Internet,Nonpartisan,NA,Trump,42
Nevada,26806,Ipsos/Reuters,2016-10-17,2016-11-06,Likely Voters,571,Internet,Nonpartisan,NA,Clinton,45
Nevada,26806,Ipsos/Reuters,2016-10-17,2016-11-06,Likely Voters,571,Internet,Nonpartisan,NA,Other,NA
Nevada,26806,Ipsos/Reuters,2016-10-17,2016-11-06,Likely Voters,571,Internet,Nonpartisan,NA,Undecided,13
Nevada,26806,Ipsos/Reuters,2016-10-17,2016-11-06,Likely Voters,571,Internet,Nonpartisan,NA,Johnson,NA
Nevada,26806,Ipsos/Reuters,2016-10-17,2016-11-06,Likely Voters,571,Internet,Nonpartisan,NA,McMullin,NA
Nevada,26763,Remington Research Group (R)/Axiom Strategies,2016-11-01,2016-11-02,Likely Voters,1793,IVR/Live Phone,Sponsor,Rep,Trump,46
Nevada,26763,Remington Research Group (R)/Axiom Strategies,2016-11-01,2016-11-02,Likely Voters,1793,IVR/Live Phone,Sponsor,Rep,Clinton,45
Nevada,26763,Remington Research Group (R)/Axiom Strategies,2016-11-01,2016-11-02,Likely Voters,1793,IVR/Live Phone,Sponsor,Rep,Other,2
Nevada,26763,Remington Research Group (R)/Axiom Strategies,2016-11-01,2016-11-02,Likely Voters,1793,IVR/Live Phone,Sponsor,Rep,Undecided,4
Nevada,26763,Remington Research Group (R)/Axiom Strategies,2016-11-01,2016-11-02,Likely Voters,1793,IVR/Live Phone,Sponsor,Rep,Johnson,3
Nevada,26763,Remington Research Group (R)/Axiom Strategies,2016-11-01,2016-11-02,Likely Voters,1793,IVR/Live Phone,Sponsor,Rep,McMullin,NA
Nevada,26703,PPP (D-Center for American Progress Action Fund),2016-10-31,2016-11-01,Likely Voters,688,IVR/Online,Sponsor,Dem,Trump,45
Nevada,26703,PPP (D-Center for American Progress Action Fund),2016-10-31,2016-11-01,Likely Voters,688,IVR/Online,Sponsor,Dem,Clinton,48
Nevada,26703,PPP (D-Center for American Progress Action Fund),2016-10-31,2016-11-01,Likely Voters,688,IVR/Online,Sponsor,Dem,Other,NA
Nevada,26703,PPP (D-Center for American Progress Action Fund),2016-10-31,2016-11-01,Likely Voters,688,IVR/Online,Sponsor,Dem,Undecided,7
Nevada,26703,PPP (D-Center for American Progress Action Fund),2016-10-31,2016-11-01,Likely Voters,688,IVR/Online,Sponsor,Dem,Johnson,NA
Nevada,26703,PPP (D-Center for American Progress Action Fund),2016-10-31,2016-11-01,Likely Voters,688,IVR/Online,Sponsor,Dem,McMullin,NA
Nevada,26643,Lucid/The Times-Picayune,2016-10-28,2016-11-01,Likely Voters,892,Internet,Nonpartisan,NA,Trump,38
Nevada,26643,Lucid/The Times-Picayune,2016-10-28,2016-11-01,Likely Voters,892,Internet,Nonpartisan,NA,Clinton,45
Nevada,26643,Lucid/The Times-Picayune,2016-10-28,2016-11-01,Likely Voters,892,Internet,Nonpartisan,NA,Other,2
Nevada,26643,Lucid/The Times-Picayune,2016-10-28,2016-11-01,Likely Voters,892,Internet,Nonpartisan,NA,Undecided,7
Nevada,26643,Lucid/The Times-Picayune,2016-10-28,2016-11-01,Likely Voters,892,Internet,Nonpartisan,NA,Johnson,7
Nevada,26643,Lucid/The Times-Picayune,2016-10-28,2016-11-01,Likely Voters,892,Internet,Nonpartisan,NA,McMullin,NA
Nevada,26638,JMC Analytics (R)/8 News NOW,2016-10-28,2016-11-01,Likely Voters,600,Live Phone,Pollster,Rep,Trump,45
Nevada,26638,JMC Analytics (R)/8 News NOW,2016-10-28,2016-11-01,Likely Voters,600,Live Phone,Pollster,Rep,Clinton,45
Nevada,26638,JMC Analytics (R)/8 News NOW,2016-10-28,2016-11-01,Likely Voters,600,Live Phone,Pollster,Rep,Other,3
Nevada,26638,JMC Analytics (R)/8 News NOW,2016-10-28,2016-11-01,Likely Voters,600,Live Phone,Pollster,Rep,Undecided,4
Nevada,26638,JMC Analytics (R)/8 News NOW,2016-10-28,2016-11-01,Likely Voters,600,Live Phone,Pollster,Rep,Johnson,4
Nevada,26638,JMC Analytics (R)/8 News NOW,2016-10-28,2016-11-01,Likely Voters,600,Live Phone,Pollster,Rep,McMullin,NA
Nevada,26621,CNN,2016-10-27,2016-11-01,Likely Voters,790,Live Phone,Nonpartisan,NA,Trump,49
Nevada,26621,CNN,2016-10-27,2016-11-01,Likely Voters,790,Live Phone,Nonpartisan,NA,Clinton,43
Nevada,26621,CNN,2016-10-27,2016-11-01,Likely Voters,790,Live Phone,Nonpartisan,NA,Other,2
Nevada,26621,CNN,2016-10-27,2016-11-01,Likely Voters,790,Live Phone,Nonpartisan,NA,Undecided,1
Nevada,26621,CNN,2016-10-27,2016-11-01,Likely Voters,790,Live Phone,Nonpartisan,NA,Johnson,5
Nevada,26621,CNN,2016-10-27,2016-11-01,Likely Voters,790,Live Phone,Nonpartisan,NA,McMullin,NA
Nevada,26596,SurveyMonkey,2016-10-25,2016-10-31,Likely Voters,1010,Internet,Nonpartisan,NA,Trump,42
Nevada,26596,SurveyMonkey,2016-10-25,2016-10-31,Likely Voters,1010,Internet,Nonpartisan,NA,Clinton,43
Nevada,26596,SurveyMonkey,2016-10-25,2016-10-31,Likely Voters,1010,Internet,Nonpartisan,NA,Other,NA
Nevada,26596,SurveyMonkey,2016-10-25,2016-10-31,Likely Voters,1010,Internet,Nonpartisan,NA,Undecided,3
Nevada,26596,SurveyMonkey,2016-10-25,2016-10-31,Likely Voters,1010,Internet,Nonpartisan,NA,Johnson,12
Nevada,26596,SurveyMonkey,2016-10-25,2016-10-31,Likely Voters,1010,Internet,Nonpartisan,NA,McMullin,NA
Nevada,26562,Remington Research Group (R)/Axiom Strategies,2016-10-30,2016-10-30,Likely Voters,787,IVR/Live Phone,Sponsor,Rep,Trump,48
Nevada,26562,Remington Research Group (R)/Axiom Strategies,2016-10-30,2016-10-30,Likely Voters,787,IVR/Live Phone,Sponsor,Rep,Clinton,44
Nevada,26562,Remington Research Group (R)/Axiom Strategies,2016-10-30,2016-10-30,Likely Voters,787,IVR/Live Phone,Sponsor,Rep,Other,1
Nevada,26562,Remington Research Group (R)/Axiom Strategies,2016-10-30,2016-10-30,Likely Voters,787,IVR/Live Phone,Sponsor,Rep,Undecided,3
Nevada,26562,Remington Research Group (R)/Axiom Strategies,2016-10-30,2016-10-30,Likely Voters,787,IVR/Live Phone,Sponsor,Rep,Johnson,4
Nevada,26562,Remington Research Group (R)/Axiom Strategies,2016-10-30,2016-10-30,Likely Voters,787,IVR/Live Phone,Sponsor,Rep,McMullin,NA
Nevada,26592,UPI/CVOTER,2016-10-23,2016-10-29,Likely Voters,314,Internet,Nonpartisan,NA,Trump,46
Nevada,26592,UPI/CVOTER,2016-10-23,2016-10-29,Likely Voters,314,Internet,Nonpartisan,NA,Clinton,48
Nevada,26592,UPI/CVOTER,2016-10-23,2016-10-29,Likely Voters,314,Internet,Nonpartisan,NA,Other,6
Nevada,26592,UPI/CVOTER,2016-10-23,2016-10-29,Likely Voters,314,Internet,Nonpartisan,NA,Undecided,NA
Nevada,26592,UPI/CVOTER,2016-10-23,2016-10-29,Likely Voters,314,Internet,Nonpartisan,NA,Johnson,NA
Nevada,26592,UPI/CVOTER,2016-10-23,2016-10-29,Likely Voters,314,Internet,Nonpartisan,NA,McMullin,NA
Nevada,26487,NBC/WSJ/Marist,2016-10-20,2016-10-24,Likely Voters,707,Live Phone,Nonpartisan,NA,Trump,45
Nevada,26487,NBC/WSJ/Marist,2016-10-20,2016-10-24,Likely Voters,707,Live Phone,Nonpartisan,NA,Clinton,45
Nevada,26487,NBC/WSJ/Marist,2016-10-20,2016-10-24,Likely Voters,707,Live Phone,Nonpartisan,NA,Other,9
Nevada,26487,NBC/WSJ/Marist,2016-10-20,2016-10-24,Likely Voters,707,Live Phone,Nonpartisan,NA,Undecided,1
Nevada,26487,NBC/WSJ/Marist,2016-10-20,2016-10-24,Likely Voters,707,Live Phone,Nonpartisan,NA,Johnson,NA
Nevada,26487,NBC/WSJ/Marist,2016-10-20,2016-10-24,Likely Voters,707,Live Phone,Nonpartisan,NA,McMullin,NA
Nevada,26441,SurveyMonkey,2016-10-18,2016-10-24,Likely Voters,967,Internet,Nonpartisan,NA,Trump,44
Nevada,26441,SurveyMonkey,2016-10-18,2016-10-24,Likely Voters,967,Internet,Nonpartisan,NA,Clinton,44
Nevada,26441,SurveyMonkey,2016-10-18,2016-10-24,Likely Voters,967,Internet,Nonpartisan,NA,Other,NA
Nevada,26441,SurveyMonkey,2016-10-18,2016-10-24,Likely Voters,967,Internet,Nonpartisan,NA,Undecided,2
Nevada,26441,SurveyMonkey,2016-10-18,2016-10-24,Likely Voters,967,Internet,Nonpartisan,NA,Johnson,10
Nevada,26441,SurveyMonkey,2016-10-18,2016-10-24,Likely Voters,967,Internet,Nonpartisan,NA,McMullin,NA
Nevada,26416,Bendixen & Amandi-Las Vegas Review-Journal,2016-10-20,2016-10-23,Likely Voters,800,Live Phone,Pollster,Dem,Trump,41
Nevada,26416,Bendixen & Amandi-Las Vegas Review-Journal,2016-10-20,2016-10-23,Likely Voters,800,Live Phone,Pollster,Dem,Clinton,48
Nevada,26416,Bendixen & Amandi-Las Vegas Review-Journal,2016-10-20,2016-10-23,Likely Voters,800,Live Phone,Pollster,Dem,Other,1
Nevada,26416,Bendixen & Amandi-Las Vegas Review-Journal,2016-10-20,2016-10-23,Likely Voters,800,Live Phone,Pollster,Dem,Undecided,4
Nevada,26416,Bendixen & Amandi-Las Vegas Review-Journal,2016-10-20,2016-10-23,Likely Voters,800,Live Phone,Pollster,Dem,Johnson,6
Nevada,26416,Bendixen & Amandi-Las Vegas Review-Journal,2016-10-20,2016-10-23,Likely Voters,800,Live Phone,Pollster,Dem,McMullin,NA
Nevada,26422,Remington Research Group (R)/Axiom Strategies,2016-10-20,2016-10-22,Likely Voters,1332,IVR/Live Phone,Sponsor,Rep,Trump,47
Nevada,26422,Remington Research Group (R)/Axiom Strategies,2016-10-20,2016-10-22,Likely Voters,1332,IVR/Live Phone,Sponsor,Rep,Clinton,44
Nevada,26422,Remington Research Group (R)/Axiom Strategies,2016-10-20,2016-10-22,Likely Voters,1332,IVR/Live Phone,Sponsor,Rep,Other,2
Nevada,26422,Remington Research Group (R)/Axiom Strategies,2016-10-20,2016-10-22,Likely Voters,1332,IVR/Live Phone,Sponsor,Rep,Undecided,3
Nevada,26422,Remington Research Group (R)/Axiom Strategies,2016-10-20,2016-10-22,Likely Voters,1332,IVR/Live Phone,Sponsor,Rep,Johnson,4
Nevada,26422,Remington Research Group (R)/Axiom Strategies,2016-10-20,2016-10-22,Likely Voters,1332,IVR/Live Phone,Sponsor,Rep,McMullin,NA
Nevada,26418,Rasmussen/KTNV,2016-10-20,2016-10-22,Likely Voters,826,IVR/Online,Nonpartisan,NA,Trump,42
Nevada,26418,Rasmussen/KTNV,2016-10-20,2016-10-22,Likely Voters,826,IVR/Online,Nonpartisan,NA,Clinton,46
Nevada,26418,Rasmussen/KTNV,2016-10-20,2016-10-22,Likely Voters,826,IVR/Online,Nonpartisan,NA,Other,2
Nevada,26418,Rasmussen/KTNV,2016-10-20,2016-10-22,Likely Voters,826,IVR/Online,Nonpartisan,NA,Undecided,4
Nevada,26418,Rasmussen/KTNV,2016-10-20,2016-10-22,Likely Voters,826,IVR/Online,Nonpartisan,NA,Johnson,5
Nevada,26418,Rasmussen/KTNV,2016-10-20,2016-10-22,Likely Voters,826,IVR/Online,Nonpartisan,NA,McMullin,NA
Nevada,26251,Monmouth University,2016-10-14,2016-10-17,Likely Voters,413,Live Phone,Nonpartisan,NA,Trump,40
Nevada,26251,Monmouth University,2016-10-14,2016-10-17,Likely Voters,413,Live Phone,Nonpartisan,NA,Clinton,47
Nevada,26251,Monmouth University,2016-10-14,2016-10-17,Likely Voters,413,Live Phone,Nonpartisan,NA,Other,3
Nevada,26251,Monmouth University,2016-10-14,2016-10-17,Likely Voters,413,Live Phone,Nonpartisan,NA,Undecided,3
Nevada,26251,Monmouth University,2016-10-14,2016-10-17,Likely Voters,413,Live Phone,Nonpartisan,NA,Johnson,7
Nevada,26251,Monmouth University,2016-10-14,2016-10-17,Likely Voters,413,Live Phone,Nonpartisan,NA,McMullin,NA
Nevada,26247,WashPost/SurveyMonkey,2016-10-08,2016-10-16,Likely Voters,884,Internet,Nonpartisan,NA,Trump,46
Nevada,26247,WashPost/SurveyMonkey,2016-10-08,2016-10-16,Likely Voters,884,Internet,Nonpartisan,NA,Clinton,47
Nevada,26247,WashPost/SurveyMonkey,2016-10-08,2016-10-16,Likely Voters,884,Internet,Nonpartisan,NA,Other,NA
Nevada,26247,WashPost/SurveyMonkey,2016-10-08,2016-10-16,Likely Voters,884,Internet,Nonpartisan,NA,Undecided,7
Nevada,26247,WashPost/SurveyMonkey,2016-10-08,2016-10-16,Likely Voters,884,Internet,Nonpartisan,NA,Johnson,NA
Nevada,26247,WashPost/SurveyMonkey,2016-10-08,2016-10-16,Likely Voters,884,Internet,Nonpartisan,NA,McMullin,NA
Nevada,26203,CNN,2016-10-10,2016-10-15,Likely Voters,698,Live Phone,Nonpartisan,NA,Trump,44
Nevada,26203,CNN,2016-10-10,2016-10-15,Likely Voters,698,Live Phone,Nonpartisan,NA,Clinton,46
Nevada,26203,CNN,2016-10-10,2016-10-15,Likely Voters,698,Live Phone,Nonpartisan,NA,Other,2
Nevada,26203,CNN,2016-10-10,2016-10-15,Likely Voters,698,Live Phone,Nonpartisan,NA,Undecided,0
Nevada,26203,CNN,2016-10-10,2016-10-15,Likely Voters,698,Live Phone,Nonpartisan,NA,Johnson,7
Nevada,26203,CNN,2016-10-10,2016-10-15,Likely Voters,698,Live Phone,Nonpartisan,NA,McMullin,NA
Nevada,26185,CBS/YouGov,2016-10-12,2016-10-14,Likely Voters,996,Internet,Nonpartisan,NA,Trump,40
Nevada,26185,CBS/YouGov,2016-10-12,2016-10-14,Likely Voters,996,Internet,Nonpartisan,NA,Clinton,46
Nevada,26185,CBS/YouGov,2016-10-12,2016-10-14,Likely Voters,996,Internet,Nonpartisan,NA,Other,5
Nevada,26185,CBS/YouGov,2016-10-12,2016-10-14,Likely Voters,996,Internet,Nonpartisan,NA,Undecided,4
Nevada,26185,CBS/YouGov,2016-10-12,2016-10-14,Likely Voters,996,Internet,Nonpartisan,NA,Johnson,4
Nevada,26185,CBS/YouGov,2016-10-12,2016-10-14,Likely Voters,996,Internet,Nonpartisan,NA,McMullin,NA
Nevada,26189,JMC Analytics (R)/8 News NOW,2016-10-10,2016-10-13,Likely Voters,600,Live Phone,Pollster,Rep,Trump,41
Nevada,26189,JMC Analytics (R)/8 News NOW,2016-10-10,2016-10-13,Likely Voters,600,Live Phone,Pollster,Rep,Clinton,43
Nevada,26189,JMC Analytics (R)/8 News NOW,2016-10-10,2016-10-13,Likely Voters,600,Live Phone,Pollster,Rep,Other,3
Nevada,26189,JMC Analytics (R)/8 News NOW,2016-10-10,2016-10-13,Likely Voters,600,Live Phone,Pollster,Rep,Undecided,9
Nevada,26189,JMC Analytics (R)/8 News NOW,2016-10-10,2016-10-13,Likely Voters,600,Live Phone,Pollster,Rep,Johnson,4
Nevada,26189,JMC Analytics (R)/8 News NOW,2016-10-10,2016-10-13,Likely Voters,600,Live Phone,Pollster,Rep,McMullin,NA
Nevada,26344,Ipsos/Reuters,2016-09-23,2016-10-13,Likely Voters,641,Internet,Nonpartisan,NA,Trump,39
Nevada,26344,Ipsos/Reuters,2016-09-23,2016-10-13,Likely Voters,641,Internet,Nonpartisan,NA,Clinton,41
Nevada,26344,Ipsos/Reuters,2016-09-23,2016-10-13,Likely Voters,641,Internet,Nonpartisan,NA,Other,NA
Nevada,26344,Ipsos/Reuters,2016-09-23,2016-10-13,Likely Voters,641,Internet,Nonpartisan,NA,Undecided,20
Nevada,26344,Ipsos/Reuters,2016-09-23,2016-10-13,Likely Voters,641,Internet,Nonpartisan,NA,Johnson,NA
Nevada,26344,Ipsos/Reuters,2016-09-23,2016-10-13,Likely Voters,641,Internet,Nonpartisan,NA,McMullin,NA
Nevada,26159,Clarity (D-End Citizens United),2016-10-10,2016-10-11,Likely Voters,1010,IVR/Live Phone,Sponsor,Dem,Trump,43
Nevada,26159,Clarity (D-End Citizens United),2016-10-10,2016-10-11,Likely Voters,1010,IVR/Live Phone,Sponsor,Dem,Clinton,43
Nevada,26159,Clarity (D-End Citizens United),2016-10-10,2016-10-11,Likely Voters,1010,IVR/Live Phone,Sponsor,Dem,Other,6
Nevada,26159,Clarity (D-End Citizens United),2016-10-10,2016-10-11,Likely Voters,1010,IVR/Live Phone,Sponsor,Dem,Undecided,8
Nevada,26159,Clarity (D-End Citizens United),2016-10-10,2016-10-11,Likely Voters,1010,IVR/Live Phone,Sponsor,Dem,Johnson,NA
Nevada,26159,Clarity (D-End Citizens United),2016-10-10,2016-10-11,Likely Voters,1010,IVR/Live Phone,Sponsor,Dem,McMullin,NA
Nevada,26151,PPP (D-Cortez Masto),2016-10-10,2016-10-11,Likely Voters,986,IVR/Online,Sponsor,Dem,Trump,43
Nevada,26151,PPP (D-Cortez Masto),2016-10-10,2016-10-11,Likely Voters,986,IVR/Online,Sponsor,Dem,Clinton,47
Nevada,26151,PPP (D-Cortez Masto),2016-10-10,2016-10-11,Likely Voters,986,IVR/Online,Sponsor,Dem,Other,NA
Nevada,26151,PPP (D-Cortez Masto),2016-10-10,2016-10-11,Likely Voters,986,IVR/Online,Sponsor,Dem,Undecided,10
Nevada,26151,PPP (D-Cortez Masto),2016-10-10,2016-10-11,Likely Voters,986,IVR/Online,Sponsor,Dem,Johnson,NA
Nevada,26151,PPP (D-Cortez Masto),2016-10-10,2016-10-11,Likely Voters,986,IVR/Online,Sponsor,Dem,McMullin,NA
Nevada,26120,Ipsos/Reuters,2016-09-16,2016-10-06,Likely Voters,620,Internet,Nonpartisan,NA,Trump,42
Nevada,26120,Ipsos/Reuters,2016-09-16,2016-10-06,Likely Voters,620,Internet,Nonpartisan,NA,Clinton,46
Nevada,26120,Ipsos/Reuters,2016-09-16,2016-10-06,Likely Voters,620,Internet,Nonpartisan,NA,Other,NA
Nevada,26120,Ipsos/Reuters,2016-09-16,2016-10-06,Likely Voters,620,Internet,Nonpartisan,NA,Undecided,12
Nevada,26120,Ipsos/Reuters,2016-09-16,2016-10-06,Likely Voters,620,Internet,Nonpartisan,NA,Johnson,NA
Nevada,26120,Ipsos/Reuters,2016-09-16,2016-10-06,Likely Voters,620,Internet,Nonpartisan,NA,McMullin,NA
Nevada,25958,Hart (D)/UNLV,2016-09-27,2016-10-02,Registered Voters,700,Live Phone,Pollster,Dem,Trump,41
Nevada,25958,Hart (D)/UNLV,2016-09-27,2016-10-02,Registered Voters,700,Live Phone,Pollster,Dem,Clinton,44
Nevada,25958,Hart (D)/UNLV,2016-09-27,2016-10-02,Registered Voters,700,Live Phone,Pollster,Dem,Other,NA
Nevada,25958,Hart (D)/UNLV,2016-09-27,2016-10-02,Registered Voters,700,Live Phone,Pollster,Dem,Undecided,7
Nevada,25958,Hart (D)/UNLV,2016-09-27,2016-10-02,Registered Voters,700,Live Phone,Pollster,Dem,Johnson,9
Nevada,25958,Hart (D)/UNLV,2016-09-27,2016-10-02,Registered Voters,700,Live Phone,Pollster,Dem,McMullin,NA
Nevada,25815,Suffolk,2016-09-27,2016-09-29,Likely Voters,500,Live Phone,Nonpartisan,NA,Trump,38
Nevada,25815,Suffolk,2016-09-27,2016-09-29,Likely Voters,500,Live Phone,Nonpartisan,NA,Clinton,44
Nevada,25815,Suffolk,2016-09-27,2016-09-29,Likely Voters,500,Live Phone,Nonpartisan,NA,Other,5
Nevada,25815,Suffolk,2016-09-27,2016-09-29,Likely Voters,500,Live Phone,Nonpartisan,NA,Undecided,6
Nevada,25815,Suffolk,2016-09-27,2016-09-29,Likely Voters,500,Live Phone,Nonpartisan,NA,Johnson,7
Nevada,25815,Suffolk,2016-09-27,2016-09-29,Likely Voters,500,Live Phone,Nonpartisan,NA,McMullin,NA
Nevada,25610,Fox News,2016-09-18,2016-09-20,Likely Voters,704,Live Phone,Nonpartisan,NA,Trump,43
Nevada,25610,Fox News,2016-09-18,2016-09-20,Likely Voters,704,Live Phone,Nonpartisan,NA,Clinton,40
Nevada,25610,Fox News,2016-09-18,2016-09-20,Likely Voters,704,Live Phone,Nonpartisan,NA,Other,4
Nevada,25610,Fox News,2016-09-18,2016-09-20,Likely Voters,704,Live Phone,Nonpartisan,NA,Undecided,3
Nevada,25610,Fox News,2016-09-18,2016-09-20,Likely Voters,704,Live Phone,Nonpartisan,NA,Johnson,8
Nevada,25610,Fox News,2016-09-18,2016-09-20,Likely Voters,704,Live Phone,Nonpartisan,NA,McMullin,NA
Nevada,25638,GQR (D-Democracy Corps/WVWV),2016-09-10,2016-09-19,Likely Voters,400,Live Phone,Sponsor,Dem,Trump,42
Nevada,25638,GQR (D-Democracy Corps/WVWV),2016-09-10,2016-09-19,Likely Voters,400,Live Phone,Sponsor,Dem,Clinton,42
Nevada,25638,GQR (D-Democracy Corps/WVWV),2016-09-10,2016-09-19,Likely Voters,400,Live Phone,Sponsor,Dem,Other,3
Nevada,25638,GQR (D-Democracy Corps/WVWV),2016-09-10,2016-09-19,Likely Voters,400,Live Phone,Sponsor,Dem,Undecided,4
Nevada,25638,GQR (D-Democracy Corps/WVWV),2016-09-10,2016-09-19,Likely Voters,400,Live Phone,Sponsor,Dem,Johnson,7
Nevada,25638,GQR (D-Democracy Corps/WVWV),2016-09-10,2016-09-19,Likely Voters,400,Live Phone,Sponsor,Dem,McMullin,NA
Nevada,25536,Rasmussen/KTNV,2016-09-16,2016-09-18,Likely Voters,800,IVR/Online,Nonpartisan,NA,Trump,42
Nevada,25536,Rasmussen/KTNV,2016-09-16,2016-09-18,Likely Voters,800,IVR/Online,Nonpartisan,NA,Clinton,39
Nevada,25536,Rasmussen/KTNV,2016-09-16,2016-09-18,Likely Voters,800,IVR/Online,Nonpartisan,NA,Other,3
Nevada,25536,Rasmussen/KTNV,2016-09-16,2016-09-18,Likely Voters,800,IVR/Online,Nonpartisan,NA,Undecided,4
Nevada,25536,Rasmussen/KTNV,2016-09-16,2016-09-18,Likely Voters,800,IVR/Online,Nonpartisan,NA,Johnson,11
Nevada,25536,Rasmussen/KTNV,2016-09-16,2016-09-18,Likely Voters,800,IVR/Online,Nonpartisan,NA,McMullin,NA
Nevada,25580,Ipsos/Reuters,2016-08-26,2016-09-15,Likely Voters,549,Internet,Nonpartisan,NA,Trump,41
Nevada,25580,Ipsos/Reuters,2016-08-26,2016-09-15,Likely Voters,549,Internet,Nonpartisan,NA,Clinton,38
Nevada,25580,Ipsos/Reuters,2016-08-26,2016-09-15,Likely Voters,549,Internet,Nonpartisan,NA,Other,NA
Nevada,25580,Ipsos/Reuters,2016-08-26,2016-09-15,Likely Voters,549,Internet,Nonpartisan,NA,Undecided,21
Nevada,25580,Ipsos/Reuters,2016-08-26,2016-09-15,Likely Voters,549,Internet,Nonpartisan,NA,Johnson,NA
Nevada,25580,Ipsos/Reuters,2016-08-26,2016-09-15,Likely Voters,549,Internet,Nonpartisan,NA,McMullin,NA
Nevada,25628,Insights West,2016-09-12,2016-09-14,Likely Voters,398,Internet,Nonpartisan,NA,Trump,42
Nevada,25628,Insights West,2016-09-12,2016-09-14,Likely Voters,398,Internet,Nonpartisan,NA,Clinton,40
Nevada,25628,Insights West,2016-09-12,2016-09-14,Likely Voters,398,Internet,Nonpartisan,NA,Other,3
Nevada,25628,Insights West,2016-09-12,2016-09-14,Likely Voters,398,Internet,Nonpartisan,NA,Undecided,10
Nevada,25628,Insights West,2016-09-12,2016-09-14,Likely Voters,398,Internet,Nonpartisan,NA,Johnson,5
Nevada,25628,Insights West,2016-09-12,2016-09-14,Likely Voters,398,Internet,Nonpartisan,NA,McMullin,NA
Nevada,25488,Monmouth University,2016-09-11,2016-09-13,Likely Voters,406,Live Phone,Nonpartisan,NA,Trump,44
Nevada,25488,Monmouth University,2016-09-11,2016-09-13,Likely Voters,406,Live Phone,Nonpartisan,NA,Clinton,42
Nevada,25488,Monmouth University,2016-09-11,2016-09-13,Likely Voters,406,Live Phone,Nonpartisan,NA,Other,1
Nevada,25488,Monmouth University,2016-09-11,2016-09-13,Likely Voters,406,Live Phone,Nonpartisan,NA,Undecided,6
Nevada,25488,Monmouth University,2016-09-11,2016-09-13,Likely Voters,406,Live Phone,Nonpartisan,NA,Johnson,8
Nevada,25488,Monmouth University,2016-09-11,2016-09-13,Likely Voters,406,Live Phone,Nonpartisan,NA,McMullin,NA
Nevada,25443,NBC/WSJ/Marist,2016-09-06,2016-09-08,Likely Voters,627,Live Phone,Nonpartisan,NA,Trump,44
Nevada,25443,NBC/WSJ/Marist,2016-09-06,2016-09-08,Likely Voters,627,Live Phone,Nonpartisan,NA,Clinton,45
Nevada,25443,NBC/WSJ/Marist,2016-09-06,2016-09-08,Likely Voters,627,Live Phone,Nonpartisan,NA,Other,7
Nevada,25443,NBC/WSJ/Marist,2016-09-06,2016-09-08,Likely Voters,627,Live Phone,Nonpartisan,NA,Undecided,3
Nevada,25443,NBC/WSJ/Marist,2016-09-06,2016-09-08,Likely Voters,627,Live Phone,Nonpartisan,NA,Johnson,NA
Nevada,25443,NBC/WSJ/Marist,2016-09-06,2016-09-08,Likely Voters,627,Live Phone,Nonpartisan,NA,McMullin,NA
Nevada,25465,PPP (D)/PNA,2016-09-06,2016-09-07,Likely Voters,815,IVR/Online,Pollster,Dem,Trump,42
Nevada,25465,PPP (D)/PNA,2016-09-06,2016-09-07,Likely Voters,815,IVR/Online,Pollster,Dem,Clinton,45
Nevada,25465,PPP (D)/PNA,2016-09-06,2016-09-07,Likely Voters,815,IVR/Online,Pollster,Dem,Other,NA
Nevada,25465,PPP (D)/PNA,2016-09-06,2016-09-07,Likely Voters,815,IVR/Online,Pollster,Dem,Undecided,13
Nevada,25465,PPP (D)/PNA,2016-09-06,2016-09-07,Likely Voters,815,IVR/Online,Pollster,Dem,Johnson,NA
Nevada,25465,PPP (D)/PNA,2016-09-06,2016-09-07,Likely Voters,815,IVR/Online,Pollster,Dem,McMullin,NA
Nevada,25378,WashPost/SurveyMonkey,2016-08-09,2016-09-01,Registered Voters,2776,Internet,Nonpartisan,NA,Trump,43
Nevada,25378,WashPost/SurveyMonkey,2016-08-09,2016-09-01,Registered Voters,2776,Internet,Nonpartisan,NA,Clinton,48
Nevada,25378,WashPost/SurveyMonkey,2016-08-09,2016-09-01,Registered Voters,2776,Internet,Nonpartisan,NA,Other,NA
Nevada,25378,WashPost/SurveyMonkey,2016-08-09,2016-09-01,Registered Voters,2776,Internet,Nonpartisan,NA,Undecided,10
Nevada,25378,WashPost/SurveyMonkey,2016-08-09,2016-09-01,Registered Voters,2776,Internet,Nonpartisan,NA,Johnson,NA
Nevada,25378,WashPost/SurveyMonkey,2016-08-09,2016-09-01,Registered Voters,2776,Internet,Nonpartisan,NA,McMullin,NA
Nevada,25206,Suffolk,2016-08-15,2016-08-17,Likely Voters,500,Live Phone,Nonpartisan,NA,Trump,42
Nevada,25206,Suffolk,2016-08-15,2016-08-17,Likely Voters,500,Live Phone,Nonpartisan,NA,Clinton,44
Nevada,25206,Suffolk,2016-08-15,2016-08-17,Likely Voters,500,Live Phone,Nonpartisan,NA,Other,5
Nevada,25206,Suffolk,2016-08-15,2016-08-17,Likely Voters,500,Live Phone,Nonpartisan,NA,Undecided,5
Nevada,25206,Suffolk,2016-08-15,2016-08-17,Likely Voters,500,Live Phone,Nonpartisan,NA,Johnson,5
Nevada,25206,Suffolk,2016-08-15,2016-08-17,Likely Voters,500,Live Phone,Nonpartisan,NA,McMullin,NA
Nevada,25080,CBS/YouGov,2016-08-02,2016-08-05,Likely Voters,993,Internet,Nonpartisan,NA,Trump,41
Nevada,25080,CBS/YouGov,2016-08-02,2016-08-05,Likely Voters,993,Internet,Nonpartisan,NA,Clinton,43
Nevada,25080,CBS/YouGov,2016-08-02,2016-08-05,Likely Voters,993,Internet,Nonpartisan,NA,Other,5
Nevada,25080,CBS/YouGov,2016-08-02,2016-08-05,Likely Voters,993,Internet,Nonpartisan,NA,Undecided,6
Nevada,25080,CBS/YouGov,2016-08-02,2016-08-05,Likely Voters,993,Internet,Nonpartisan,NA,Johnson,4
Nevada,25080,CBS/YouGov,2016-08-02,2016-08-05,Likely Voters,993,Internet,Nonpartisan,NA,McMullin,NA
Nevada,25035,Rasmussen/KTNV,2016-07-29,2016-07-31,Likely Voters,750,IVR/Online,Nonpartisan,NA,Trump,40
Nevada,25035,Rasmussen/KTNV,2016-07-29,2016-07-31,Likely Voters,750,IVR/Online,Nonpartisan,NA,Clinton,41
Nevada,25035,Rasmussen/KTNV,2016-07-29,2016-07-31,Likely Voters,750,IVR/Online,Nonpartisan,NA,Other,4
Nevada,25035,Rasmussen/KTNV,2016-07-29,2016-07-31,Likely Voters,750,IVR/Online,Nonpartisan,NA,Undecided,5
Nevada,25035,Rasmussen/KTNV,2016-07-29,2016-07-31,Likely Voters,750,IVR/Online,Nonpartisan,NA,Johnson,10
Nevada,25035,Rasmussen/KTNV,2016-07-29,2016-07-31,Likely Voters,750,IVR/Online,Nonpartisan,NA,McMullin,NA
Nevada,24968,Rasmussen/KTNV,2016-07-22,2016-07-24,Likely Voters,750,IVR/Online,Nonpartisan,NA,Trump,43
Nevada,24968,Rasmussen/KTNV,2016-07-22,2016-07-24,Likely Voters,750,IVR/Online,Nonpartisan,NA,Clinton,38
Nevada,24968,Rasmussen/KTNV,2016-07-22,2016-07-24,Likely Voters,750,IVR/Online,Nonpartisan,NA,Other,4
Nevada,24968,Rasmussen/KTNV,2016-07-22,2016-07-24,Likely Voters,750,IVR/Online,Nonpartisan,NA,Undecided,7
Nevada,24968,Rasmussen/KTNV,2016-07-22,2016-07-24,Likely Voters,750,IVR/Online,Nonpartisan,NA,Johnson,8
Nevada,24968,Rasmussen/KTNV,2016-07-22,2016-07-24,Likely Voters,750,IVR/Online,Nonpartisan,NA,McMullin,NA
Nevada,24854,Monmouth University,2016-07-07,2016-07-10,Likely Voters,408,Live Phone,Nonpartisan,NA,Trump,41
Nevada,24854,Monmouth University,2016-07-07,2016-07-10,Likely Voters,408,Live Phone,Nonpartisan,NA,Clinton,45
Nevada,24854,Monmouth University,2016-07-07,2016-07-10,Likely Voters,408,Live Phone,Nonpartisan,NA,Other,NA
Nevada,24854,Monmouth University,2016-07-07,2016-07-10,Likely Voters,408,Live Phone,Nonpartisan,NA,Undecided,8
Nevada,24854,Monmouth University,2016-07-07,2016-07-10,Likely Voters,408,Live Phone,Nonpartisan,NA,Johnson,5
Nevada,24854,Monmouth University,2016-07-07,2016-07-10,Likely Voters,408,Live Phone,Nonpartisan,NA,McMullin,NA
Nevada,24846,GQR (D-Democracy Corps/Women's Voices Women Vote),2016-06-11,2016-06-20,Likely Voters,300,Live Phone,Sponsor,Dem,Trump,47
Nevada,24846,GQR (D-Democracy Corps/Women's Voices Women Vote),2016-06-11,2016-06-20,Likely Voters,300,Live Phone,Sponsor,Dem,Clinton,45
Nevada,24846,GQR (D-Democracy Corps/Women's Voices Women Vote),2016-06-11,2016-06-20,Likely Voters,300,Live Phone,Sponsor,Dem,Other,4
Nevada,24846,GQR (D-Democracy Corps/Women's Voices Women Vote),2016-06-11,2016-06-20,Likely Voters,300,Live Phone,Sponsor,Dem,Undecided,4
Nevada,24846,GQR (D-Democracy Corps/Women's Voices Women Vote),2016-06-11,2016-06-20,Likely Voters,300,Live Phone,Sponsor,Dem,Johnson,NA
Nevada,24846,GQR (D-Democracy Corps/Women's Voices Women Vote),2016-06-11,2016-06-20,Likely Voters,300,Live Phone,Sponsor,Dem,McMullin,NA
Nevada,24933,Gravis Marketing,2016-05-24,2016-05-25,Registered Voters,1637,Automated Phone,Nonpartisan,NA,Trump,47
Nevada,24933,Gravis Marketing,2016-05-24,2016-05-25,Registered Voters,1637,Automated Phone,Nonpartisan,NA,Clinton,42
Nevada,24933,Gravis Marketing,2016-05-24,2016-05-25,Registered Voters,1637,Automated Phone,Nonpartisan,NA,Other,11
Nevada,24933,Gravis Marketing,2016-05-24,2016-05-25,Registered Voters,1637,Automated Phone,Nonpartisan,NA,Undecided,NA
Nevada,24933,Gravis Marketing,2016-05-24,2016-05-25,Registered Voters,1637,Automated Phone,Nonpartisan,NA,Johnson,NA
Nevada,24933,Gravis Marketing,2016-05-24,2016-05-25,Registered Voters,1637,Automated Phone,Nonpartisan,NA,McMullin,NA
Nevada,23187,Morning Consult/Campaign for Sustainable Rx Pricing,2015-11-10,2015-11-16,Registered Voters,628,Live Phone/Online,Nonpartisan,NA,Trump,44
Nevada,23187,Morning Consult/Campaign for Sustainable Rx Pricing,2015-11-10,2015-11-16,Registered Voters,628,Live Phone/Online,Nonpartisan,NA,Clinton,41
Nevada,23187,Morning Consult/Campaign for Sustainable Rx Pricing,2015-11-10,2015-11-16,Registered Voters,628,Live Phone/Online,Nonpartisan,NA,Other,NA
Nevada,23187,Morning Consult/Campaign for Sustainable Rx Pricing,2015-11-10,2015-11-16,Registered Voters,628,Live Phone/Online,Nonpartisan,NA,Undecided,14
Nevada,23187,Morning Consult/Campaign for Sustainable Rx Pricing,2015-11-10,2015-11-16,Registered Voters,628,Live Phone/Online,Nonpartisan,NA,Johnson,NA
Nevada,23187,Morning Consult/Campaign for Sustainable Rx Pricing,2015-11-10,2015-11-16,Registered Voters,628,Live Phone/Online,Nonpartisan,NA,McMullin,NA
Kansas,26807,SurveyMonkey,2016-11-01,2016-11-07,Likely Voters,1311,Internet,Nonpartisan,NA,Trump,49
Kansas,26807,SurveyMonkey,2016-11-01,2016-11-07,Likely Voters,1311,Internet,Nonpartisan,NA,Clinton,36
Kansas,26807,SurveyMonkey,2016-11-01,2016-11-07,Likely Voters,1311,Internet,Nonpartisan,NA,Other,13
Kansas,26807,SurveyMonkey,2016-11-01,2016-11-07,Likely Voters,1311,Internet,Nonpartisan,NA,Undecided,2
Kansas,26807,SurveyMonkey,2016-11-01,2016-11-07,Likely Voters,1311,Internet,Nonpartisan,NA,Johnson,NA
Kansas,26807,SurveyMonkey,2016-11-01,2016-11-07,Likely Voters,1311,Internet,Nonpartisan,NA,McMullin,NA
Kansas,26793,UPI/CVOTER,2016-10-30,2016-11-06,Likely Voters,328,Internet,Nonpartisan,NA,Trump,54
Kansas,26793,UPI/CVOTER,2016-10-30,2016-11-06,Likely Voters,328,Internet,Nonpartisan,NA,Clinton,39
Kansas,26793,UPI/CVOTER,2016-10-30,2016-11-06,Likely Voters,328,Internet,Nonpartisan,NA,Other,8
Kansas,26793,UPI/CVOTER,2016-10-30,2016-11-06,Likely Voters,328,Internet,Nonpartisan,NA,Undecided,NA
Kansas,26793,UPI/CVOTER,2016-10-30,2016-11-06,Likely Voters,328,Internet,Nonpartisan,NA,Johnson,NA
Kansas,26793,UPI/CVOTER,2016-10-30,2016-11-06,Likely Voters,328,Internet,Nonpartisan,NA,McMullin,NA
Kansas,26806,Ipsos/Reuters,2016-10-17,2016-11-06,Likely Voters,519,Internet,Nonpartisan,NA,Trump,54
Kansas,26806,Ipsos/Reuters,2016-10-17,2016-11-06,Likely Voters,519,Internet,Nonpartisan,NA,Clinton,38
Kansas,26806,Ipsos/Reuters,2016-10-17,2016-11-06,Likely Voters,519,Internet,Nonpartisan,NA,Other,NA
Kansas,26806,Ipsos/Reuters,2016-10-17,2016-11-06,Likely Voters,519,Internet,Nonpartisan,NA,Undecided,8
Kansas,26806,Ipsos/Reuters,2016-10-17,2016-11-06,Likely Voters,519,Internet,Nonpartisan,NA,Johnson,NA
Kansas,26806,Ipsos/Reuters,2016-10-17,2016-11-06,Likely Voters,519,Internet,Nonpartisan,NA,McMullin,NA
Kansas,26729,Fort Hays State University,2016-11-01,2016-11-03,Likely Voters,313,Live Phone,Nonpartisan,NA,Trump,58
Kansas,26729,Fort Hays State University,2016-11-01,2016-11-03,Likely Voters,313,Live Phone,Nonpartisan,NA,Clinton,34
Kansas,26729,Fort Hays State University,2016-11-01,2016-11-03,Likely Voters,313,Live Phone,Nonpartisan,NA,Other,9
Kansas,26729,Fort Hays State University,2016-11-01,2016-11-03,Likely Voters,313,Live Phone,Nonpartisan,NA,Undecided,NA
Kansas,26729,Fort Hays State University,2016-11-01,2016-11-03,Likely Voters,313,Live Phone,Nonpartisan,NA,Johnson,NA
Kansas,26729,Fort Hays State University,2016-11-01,2016-11-03,Likely Voters,313,Live Phone,Nonpartisan,NA,McMullin,NA
Kansas,26596,SurveyMonkey,2016-10-25,2016-10-31,Likely Voters,1273,Internet,Nonpartisan,NA,Trump,47
Kansas,26596,SurveyMonkey,2016-10-25,2016-10-31,Likely Voters,1273,Internet,Nonpartisan,NA,Clinton,36
Kansas,26596,SurveyMonkey,2016-10-25,2016-10-31,Likely Voters,1273,Internet,Nonpartisan,NA,Other,15
Kansas,26596,SurveyMonkey,2016-10-25,2016-10-31,Likely Voters,1273,Internet,Nonpartisan,NA,Undecided,2
Kansas,26596,SurveyMonkey,2016-10-25,2016-10-31,Likely Voters,1273,Internet,Nonpartisan,NA,Johnson,NA
Kansas,26596,SurveyMonkey,2016-10-25,2016-10-31,Likely Voters,1273,Internet,Nonpartisan,NA,McMullin,NA
Kansas,26614,SurveyUSA/KSN News,2016-10-26,2016-10-30,Likely Voters,624,IVR/Online,Nonpartisan,NA,Trump,49
Kansas,26614,SurveyUSA/KSN News,2016-10-26,2016-10-30,Likely Voters,624,IVR/Online,Nonpartisan,NA,Clinton,38
Kansas,26614,SurveyUSA/KSN News,2016-10-26,2016-10-30,Likely Voters,624,IVR/Online,Nonpartisan,NA,Other,8
Kansas,26614,SurveyUSA/KSN News,2016-10-26,2016-10-30,Likely Voters,624,IVR/Online,Nonpartisan,NA,Undecided,6
Kansas,26614,SurveyUSA/KSN News,2016-10-26,2016-10-30,Likely Voters,624,IVR/Online,Nonpartisan,NA,Johnson,NA
Kansas,26614,SurveyUSA/KSN News,2016-10-26,2016-10-30,Likely Voters,624,IVR/Online,Nonpartisan,NA,McMullin,NA
Kansas,26592,UPI/CVOTER,2016-10-23,2016-10-29,Likely Voters,328,Internet,Nonpartisan,NA,Trump,56
Kansas,26592,UPI/CVOTER,2016-10-23,2016-10-29,Likely Voters,328,Internet,Nonpartisan,NA,Clinton,39
Kansas,26592,UPI/CVOTER,2016-10-23,2016-10-29,Likely Voters,328,Internet,Nonpartisan,NA,Other,5
Kansas,26592,UPI/CVOTER,2016-10-23,2016-10-29,Likely Voters,328,Internet,Nonpartisan,NA,Undecided,NA
Kansas,26592,UPI/CVOTER,2016-10-23,2016-10-29,Likely Voters,328,Internet,Nonpartisan,NA,Johnson,NA
Kansas,26592,UPI/CVOTER,2016-10-23,2016-10-29,Likely Voters,328,Internet,Nonpartisan,NA,McMullin,NA
Kansas,26441,SurveyMonkey,2016-10-18,2016-10-24,Likely Voters,1688,Internet,Nonpartisan,NA,Trump,48
Kansas,26441,SurveyMonkey,2016-10-18,2016-10-24,Likely Voters,1688,Internet,Nonpartisan,NA,Clinton,36
Kansas,26441,SurveyMonkey,2016-10-18,2016-10-24,Likely Voters,1688,Internet,Nonpartisan,NA,Other,13
Kansas,26441,SurveyMonkey,2016-10-18,2016-10-24,Likely Voters,1688,Internet,Nonpartisan,NA,Undecided,3
Kansas,26441,SurveyMonkey,2016-10-18,2016-10-24,Likely Voters,1688,Internet,Nonpartisan,NA,Johnson,NA
Kansas,26441,SurveyMonkey,2016-10-18,2016-10-24,Likely Voters,1688,Internet,Nonpartisan,NA,McMullin,NA
Kansas,26275,SurveyUSA/KSN News,2016-10-11,2016-10-15,Likely Voters,581,IVR/Online,Nonpartisan,NA,Trump,47
Kansas,26275,SurveyUSA/KSN News,2016-10-11,2016-10-15,Likely Voters,581,IVR/Online,Nonpartisan,NA,Clinton,36
Kansas,26275,SurveyUSA/KSN News,2016-10-11,2016-10-15,Likely Voters,581,IVR/Online,Nonpartisan,NA,Other,9
Kansas,26275,SurveyUSA/KSN News,2016-10-11,2016-10-15,Likely Voters,581,IVR/Online,Nonpartisan,NA,Undecided,7
Kansas,26275,SurveyUSA/KSN News,2016-10-11,2016-10-15,Likely Voters,581,IVR/Online,Nonpartisan,NA,Johnson,NA
Kansas,26275,SurveyUSA/KSN News,2016-10-11,2016-10-15,Likely Voters,581,IVR/Online,Nonpartisan,NA,McMullin,NA
Kansas,26344,Ipsos/Reuters,2016-09-23,2016-10-13,Likely Voters,565,Internet,Nonpartisan,NA,Trump,50
Kansas,26344,Ipsos/Reuters,2016-09-23,2016-10-13,Likely Voters,565,Internet,Nonpartisan,NA,Clinton,38
Kansas,26344,Ipsos/Reuters,2016-09-23,2016-10-13,Likely Voters,565,Internet,Nonpartisan,NA,Other,NA
Kansas,26344,Ipsos/Reuters,2016-09-23,2016-10-13,Likely Voters,565,Internet,Nonpartisan,NA,Undecided,12
Kansas,26344,Ipsos/Reuters,2016-09-23,2016-10-13,Likely Voters,565,Internet,Nonpartisan,NA,Johnson,NA
Kansas,26344,Ipsos/Reuters,2016-09-23,2016-10-13,Likely Voters,565,Internet,Nonpartisan,NA,McMullin,NA
Kansas,26709,Fort Hays State University,2016-09-01,2016-10-13,Likely Voters,892,Live Phone,Nonpartisan,NA,Trump,47
Kansas,26709,Fort Hays State University,2016-09-01,2016-10-13,Likely Voters,892,Live Phone,Nonpartisan,NA,Clinton,39
Kansas,26709,Fort Hays State University,2016-09-01,2016-10-13,Likely Voters,892,Live Phone,Nonpartisan,NA,Other,14
Kansas,26709,Fort Hays State University,2016-09-01,2016-10-13,Likely Voters,892,Live Phone,Nonpartisan,NA,Undecided,NA
Kansas,26709,Fort Hays State University,2016-09-01,2016-10-13,Likely Voters,892,Live Phone,Nonpartisan,NA,Johnson,NA
Kansas,26709,Fort Hays State University,2016-09-01,2016-10-13,Likely Voters,892,Live Phone,Nonpartisan,NA,McMullin,NA
Kansas,26109,Ipsos/Reuters,2016-09-16,2016-10-06,Likely Voters,556,Internet,Nonpartisan,NA,Trump,55
Kansas,26109,Ipsos/Reuters,2016-09-16,2016-10-06,Likely Voters,556,Internet,Nonpartisan,NA,Clinton,35
Kansas,26109,Ipsos/Reuters,2016-09-16,2016-10-06,Likely Voters,556,Internet,Nonpartisan,NA,Other,NA
Kansas,26109,Ipsos/Reuters,2016-09-16,2016-10-06,Likely Voters,556,Internet,Nonpartisan,NA,Undecided,10
Kansas,26109,Ipsos/Reuters,2016-09-16,2016-10-06,Likely Voters,556,Internet,Nonpartisan,NA,Johnson,NA
Kansas,26109,Ipsos/Reuters,2016-09-16,2016-10-06,Likely Voters,556,Internet,Nonpartisan,NA,McMullin,NA
Kansas,25549,Ipsos/Reuters,2016-08-26,2016-09-15,Likely Voters,459,Internet,Nonpartisan,NA,Trump,49
Kansas,25549,Ipsos/Reuters,2016-08-26,2016-09-15,Likely Voters,459,Internet,Nonpartisan,NA,Clinton,39
Kansas,25549,Ipsos/Reuters,2016-08-26,2016-09-15,Likely Voters,459,Internet,Nonpartisan,NA,Other,NA
Kansas,25549,Ipsos/Reuters,2016-08-26,2016-09-15,Likely Voters,459,Internet,Nonpartisan,NA,Undecided,12
Kansas,25549,Ipsos/Reuters,2016-08-26,2016-09-15,Likely Voters,459,Internet,Nonpartisan,NA,Johnson,NA
Kansas,25549,Ipsos/Reuters,2016-08-26,2016-09-15,Likely Voters,459,Internet,Nonpartisan,NA,McMullin,NA
Kansas,25480,SurveyUSA/KSN News,2016-09-06,2016-09-11,Likely Voters,595,IVR/Online,Nonpartisan,NA,Trump,48
Kansas,25480,SurveyUSA/KSN News,2016-09-06,2016-09-11,Likely Voters,595,IVR/Online,Nonpartisan,NA,Clinton,36
Kansas,25480,SurveyUSA/KSN News,2016-09-06,2016-09-11,Likely Voters,595,IVR/Online,Nonpartisan,NA,Other,10
Kansas,25480,SurveyUSA/KSN News,2016-09-06,2016-09-11,Likely Voters,595,IVR/Online,Nonpartisan,NA,Undecided,7
Kansas,25480,SurveyUSA/KSN News,2016-09-06,2016-09-11,Likely Voters,595,IVR/Online,Nonpartisan,NA,Johnson,NA
Kansas,25480,SurveyUSA/KSN News,2016-09-06,2016-09-11,Likely Voters,595,IVR/Online,Nonpartisan,NA,McMullin,NA
Kansas,25367,WashPost/SurveyMonkey,2016-08-09,2016-09-01,Registered Voters,741,Internet,Nonpartisan,NA,Trump,49
Kansas,25367,WashPost/SurveyMonkey,2016-08-09,2016-09-01,Registered Voters,741,Internet,Nonpartisan,NA,Clinton,37
Kansas,25367,WashPost/SurveyMonkey,2016-08-09,2016-09-01,Registered Voters,741,Internet,Nonpartisan,NA,Other,NA
Kansas,25367,WashPost/SurveyMonkey,2016-08-09,2016-09-01,Registered Voters,741,Internet,Nonpartisan,NA,Undecided,14
Kansas,25367,WashPost/SurveyMonkey,2016-08-09,2016-09-01,Registered Voters,741,Internet,Nonpartisan,NA,Johnson,NA
Kansas,25367,WashPost/SurveyMonkey,2016-08-09,2016-09-01,Registered Voters,741,Internet,Nonpartisan,NA,McMullin,NA
Kansas,25109,SurveyUSA/KSN News,2016-08-03,2016-08-07,Likely Voters,566,IVR/Live Phone,Nonpartisan,NA,Trump,44
Kansas,25109,SurveyUSA/KSN News,2016-08-03,2016-08-07,Likely Voters,566,IVR/Live Phone,Nonpartisan,NA,Clinton,39
Kansas,25109,SurveyUSA/KSN News,2016-08-03,2016-08-07,Likely Voters,566,IVR/Live Phone,Nonpartisan,NA,Other,8
Kansas,25109,SurveyUSA/KSN News,2016-08-03,2016-08-07,Likely Voters,566,IVR/Live Phone,Nonpartisan,NA,Undecided,9
Kansas,25109,SurveyUSA/KSN News,2016-08-03,2016-08-07,Likely Voters,566,IVR/Live Phone,Nonpartisan,NA,Johnson,NA
Kansas,25109,SurveyUSA/KSN News,2016-08-03,2016-08-07,Likely Voters,566,IVR/Live Phone,Nonpartisan,NA,McMullin,NA
Kansas,24976,Fort Hays State University/Kansas Newspapers,2016-07-11,2016-07-21,Likely Voters,542,Live Phone,Nonpartisan,NA,Trump,44
Kansas,24976,Fort Hays State University/Kansas Newspapers,2016-07-11,2016-07-21,Likely Voters,542,Live Phone,Nonpartisan,NA,Clinton,27
Kansas,24976,Fort Hays State University/Kansas Newspapers,2016-07-11,2016-07-21,Likely Voters,542,Live Phone,Nonpartisan,NA,Other,13
Kansas,24976,Fort Hays State University/Kansas Newspapers,2016-07-11,2016-07-21,Likely Voters,542,Live Phone,Nonpartisan,NA,Undecided,16
Kansas,24976,Fort Hays State University/Kansas Newspapers,2016-07-11,2016-07-21,Likely Voters,542,Live Phone,Nonpartisan,NA,Johnson,NA
Kansas,24976,Fort Hays State University/Kansas Newspapers,2016-07-11,2016-07-21,Likely Voters,542,Live Phone,Nonpartisan,NA,McMullin,NA
Kansas,24917,SurveyUSA/KSN News,2016-07-08,2016-07-11,Likely Voters,559,IVR/Live Phone,Nonpartisan,NA,Trump,47
Kansas,24917,SurveyUSA/KSN News,2016-07-08,2016-07-11,Likely Voters,559,IVR/Live Phone,Nonpartisan,NA,Clinton,36
Kansas,24917,SurveyUSA/KSN News,2016-07-08,2016-07-11,Likely Voters,559,IVR/Live Phone,Nonpartisan,NA,Other,8
Kansas,24917,SurveyUSA/KSN News,2016-07-08,2016-07-11,Likely Voters,559,IVR/Live Phone,Nonpartisan,NA,Undecided,9
Kansas,24917,SurveyUSA/KSN News,2016-07-08,2016-07-11,Likely Voters,559,IVR/Live Phone,Nonpartisan,NA,Johnson,NA
Kansas,24917,SurveyUSA/KSN News,2016-07-08,2016-07-11,Likely Voters,559,IVR/Live Phone,Nonpartisan,NA,McMullin,NA
Kansas,24669,Zogby/Kansas Health Foundation,2016-06-04,2016-06-06,Registered Voters,433,IVR/Live Phone,Nonpartisan,NA,Trump,36
Kansas,24669,Zogby/Kansas Health Foundation,2016-06-04,2016-06-06,Registered Voters,433,IVR/Live Phone,Nonpartisan,NA,Clinton,43
Kansas,24669,Zogby/Kansas Health Foundation,2016-06-04,2016-06-06,Registered Voters,433,IVR/Live Phone,Nonpartisan,NA,Other,NA
Kansas,24669,Zogby/Kansas Health Foundation,2016-06-04,2016-06-06,Registered Voters,433,IVR/Live Phone,Nonpartisan,NA,Undecided,21
Kansas,24669,Zogby/Kansas Health Foundation,2016-06-04,2016-06-06,Registered Voters,433,IVR/Live Phone,Nonpartisan,NA,Johnson,NA
Kansas,24669,Zogby/Kansas Health Foundation,2016-06-04,2016-06-06,Registered Voters,433,IVR/Live Phone,Nonpartisan,NA,McMullin,NA
Kansas,23980,Fort Hays State University,2016-02-19,2016-02-26,Adults,440,Live Phone,Nonpartisan,NA,Trump,46
Kansas,23980,Fort Hays State University,2016-02-19,2016-02-26,Adults,440,Live Phone,Nonpartisan,NA,Clinton,36
Kansas,23980,Fort Hays State University,2016-02-19,2016-02-26,Adults,440,Live Phone,Nonpartisan,NA,Other,NA
Kansas,23980,Fort Hays State University,2016-02-19,2016-02-26,Adults,440,Live Phone,Nonpartisan,NA,Undecided,18
Kansas,23980,Fort Hays State University,2016-02-19,2016-02-26,Adults,440,Live Phone,Nonpartisan,NA,Johnson,NA
Kansas,23980,Fort Hays State University,2016-02-19,2016-02-26,Adults,440,Live Phone,Nonpartisan,NA,McMullin,NA
Colorado,26807,SurveyMonkey,2016-11-01,2016-11-07,Likely Voters,2777,Internet,Nonpartisan,NA,Trump,40
Colorado,26807,SurveyMonkey,2016-11-01,2016-11-07,Likely Voters,2777,Internet,Nonpartisan,NA,Clinton,43
Colorado,26807,SurveyMonkey,2016-11-01,2016-11-07,Likely Voters,2777,Internet,Nonpartisan,NA,Other,4
Colorado,26807,SurveyMonkey,2016-11-01,2016-11-07,Likely Voters,2777,Internet,Nonpartisan,NA,Undecided,2
Colorado,26807,SurveyMonkey,2016-11-01,2016-11-07,Likely Voters,2777,Internet,Nonpartisan,NA,Johnson,10
Colorado,26807,SurveyMonkey,2016-11-01,2016-11-07,Likely Voters,2777,Internet,Nonpartisan,NA,McMullin,NA
Colorado,26793,UPI/CVOTER,2016-10-30,2016-11-06,Likely Voters,343,Internet,Nonpartisan,NA,Trump,44
Colorado,26793,UPI/CVOTER,2016-10-30,2016-11-06,Likely Voters,343,Internet,Nonpartisan,NA,Clinton,50
Colorado,26793,UPI/CVOTER,2016-10-30,2016-11-06,Likely Voters,343,Internet,Nonpartisan,NA,Other,6
Colorado,26793,UPI/CVOTER,2016-10-30,2016-11-06,Likely Voters,343,Internet,Nonpartisan,NA,Undecided,NA
Colorado,26793,UPI/CVOTER,2016-10-30,2016-11-06,Likely Voters,343,Internet,Nonpartisan,NA,Johnson,NA
Colorado,26793,UPI/CVOTER,2016-10-30,2016-11-06,Likely Voters,343,Internet,Nonpartisan,NA,McMullin,NA
Colorado,26806,Ipsos/Reuters,2016-10-17,2016-11-06,Likely Voters,696,Internet,Nonpartisan,NA,Trump,42
Colorado,26806,Ipsos/Reuters,2016-10-17,2016-11-06,Likely Voters,696,Internet,Nonpartisan,NA,Clinton,48
Colorado,26806,Ipsos/Reuters,2016-10-17,2016-11-06,Likely Voters,696,Internet,Nonpartisan,NA,Other,NA
Colorado,26806,Ipsos/Reuters,2016-10-17,2016-11-06,Likely Voters,696,Internet,Nonpartisan,NA,Undecided,10
Colorado,26806,Ipsos/Reuters,2016-10-17,2016-11-06,Likely Voters,696,Internet,Nonpartisan,NA,Johnson,NA
Colorado,26806,Ipsos/Reuters,2016-10-17,2016-11-06,Likely Voters,696,Internet,Nonpartisan,NA,McMullin,NA
Colorado,26721,PPP (D),2016-11-03,2016-11-04,Likely Voters,704,IVR/Online,Pollster,Dem,Trump,43
Colorado,26721,PPP (D),2016-11-03,2016-11-04,Likely Voters,704,IVR/Online,Pollster,Dem,Clinton,48
Colorado,26721,PPP (D),2016-11-03,2016-11-04,Likely Voters,704,IVR/Online,Pollster,Dem,Other,3
Colorado,26721,PPP (D),2016-11-03,2016-11-04,Likely Voters,704,IVR/Online,Pollster,Dem,Undecided,3
Colorado,26721,PPP (D),2016-11-03,2016-11-04,Likely Voters,704,IVR/Online,Pollster,Dem,Johnson,4
Colorado,26721,PPP (D),2016-11-03,2016-11-04,Likely Voters,704,IVR/Online,Pollster,Dem,McMullin,NA
Colorado,26725,Keating (D-OnSight Public Affairs),2016-11-02,2016-11-03,Likely Voters,605,Live Phone,Sponsor,Dem,Trump,38
Colorado,26725,Keating (D-OnSight Public Affairs),2016-11-02,2016-11-03,Likely Voters,605,Live Phone,Sponsor,Dem,Clinton,43
Colorado,26725,Keating (D-OnSight Public Affairs),2016-11-02,2016-11-03,Likely Voters,605,Live Phone,Sponsor,Dem,Other,7
Colorado,26725,Keating (D-OnSight Public Affairs),2016-11-02,2016-11-03,Likely Voters,605,Live Phone,Sponsor,Dem,Undecided,6
Colorado,26725,Keating (D-OnSight Public Affairs),2016-11-02,2016-11-03,Likely Voters,605,Live Phone,Sponsor,Dem,Johnson,7
Colorado,26725,Keating (D-OnSight Public Affairs),2016-11-02,2016-11-03,Likely Voters,605,Live Phone,Sponsor,Dem,McMullin,NA
Colorado,26760,Remington Research Group (R)/Axiom Strategies,2016-11-01,2016-11-02,Likely Voters,1863,IVR/Live Phone,Sponsor,Rep,Trump,41
Colorado,26760,Remington Research Group (R)/Axiom Strategies,2016-11-01,2016-11-02,Likely Voters,1863,IVR/Live Phone,Sponsor,Rep,Clinton,42
Colorado,26760,Remington Research Group (R)/Axiom Strategies,2016-11-01,2016-11-02,Likely Voters,1863,IVR/Live Phone,Sponsor,Rep,Other,5
Colorado,26760,Remington Research Group (R)/Axiom Strategies,2016-11-01,2016-11-02,Likely Voters,1863,IVR/Live Phone,Sponsor,Rep,Undecided,6
Colorado,26760,Remington Research Group (R)/Axiom Strategies,2016-11-01,2016-11-02,Likely Voters,1863,IVR/Live Phone,Sponsor,Rep,Johnson,6
Colorado,26760,Remington Research Group (R)/Axiom Strategies,2016-11-01,2016-11-02,Likely Voters,1863,IVR/Live Phone,Sponsor,Rep,McMullin,NA
Colorado,26737,Gravis Marketing/Breitbart,2016-11-01,2016-11-02,Registered Voters,1125,IVR/Online,Nonpartisan,NA,Trump,40
Colorado,26737,Gravis Marketing/Breitbart,2016-11-01,2016-11-02,Registered Voters,1125,IVR/Online,Nonpartisan,NA,Clinton,40
Colorado,26737,Gravis Marketing/Breitbart,2016-11-01,2016-11-02,Registered Voters,1125,IVR/Online,Nonpartisan,NA,Other,10
Colorado,26737,Gravis Marketing/Breitbart,2016-11-01,2016-11-02,Registered Voters,1125,IVR/Online,Nonpartisan,NA,Undecided,3
Colorado,26737,Gravis Marketing/Breitbart,2016-11-01,2016-11-02,Registered Voters,1125,IVR/Online,Nonpartisan,NA,Johnson,7
Colorado,26737,Gravis Marketing/Breitbart,2016-11-01,2016-11-02,Registered Voters,1125,IVR/Online,Nonpartisan,NA,McMullin,NA
Colorado,26678,Magellan (R),2016-11-01,2016-11-02,Likely Voters,500,Live Phone,Pollster,Rep,Trump,38
Colorado,26678,Magellan (R),2016-11-01,2016-11-02,Likely Voters,500,Live Phone,Pollster,Rep,Clinton,44
Colorado,26678,Magellan (R),2016-11-01,2016-11-02,Likely Voters,500,Live Phone,Pollster,Rep,Other,4
Colorado,26678,Magellan (R),2016-11-01,2016-11-02,Likely Voters,500,Live Phone,Pollster,Rep,Undecided,7
Colorado,26678,Magellan (R),2016-11-01,2016-11-02,Likely Voters,500,Live Phone,Pollster,Rep,Johnson,7
Colorado,26678,Magellan (R),2016-11-01,2016-11-02,Likely Voters,500,Live Phone,Pollster,Rep,McMullin,NA
Colorado,26644,Lucid/The Times-Picayune,2016-10-28,2016-11-01,Likely Voters,972,Internet,Nonpartisan,NA,Trump,37
Colorado,26644,Lucid/The Times-Picayune,2016-10-28,2016-11-01,Likely Voters,972,Internet,Nonpartisan,NA,Clinton,44
Colorado,26644,Lucid/The Times-Picayune,2016-10-28,2016-11-01,Likely Voters,972,Internet,Nonpartisan,NA,Other,3
Colorado,26644,Lucid/The Times-Picayune,2016-10-28,2016-11-01,Likely Voters,972,Internet,Nonpartisan,NA,Undecided,8
Colorado,26644,Lucid/The Times-Picayune,2016-10-28,2016-11-01,Likely Voters,972,Internet,Nonpartisan,NA,Johnson,9
Colorado,26644,Lucid/The Times-Picayune,2016-10-28,2016-11-01,Likely Voters,972,Internet,Nonpartisan,NA,McMullin,NA
Colorado,26677,University of Denver/Ciruli,2016-10-29,2016-10-31,Likely Voters,550,Live Phone,Nonpartisan,NA,Trump,41
Colorado,26677,University of Denver/Ciruli,2016-10-29,2016-10-31,Likely Voters,550,Live Phone,Nonpartisan,NA,Clinton,42
Colorado,26677,University of Denver/Ciruli,2016-10-29,2016-10-31,Likely Voters,550,Live Phone,Nonpartisan,NA,Other,10
Colorado,26677,University of Denver/Ciruli,2016-10-29,2016-10-31,Likely Voters,550,Live Phone,Nonpartisan,NA,Undecided,7
Colorado,26677,University of Denver/Ciruli,2016-10-29,2016-10-31,Likely Voters,550,Live Phone,Nonpartisan,NA,Johnson,NA
Colorado,26677,University of Denver/Ciruli,2016-10-29,2016-10-31,Likely Voters,550,Live Phone,Nonpartisan,NA,McMullin,NA
Colorado,26596,SurveyMonkey,2016-10-25,2016-10-31,Likely Voters,1532,Internet,Nonpartisan,NA,Trump,39
Colorado,26596,SurveyMonkey,2016-10-25,2016-10-31,Likely Voters,1532,Internet,Nonpartisan,NA,Clinton,43
Colorado,26596,SurveyMonkey,2016-10-25,2016-10-31,Likely Voters,1532,Internet,Nonpartisan,NA,Other,4
Colorado,26596,SurveyMonkey,2016-10-25,2016-10-31,Likely Voters,1532,Internet,Nonpartisan,NA,Undecided,2
Colorado,26596,SurveyMonkey,2016-10-25,2016-10-31,Likely Voters,1532,Internet,Nonpartisan,NA,Johnson,11
Colorado,26596,SurveyMonkey,2016-10-25,2016-10-31,Likely Voters,1532,Internet,Nonpartisan,NA,McMullin,NA
Colorado,26567,Remington Research Group (R)/Axiom Strategies,2016-10-30,2016-10-30,Likely Voters,952,IVR/Live Phone,Sponsor,Rep,Trump,44
Colorado,26567,Remington Research Group (R)/Axiom Strategies,2016-10-30,2016-10-30,Likely Voters,952,IVR/Live Phone,Sponsor,Rep,Clinton,45
Colorado,26567,Remington Research Group (R)/Axiom Strategies,2016-10-30,2016-10-30,Likely Voters,952,IVR/Live Phone,Sponsor,Rep,Other,3
Colorado,26567,Remington Research Group (R)/Axiom Strategies,2016-10-30,2016-10-30,Likely Voters,952,IVR/Live Phone,Sponsor,Rep,Undecided,4
Colorado,26567,Remington Research Group (R)/Axiom Strategies,2016-10-30,2016-10-30,Likely Voters,952,IVR/Live Phone,Sponsor,Rep,Johnson,4
Colorado,26567,Remington Research Group (R)/Axiom Strategies,2016-10-30,2016-10-30,Likely Voters,952,IVR/Live Phone,Sponsor,Rep,McMullin,NA
Colorado,26592,UPI/CVOTER,2016-10-23,2016-10-29,Likely Voters,342,Internet,Nonpartisan,NA,Trump,46
Colorado,26592,UPI/CVOTER,2016-10-23,2016-10-29,Likely Voters,342,Internet,Nonpartisan,NA,Clinton,50
Colorado,26592,UPI/CVOTER,2016-10-23,2016-10-29,Likely Voters,342,Internet,Nonpartisan,NA,Other,5
Colorado,26592,UPI/CVOTER,2016-10-23,2016-10-29,Likely Voters,342,Internet,Nonpartisan,NA,Undecided,NA
Colorado,26592,UPI/CVOTER,2016-10-23,2016-10-29,Likely Voters,342,Internet,Nonpartisan,NA,Johnson,NA
Colorado,26592,UPI/CVOTER,2016-10-23,2016-10-29,Likely Voters,342,Internet,Nonpartisan,NA,McMullin,NA
Colorado,26546,CBS/YouGov,2016-10-26,2016-10-28,Likely Voters,997,Internet,Nonpartisan,NA,Trump,39
Colorado,26546,CBS/YouGov,2016-10-26,2016-10-28,Likely Voters,997,Internet,Nonpartisan,NA,Clinton,42
Colorado,26546,CBS/YouGov,2016-10-26,2016-10-28,Likely Voters,997,Internet,Nonpartisan,NA,Other,6
Colorado,26546,CBS/YouGov,2016-10-26,2016-10-28,Likely Voters,997,Internet,Nonpartisan,NA,Undecided,5
Colorado,26546,CBS/YouGov,2016-10-26,2016-10-28,Likely Voters,997,Internet,Nonpartisan,NA,Johnson,7
Colorado,26546,CBS/YouGov,2016-10-26,2016-10-28,Likely Voters,997,Internet,Nonpartisan,NA,McMullin,NA
Colorado,26441,SurveyMonkey,2016-10-18,2016-10-24,Likely Voters,1595,Internet,Nonpartisan,NA,Trump,38
Colorado,26441,SurveyMonkey,2016-10-18,2016-10-24,Likely Voters,1595,Internet,Nonpartisan,NA,Clinton,44
Colorado,26441,SurveyMonkey,2016-10-18,2016-10-24,Likely Voters,1595,Internet,Nonpartisan,NA,Other,3
Colorado,26441,SurveyMonkey,2016-10-18,2016-10-24,Likely Voters,1595,Internet,Nonpartisan,NA,Undecided,3
Colorado,26441,SurveyMonkey,2016-10-18,2016-10-24,Likely Voters,1595,Internet,Nonpartisan,NA,Johnson,12
Colorado,26441,SurveyMonkey,2016-10-18,2016-10-24,Likely Voters,1595,Internet,Nonpartisan,NA,McMullin,NA
Colorado,26672,U Colorado Boulder,2016-10-17,2016-10-24,Adults,1004,Internet,Nonpartisan,NA,Trump,34
Colorado,26672,U Colorado Boulder,2016-10-17,2016-10-24,Adults,1004,Internet,Nonpartisan,NA,Clinton,44
Colorado,26672,U Colorado Boulder,2016-10-17,2016-10-24,Adults,1004,Internet,Nonpartisan,NA,Other,13
Colorado,26672,U Colorado Boulder,2016-10-17,2016-10-24,Adults,1004,Internet,Nonpartisan,NA,Undecided,NA
Colorado,26672,U Colorado Boulder,2016-10-17,2016-10-24,Adults,1004,Internet,Nonpartisan,NA,Johnson,9
Colorado,26672,U Colorado Boulder,2016-10-17,2016-10-24,Adults,1004,Internet,Nonpartisan,NA,McMullin,NA
Colorado,26419,Remington Research Group (R)/Axiom Strategies,2016-10-20,2016-10-22,Likely Voters,1581,IVR/Live Phone,Sponsor,Rep,Trump,43
Colorado,26419,Remington Research Group (R)/Axiom Strategies,2016-10-20,2016-10-22,Likely Voters,1581,IVR/Live Phone,Sponsor,Rep,Clinton,45
Colorado,26419,Remington Research Group (R)/Axiom Strategies,2016-10-20,2016-10-22,Likely Voters,1581,IVR/Live Phone,Sponsor,Rep,Other,2
Colorado,26419,Remington Research Group (R)/Axiom Strategies,2016-10-20,2016-10-22,Likely Voters,1581,IVR/Live Phone,Sponsor,Rep,Undecided,4
Colorado,26419,Remington Research Group (R)/Axiom Strategies,2016-10-20,2016-10-22,Likely Voters,1581,IVR/Live Phone,Sponsor,Rep,Johnson,5
Colorado,26419,Remington Research Group (R)/Axiom Strategies,2016-10-20,2016-10-22,Likely Voters,1581,IVR/Live Phone,Sponsor,Rep,McMullin,NA
Colorado,26214,Quinnipiac,2016-10-10,2016-10-16,Likely Voters,685,Live Phone,Nonpartisan,NA,Trump,37
Colorado,26214,Quinnipiac,2016-10-10,2016-10-16,Likely Voters,685,Live Phone,Nonpartisan,NA,Clinton,45
Colorado,26214,Quinnipiac,2016-10-10,2016-10-16,Likely Voters,685,Live Phone,Nonpartisan,NA,Other,4
Colorado,26214,Quinnipiac,2016-10-10,2016-10-16,Likely Voters,685,Live Phone,Nonpartisan,NA,Undecided,5
Colorado,26214,Quinnipiac,2016-10-10,2016-10-16,Likely Voters,685,Live Phone,Nonpartisan,NA,Johnson,10
Colorado,26214,Quinnipiac,2016-10-10,2016-10-16,Likely Voters,685,Live Phone,Nonpartisan,NA,McMullin,NA
Colorado,26239,WashPost/SurveyMonkey,2016-10-08,2016-10-16,Likely Voters,956,Internet,Nonpartisan,NA,Trump,41
Colorado,26239,WashPost/SurveyMonkey,2016-10-08,2016-10-16,Likely Voters,956,Internet,Nonpartisan,NA,Clinton,50
Colorado,26239,WashPost/SurveyMonkey,2016-10-08,2016-10-16,Likely Voters,956,Internet,Nonpartisan,NA,Other,NA
Colorado,26239,WashPost/SurveyMonkey,2016-10-08,2016-10-16,Likely Voters,956,Internet,Nonpartisan,NA,Undecided,8
Colorado,26239,WashPost/SurveyMonkey,2016-10-08,2016-10-16,Likely Voters,956,Internet,Nonpartisan,NA,Johnson,NA
Colorado,26239,WashPost/SurveyMonkey,2016-10-08,2016-10-16,Likely Voters,956,Internet,Nonpartisan,NA,McMullin,NA
Colorado,26256,Magellan (R),2016-10-12,2016-10-13,Likely Voters,500,Live Phone,Pollster,Rep,Trump,35
Colorado,26256,Magellan (R),2016-10-12,2016-10-13,Likely Voters,500,Live Phone,Pollster,Rep,Clinton,40
Colorado,26256,Magellan (R),2016-10-12,2016-10-13,Likely Voters,500,Live Phone,Pollster,Rep,Other,7
Colorado,26256,Magellan (R),2016-10-12,2016-10-13,Likely Voters,500,Live Phone,Pollster,Rep,Undecided,6
Colorado,26256,Magellan (R),2016-10-12,2016-10-13,Likely Voters,500,Live Phone,Pollster,Rep,Johnson,12
Colorado,26256,Magellan (R),2016-10-12,2016-10-13,Likely Voters,500,Live Phone,Pollster,Rep,McMullin,NA
Colorado,26186,Gravis Marketing/Breitbart,2016-10-12,2016-10-13,Registered Voters,1226,IVR/Online,Nonpartisan,NA,Trump,39
Colorado,26186,Gravis Marketing/Breitbart,2016-10-12,2016-10-13,Registered Voters,1226,IVR/Online,Nonpartisan,NA,Clinton,44
Colorado,26186,Gravis Marketing/Breitbart,2016-10-12,2016-10-13,Registered Voters,1226,IVR/Online,Nonpartisan,NA,Other,2
Colorado,26186,Gravis Marketing/Breitbart,2016-10-12,2016-10-13,Registered Voters,1226,IVR/Online,Nonpartisan,NA,Undecided,9
Colorado,26186,Gravis Marketing/Breitbart,2016-10-12,2016-10-13,Registered Voters,1226,IVR/Online,Nonpartisan,NA,Johnson,6
Colorado,26186,Gravis Marketing/Breitbart,2016-10-12,2016-10-13,Registered Voters,1226,IVR/Online,Nonpartisan,NA,McMullin,NA
Colorado,26344,Ipsos/Reuters,2016-09-23,2016-10-13,Likely Voters,695,Internet,Nonpartisan,NA,Trump,41
Colorado,26344,Ipsos/Reuters,2016-09-23,2016-10-13,Likely Voters,695,Internet,Nonpartisan,NA,Clinton,47
Colorado,26344,Ipsos/Reuters,2016-09-23,2016-10-13,Likely Voters,695,Internet,Nonpartisan,NA,Other,NA
Colorado,26344,Ipsos/Reuters,2016-09-23,2016-10-13,Likely Voters,695,Internet,Nonpartisan,NA,Undecided,12
Colorado,26344,Ipsos/Reuters,2016-09-23,2016-10-13,Likely Voters,695,Internet,Nonpartisan,NA,Johnson,NA
Colorado,26344,Ipsos/Reuters,2016-09-23,2016-10-13,Likely Voters,695,Internet,Nonpartisan,NA,McMullin,NA
Colorado,26101,Ipsos/Reuters,2016-09-16,2016-10-06,Likely Voters,710,Internet,Nonpartisan,NA,Trump,45
Colorado,26101,Ipsos/Reuters,2016-09-16,2016-10-06,Likely Voters,710,Internet,Nonpartisan,NA,Clinton,45
Colorado,26101,Ipsos/Reuters,2016-09-16,2016-10-06,Likely Voters,710,Internet,Nonpartisan,NA,Other,NA
Colorado,26101,Ipsos/Reuters,2016-09-16,2016-10-06,Likely Voters,710,Internet,Nonpartisan,NA,Undecided,10
Colorado,26101,Ipsos/Reuters,2016-09-16,2016-10-06,Likely Voters,710,Internet,Nonpartisan,NA,Johnson,NA
Colorado,26101,Ipsos/Reuters,2016-09-16,2016-10-06,Likely Voters,710,Internet,Nonpartisan,NA,McMullin,NA
Colorado,26008,Gravis Marketing/Breitbart,2016-10-03,2016-10-04,Registered Voters,1246,IVR/Online,Nonpartisan,NA,Trump,40
Colorado,26008,Gravis Marketing/Breitbart,2016-10-03,2016-10-04,Registered Voters,1246,IVR/Online,Nonpartisan,NA,Clinton,40
Colorado,26008,Gravis Marketing/Breitbart,2016-10-03,2016-10-04,Registered Voters,1246,IVR/Online,Nonpartisan,NA,Other,3
Colorado,26008,Gravis Marketing/Breitbart,2016-10-03,2016-10-04,Registered Voters,1246,IVR/Online,Nonpartisan,NA,Undecided,6
Colorado,26008,Gravis Marketing/Breitbart,2016-10-03,2016-10-04,Registered Voters,1246,IVR/Online,Nonpartisan,NA,Johnson,10
Colorado,26008,Gravis Marketing/Breitbart,2016-10-03,2016-10-04,Registered Voters,1246,IVR/Online,Nonpartisan,NA,McMullin,NA
Colorado,25839,Monmouth University,2016-09-29,2016-10-02,Likely Voters,400,Live Phone,Nonpartisan,NA,Trump,38
Colorado,25839,Monmouth University,2016-09-29,2016-10-02,Likely Voters,400,Live Phone,Nonpartisan,NA,Clinton,49
Colorado,25839,Monmouth University,2016-09-29,2016-10-02,Likely Voters,400,Live Phone,Nonpartisan,NA,Other,4
Colorado,25839,Monmouth University,2016-09-29,2016-10-02,Likely Voters,400,Live Phone,Nonpartisan,NA,Undecided,3
Colorado,25839,Monmouth University,2016-09-29,2016-10-02,Likely Voters,400,Live Phone,Nonpartisan,NA,Johnson,7
Colorado,25839,Monmouth University,2016-09-29,2016-10-02,Likely Voters,400,Live Phone,Nonpartisan,NA,McMullin,NA
Colorado,25892,Keating (D),2016-09-27,2016-09-29,Likely Voters,602,Live Phone,Pollster,Dem,Trump,33
Colorado,25892,Keating (D),2016-09-27,2016-09-29,Likely Voters,602,Live Phone,Pollster,Dem,Clinton,44
Colorado,25892,Keating (D),2016-09-27,2016-09-29,Likely Voters,602,Live Phone,Pollster,Dem,Other,7
Colorado,25892,Keating (D),2016-09-27,2016-09-29,Likely Voters,602,Live Phone,Pollster,Dem,Undecided,6
Colorado,25892,Keating (D),2016-09-27,2016-09-29,Likely Voters,602,Live Phone,Pollster,Dem,Johnson,10
Colorado,25892,Keating (D),2016-09-27,2016-09-29,Likely Voters,602,Live Phone,Pollster,Dem,McMullin,NA
Colorado,25795,PPP (D-Vote Vets Action Fund),2016-09-27,2016-09-28,Likely Voters,694,IVR/Online,Pollster,Dem,Trump,40
Colorado,25795,PPP (D-Vote Vets Action Fund),2016-09-27,2016-09-28,Likely Voters,694,IVR/Online,Pollster,Dem,Clinton,46
Colorado,25795,PPP (D-Vote Vets Action Fund),2016-09-27,2016-09-28,Likely Voters,694,IVR/Online,Pollster,Dem,Other,2
Colorado,25795,PPP (D-Vote Vets Action Fund),2016-09-27,2016-09-28,Likely Voters,694,IVR/Online,Pollster,Dem,Undecided,6
Colorado,25795,PPP (D-Vote Vets Action Fund),2016-09-27,2016-09-28,Likely Voters,694,IVR/Online,Pollster,Dem,Johnson,6
Colorado,25795,PPP (D-Vote Vets Action Fund),2016-09-27,2016-09-28,Likely Voters,694,IVR/Online,Pollster,Dem,McMullin,NA
Colorado,25651,CNN,2016-09-20,2016-09-25,Likely Voters,784,Live Phone,Nonpartisan,NA,Trump,42
Colorado,25651,CNN,2016-09-20,2016-09-25,Likely Voters,784,Live Phone,Nonpartisan,NA,Clinton,41
Colorado,25651,CNN,2016-09-20,2016-09-25,Likely Voters,784,Live Phone,Nonpartisan,NA,Other,3
Colorado,25651,CNN,2016-09-20,2016-09-25,Likely Voters,784,Live Phone,Nonpartisan,NA,Undecided,0
Colorado,25651,CNN,2016-09-20,2016-09-25,Likely Voters,784,Live Phone,Nonpartisan,NA,Johnson,13
Colorado,25651,CNN,2016-09-20,2016-09-25,Likely Voters,784,Live Phone,Nonpartisan,NA,McMullin,NA
Colorado,25645,CBS/YouGov,2016-09-21,2016-09-23,Likely Voters,991,Internet,Nonpartisan,NA,Trump,39
Colorado,25645,CBS/YouGov,2016-09-21,2016-09-23,Likely Voters,991,Internet,Nonpartisan,NA,Clinton,40
Colorado,25645,CBS/YouGov,2016-09-21,2016-09-23,Likely Voters,991,Internet,Nonpartisan,NA,Other,11
Colorado,25645,CBS/YouGov,2016-09-21,2016-09-23,Likely Voters,991,Internet,Nonpartisan,NA,Undecided,10
Colorado,25645,CBS/YouGov,2016-09-21,2016-09-23,Likely Voters,991,Internet,Nonpartisan,NA,Johnson,NA
Colorado,25645,CBS/YouGov,2016-09-21,2016-09-23,Likely Voters,991,Internet,Nonpartisan,NA,McMullin,NA
Colorado,25622,Quinnipiac,2016-09-13,2016-09-21,Likely Voters,644,Live Phone,Nonpartisan,NA,Trump,42
Colorado,25622,Quinnipiac,2016-09-13,2016-09-21,Likely Voters,644,Live Phone,Nonpartisan,NA,Clinton,44
Colorado,25622,Quinnipiac,2016-09-13,2016-09-21,Likely Voters,644,Live Phone,Nonpartisan,NA,Other,2
Colorado,25622,Quinnipiac,2016-09-13,2016-09-21,Likely Voters,644,Live Phone,Nonpartisan,NA,Undecided,2
Colorado,25622,Quinnipiac,2016-09-13,2016-09-21,Likely Voters,644,Live Phone,Nonpartisan,NA,Johnson,10
Colorado,25622,Quinnipiac,2016-09-13,2016-09-21,Likely Voters,644,Live Phone,Nonpartisan,NA,McMullin,NA
Colorado,25616,Franklin and Marshall College/Colorado Mesa University,2016-09-14,2016-09-18,Likely Voters,350,Live Phone/Online,Nonpartisan,NA,Trump,35
Colorado,25616,Franklin and Marshall College/Colorado Mesa University,2016-09-14,2016-09-18,Likely Voters,350,Live Phone/Online,Nonpartisan,NA,Clinton,44
Colorado,25616,Franklin and Marshall College/Colorado Mesa University,2016-09-14,2016-09-18,Likely Voters,350,Live Phone/Online,Nonpartisan,NA,Other,14
Colorado,25616,Franklin and Marshall College/Colorado Mesa University,2016-09-14,2016-09-18,Likely Voters,350,Live Phone/Online,Nonpartisan,NA,Undecided,7
Colorado,25616,Franklin and Marshall College/Colorado Mesa University,2016-09-14,2016-09-18,Likely Voters,350,Live Phone/Online,Nonpartisan,NA,Johnson,NA
Colorado,25616,Franklin and Marshall College/Colorado Mesa University,2016-09-14,2016-09-18,Likely Voters,350,Live Phone/Online,Nonpartisan,NA,McMullin,NA
Colorado,25541,Ipsos/Reuters,2016-08-26,2016-09-15,Likely Voters,563,Internet,Nonpartisan,NA,Trump,43
Colorado,25541,Ipsos/Reuters,2016-08-26,2016-09-15,Likely Voters,563,Internet,Nonpartisan,NA,Clinton,40
Colorado,25541,Ipsos/Reuters,2016-08-26,2016-09-15,Likely Voters,563,Internet,Nonpartisan,NA,Other,NA
Colorado,25541,Ipsos/Reuters,2016-08-26,2016-09-15,Likely Voters,563,Internet,Nonpartisan,NA,Undecided,17
Colorado,25541,Ipsos/Reuters,2016-08-26,2016-09-15,Likely Voters,563,Internet,Nonpartisan,NA,Johnson,NA
Colorado,25541,Ipsos/Reuters,2016-08-26,2016-09-15,Likely Voters,563,Internet,Nonpartisan,NA,McMullin,NA
Colorado,25349,WashPost/SurveyMonkey,2016-08-09,2016-09-01,Registered Voters,2428,Internet,Nonpartisan,NA,Trump,44
Colorado,25349,WashPost/SurveyMonkey,2016-08-09,2016-09-01,Registered Voters,2428,Internet,Nonpartisan,NA,Clinton,46
Colorado,25349,WashPost/SurveyMonkey,2016-08-09,2016-09-01,Registered Voters,2428,Internet,Nonpartisan,NA,Other,NA
Colorado,25349,WashPost/SurveyMonkey,2016-08-09,2016-09-01,Registered Voters,2428,Internet,Nonpartisan,NA,Undecided,10
Colorado,25349,WashPost/SurveyMonkey,2016-08-09,2016-09-01,Registered Voters,2428,Internet,Nonpartisan,NA,Johnson,NA
Colorado,25349,WashPost/SurveyMonkey,2016-08-09,2016-09-01,Registered Voters,2428,Internet,Nonpartisan,NA,McMullin,NA
Colorado,25419,Magellan (R),2016-08-29,2016-08-31,Likely Voters,500,Live Phone,Pollster,Rep,Trump,36
Colorado,25419,Magellan (R),2016-08-29,2016-08-31,Likely Voters,500,Live Phone,Pollster,Rep,Clinton,41
Colorado,25419,Magellan (R),2016-08-29,2016-08-31,Likely Voters,500,Live Phone,Pollster,Rep,Other,4
Colorado,25419,Magellan (R),2016-08-29,2016-08-31,Likely Voters,500,Live Phone,Pollster,Rep,Undecided,6
Colorado,25419,Magellan (R),2016-08-29,2016-08-31,Likely Voters,500,Live Phone,Pollster,Rep,Johnson,13
Colorado,25419,Magellan (R),2016-08-29,2016-08-31,Likely Voters,500,Live Phone,Pollster,Rep,McMullin,NA
Colorado,25199,Quinnipiac,2016-08-09,2016-08-16,Likely Voters,830,Live Phone,Nonpartisan,NA,Trump,39
Colorado,25199,Quinnipiac,2016-08-09,2016-08-16,Likely Voters,830,Live Phone,Nonpartisan,NA,Clinton,49
Colorado,25199,Quinnipiac,2016-08-09,2016-08-16,Likely Voters,830,Live Phone,Nonpartisan,NA,Other,4
Colorado,25199,Quinnipiac,2016-08-09,2016-08-16,Likely Voters,830,Live Phone,Nonpartisan,NA,Undecided,9
Colorado,25199,Quinnipiac,2016-08-09,2016-08-16,Likely Voters,830,Live Phone,Nonpartisan,NA,Johnson,NA
Colorado,25199,Quinnipiac,2016-08-09,2016-08-16,Likely Voters,830,Live Phone,Nonpartisan,NA,McMullin,NA
Colorado,25150,NBC/WSJ/Marist,2016-08-04,2016-08-10,Registered Voters,899,Live Phone,Nonpartisan,NA,Trump,32
Colorado,25150,NBC/WSJ/Marist,2016-08-04,2016-08-10,Registered Voters,899,Live Phone,Nonpartisan,NA,Clinton,46
Colorado,25150,NBC/WSJ/Marist,2016-08-04,2016-08-10,Registered Voters,899,Live Phone,Nonpartisan,NA,Other,15
Colorado,25150,NBC/WSJ/Marist,2016-08-04,2016-08-10,Registered Voters,899,Live Phone,Nonpartisan,NA,Undecided,6
Colorado,25150,NBC/WSJ/Marist,2016-08-04,2016-08-10,Registered Voters,899,Live Phone,Nonpartisan,NA,Johnson,NA
Colorado,25150,NBC/WSJ/Marist,2016-08-04,2016-08-10,Registered Voters,899,Live Phone,Nonpartisan,NA,McMullin,NA
Colorado,24882,FOX,2016-07-09,2016-07-12,Registered Voters,600,Live Phone,Nonpartisan,NA,Trump,34
Colorado,24882,FOX,2016-07-09,2016-07-12,Registered Voters,600,Live Phone,Nonpartisan,NA,Clinton,44
Colorado,24882,FOX,2016-07-09,2016-07-12,Registered Voters,600,Live Phone,Nonpartisan,NA,Other,11
Colorado,24882,FOX,2016-07-09,2016-07-12,Registered Voters,600,Live Phone,Nonpartisan,NA,Undecided,11
Colorado,24882,FOX,2016-07-09,2016-07-12,Registered Voters,600,Live Phone,Nonpartisan,NA,Johnson,NA
Colorado,24882,FOX,2016-07-09,2016-07-12,Registered Voters,600,Live Phone,Nonpartisan,NA,McMullin,NA
Colorado,24875,Monmouth University,2016-07-09,2016-07-12,Likely Voters,404,Live Phone,Nonpartisan,NA,Trump,35
Colorado,24875,Monmouth University,2016-07-09,2016-07-12,Likely Voters,404,Live Phone,Nonpartisan,NA,Clinton,48
Colorado,24875,Monmouth University,2016-07-09,2016-07-12,Likely Voters,404,Live Phone,Nonpartisan,NA,Other,6
Colorado,24875,Monmouth University,2016-07-09,2016-07-12,Likely Voters,404,Live Phone,Nonpartisan,NA,Undecided,7
Colorado,24875,Monmouth University,2016-07-09,2016-07-12,Likely Voters,404,Live Phone,Nonpartisan,NA,Johnson,5
Colorado,24875,Monmouth University,2016-07-09,2016-07-12,Likely Voters,404,Live Phone,Nonpartisan,NA,McMullin,NA
Colorado,24895,NBC/WSJ/Marist,2016-07-05,2016-07-11,Registered Voters,794,Live Phone,Nonpartisan,NA,Trump,35
Colorado,24895,NBC/WSJ/Marist,2016-07-05,2016-07-11,Registered Voters,794,Live Phone,Nonpartisan,NA,Clinton,43
Colorado,24895,NBC/WSJ/Marist,2016-07-05,2016-07-11,Registered Voters,794,Live Phone,Nonpartisan,NA,Other,21
Colorado,24895,NBC/WSJ/Marist,2016-07-05,2016-07-11,Registered Voters,794,Live Phone,Nonpartisan,NA,Undecided,NA
Colorado,24895,NBC/WSJ/Marist,2016-07-05,2016-07-11,Registered Voters,794,Live Phone,Nonpartisan,NA,Johnson,NA
Colorado,24895,NBC/WSJ/Marist,2016-07-05,2016-07-11,Registered Voters,794,Live Phone,Nonpartisan,NA,McMullin,NA
Colorado,24868,Harper (R),2016-07-07,2016-07-09,Likely Voters,500,IVR/Live Phone,Pollster,Rep,Trump,38
Colorado,24868,Harper (R),2016-07-07,2016-07-09,Likely Voters,500,IVR/Live Phone,Pollster,Rep,Clinton,45
Colorado,24868,Harper (R),2016-07-07,2016-07-09,Likely Voters,500,IVR/Live Phone,Pollster,Rep,Other,14
Colorado,24868,Harper (R),2016-07-07,2016-07-09,Likely Voters,500,IVR/Live Phone,Pollster,Rep,Undecided,4
Colorado,24868,Harper (R),2016-07-07,2016-07-09,Likely Voters,500,IVR/Live Phone,Pollster,Rep,Johnson,NA
Colorado,24868,Harper (R),2016-07-07,2016-07-09,Likely Voters,500,IVR/Live Phone,Pollster,Rep,McMullin,NA
Colorado,24887,Gravis Marketing,2016-07-07,2016-07-08,Registered Voters,1313,Automated Phone,Nonpartisan,NA,Trump,41
Colorado,24887,Gravis Marketing,2016-07-07,2016-07-08,Registered Voters,1313,Automated Phone,Nonpartisan,NA,Clinton,43
Colorado,24887,Gravis Marketing,2016-07-07,2016-07-08,Registered Voters,1313,Automated Phone,Nonpartisan,NA,Other,16
Colorado,24887,Gravis Marketing,2016-07-07,2016-07-08,Registered Voters,1313,Automated Phone,Nonpartisan,NA,Undecided,NA
Colorado,24887,Gravis Marketing,2016-07-07,2016-07-08,Registered Voters,1313,Automated Phone,Nonpartisan,NA,Johnson,NA
Colorado,24887,Gravis Marketing,2016-07-07,2016-07-08,Registered Voters,1313,Automated Phone,Nonpartisan,NA,McMullin,NA
Colorado,24767,CBS/YouGov,2016-06-21,2016-06-24,Likely Voters,996,Internet,Nonpartisan,NA,Trump,39
Colorado,24767,CBS/YouGov,2016-06-21,2016-06-24,Likely Voters,996,Internet,Nonpartisan,NA,Clinton,40
Colorado,24767,CBS/YouGov,2016-06-21,2016-06-24,Likely Voters,996,Internet,Nonpartisan,NA,Other,9
Colorado,24767,CBS/YouGov,2016-06-21,2016-06-24,Likely Voters,996,Internet,Nonpartisan,NA,Undecided,10
Colorado,24767,CBS/YouGov,2016-06-21,2016-06-24,Likely Voters,996,Internet,Nonpartisan,NA,Johnson,NA
Colorado,24767,CBS/YouGov,2016-06-21,2016-06-24,Likely Voters,996,Internet,Nonpartisan,NA,McMullin,NA
Colorado,23168,Quinnipiac,2015-11-11,2015-11-15,Registered Voters,1262,Live Phone,Nonpartisan,NA,Trump,48
Colorado,23168,Quinnipiac,2015-11-11,2015-11-15,Registered Voters,1262,Live Phone,Nonpartisan,NA,Clinton,37
Colorado,23168,Quinnipiac,2015-11-11,2015-11-15,Registered Voters,1262,Live Phone,Nonpartisan,NA,Other,4
Colorado,23168,Quinnipiac,2015-11-11,2015-11-15,Registered Voters,1262,Live Phone,Nonpartisan,NA,Undecided,11
Colorado,23168,Quinnipiac,2015-11-11,2015-11-15,Registered Voters,1262,Live Phone,Nonpartisan,NA,Johnson,NA
Colorado,23168,Quinnipiac,2015-11-11,2015-11-15,Registered Voters,1262,Live Phone,Nonpartisan,NA,McMullin,NA
New Jersey,26807,SurveyMonkey,2016-11-01,2016-11-07,Likely Voters,1377,Internet,Nonpartisan,NA,Trump,37
New Jersey,26807,SurveyMonkey,2016-11-01,2016-11-07,Likely Voters,1377,Internet,Nonpartisan,NA,Clinton,52
New Jersey,26807,SurveyMonkey,2016-11-01,2016-11-07,Likely Voters,1377,Internet,Nonpartisan,NA,Other,8
New Jersey,26807,SurveyMonkey,2016-11-01,2016-11-07,Likely Voters,1377,Internet,Nonpartisan,NA,Undecided,3
New Jersey,26807,SurveyMonkey,2016-11-01,2016-11-07,Likely Voters,1377,Internet,Nonpartisan,NA,Johnson,NA
New Jersey,26807,SurveyMonkey,2016-11-01,2016-11-07,Likely Voters,1377,Internet,Nonpartisan,NA,McMullin,NA
New Jersey,26793,UPI/CVOTER,2016-10-30,2016-11-06,Likely Voters,348,Internet,Nonpartisan,NA,Trump,41
New Jersey,26793,UPI/CVOTER,2016-10-30,2016-11-06,Likely Voters,348,Internet,Nonpartisan,NA,Clinton,55
New Jersey,26793,UPI/CVOTER,2016-10-30,2016-11-06,Likely Voters,348,Internet,Nonpartisan,NA,Other,4
New Jersey,26793,UPI/CVOTER,2016-10-30,2016-11-06,Likely Voters,348,Internet,Nonpartisan,NA,Undecided,NA
New Jersey,26793,UPI/CVOTER,2016-10-30,2016-11-06,Likely Voters,348,Internet,Nonpartisan,NA,Johnson,NA
New Jersey,26793,UPI/CVOTER,2016-10-30,2016-11-06,Likely Voters,348,Internet,Nonpartisan,NA,McMullin,NA
New Jersey,26806,Ipsos/Reuters,2016-10-17,2016-11-06,Likely Voters,658,Internet,Nonpartisan,NA,Trump,38
New Jersey,26806,Ipsos/Reuters,2016-10-17,2016-11-06,Likely Voters,658,Internet,Nonpartisan,NA,Clinton,48
New Jersey,26806,Ipsos/Reuters,2016-10-17,2016-11-06,Likely Voters,658,Internet,Nonpartisan,NA,Other,NA
New Jersey,26806,Ipsos/Reuters,2016-10-17,2016-11-06,Likely Voters,658,Internet,Nonpartisan,NA,Undecided,14
New Jersey,26806,Ipsos/Reuters,2016-10-17,2016-11-06,Likely Voters,658,Internet,Nonpartisan,NA,Johnson,NA
New Jersey,26806,Ipsos/Reuters,2016-10-17,2016-11-06,Likely Voters,658,Internet,Nonpartisan,NA,McMullin,NA
New Jersey,26727,Stockton,2016-10-27,2016-11-02,Likely Voters,678,Live Phone,Nonpartisan,NA,Trump,40
New Jersey,26727,Stockton,2016-10-27,2016-11-02,Likely Voters,678,Live Phone,Nonpartisan,NA,Clinton,51
New Jersey,26727,Stockton,2016-10-27,2016-11-02,Likely Voters,678,Live Phone,Nonpartisan,NA,Other,5
New Jersey,26727,Stockton,2016-10-27,2016-11-02,Likely Voters,678,Live Phone,Nonpartisan,NA,Undecided,6
New Jersey,26727,Stockton,2016-10-27,2016-11-02,Likely Voters,678,Live Phone,Nonpartisan,NA,Johnson,NA
New Jersey,26727,Stockton,2016-10-27,2016-11-02,Likely Voters,678,Live Phone,Nonpartisan,NA,McMullin,NA
New Jersey,26596,SurveyMonkey,2016-10-25,2016-10-31,Likely Voters,724,Internet,Nonpartisan,NA,Trump,35
New Jersey,26596,SurveyMonkey,2016-10-25,2016-10-31,Likely Voters,724,Internet,Nonpartisan,NA,Clinton,55
New Jersey,26596,SurveyMonkey,2016-10-25,2016-10-31,Likely Voters,724,Internet,Nonpartisan,NA,Other,7
New Jersey,26596,SurveyMonkey,2016-10-25,2016-10-31,Likely Voters,724,Internet,Nonpartisan,NA,Undecided,3
New Jersey,26596,SurveyMonkey,2016-10-25,2016-10-31,Likely Voters,724,Internet,Nonpartisan,NA,Johnson,NA
New Jersey,26596,SurveyMonkey,2016-10-25,2016-10-31,Likely Voters,724,Internet,Nonpartisan,NA,McMullin,NA
New Jersey,26592,UPI/CVOTER,2016-10-23,2016-10-29,Likely Voters,353,Internet,Nonpartisan,NA,Trump,40
New Jersey,26592,UPI/CVOTER,2016-10-23,2016-10-29,Likely Voters,353,Internet,Nonpartisan,NA,Clinton,57
New Jersey,26592,UPI/CVOTER,2016-10-23,2016-10-29,Likely Voters,353,Internet,Nonpartisan,NA,Other,3
New Jersey,26592,UPI/CVOTER,2016-10-23,2016-10-29,Likely Voters,353,Internet,Nonpartisan,NA,Undecided,NA
New Jersey,26592,UPI/CVOTER,2016-10-23,2016-10-29,Likely Voters,353,Internet,Nonpartisan,NA,Johnson,NA
New Jersey,26592,UPI/CVOTER,2016-10-23,2016-10-29,Likely Voters,353,Internet,Nonpartisan,NA,McMullin,NA
New Jersey,26441,SurveyMonkey,2016-10-18,2016-10-24,Likely Voters,590,Internet,Nonpartisan,NA,Trump,36
New Jersey,26441,SurveyMonkey,2016-10-18,2016-10-24,Likely Voters,590,Internet,Nonpartisan,NA,Clinton,52
New Jersey,26441,SurveyMonkey,2016-10-18,2016-10-24,Likely Voters,590,Internet,Nonpartisan,NA,Other,9
New Jersey,26441,SurveyMonkey,2016-10-18,2016-10-24,Likely Voters,590,Internet,Nonpartisan,NA,Undecided,3
New Jersey,26441,SurveyMonkey,2016-10-18,2016-10-24,Likely Voters,590,Internet,Nonpartisan,NA,Johnson,NA
New Jersey,26441,SurveyMonkey,2016-10-18,2016-10-24,Likely Voters,590,Internet,Nonpartisan,NA,McMullin,NA
New Jersey,26230,Fairleigh Dickinson,2016-10-12,2016-10-16,Likely Voters,579,Live Phone,Nonpartisan,NA,Trump,40
New Jersey,26230,Fairleigh Dickinson,2016-10-12,2016-10-16,Likely Voters,579,Live Phone,Nonpartisan,NA,Clinton,51
New Jersey,26230,Fairleigh Dickinson,2016-10-12,2016-10-16,Likely Voters,579,Live Phone,Nonpartisan,NA,Other,4
New Jersey,26230,Fairleigh Dickinson,2016-10-12,2016-10-16,Likely Voters,579,Live Phone,Nonpartisan,NA,Undecided,5
New Jersey,26230,Fairleigh Dickinson,2016-10-12,2016-10-16,Likely Voters,579,Live Phone,Nonpartisan,NA,Johnson,NA
New Jersey,26230,Fairleigh Dickinson,2016-10-12,2016-10-16,Likely Voters,579,Live Phone,Nonpartisan,NA,McMullin,NA
New Jersey,26344,Ipsos/Reuters,2016-09-23,2016-10-13,Likely Voters,1084,Internet,Nonpartisan,NA,Trump,32
New Jersey,26344,Ipsos/Reuters,2016-09-23,2016-10-13,Likely Voters,1084,Internet,Nonpartisan,NA,Clinton,50
New Jersey,26344,Ipsos/Reuters,2016-09-23,2016-10-13,Likely Voters,1084,Internet,Nonpartisan,NA,Other,NA
New Jersey,26344,Ipsos/Reuters,2016-09-23,2016-10-13,Likely Voters,1084,Internet,Nonpartisan,NA,Undecided,18
New Jersey,26344,Ipsos/Reuters,2016-09-23,2016-10-13,Likely Voters,1084,Internet,Nonpartisan,NA,Johnson,NA
New Jersey,26344,Ipsos/Reuters,2016-09-23,2016-10-13,Likely Voters,1084,Internet,Nonpartisan,NA,McMullin,NA
New Jersey,26122,Ipsos/Reuters,2016-09-16,2016-10-06,Likely Voters,595,Internet,Nonpartisan,NA,Trump,34
New Jersey,26122,Ipsos/Reuters,2016-09-16,2016-10-06,Likely Voters,595,Internet,Nonpartisan,NA,Clinton,49
New Jersey,26122,Ipsos/Reuters,2016-09-16,2016-10-06,Likely Voters,595,Internet,Nonpartisan,NA,Other,NA
New Jersey,26122,Ipsos/Reuters,2016-09-16,2016-10-06,Likely Voters,595,Internet,Nonpartisan,NA,Undecided,17
New Jersey,26122,Ipsos/Reuters,2016-09-16,2016-10-06,Likely Voters,595,Internet,Nonpartisan,NA,Johnson,NA
New Jersey,26122,Ipsos/Reuters,2016-09-16,2016-10-06,Likely Voters,595,Internet,Nonpartisan,NA,McMullin,NA
New Jersey,25823,Stockton,2016-09-22,2016-09-29,Likely Voters,638,Live Phone,Nonpartisan,NA,Trump,40
New Jersey,25823,Stockton,2016-09-22,2016-09-29,Likely Voters,638,Live Phone,Nonpartisan,NA,Clinton,46
New Jersey,25823,Stockton,2016-09-22,2016-09-29,Likely Voters,638,Live Phone,Nonpartisan,NA,Other,9
New Jersey,25823,Stockton,2016-09-22,2016-09-29,Likely Voters,638,Live Phone,Nonpartisan,NA,Undecided,5
New Jersey,25823,Stockton,2016-09-22,2016-09-29,Likely Voters,638,Live Phone,Nonpartisan,NA,Johnson,NA
New Jersey,25823,Stockton,2016-09-22,2016-09-29,Likely Voters,638,Live Phone,Nonpartisan,NA,McMullin,NA
New Jersey,25561,Ipsos/Reuters,2016-08-26,2016-09-15,Likely Voters,982,Internet,Nonpartisan,NA,Trump,33
New Jersey,25561,Ipsos/Reuters,2016-08-26,2016-09-15,Likely Voters,982,Internet,Nonpartisan,NA,Clinton,49
New Jersey,25561,Ipsos/Reuters,2016-08-26,2016-09-15,Likely Voters,982,Internet,Nonpartisan,NA,Other,NA
New Jersey,25561,Ipsos/Reuters,2016-08-26,2016-09-15,Likely Voters,982,Internet,Nonpartisan,NA,Undecided,18
New Jersey,25561,Ipsos/Reuters,2016-08-26,2016-09-15,Likely Voters,982,Internet,Nonpartisan,NA,Johnson,NA
New Jersey,25561,Ipsos/Reuters,2016-08-26,2016-09-15,Likely Voters,982,Internet,Nonpartisan,NA,McMullin,NA
New Jersey,26163,Rutgers-Eagleton,2016-09-06,2016-09-10,Registered Voters,726,Live Phone,Nonpartisan,NA,Trump,29
New Jersey,26163,Rutgers-Eagleton,2016-09-06,2016-09-10,Registered Voters,726,Live Phone,Nonpartisan,NA,Clinton,50
New Jersey,26163,Rutgers-Eagleton,2016-09-06,2016-09-10,Registered Voters,726,Live Phone,Nonpartisan,NA,Other,15
New Jersey,26163,Rutgers-Eagleton,2016-09-06,2016-09-10,Registered Voters,726,Live Phone,Nonpartisan,NA,Undecided,7
New Jersey,26163,Rutgers-Eagleton,2016-09-06,2016-09-10,Registered Voters,726,Live Phone,Nonpartisan,NA,Johnson,NA
New Jersey,26163,Rutgers-Eagleton,2016-09-06,2016-09-10,Registered Voters,726,Live Phone,Nonpartisan,NA,McMullin,NA
New Jersey,25380,WashPost/SurveyMonkey,2016-08-09,2016-09-01,Registered Voters,912,Internet,Nonpartisan,NA,Trump,38
New Jersey,25380,WashPost/SurveyMonkey,2016-08-09,2016-09-01,Registered Voters,912,Internet,Nonpartisan,NA,Clinton,53
New Jersey,25380,WashPost/SurveyMonkey,2016-08-09,2016-09-01,Registered Voters,912,Internet,Nonpartisan,NA,Other,NA
New Jersey,25380,WashPost/SurveyMonkey,2016-08-09,2016-09-01,Registered Voters,912,Internet,Nonpartisan,NA,Undecided,9
New Jersey,25380,WashPost/SurveyMonkey,2016-08-09,2016-09-01,Registered Voters,912,Internet,Nonpartisan,NA,Johnson,NA
New Jersey,25380,WashPost/SurveyMonkey,2016-08-09,2016-09-01,Registered Voters,912,Internet,Nonpartisan,NA,McMullin,NA
New Jersey,24942,Fairleigh Dickinson,2016-06-22,2016-06-26,Registered Voters,349,Live Phone,Nonpartisan,NA,Trump,32
New Jersey,24942,Fairleigh Dickinson,2016-06-22,2016-06-26,Registered Voters,349,Live Phone,Nonpartisan,NA,Clinton,44
New Jersey,24942,Fairleigh Dickinson,2016-06-22,2016-06-26,Registered Voters,349,Live Phone,Nonpartisan,NA,Other,15
New Jersey,24942,Fairleigh Dickinson,2016-06-22,2016-06-26,Registered Voters,349,Live Phone,Nonpartisan,NA,Undecided,9
New Jersey,24942,Fairleigh Dickinson,2016-06-22,2016-06-26,Registered Voters,349,Live Phone,Nonpartisan,NA,Johnson,NA
New Jersey,24942,Fairleigh Dickinson,2016-06-22,2016-06-26,Registered Voters,349,Live Phone,Nonpartisan,NA,McMullin,NA
New Jersey,24613,CBS/YouGov,2016-05-31,2016-06-03,Likely Voters,1194,Internet,Nonpartisan,NA,Trump,34
New Jersey,24613,CBS/YouGov,2016-05-31,2016-06-03,Likely Voters,1194,Internet,Nonpartisan,NA,Clinton,49
New Jersey,24613,CBS/YouGov,2016-05-31,2016-06-03,Likely Voters,1194,Internet,Nonpartisan,NA,Other,8
New Jersey,24613,CBS/YouGov,2016-05-31,2016-06-03,Likely Voters,1194,Internet,Nonpartisan,NA,Undecided,8
New Jersey,24613,CBS/YouGov,2016-05-31,2016-06-03,Likely Voters,1194,Internet,Nonpartisan,NA,Johnson,NA
New Jersey,24613,CBS/YouGov,2016-05-31,2016-06-03,Likely Voters,1194,Internet,Nonpartisan,NA,McMullin,NA
New Jersey,24572,Monmouth University,2016-05-23,2016-05-27,Registered Voters,703,Live Phone,Nonpartisan,NA,Trump,34
New Jersey,24572,Monmouth University,2016-05-23,2016-05-27,Registered Voters,703,Live Phone,Nonpartisan,NA,Clinton,38
New Jersey,24572,Monmouth University,2016-05-23,2016-05-27,Registered Voters,703,Live Phone,Nonpartisan,NA,Other,11
New Jersey,24572,Monmouth University,2016-05-23,2016-05-27,Registered Voters,703,Live Phone,Nonpartisan,NA,Undecided,17
New Jersey,24572,Monmouth University,2016-05-23,2016-05-27,Registered Voters,703,Live Phone,Nonpartisan,NA,Johnson,NA
New Jersey,24572,Monmouth University,2016-05-23,2016-05-27,Registered Voters,703,Live Phone,Nonpartisan,NA,McMullin,NA
New Jersey,24548,Fairleigh Dickinson,2016-05-18,2016-05-22,Registered Voters,702,Live Phone,Nonpartisan,NA,Trump,37
New Jersey,24548,Fairleigh Dickinson,2016-05-18,2016-05-22,Registered Voters,702,Live Phone,Nonpartisan,NA,Clinton,48
New Jersey,24548,Fairleigh Dickinson,2016-05-18,2016-05-22,Registered Voters,702,Live Phone,Nonpartisan,NA,Other,7
New Jersey,24548,Fairleigh Dickinson,2016-05-18,2016-05-22,Registered Voters,702,Live Phone,Nonpartisan,NA,Undecided,8
New Jersey,24548,Fairleigh Dickinson,2016-05-18,2016-05-22,Registered Voters,702,Live Phone,Nonpartisan,NA,Johnson,NA
New Jersey,24548,Fairleigh Dickinson,2016-05-18,2016-05-22,Registered Voters,702,Live Phone,Nonpartisan,NA,McMullin,NA
New Jersey,24515,Quinnipiac,2016-05-10,2016-05-16,Registered Voters,1989,Live Phone,Nonpartisan,NA,Trump,38
New Jersey,24515,Quinnipiac,2016-05-10,2016-05-16,Registered Voters,1989,Live Phone,Nonpartisan,NA,Clinton,45
New Jersey,24515,Quinnipiac,2016-05-10,2016-05-16,Registered Voters,1989,Live Phone,Nonpartisan,NA,Other,3
New Jersey,24515,Quinnipiac,2016-05-10,2016-05-16,Registered Voters,1989,Live Phone,Nonpartisan,NA,Undecided,13
New Jersey,24515,Quinnipiac,2016-05-10,2016-05-16,Registered Voters,1989,Live Phone,Nonpartisan,NA,Johnson,NA
New Jersey,24515,Quinnipiac,2016-05-10,2016-05-16,Registered Voters,1989,Live Phone,Nonpartisan,NA,McMullin,NA
New Jersey,24304,Rutgers-Eagleton,2016-04-01,2016-04-08,Registered Voters,738,Live Phone,Nonpartisan,NA,Trump,36
New Jersey,24304,Rutgers-Eagleton,2016-04-01,2016-04-08,Registered Voters,738,Live Phone,Nonpartisan,NA,Clinton,50
New Jersey,24304,Rutgers-Eagleton,2016-04-01,2016-04-08,Registered Voters,738,Live Phone,Nonpartisan,NA,Other,11
New Jersey,24304,Rutgers-Eagleton,2016-04-01,2016-04-08,Registered Voters,738,Live Phone,Nonpartisan,NA,Undecided,3
New Jersey,24304,Rutgers-Eagleton,2016-04-01,2016-04-08,Registered Voters,738,Live Phone,Nonpartisan,NA,Johnson,NA
New Jersey,24304,Rutgers-Eagleton,2016-04-01,2016-04-08,Registered Voters,738,Live Phone,Nonpartisan,NA,McMullin,NA
Utah,26807,SurveyMonkey,2016-11-01,2016-11-07,Likely Voters,1479,Internet,Nonpartisan,NA,Trump,34
Utah,26807,SurveyMonkey,2016-11-01,2016-11-07,Likely Voters,1479,Internet,Nonpartisan,NA,Clinton,31
Utah,26807,SurveyMonkey,2016-11-01,2016-11-07,Likely Voters,1479,Internet,Nonpartisan,NA,Other,2
Utah,26807,SurveyMonkey,2016-11-01,2016-11-07,Likely Voters,1479,Internet,Nonpartisan,NA,Undecided,2
Utah,26807,SurveyMonkey,2016-11-01,2016-11-07,Likely Voters,1479,Internet,Nonpartisan,NA,Johnson,7
Utah,26807,SurveyMonkey,2016-11-01,2016-11-07,Likely Voters,1479,Internet,Nonpartisan,NA,McMullin,25
Utah,26793,UPI/CVOTER,2016-10-30,2016-11-06,Likely Voters,320,Internet,Nonpartisan,NA,Trump,43
Utah,26793,UPI/CVOTER,2016-10-30,2016-11-06,Likely Voters,320,Internet,Nonpartisan,NA,Clinton,28
Utah,26793,UPI/CVOTER,2016-10-30,2016-11-06,Likely Voters,320,Internet,Nonpartisan,NA,Other,29
Utah,26793,UPI/CVOTER,2016-10-30,2016-11-06,Likely Voters,320,Internet,Nonpartisan,NA,Undecided,NA
Utah,26793,UPI/CVOTER,2016-10-30,2016-11-06,Likely Voters,320,Internet,Nonpartisan,NA,Johnson,NA
Utah,26793,UPI/CVOTER,2016-10-30,2016-11-06,Likely Voters,320,Internet,Nonpartisan,NA,McMullin,NA
Utah,26806,Ipsos/Reuters,2016-10-17,2016-11-06,Likely Voters,532,Internet,Nonpartisan,NA,Trump,40
Utah,26806,Ipsos/Reuters,2016-10-17,2016-11-06,Likely Voters,532,Internet,Nonpartisan,NA,Clinton,33
Utah,26806,Ipsos/Reuters,2016-10-17,2016-11-06,Likely Voters,532,Internet,Nonpartisan,NA,Other,NA
Utah,26806,Ipsos/Reuters,2016-10-17,2016-11-06,Likely Voters,532,Internet,Nonpartisan,NA,Undecided,27
Utah,26806,Ipsos/Reuters,2016-10-17,2016-11-06,Likely Voters,532,Internet,Nonpartisan,NA,Johnson,NA
Utah,26806,Ipsos/Reuters,2016-10-17,2016-11-06,Likely Voters,532,Internet,Nonpartisan,NA,McMullin,NA
Utah,26803,CBS/YouGov,2016-11-03,2016-11-05,Likely Voters,762,Internet,Nonpartisan,NA,Trump,40
Utah,26803,CBS/YouGov,2016-11-03,2016-11-05,Likely Voters,762,Internet,Nonpartisan,NA,Clinton,23
Utah,26803,CBS/YouGov,2016-11-03,2016-11-05,Likely Voters,762,Internet,Nonpartisan,NA,Other,3
Utah,26803,CBS/YouGov,2016-11-03,2016-11-05,Likely Voters,762,Internet,Nonpartisan,NA,Undecided,4
Utah,26803,CBS/YouGov,2016-11-03,2016-11-05,Likely Voters,762,Internet,Nonpartisan,NA,Johnson,7
Utah,26803,CBS/YouGov,2016-11-03,2016-11-05,Likely Voters,762,Internet,Nonpartisan,NA,McMullin,24
Utah,26718,Y2 Analytics (R),2016-11-01,2016-11-03,Likely Voters,500,Live Phone,Pollster,Rep,Trump,33
Utah,26718,Y2 Analytics (R),2016-11-01,2016-11-03,Likely Voters,500,Live Phone,Pollster,Rep,Clinton,24
Utah,26718,Y2 Analytics (R),2016-11-01,2016-11-03,Likely Voters,500,Live Phone,Pollster,Rep,Other,4
Utah,26718,Y2 Analytics (R),2016-11-01,2016-11-03,Likely Voters,500,Live Phone,Pollster,Rep,Undecided,7
Utah,26718,Y2 Analytics (R),2016-11-01,2016-11-03,Likely Voters,500,Live Phone,Pollster,Rep,Johnson,5
Utah,26718,Y2 Analytics (R),2016-11-01,2016-11-03,Likely Voters,500,Live Phone,Pollster,Rep,McMullin,28
Utah,26671,Monmouth University,2016-10-30,2016-11-02,Likely Voters,402,Live Phone,Nonpartisan,NA,Trump,37
Utah,26671,Monmouth University,2016-10-30,2016-11-02,Likely Voters,402,Live Phone,Nonpartisan,NA,Clinton,31
Utah,26671,Monmouth University,2016-10-30,2016-11-02,Likely Voters,402,Live Phone,Nonpartisan,NA,Other,2
Utah,26671,Monmouth University,2016-10-30,2016-11-02,Likely Voters,402,Live Phone,Nonpartisan,NA,Undecided,2
Utah,26671,Monmouth University,2016-10-30,2016-11-02,Likely Voters,402,Live Phone,Nonpartisan,NA,Johnson,4
Utah,26671,Monmouth University,2016-10-30,2016-11-02,Likely Voters,402,Live Phone,Nonpartisan,NA,McMullin,24
Utah,26681,Rasmussen/Heat Street,2016-10-29,2016-10-31,Likely Voters,750,IVR/Online,Nonpartisan,NA,Trump,42
Utah,26681,Rasmussen/Heat Street,2016-10-29,2016-10-31,Likely Voters,750,IVR/Online,Nonpartisan,NA,Clinton,31
Utah,26681,Rasmussen/Heat Street,2016-10-29,2016-10-31,Likely Voters,750,IVR/Online,Nonpartisan,NA,Other,2
Utah,26681,Rasmussen/Heat Street,2016-10-29,2016-10-31,Likely Voters,750,IVR/Online,Nonpartisan,NA,Undecided,2
Utah,26681,Rasmussen/Heat Street,2016-10-29,2016-10-31,Likely Voters,750,IVR/Online,Nonpartisan,NA,Johnson,3
Utah,26681,Rasmussen/Heat Street,2016-10-29,2016-10-31,Likely Voters,750,IVR/Online,Nonpartisan,NA,McMullin,21
Utah,26596,SurveyMonkey,2016-10-25,2016-10-31,Likely Voters,1078,Internet,Nonpartisan,NA,Trump,33
Utah,26596,SurveyMonkey,2016-10-25,2016-10-31,Likely Voters,1078,Internet,Nonpartisan,NA,Clinton,30
Utah,26596,SurveyMonkey,2016-10-25,2016-10-31,Likely Voters,1078,Internet,Nonpartisan,NA,Other,2
Utah,26596,SurveyMonkey,2016-10-25,2016-10-31,Likely Voters,1078,Internet,Nonpartisan,NA,Undecided,2
Utah,26596,SurveyMonkey,2016-10-25,2016-10-31,Likely Voters,1078,Internet,Nonpartisan,NA,Johnson,7
Utah,26596,SurveyMonkey,2016-10-25,2016-10-31,Likely Voters,1078,Internet,Nonpartisan,NA,McMullin,26
Utah,26592,UPI/CVOTER,2016-10-23,2016-10-29,Likely Voters,315,Internet,Nonpartisan,NA,Trump,66
Utah,26592,UPI/CVOTER,2016-10-23,2016-10-29,Likely Voters,315,Internet,Nonpartisan,NA,Clinton,29
Utah,26592,UPI/CVOTER,2016-10-23,2016-10-29,Likely Voters,315,Internet,Nonpartisan,NA,Other,6
Utah,26592,UPI/CVOTER,2016-10-23,2016-10-29,Likely Voters,315,Internet,Nonpartisan,NA,Undecided,NA
Utah,26592,UPI/CVOTER,2016-10-23,2016-10-29,Likely Voters,315,Internet,Nonpartisan,NA,Johnson,NA
Utah,26592,UPI/CVOTER,2016-10-23,2016-10-29,Likely Voters,315,Internet,Nonpartisan,NA,McMullin,NA
Utah,26554,Dan Jones/Salt Lake Tribune/Hinckley Institute,2016-10-20,2016-10-27,Likely Voters,823,Live Phone/Online,Nonpartisan,NA,Trump,32
Utah,26554,Dan Jones/Salt Lake Tribune/Hinckley Institute,2016-10-20,2016-10-27,Likely Voters,823,Live Phone/Online,Nonpartisan,NA,Clinton,24
Utah,26554,Dan Jones/Salt Lake Tribune/Hinckley Institute,2016-10-20,2016-10-27,Likely Voters,823,Live Phone/Online,Nonpartisan,NA,Other,1
Utah,26554,Dan Jones/Salt Lake Tribune/Hinckley Institute,2016-10-20,2016-10-27,Likely Voters,823,Live Phone/Online,Nonpartisan,NA,Undecided,8
Utah,26554,Dan Jones/Salt Lake Tribune/Hinckley Institute,2016-10-20,2016-10-27,Likely Voters,823,Live Phone/Online,Nonpartisan,NA,Johnson,4
Utah,26554,Dan Jones/Salt Lake Tribune/Hinckley Institute,2016-10-20,2016-10-27,Likely Voters,823,Live Phone/Online,Nonpartisan,NA,McMullin,30
Utah,26446,Rasmussen/Heat Street,2016-10-23,2016-10-24,Likely Voters,750,IVR/Online,Nonpartisan,NA,Trump,32
Utah,26446,Rasmussen/Heat Street,2016-10-23,2016-10-24,Likely Voters,750,IVR/Online,Nonpartisan,NA,Clinton,28
Utah,26446,Rasmussen/Heat Street,2016-10-23,2016-10-24,Likely Voters,750,IVR/Online,Nonpartisan,NA,Other,2
Utah,26446,Rasmussen/Heat Street,2016-10-23,2016-10-24,Likely Voters,750,IVR/Online,Nonpartisan,NA,Undecided,4
Utah,26446,Rasmussen/Heat Street,2016-10-23,2016-10-24,Likely Voters,750,IVR/Online,Nonpartisan,NA,Johnson,4
Utah,26446,Rasmussen/Heat Street,2016-10-23,2016-10-24,Likely Voters,750,IVR/Online,Nonpartisan,NA,McMullin,29
Utah,26441,SurveyMonkey,2016-10-18,2016-10-24,Likely Voters,969,Internet,Nonpartisan,NA,Trump,33
Utah,26441,SurveyMonkey,2016-10-18,2016-10-24,Likely Voters,969,Internet,Nonpartisan,NA,Clinton,28
Utah,26441,SurveyMonkey,2016-10-18,2016-10-24,Likely Voters,969,Internet,Nonpartisan,NA,Other,1
Utah,26441,SurveyMonkey,2016-10-18,2016-10-24,Likely Voters,969,Internet,Nonpartisan,NA,Undecided,1
Utah,26441,SurveyMonkey,2016-10-18,2016-10-24,Likely Voters,969,Internet,Nonpartisan,NA,Johnson,7
Utah,26441,SurveyMonkey,2016-10-18,2016-10-24,Likely Voters,969,Internet,Nonpartisan,NA,McMullin,29
Utah,26207,Rasmussen/Heat Street,2016-10-14,2016-10-16,Likely Voters,750,IVR/Online,Nonpartisan,NA,Trump,30
Utah,26207,Rasmussen/Heat Street,2016-10-14,2016-10-16,Likely Voters,750,IVR/Online,Nonpartisan,NA,Clinton,28
Utah,26207,Rasmussen/Heat Street,2016-10-14,2016-10-16,Likely Voters,750,IVR/Online,Nonpartisan,NA,Other,3
Utah,26207,Rasmussen/Heat Street,2016-10-14,2016-10-16,Likely Voters,750,IVR/Online,Nonpartisan,NA,Undecided,4
Utah,26207,Rasmussen/Heat Street,2016-10-14,2016-10-16,Likely Voters,750,IVR/Online,Nonpartisan,NA,Johnson,5
Utah,26207,Rasmussen/Heat Street,2016-10-14,2016-10-16,Likely Voters,750,IVR/Online,Nonpartisan,NA,McMullin,29
Utah,26187,CBS/YouGov,2016-10-12,2016-10-14,Likely Voters,951,Internet,Nonpartisan,NA,Trump,37
Utah,26187,CBS/YouGov,2016-10-12,2016-10-14,Likely Voters,951,Internet,Nonpartisan,NA,Clinton,20
Utah,26187,CBS/YouGov,2016-10-12,2016-10-14,Likely Voters,951,Internet,Nonpartisan,NA,Other,5
Utah,26187,CBS/YouGov,2016-10-12,2016-10-14,Likely Voters,951,Internet,Nonpartisan,NA,Undecided,11
Utah,26187,CBS/YouGov,2016-10-12,2016-10-14,Likely Voters,951,Internet,Nonpartisan,NA,Johnson,7
Utah,26187,CBS/YouGov,2016-10-12,2016-10-14,Likely Voters,951,Internet,Nonpartisan,NA,McMullin,20
Utah,26344,Ipsos/Reuters,2016-09-23,2016-10-13,Likely Voters,543,Internet,Nonpartisan,NA,Trump,41
Utah,26344,Ipsos/Reuters,2016-09-23,2016-10-13,Likely Voters,543,Internet,Nonpartisan,NA,Clinton,35
Utah,26344,Ipsos/Reuters,2016-09-23,2016-10-13,Likely Voters,543,Internet,Nonpartisan,NA,Other,NA
Utah,26344,Ipsos/Reuters,2016-09-23,2016-10-13,Likely Voters,543,Internet,Nonpartisan,NA,Undecided,24
Utah,26344,Ipsos/Reuters,2016-09-23,2016-10-13,Likely Voters,543,Internet,Nonpartisan,NA,Johnson,NA
Utah,26344,Ipsos/Reuters,2016-09-23,2016-10-13,Likely Voters,543,Internet,Nonpartisan,NA,McMullin,NA
Utah,26160,Monmouth University,2016-10-10,2016-10-12,Likely Voters,403,Live Phone,Nonpartisan,NA,Trump,34
Utah,26160,Monmouth University,2016-10-10,2016-10-12,Likely Voters,403,Live Phone,Nonpartisan,NA,Clinton,28
Utah,26160,Monmouth University,2016-10-10,2016-10-12,Likely Voters,403,Live Phone,Nonpartisan,NA,Other,2
Utah,26160,Monmouth University,2016-10-10,2016-10-12,Likely Voters,403,Live Phone,Nonpartisan,NA,Undecided,6
Utah,26160,Monmouth University,2016-10-10,2016-10-12,Likely Voters,403,Live Phone,Nonpartisan,NA,Johnson,9
Utah,26160,Monmouth University,2016-10-10,2016-10-12,Likely Voters,403,Live Phone,Nonpartisan,NA,McMullin,20
Utah,26142,Y2 Analytics (R),2016-10-10,2016-10-11,Likely Voters,500,Live Phone,Pollster,Rep,Trump,26
Utah,26142,Y2 Analytics (R),2016-10-10,2016-10-11,Likely Voters,500,Live Phone,Pollster,Rep,Clinton,26
Utah,26142,Y2 Analytics (R),2016-10-10,2016-10-11,Likely Voters,500,Live Phone,Pollster,Rep,Other,4
Utah,26142,Y2 Analytics (R),2016-10-10,2016-10-11,Likely Voters,500,Live Phone,Pollster,Rep,Undecided,7
Utah,26142,Y2 Analytics (R),2016-10-10,2016-10-11,Likely Voters,500,Live Phone,Pollster,Rep,Johnson,14
Utah,26142,Y2 Analytics (R),2016-10-10,2016-10-11,Likely Voters,500,Live Phone,Pollster,Rep,McMullin,22
Utah,26133,Ipsos/Reuters,2016-09-16,2016-10-06,Likely Voters,515,Internet,Nonpartisan,NA,Trump,48
Utah,26133,Ipsos/Reuters,2016-09-16,2016-10-06,Likely Voters,515,Internet,Nonpartisan,NA,Clinton,33
Utah,26133,Ipsos/Reuters,2016-09-16,2016-10-06,Likely Voters,515,Internet,Nonpartisan,NA,Other,NA
Utah,26133,Ipsos/Reuters,2016-09-16,2016-10-06,Likely Voters,515,Internet,Nonpartisan,NA,Undecided,19
Utah,26133,Ipsos/Reuters,2016-09-16,2016-10-06,Likely Voters,515,Internet,Nonpartisan,NA,Johnson,NA
Utah,26133,Ipsos/Reuters,2016-09-16,2016-10-06,Likely Voters,515,Internet,Nonpartisan,NA,McMullin,NA
Utah,25572,Ipsos/Reuters,2016-08-26,2016-09-15,Likely Voters,408,Internet,Nonpartisan,NA,Trump,48
Utah,25572,Ipsos/Reuters,2016-08-26,2016-09-15,Likely Voters,408,Internet,Nonpartisan,NA,Clinton,29
Utah,25572,Ipsos/Reuters,2016-08-26,2016-09-15,Likely Voters,408,Internet,Nonpartisan,NA,Other,NA
Utah,25572,Ipsos/Reuters,2016-08-26,2016-09-15,Likely Voters,408,Internet,Nonpartisan,NA,Undecided,23
Utah,25572,Ipsos/Reuters,2016-08-26,2016-09-15,Likely Voters,408,Internet,Nonpartisan,NA,Johnson,NA
Utah,25572,Ipsos/Reuters,2016-08-26,2016-09-15,Likely Voters,408,Internet,Nonpartisan,NA,McMullin,NA
Utah,25392,WashPost/SurveyMonkey,2016-08-09,2016-09-01,Registered Voters,722,Internet,Nonpartisan,NA,Trump,46
Utah,25392,WashPost/SurveyMonkey,2016-08-09,2016-09-01,Registered Voters,722,Internet,Nonpartisan,NA,Clinton,35
Utah,25392,WashPost/SurveyMonkey,2016-08-09,2016-09-01,Registered Voters,722,Internet,Nonpartisan,NA,Other,NA
Utah,25392,WashPost/SurveyMonkey,2016-08-09,2016-09-01,Registered Voters,722,Internet,Nonpartisan,NA,Undecided,19
Utah,25392,WashPost/SurveyMonkey,2016-08-09,2016-09-01,Registered Voters,722,Internet,Nonpartisan,NA,Johnson,NA
Utah,25392,WashPost/SurveyMonkey,2016-08-09,2016-09-01,Registered Voters,722,Internet,Nonpartisan,NA,McMullin,NA
Utah,25239,PPP (D),2016-08-19,2016-08-21,Likely Voters,1018,IVR/Online,Pollster,Dem,Trump,39
Utah,25239,PPP (D),2016-08-19,2016-08-21,Likely Voters,1018,IVR/Online,Pollster,Dem,Clinton,24
Utah,25239,PPP (D),2016-08-19,2016-08-21,Likely Voters,1018,IVR/Online,Pollster,Dem,Other,3
Utah,25239,PPP (D),2016-08-19,2016-08-21,Likely Voters,1018,IVR/Online,Pollster,Dem,Undecided,14
Utah,25239,PPP (D),2016-08-19,2016-08-21,Likely Voters,1018,IVR/Online,Pollster,Dem,Johnson,12
Utah,25239,PPP (D),2016-08-19,2016-08-21,Likely Voters,1018,IVR/Online,Pollster,Dem,McMullin,9
Utah,25086,Dan Jones & Associates/UtahPolicy.com,2016-07-18,2016-08-04,Likely Voters,858,Live Phone/Online,Nonpartisan,NA,Trump,37
Utah,25086,Dan Jones & Associates/UtahPolicy.com,2016-07-18,2016-08-04,Likely Voters,858,Live Phone/Online,Nonpartisan,NA,Clinton,25
Utah,25086,Dan Jones & Associates/UtahPolicy.com,2016-07-18,2016-08-04,Likely Voters,858,Live Phone/Online,Nonpartisan,NA,Other,15
Utah,25086,Dan Jones & Associates/UtahPolicy.com,2016-07-18,2016-08-04,Likely Voters,858,Live Phone/Online,Nonpartisan,NA,Undecided,7
Utah,25086,Dan Jones & Associates/UtahPolicy.com,2016-07-18,2016-08-04,Likely Voters,858,Live Phone/Online,Nonpartisan,NA,Johnson,16
Utah,25086,Dan Jones & Associates/UtahPolicy.com,2016-07-18,2016-08-04,Likely Voters,858,Live Phone/Online,Nonpartisan,NA,McMullin,NA
Utah,24725,Dan Jones & Associates/UtahPolicy.com,2016-06-08,2016-06-17,Registered Voters,614,Live Phone/Online,Nonpartisan,NA,Trump,36
Utah,24725,Dan Jones & Associates/UtahPolicy.com,2016-06-08,2016-06-17,Registered Voters,614,Live Phone/Online,Nonpartisan,NA,Clinton,27
Utah,24725,Dan Jones & Associates/UtahPolicy.com,2016-06-08,2016-06-17,Registered Voters,614,Live Phone/Online,Nonpartisan,NA,Other,20
Utah,24725,Dan Jones & Associates/UtahPolicy.com,2016-06-08,2016-06-17,Registered Voters,614,Live Phone/Online,Nonpartisan,NA,Undecided,8
Utah,24725,Dan Jones & Associates/UtahPolicy.com,2016-06-08,2016-06-17,Registered Voters,614,Live Phone/Online,Nonpartisan,NA,Johnson,10
Utah,24725,Dan Jones & Associates/UtahPolicy.com,2016-06-08,2016-06-17,Registered Voters,614,Live Phone/Online,Nonpartisan,NA,McMullin,NA
Utah,24658,SurveyUSA/Salt Lake Tribune/Hinckley Institute,2016-06-02,2016-06-08,Likely Voters,1238,IVR/Online,Nonpartisan,NA,Trump,35
Utah,24658,SurveyUSA/Salt Lake Tribune/Hinckley Institute,2016-06-02,2016-06-08,Likely Voters,1238,IVR/Online,Nonpartisan,NA,Clinton,35
Utah,24658,SurveyUSA/Salt Lake Tribune/Hinckley Institute,2016-06-02,2016-06-08,Likely Voters,1238,IVR/Online,Nonpartisan,NA,Other,NA
Utah,24658,SurveyUSA/Salt Lake Tribune/Hinckley Institute,2016-06-02,2016-06-08,Likely Voters,1238,IVR/Online,Nonpartisan,NA,Undecided,17
Utah,24658,SurveyUSA/Salt Lake Tribune/Hinckley Institute,2016-06-02,2016-06-08,Likely Voters,1238,IVR/Online,Nonpartisan,NA,Johnson,13
Utah,24658,SurveyUSA/Salt Lake Tribune/Hinckley Institute,2016-06-02,2016-06-08,Likely Voters,1238,IVR/Online,Nonpartisan,NA,McMullin,NA
Utah,24624,Gravis Marketing,2016-05-31,2016-06-01,Registered Voters,1519,Automated Phone,Nonpartisan,NA,Trump,36
Utah,24624,Gravis Marketing,2016-05-31,2016-06-01,Registered Voters,1519,Automated Phone,Nonpartisan,NA,Clinton,29
Utah,24624,Gravis Marketing,2016-05-31,2016-06-01,Registered Voters,1519,Automated Phone,Nonpartisan,NA,Other,35
Utah,24624,Gravis Marketing,2016-05-31,2016-06-01,Registered Voters,1519,Automated Phone,Nonpartisan,NA,Undecided,NA
Utah,24624,Gravis Marketing,2016-05-31,2016-06-01,Registered Voters,1519,Automated Phone,Nonpartisan,NA,Johnson,NA
Utah,24624,Gravis Marketing,2016-05-31,2016-06-01,Registered Voters,1519,Automated Phone,Nonpartisan,NA,McMullin,NA
Utah,24491,Dan Jones & Associates/UtahPolicy.com,2016-05-02,2016-05-10,Registered Voters,588,Live Phone/Online,Nonpartisan,NA,Trump,43
Utah,24491,Dan Jones & Associates/UtahPolicy.com,2016-05-02,2016-05-10,Registered Voters,588,Live Phone/Online,Nonpartisan,NA,Clinton,30
Utah,24491,Dan Jones & Associates/UtahPolicy.com,2016-05-02,2016-05-10,Registered Voters,588,Live Phone/Online,Nonpartisan,NA,Other,NA
Utah,24491,Dan Jones & Associates/UtahPolicy.com,2016-05-02,2016-05-10,Registered Voters,588,Live Phone/Online,Nonpartisan,NA,Undecided,26
Utah,24491,Dan Jones & Associates/UtahPolicy.com,2016-05-02,2016-05-10,Registered Voters,588,Live Phone/Online,Nonpartisan,NA,Johnson,NA
Utah,24491,Dan Jones & Associates/UtahPolicy.com,2016-05-02,2016-05-10,Registered Voters,588,Live Phone/Online,Nonpartisan,NA,McMullin,NA
Utah,24297,Dan Jones & Associates/UtahPolicy.com,2016-03-23,2016-04-05,Registered Voters,600,Live Phone/Online,Nonpartisan,NA,Trump,38
Utah,24297,Dan Jones & Associates/UtahPolicy.com,2016-03-23,2016-04-05,Registered Voters,600,Live Phone/Online,Nonpartisan,NA,Clinton,38
Utah,24297,Dan Jones & Associates/UtahPolicy.com,2016-03-23,2016-04-05,Registered Voters,600,Live Phone/Online,Nonpartisan,NA,Other,NA
Utah,24297,Dan Jones & Associates/UtahPolicy.com,2016-03-23,2016-04-05,Registered Voters,600,Live Phone/Online,Nonpartisan,NA,Undecided,25
Utah,24297,Dan Jones & Associates/UtahPolicy.com,2016-03-23,2016-04-05,Registered Voters,600,Live Phone/Online,Nonpartisan,NA,Johnson,NA
Utah,24297,Dan Jones & Associates/UtahPolicy.com,2016-03-23,2016-04-05,Registered Voters,600,Live Phone/Online,Nonpartisan,NA,McMullin,NA
Utah,24602,Dan Jones & Associates/Deseret News/KSL,2016-03-08,2016-03-15,Likely Voters,500,Live Phone/Online,Nonpartisan,NA,Trump,36
Utah,24602,Dan Jones & Associates/Deseret News/KSL,2016-03-08,2016-03-15,Likely Voters,500,Live Phone/Online,Nonpartisan,NA,Clinton,38
Utah,24602,Dan Jones & Associates/Deseret News/KSL,2016-03-08,2016-03-15,Likely Voters,500,Live Phone/Online,Nonpartisan,NA,Other,NA
Utah,24602,Dan Jones & Associates/Deseret News/KSL,2016-03-08,2016-03-15,Likely Voters,500,Live Phone/Online,Nonpartisan,NA,Undecided,24
Utah,24602,Dan Jones & Associates/Deseret News/KSL,2016-03-08,2016-03-15,Likely Voters,500,Live Phone/Online,Nonpartisan,NA,Johnson,NA
Utah,24602,Dan Jones & Associates/Deseret News/KSL,2016-03-08,2016-03-15,Likely Voters,500,Live Phone/Online,Nonpartisan,NA,McMullin,NA
Utah,23503,Dan Jones & Associates/UtahPolicy.com,2015-12-08,2015-12-14,Adults,622,Live Phone/Online,Nonpartisan,NA,Trump,33
Utah,23503,Dan Jones & Associates/UtahPolicy.com,2015-12-08,2015-12-14,Adults,622,Live Phone/Online,Nonpartisan,NA,Clinton,28
Utah,23503,Dan Jones & Associates/UtahPolicy.com,2015-12-08,2015-12-14,Adults,622,Live Phone/Online,Nonpartisan,NA,Other,33
Utah,23503,Dan Jones & Associates/UtahPolicy.com,2015-12-08,2015-12-14,Adults,622,Live Phone/Online,Nonpartisan,NA,Undecided,6
Utah,23503,Dan Jones & Associates/UtahPolicy.com,2015-12-08,2015-12-14,Adults,622,Live Phone/Online,Nonpartisan,NA,Johnson,NA
Utah,23503,Dan Jones & Associates/UtahPolicy.com,2015-12-08,2015-12-14,Adults,622,Live Phone/Online,Nonpartisan,NA,McMullin,NA
Utah,22646,Dan Jones & Associates/UtahPolicy.com,2015-08-07,2015-08-14,Adults,500,Live Phone/Online,Nonpartisan,NA,Trump,38
Utah,22646,Dan Jones & Associates/UtahPolicy.com,2015-08-07,2015-08-14,Adults,500,Live Phone/Online,Nonpartisan,NA,Clinton,29
Utah,22646,Dan Jones & Associates/UtahPolicy.com,2015-08-07,2015-08-14,Adults,500,Live Phone/Online,Nonpartisan,NA,Other,29
Utah,22646,Dan Jones & Associates/UtahPolicy.com,2015-08-07,2015-08-14,Adults,500,Live Phone/Online,Nonpartisan,NA,Undecided,3
Utah,22646,Dan Jones & Associates/UtahPolicy.com,2015-08-07,2015-08-14,Adults,500,Live Phone/Online,Nonpartisan,NA,Johnson,NA
Utah,22646,Dan Jones & Associates/UtahPolicy.com,2015-08-07,2015-08-14,Adults,500,Live Phone/Online,Nonpartisan,NA,McMullin,NA
Georgia,26807,SurveyMonkey,2016-11-01,2016-11-07,Likely Voters,2419,Internet,Nonpartisan,NA,Trump,45
Georgia,26807,SurveyMonkey,2016-11-01,2016-11-07,Likely Voters,2419,Internet,Nonpartisan,NA,Clinton,45
Georgia,26807,SurveyMonkey,2016-11-01,2016-11-07,Likely Voters,2419,Internet,Nonpartisan,NA,Other,NA
Georgia,26807,SurveyMonkey,2016-11-01,2016-11-07,Likely Voters,2419,Internet,Nonpartisan,NA,Undecided,3
Georgia,26807,SurveyMonkey,2016-11-01,2016-11-07,Likely Voters,2419,Internet,Nonpartisan,NA,Johnson,NA
Georgia,26807,SurveyMonkey,2016-11-01,2016-11-07,Likely Voters,2419,Internet,Nonpartisan,NA,McMullin,NA
Georgia,26789,Landmark (R)/Rosetta Stone,2016-11-06,2016-11-06,Likely Voters,1200,IVR/Online,Pollster,Rep,Trump,49
Georgia,26789,Landmark (R)/Rosetta Stone,2016-11-06,2016-11-06,Likely Voters,1200,IVR/Online,Pollster,Rep,Clinton,46
Georgia,26789,Landmark (R)/Rosetta Stone,2016-11-06,2016-11-06,Likely Voters,1200,IVR/Online,Pollster,Rep,Other,NA
Georgia,26789,Landmark (R)/Rosetta Stone,2016-11-06,2016-11-06,Likely Voters,1200,IVR/Online,Pollster,Rep,Undecided,2
Georgia,26789,Landmark (R)/Rosetta Stone,2016-11-06,2016-11-06,Likely Voters,1200,IVR/Online,Pollster,Rep,Johnson,NA
Georgia,26789,Landmark (R)/Rosetta Stone,2016-11-06,2016-11-06,Likely Voters,1200,IVR/Online,Pollster,Rep,McMullin,NA
Georgia,26793,UPI/CVOTER,2016-10-30,2016-11-06,Likely Voters,366,Internet,Nonpartisan,NA,Trump,50
Georgia,26793,UPI/CVOTER,2016-10-30,2016-11-06,Likely Voters,366,Internet,Nonpartisan,NA,Clinton,44
Georgia,26793,UPI/CVOTER,2016-10-30,2016-11-06,Likely Voters,366,Internet,Nonpartisan,NA,Other,6
Georgia,26793,UPI/CVOTER,2016-10-30,2016-11-06,Likely Voters,366,Internet,Nonpartisan,NA,Undecided,NA
Georgia,26793,UPI/CVOTER,2016-10-30,2016-11-06,Likely Voters,366,Internet,Nonpartisan,NA,Johnson,NA
Georgia,26793,UPI/CVOTER,2016-10-30,2016-11-06,Likely Voters,366,Internet,Nonpartisan,NA,McMullin,NA
Georgia,26806,Ipsos/Reuters,2016-10-17,2016-11-06,Likely Voters,691,Internet,Nonpartisan,NA,Trump,48
Georgia,26806,Ipsos/Reuters,2016-10-17,2016-11-06,Likely Voters,691,Internet,Nonpartisan,NA,Clinton,42
Georgia,26806,Ipsos/Reuters,2016-10-17,2016-11-06,Likely Voters,691,Internet,Nonpartisan,NA,Other,NA
Georgia,26806,Ipsos/Reuters,2016-10-17,2016-11-06,Likely Voters,691,Internet,Nonpartisan,NA,Undecided,10
Georgia,26806,Ipsos/Reuters,2016-10-17,2016-11-06,Likely Voters,691,Internet,Nonpartisan,NA,Johnson,NA
Georgia,26806,Ipsos/Reuters,2016-10-17,2016-11-06,Likely Voters,691,Internet,Nonpartisan,NA,McMullin,NA
Georgia,26801,CBS/YouGov,2016-11-03,2016-11-05,Likely Voters,995,Internet,Nonpartisan,NA,Trump,49
Georgia,26801,CBS/YouGov,2016-11-03,2016-11-05,Likely Voters,995,Internet,Nonpartisan,NA,Clinton,43
Georgia,26801,CBS/YouGov,2016-11-03,2016-11-05,Likely Voters,995,Internet,Nonpartisan,NA,Other,1
Georgia,26801,CBS/YouGov,2016-11-03,2016-11-05,Likely Voters,995,Internet,Nonpartisan,NA,Undecided,3
Georgia,26801,CBS/YouGov,2016-11-03,2016-11-05,Likely Voters,995,Internet,Nonpartisan,NA,Johnson,NA
Georgia,26801,CBS/YouGov,2016-11-03,2016-11-05,Likely Voters,995,Internet,Nonpartisan,NA,McMullin,NA
Georgia,26739,Landmark (R)/Rosetta Stone/WSB-TV,2016-11-02,2016-11-03,Likely Voters,1000,IVR/Online,Pollster,Rep,Trump,48
Georgia,26739,Landmark (R)/Rosetta Stone/WSB-TV,2016-11-02,2016-11-03,Likely Voters,1000,IVR/Online,Pollster,Rep,Clinton,46
Georgia,26739,Landmark (R)/Rosetta Stone/WSB-TV,2016-11-02,2016-11-03,Likely Voters,1000,IVR/Online,Pollster,Rep,Other,NA
Georgia,26739,Landmark (R)/Rosetta Stone/WSB-TV,2016-11-02,2016-11-03,Likely Voters,1000,IVR/Online,Pollster,Rep,Undecided,2
Georgia,26739,Landmark (R)/Rosetta Stone/WSB-TV,2016-11-02,2016-11-03,Likely Voters,1000,IVR/Online,Pollster,Rep,Johnson,NA
Georgia,26739,Landmark (R)/Rosetta Stone/WSB-TV,2016-11-02,2016-11-03,Likely Voters,1000,IVR/Online,Pollster,Rep,McMullin,NA
Georgia,26710,Opinion Savvy/Fox 5 Atlanta,2016-11-02,2016-11-03,Likely Voters,538,IVR/Online,Nonpartisan,NA,Trump,49
Georgia,26710,Opinion Savvy/Fox 5 Atlanta,2016-11-02,2016-11-03,Likely Voters,538,IVR/Online,Nonpartisan,NA,Clinton,45
Georgia,26710,Opinion Savvy/Fox 5 Atlanta,2016-11-02,2016-11-03,Likely Voters,538,IVR/Online,Nonpartisan,NA,Other,NA
Georgia,26710,Opinion Savvy/Fox 5 Atlanta,2016-11-02,2016-11-03,Likely Voters,538,IVR/Online,Nonpartisan,NA,Undecided,1
Georgia,26710,Opinion Savvy/Fox 5 Atlanta,2016-11-02,2016-11-03,Likely Voters,538,IVR/Online,Nonpartisan,NA,Johnson,NA
Georgia,26710,Opinion Savvy/Fox 5 Atlanta,2016-11-02,2016-11-03,Likely Voters,538,IVR/Online,Nonpartisan,NA,McMullin,NA
Georgia,26683,NBC/WSJ/Marist,2016-10-30,2016-11-01,Likely Voters,707,Live Phone,Nonpartisan,NA,Trump,47
Georgia,26683,NBC/WSJ/Marist,2016-10-30,2016-11-01,Likely Voters,707,Live Phone,Nonpartisan,NA,Clinton,46
Georgia,26683,NBC/WSJ/Marist,2016-10-30,2016-11-01,Likely Voters,707,Live Phone,Nonpartisan,NA,Other,6
Georgia,26683,NBC/WSJ/Marist,2016-10-30,2016-11-01,Likely Voters,707,Live Phone,Nonpartisan,NA,Undecided,1
Georgia,26683,NBC/WSJ/Marist,2016-10-30,2016-11-01,Likely Voters,707,Live Phone,Nonpartisan,NA,Johnson,NA
Georgia,26683,NBC/WSJ/Marist,2016-10-30,2016-11-01,Likely Voters,707,Live Phone,Nonpartisan,NA,McMullin,NA
Georgia,26596,SurveyMonkey,2016-10-25,2016-10-31,Likely Voters,2665,Internet,Nonpartisan,NA,Trump,46
Georgia,26596,SurveyMonkey,2016-10-25,2016-10-31,Likely Voters,2665,Internet,Nonpartisan,NA,Clinton,44
Georgia,26596,SurveyMonkey,2016-10-25,2016-10-31,Likely Voters,2665,Internet,Nonpartisan,NA,Other,NA
Georgia,26596,SurveyMonkey,2016-10-25,2016-10-31,Likely Voters,2665,Internet,Nonpartisan,NA,Undecided,3
Georgia,26596,SurveyMonkey,2016-10-25,2016-10-31,Likely Voters,2665,Internet,Nonpartisan,NA,Johnson,NA
Georgia,26596,SurveyMonkey,2016-10-25,2016-10-31,Likely Voters,2665,Internet,Nonpartisan,NA,McMullin,NA
Georgia,26592,UPI/CVOTER,2016-10-23,2016-10-29,Likely Voters,365,Internet,Nonpartisan,NA,Trump,50
Georgia,26592,UPI/CVOTER,2016-10-23,2016-10-29,Likely Voters,365,Internet,Nonpartisan,NA,Clinton,45
Georgia,26592,UPI/CVOTER,2016-10-23,2016-10-29,Likely Voters,365,Internet,Nonpartisan,NA,Other,6
Georgia,26592,UPI/CVOTER,2016-10-23,2016-10-29,Likely Voters,365,Internet,Nonpartisan,NA,Undecided,NA
Georgia,26592,UPI/CVOTER,2016-10-23,2016-10-29,Likely Voters,365,Internet,Nonpartisan,NA,Johnson,NA
Georgia,26592,UPI/CVOTER,2016-10-23,2016-10-29,Likely Voters,365,Internet,Nonpartisan,NA,McMullin,NA
Georgia,26573,SurveyUSA/11Alive,2016-10-25,2016-10-27,Likely Voters,594,IVR/Online,Nonpartisan,NA,Trump,49
Georgia,26573,SurveyUSA/11Alive,2016-10-25,2016-10-27,Likely Voters,594,IVR/Online,Nonpartisan,NA,Clinton,42
Georgia,26573,SurveyUSA/11Alive,2016-10-25,2016-10-27,Likely Voters,594,IVR/Online,Nonpartisan,NA,Other,NA
Georgia,26573,SurveyUSA/11Alive,2016-10-25,2016-10-27,Likely Voters,594,IVR/Online,Nonpartisan,NA,Undecided,6
Georgia,26573,SurveyUSA/11Alive,2016-10-25,2016-10-27,Likely Voters,594,IVR/Online,Nonpartisan,NA,Johnson,NA
Georgia,26573,SurveyUSA/11Alive,2016-10-25,2016-10-27,Likely Voters,594,IVR/Online,Nonpartisan,NA,McMullin,NA
Georgia,26509,Quinnipiac,2016-10-20,2016-10-26,Likely Voters,707,Live Phone,Nonpartisan,NA,Trump,44
Georgia,26509,Quinnipiac,2016-10-20,2016-10-26,Likely Voters,707,Live Phone,Nonpartisan,NA,Clinton,43
Georgia,26509,Quinnipiac,2016-10-20,2016-10-26,Likely Voters,707,Live Phone,Nonpartisan,NA,Other,0
Georgia,26509,Quinnipiac,2016-10-20,2016-10-26,Likely Voters,707,Live Phone,Nonpartisan,NA,Undecided,5
Georgia,26509,Quinnipiac,2016-10-20,2016-10-26,Likely Voters,707,Live Phone,Nonpartisan,NA,Johnson,NA
Georgia,26509,Quinnipiac,2016-10-20,2016-10-26,Likely Voters,707,Live Phone,Nonpartisan,NA,McMullin,NA
Georgia,26441,SurveyMonkey,2016-10-18,2016-10-24,Likely Voters,2235,Internet,Nonpartisan,NA,Trump,47
Georgia,26441,SurveyMonkey,2016-10-18,2016-10-24,Likely Voters,2235,Internet,Nonpartisan,NA,Clinton,44
Georgia,26441,SurveyMonkey,2016-10-18,2016-10-24,Likely Voters,2235,Internet,Nonpartisan,NA,Other,NA
Georgia,26441,SurveyMonkey,2016-10-18,2016-10-24,Likely Voters,2235,Internet,Nonpartisan,NA,Undecided,2
Georgia,26441,SurveyMonkey,2016-10-18,2016-10-24,Likely Voters,2235,Internet,Nonpartisan,NA,Johnson,NA
Georgia,26441,SurveyMonkey,2016-10-18,2016-10-24,Likely Voters,2235,Internet,Nonpartisan,NA,McMullin,NA
Georgia,26362,Opinion Savvy/Fox 5 Atlanta,2016-10-20,2016-10-20,Likely Voters,570,IVR/Online,Nonpartisan,NA,Trump,50
Georgia,26362,Opinion Savvy/Fox 5 Atlanta,2016-10-20,2016-10-20,Likely Voters,570,IVR/Online,Nonpartisan,NA,Clinton,46
Georgia,26362,Opinion Savvy/Fox 5 Atlanta,2016-10-20,2016-10-20,Likely Voters,570,IVR/Online,Nonpartisan,NA,Other,NA
Georgia,26362,Opinion Savvy/Fox 5 Atlanta,2016-10-20,2016-10-20,Likely Voters,570,IVR/Online,Nonpartisan,NA,Undecided,1
Georgia,26362,Opinion Savvy/Fox 5 Atlanta,2016-10-20,2016-10-20,Likely Voters,570,IVR/Online,Nonpartisan,NA,Johnson,NA
Georgia,26362,Opinion Savvy/Fox 5 Atlanta,2016-10-20,2016-10-20,Likely Voters,570,IVR/Online,Nonpartisan,NA,McMullin,NA
Georgia,26356,Landmark (R),2016-10-20,2016-10-20,Likely Voters,600,IVR/Live Phone,Pollster,Rep,Trump,47
Georgia,26356,Landmark (R),2016-10-20,2016-10-20,Likely Voters,600,IVR/Live Phone,Pollster,Rep,Clinton,43
Georgia,26356,Landmark (R),2016-10-20,2016-10-20,Likely Voters,600,IVR/Live Phone,Pollster,Rep,Other,NA
Georgia,26356,Landmark (R),2016-10-20,2016-10-20,Likely Voters,600,IVR/Live Phone,Pollster,Rep,Undecided,5
Georgia,26356,Landmark (R),2016-10-20,2016-10-20,Likely Voters,600,IVR/Live Phone,Pollster,Rep,Johnson,NA
Georgia,26356,Landmark (R),2016-10-20,2016-10-20,Likely Voters,600,IVR/Live Phone,Pollster,Rep,McMullin,NA
Georgia,26347,Abt SRBI Inc/Atlanta Journal-Constitution,2016-10-17,2016-10-20,Likely Voters,839,Live Phone,Nonpartisan,NA,Trump,44
Georgia,26347,Abt SRBI Inc/Atlanta Journal-Constitution,2016-10-17,2016-10-20,Likely Voters,839,Live Phone,Nonpartisan,NA,Clinton,42
Georgia,26347,Abt SRBI Inc/Atlanta Journal-Constitution,2016-10-17,2016-10-20,Likely Voters,839,Live Phone,Nonpartisan,NA,Other,2
Georgia,26347,Abt SRBI Inc/Atlanta Journal-Constitution,2016-10-17,2016-10-20,Likely Voters,839,Live Phone,Nonpartisan,NA,Undecided,4
Georgia,26347,Abt SRBI Inc/Atlanta Journal-Constitution,2016-10-17,2016-10-20,Likely Voters,839,Live Phone,Nonpartisan,NA,Johnson,NA
Georgia,26347,Abt SRBI Inc/Atlanta Journal-Constitution,2016-10-17,2016-10-20,Likely Voters,839,Live Phone,Nonpartisan,NA,McMullin,NA
Georgia,26404,Lucid/The Times-Picayune,2016-10-17,2016-10-18,Likely Voters,807,Internet,Nonpartisan,NA,Trump,40
Georgia,26404,Lucid/The Times-Picayune,2016-10-17,2016-10-18,Likely Voters,807,Internet,Nonpartisan,NA,Clinton,44
Georgia,26404,Lucid/The Times-Picayune,2016-10-17,2016-10-18,Likely Voters,807,Internet,Nonpartisan,NA,Other,1
Georgia,26404,Lucid/The Times-Picayune,2016-10-17,2016-10-18,Likely Voters,807,Internet,Nonpartisan,NA,Undecided,8
Georgia,26404,Lucid/The Times-Picayune,2016-10-17,2016-10-18,Likely Voters,807,Internet,Nonpartisan,NA,Johnson,NA
Georgia,26404,Lucid/The Times-Picayune,2016-10-17,2016-10-18,Likely Voters,807,Internet,Nonpartisan,NA,McMullin,NA
Georgia,26242,WashPost/SurveyMonkey,2016-10-08,2016-10-16,Likely Voters,886,Internet,Nonpartisan,NA,Trump,45
Georgia,26242,WashPost/SurveyMonkey,2016-10-08,2016-10-16,Likely Voters,886,Internet,Nonpartisan,NA,Clinton,48
Georgia,26242,WashPost/SurveyMonkey,2016-10-08,2016-10-16,Likely Voters,886,Internet,Nonpartisan,NA,Other,NA
Georgia,26242,WashPost/SurveyMonkey,2016-10-08,2016-10-16,Likely Voters,886,Internet,Nonpartisan,NA,Undecided,7
Georgia,26242,WashPost/SurveyMonkey,2016-10-08,2016-10-16,Likely Voters,886,Internet,Nonpartisan,NA,Johnson,NA
Georgia,26242,WashPost/SurveyMonkey,2016-10-08,2016-10-16,Likely Voters,886,Internet,Nonpartisan,NA,McMullin,NA
Georgia,26344,Ipsos/Reuters,2016-09-23,2016-10-13,Likely Voters,1020,Internet,Nonpartisan,NA,Trump,50
Georgia,26344,Ipsos/Reuters,2016-09-23,2016-10-13,Likely Voters,1020,Internet,Nonpartisan,NA,Clinton,42
Georgia,26344,Ipsos/Reuters,2016-09-23,2016-10-13,Likely Voters,1020,Internet,Nonpartisan,NA,Other,NA
Georgia,26344,Ipsos/Reuters,2016-09-23,2016-10-13,Likely Voters,1020,Internet,Nonpartisan,NA,Undecided,8
Georgia,26344,Ipsos/Reuters,2016-09-23,2016-10-13,Likely Voters,1020,Internet,Nonpartisan,NA,Johnson,NA
Georgia,26344,Ipsos/Reuters,2016-09-23,2016-10-13,Likely Voters,1020,Internet,Nonpartisan,NA,McMullin,NA
Georgia,26355,Landmark (R),2016-10-11,2016-10-12,Likely Voters,1400,IVR/Live Phone,Pollster,Rep,Trump,48
Georgia,26355,Landmark (R),2016-10-11,2016-10-12,Likely Voters,1400,IVR/Live Phone,Pollster,Rep,Clinton,42
Georgia,26355,Landmark (R),2016-10-11,2016-10-12,Likely Voters,1400,IVR/Live Phone,Pollster,Rep,Other,NA
Georgia,26355,Landmark (R),2016-10-11,2016-10-12,Likely Voters,1400,IVR/Live Phone,Pollster,Rep,Undecided,6
Georgia,26355,Landmark (R),2016-10-11,2016-10-12,Likely Voters,1400,IVR/Live Phone,Pollster,Rep,Johnson,NA
Georgia,26355,Landmark (R),2016-10-11,2016-10-12,Likely Voters,1400,IVR/Live Phone,Pollster,Rep,McMullin,NA
Georgia,26104,Ipsos/Reuters,2016-09-16,2016-10-06,Likely Voters,583,Internet,Nonpartisan,NA,Trump,48
Georgia,26104,Ipsos/Reuters,2016-09-16,2016-10-06,Likely Voters,583,Internet,Nonpartisan,NA,Clinton,43
Georgia,26104,Ipsos/Reuters,2016-09-16,2016-10-06,Likely Voters,583,Internet,Nonpartisan,NA,Other,NA
Georgia,26104,Ipsos/Reuters,2016-09-16,2016-10-06,Likely Voters,583,Internet,Nonpartisan,NA,Undecided,9
Georgia,26104,Ipsos/Reuters,2016-09-16,2016-10-06,Likely Voters,583,Internet,Nonpartisan,NA,Johnson,NA
Georgia,26104,Ipsos/Reuters,2016-09-16,2016-10-06,Likely Voters,583,Internet,Nonpartisan,NA,McMullin,NA
Georgia,25657,Landmark (R)/Rosetta Stone/WSB-TV,2016-09-21,2016-09-22,Likely Voters,600,IVR/Live Phone,Pollster,Rep,Trump,47
Georgia,25657,Landmark (R)/Rosetta Stone/WSB-TV,2016-09-21,2016-09-22,Likely Voters,600,IVR/Live Phone,Pollster,Rep,Clinton,43
Georgia,25657,Landmark (R)/Rosetta Stone/WSB-TV,2016-09-21,2016-09-22,Likely Voters,600,IVR/Live Phone,Pollster,Rep,Other,NA
Georgia,25657,Landmark (R)/Rosetta Stone/WSB-TV,2016-09-21,2016-09-22,Likely Voters,600,IVR/Live Phone,Pollster,Rep,Undecided,5
Georgia,25657,Landmark (R)/Rosetta Stone/WSB-TV,2016-09-21,2016-09-22,Likely Voters,600,IVR/Live Phone,Pollster,Rep,Johnson,NA
Georgia,25657,Landmark (R)/Rosetta Stone/WSB-TV,2016-09-21,2016-09-22,Likely Voters,600,IVR/Live Phone,Pollster,Rep,McMullin,NA
Georgia,25621,Quinnipiac,2016-09-13,2016-09-21,Likely Voters,638,Live Phone,Nonpartisan,NA,Trump,47
Georgia,25621,Quinnipiac,2016-09-13,2016-09-21,Likely Voters,638,Live Phone,Nonpartisan,NA,Clinton,40
Georgia,25621,Quinnipiac,2016-09-13,2016-09-21,Likely Voters,638,Live Phone,Nonpartisan,NA,Other,0
Georgia,25621,Quinnipiac,2016-09-13,2016-09-21,Likely Voters,638,Live Phone,Nonpartisan,NA,Undecided,4
Georgia,25621,Quinnipiac,2016-09-13,2016-09-21,Likely Voters,638,Live Phone,Nonpartisan,NA,Johnson,NA
Georgia,25621,Quinnipiac,2016-09-13,2016-09-21,Likely Voters,638,Live Phone,Nonpartisan,NA,McMullin,NA
Georgia,25528,Monmouth University,2016-09-15,2016-09-18,Likely Voters,401,Live Phone,Nonpartisan,NA,Trump,45
Georgia,25528,Monmouth University,2016-09-15,2016-09-18,Likely Voters,401,Live Phone,Nonpartisan,NA,Clinton,42
Georgia,25528,Monmouth University,2016-09-15,2016-09-18,Likely Voters,401,Live Phone,Nonpartisan,NA,Other,1
Georgia,25528,Monmouth University,2016-09-15,2016-09-18,Likely Voters,401,Live Phone,Nonpartisan,NA,Undecided,5
Georgia,25528,Monmouth University,2016-09-15,2016-09-18,Likely Voters,401,Live Phone,Nonpartisan,NA,Johnson,NA
Georgia,25528,Monmouth University,2016-09-15,2016-09-18,Likely Voters,401,Live Phone,Nonpartisan,NA,McMullin,NA
Georgia,25544,Ipsos/Reuters,2016-08-26,2016-09-15,Likely Voters,890,Internet,Nonpartisan,NA,Trump,48
Georgia,25544,Ipsos/Reuters,2016-08-26,2016-09-15,Likely Voters,890,Internet,Nonpartisan,NA,Clinton,40
Georgia,25544,Ipsos/Reuters,2016-08-26,2016-09-15,Likely Voters,890,Internet,Nonpartisan,NA,Other,NA
Georgia,25544,Ipsos/Reuters,2016-08-26,2016-09-15,Likely Voters,890,Internet,Nonpartisan,NA,Undecided,12
Georgia,25544,Ipsos/Reuters,2016-08-26,2016-09-15,Likely Voters,890,Internet,Nonpartisan,NA,Johnson,NA
Georgia,25544,Ipsos/Reuters,2016-08-26,2016-09-15,Likely Voters,890,Internet,Nonpartisan,NA,McMullin,NA
Georgia,25507,Opinion Savvy/Fox 5 Atlanta,2016-09-14,2016-09-14,Likely Voters,568,IVR/Online,Nonpartisan,NA,Trump,46
Georgia,25507,Opinion Savvy/Fox 5 Atlanta,2016-09-14,2016-09-14,Likely Voters,568,IVR/Online,Nonpartisan,NA,Clinton,42
Georgia,25507,Opinion Savvy/Fox 5 Atlanta,2016-09-14,2016-09-14,Likely Voters,568,IVR/Online,Nonpartisan,NA,Other,NA
Georgia,25507,Opinion Savvy/Fox 5 Atlanta,2016-09-14,2016-09-14,Likely Voters,568,IVR/Online,Nonpartisan,NA,Undecided,2
Georgia,25507,Opinion Savvy/Fox 5 Atlanta,2016-09-14,2016-09-14,Likely Voters,568,IVR/Online,Nonpartisan,NA,Johnson,NA
Georgia,25507,Opinion Savvy/Fox 5 Atlanta,2016-09-14,2016-09-14,Likely Voters,568,IVR/Online,Nonpartisan,NA,McMullin,NA
Georgia,25444,NBC/WSJ/Marist,2016-09-06,2016-09-08,Likely Voters,625,Live Phone,Nonpartisan,NA,Trump,46
Georgia,25444,NBC/WSJ/Marist,2016-09-06,2016-09-08,Likely Voters,625,Live Phone,Nonpartisan,NA,Clinton,43
Georgia,25444,NBC/WSJ/Marist,2016-09-06,2016-09-08,Likely Voters,625,Live Phone,Nonpartisan,NA,Other,8
Georgia,25444,NBC/WSJ/Marist,2016-09-06,2016-09-08,Likely Voters,625,Live Phone,Nonpartisan,NA,Undecided,2
Georgia,25444,NBC/WSJ/Marist,2016-09-06,2016-09-08,Likely Voters,625,Live Phone,Nonpartisan,NA,Johnson,NA
Georgia,25444,NBC/WSJ/Marist,2016-09-06,2016-09-08,Likely Voters,625,Live Phone,Nonpartisan,NA,McMullin,NA
Georgia,25355,WashPost/SurveyMonkey,2016-08-09,2016-09-01,Registered Voters,2034,Internet,Nonpartisan,NA,Trump,46
Georgia,25355,WashPost/SurveyMonkey,2016-08-09,2016-09-01,Registered Voters,2034,Internet,Nonpartisan,NA,Clinton,46
Georgia,25355,WashPost/SurveyMonkey,2016-08-09,2016-09-01,Registered Voters,2034,Internet,Nonpartisan,NA,Other,NA
Georgia,25355,WashPost/SurveyMonkey,2016-08-09,2016-09-01,Registered Voters,2034,Internet,Nonpartisan,NA,Undecided,8
Georgia,25355,WashPost/SurveyMonkey,2016-08-09,2016-09-01,Registered Voters,2034,Internet,Nonpartisan,NA,Johnson,NA
Georgia,25355,WashPost/SurveyMonkey,2016-08-09,2016-09-01,Registered Voters,2034,Internet,Nonpartisan,NA,McMullin,NA
Georgia,25210,Opinion Savvy/Fox 5 Atlanta,2016-08-17,2016-08-17,Likely Voters,730,IVR/Online,Nonpartisan,NA,Trump,43
Georgia,25210,Opinion Savvy/Fox 5 Atlanta,2016-08-17,2016-08-17,Likely Voters,730,IVR/Online,Nonpartisan,NA,Clinton,43
Georgia,25210,Opinion Savvy/Fox 5 Atlanta,2016-08-17,2016-08-17,Likely Voters,730,IVR/Online,Nonpartisan,NA,Other,NA
Georgia,25210,Opinion Savvy/Fox 5 Atlanta,2016-08-17,2016-08-17,Likely Voters,730,IVR/Online,Nonpartisan,NA,Undecided,3
Georgia,25210,Opinion Savvy/Fox 5 Atlanta,2016-08-17,2016-08-17,Likely Voters,730,IVR/Online,Nonpartisan,NA,Johnson,NA
Georgia,25210,Opinion Savvy/Fox 5 Atlanta,2016-08-17,2016-08-17,Likely Voters,730,IVR/Online,Nonpartisan,NA,McMullin,NA
Georgia,25157,CBS/YouGov,2016-08-10,2016-08-12,Likely Voters,988,Internet,Nonpartisan,NA,Trump,45
Georgia,25157,CBS/YouGov,2016-08-10,2016-08-12,Likely Voters,988,Internet,Nonpartisan,NA,Clinton,41
Georgia,25157,CBS/YouGov,2016-08-10,2016-08-12,Likely Voters,988,Internet,Nonpartisan,NA,Other,4
Georgia,25157,CBS/YouGov,2016-08-10,2016-08-12,Likely Voters,988,Internet,Nonpartisan,NA,Undecided,5
Georgia,25157,CBS/YouGov,2016-08-10,2016-08-12,Likely Voters,988,Internet,Nonpartisan,NA,Johnson,NA
Georgia,25157,CBS/YouGov,2016-08-10,2016-08-12,Likely Voters,988,Internet,Nonpartisan,NA,McMullin,NA
Georgia,25134,Gravis Marketing,2016-08-04,2016-08-08,Registered Voters,1604,IVR/Online,Nonpartisan,NA,Trump,45
Georgia,25134,Gravis Marketing,2016-08-04,2016-08-08,Registered Voters,1604,IVR/Online,Nonpartisan,NA,Clinton,44
Georgia,25134,Gravis Marketing,2016-08-04,2016-08-08,Registered Voters,1604,IVR/Online,Nonpartisan,NA,Other,11
Georgia,25134,Gravis Marketing,2016-08-04,2016-08-08,Registered Voters,1604,IVR/Online,Nonpartisan,NA,Undecided,NA
Georgia,25134,Gravis Marketing,2016-08-04,2016-08-08,Registered Voters,1604,IVR/Online,Nonpartisan,NA,Johnson,NA
Georgia,25134,Gravis Marketing,2016-08-04,2016-08-08,Registered Voters,1604,IVR/Online,Nonpartisan,NA,McMullin,NA
Georgia,25070,Abt SRBI Inc/Atlanta Journal-Constitution,2016-08-01,2016-08-04,Registered Voters,847,Live Phone,Nonpartisan,NA,Trump,40
Georgia,25070,Abt SRBI Inc/Atlanta Journal-Constitution,2016-08-01,2016-08-04,Registered Voters,847,Live Phone,Nonpartisan,NA,Clinton,44
Georgia,25070,Abt SRBI Inc/Atlanta Journal-Constitution,2016-08-01,2016-08-04,Registered Voters,847,Live Phone,Nonpartisan,NA,Other,10
Georgia,25070,Abt SRBI Inc/Atlanta Journal-Constitution,2016-08-01,2016-08-04,Registered Voters,847,Live Phone,Nonpartisan,NA,Undecided,5
Georgia,25070,Abt SRBI Inc/Atlanta Journal-Constitution,2016-08-01,2016-08-04,Registered Voters,847,Live Phone,Nonpartisan,NA,Johnson,NA
Georgia,25070,Abt SRBI Inc/Atlanta Journal-Constitution,2016-08-01,2016-08-04,Registered Voters,847,Live Phone,Nonpartisan,NA,McMullin,NA
Georgia,25041,Landmark (R)/Rosetta Stone/WSB-TV,2016-08-01,2016-08-01,Likely Voters,787,IVR/Online,Pollster,Rep,Trump,46
Georgia,25041,Landmark (R)/Rosetta Stone/WSB-TV,2016-08-01,2016-08-01,Likely Voters,787,IVR/Online,Pollster,Rep,Clinton,46
Georgia,25041,Landmark (R)/Rosetta Stone/WSB-TV,2016-08-01,2016-08-01,Likely Voters,787,IVR/Online,Pollster,Rep,Other,1
Georgia,25041,Landmark (R)/Rosetta Stone/WSB-TV,2016-08-01,2016-08-01,Likely Voters,787,IVR/Online,Pollster,Rep,Undecided,3
Georgia,25041,Landmark (R)/Rosetta Stone/WSB-TV,2016-08-01,2016-08-01,Likely Voters,787,IVR/Online,Pollster,Rep,Johnson,NA
Georgia,25041,Landmark (R)/Rosetta Stone/WSB-TV,2016-08-01,2016-08-01,Likely Voters,787,IVR/Online,Pollster,Rep,McMullin,NA
Georgia,25036,SurveyUSA/TEGNA,2016-07-29,2016-07-31,Likely Voters,628,IVR/Online,Nonpartisan,NA,Trump,46
Georgia,25036,SurveyUSA/TEGNA,2016-07-29,2016-07-31,Likely Voters,628,IVR/Online,Nonpartisan,NA,Clinton,42
Georgia,25036,SurveyUSA/TEGNA,2016-07-29,2016-07-31,Likely Voters,628,IVR/Online,Nonpartisan,NA,Other,2
Georgia,25036,SurveyUSA/TEGNA,2016-07-29,2016-07-31,Likely Voters,628,IVR/Online,Nonpartisan,NA,Undecided,5
Georgia,25036,SurveyUSA/TEGNA,2016-07-29,2016-07-31,Likely Voters,628,IVR/Online,Nonpartisan,NA,Johnson,NA
Georgia,25036,SurveyUSA/TEGNA,2016-07-29,2016-07-31,Likely Voters,628,IVR/Online,Nonpartisan,NA,McMullin,NA
Georgia,24966,Landmark (R)/Rosetta Stone/WSB-TV,2016-07-24,2016-07-24,Likely Voters,500,IVR/Online,Pollster,Rep,Trump,45
Georgia,24966,Landmark (R)/Rosetta Stone/WSB-TV,2016-07-24,2016-07-24,Likely Voters,500,IVR/Online,Pollster,Rep,Clinton,44
Georgia,24966,Landmark (R)/Rosetta Stone/WSB-TV,2016-07-24,2016-07-24,Likely Voters,500,IVR/Online,Pollster,Rep,Other,2
Georgia,24966,Landmark (R)/Rosetta Stone/WSB-TV,2016-07-24,2016-07-24,Likely Voters,500,IVR/Online,Pollster,Rep,Undecided,2
Georgia,24966,Landmark (R)/Rosetta Stone/WSB-TV,2016-07-24,2016-07-24,Likely Voters,500,IVR/Online,Pollster,Rep,Johnson,NA
Georgia,24966,Landmark (R)/Rosetta Stone/WSB-TV,2016-07-24,2016-07-24,Likely Voters,500,IVR/Online,Pollster,Rep,McMullin,NA
Georgia,24590,PPP (D),2016-05-27,2016-05-30,Likely Voters,724,IVR/Online,Pollster,Dem,Trump,45
Georgia,24590,PPP (D),2016-05-27,2016-05-30,Likely Voters,724,IVR/Online,Pollster,Dem,Clinton,38
Georgia,24590,PPP (D),2016-05-27,2016-05-30,Likely Voters,724,IVR/Online,Pollster,Dem,Other,2
Georgia,24590,PPP (D),2016-05-27,2016-05-30,Likely Voters,724,IVR/Online,Pollster,Dem,Undecided,9
Georgia,24590,PPP (D),2016-05-27,2016-05-30,Likely Voters,724,IVR/Online,Pollster,Dem,Johnson,NA
Georgia,24590,PPP (D),2016-05-27,2016-05-30,Likely Voters,724,IVR/Online,Pollster,Dem,McMullin,NA
Georgia,24503,Opinion Savvy/Fox 5 Atlanta,2016-05-15,2016-05-15,Likely Voters,587,IVR/Online,Nonpartisan,NA,Trump,44
Georgia,24503,Opinion Savvy/Fox 5 Atlanta,2016-05-15,2016-05-15,Likely Voters,587,IVR/Online,Nonpartisan,NA,Clinton,41
Georgia,24503,Opinion Savvy/Fox 5 Atlanta,2016-05-15,2016-05-15,Likely Voters,587,IVR/Online,Nonpartisan,NA,Other,10
Georgia,24503,Opinion Savvy/Fox 5 Atlanta,2016-05-15,2016-05-15,Likely Voters,587,IVR/Online,Nonpartisan,NA,Undecided,5
Georgia,24503,Opinion Savvy/Fox 5 Atlanta,2016-05-15,2016-05-15,Likely Voters,587,IVR/Online,Nonpartisan,NA,Johnson,NA
Georgia,24503,Opinion Savvy/Fox 5 Atlanta,2016-05-15,2016-05-15,Likely Voters,587,IVR/Online,Nonpartisan,NA,McMullin,NA
Georgia,24490,Abt SRBI Inc/Atlanta Journal-Constitution,2016-05-09,2016-05-12,Registered Voters,822,Live Phone,Nonpartisan,NA,Trump,45
Georgia,24490,Abt SRBI Inc/Atlanta Journal-Constitution,2016-05-09,2016-05-12,Registered Voters,822,Live Phone,Nonpartisan,NA,Clinton,41
Georgia,24490,Abt SRBI Inc/Atlanta Journal-Constitution,2016-05-09,2016-05-12,Registered Voters,822,Live Phone,Nonpartisan,NA,Other,8
Georgia,24490,Abt SRBI Inc/Atlanta Journal-Constitution,2016-05-09,2016-05-12,Registered Voters,822,Live Phone,Nonpartisan,NA,Undecided,6
Georgia,24490,Abt SRBI Inc/Atlanta Journal-Constitution,2016-05-09,2016-05-12,Registered Voters,822,Live Phone,Nonpartisan,NA,Johnson,NA
Georgia,24490,Abt SRBI Inc/Atlanta Journal-Constitution,2016-05-09,2016-05-12,Registered Voters,822,Live Phone,Nonpartisan,NA,McMullin,NA
Georgia,24452,Landmark (R)/Rosetta Stone/WSB-TV,2016-05-05,2016-05-05,Likely Voters,570,IVR/Online,Pollster,Rep,Trump,42
Georgia,24452,Landmark (R)/Rosetta Stone/WSB-TV,2016-05-05,2016-05-05,Likely Voters,570,IVR/Online,Pollster,Rep,Clinton,41
Georgia,24452,Landmark (R)/Rosetta Stone/WSB-TV,2016-05-05,2016-05-05,Likely Voters,570,IVR/Online,Pollster,Rep,Other,NA
Georgia,24452,Landmark (R)/Rosetta Stone/WSB-TV,2016-05-05,2016-05-05,Likely Voters,570,IVR/Online,Pollster,Rep,Undecided,16
Georgia,24452,Landmark (R)/Rosetta Stone/WSB-TV,2016-05-05,2016-05-05,Likely Voters,570,IVR/Online,Pollster,Rep,Johnson,NA
Georgia,24452,Landmark (R)/Rosetta Stone/WSB-TV,2016-05-05,2016-05-05,Likely Voters,570,IVR/Online,Pollster,Rep,McMullin,NA
Georgia,24267,Lake Research (D),2016-03-31,2016-04-03,Likely Voters,400,Live Phone,Pollster,Dem,Trump,37
Georgia,24267,Lake Research (D),2016-03-31,2016-04-03,Likely Voters,400,Live Phone,Pollster,Dem,Clinton,50
Georgia,24267,Lake Research (D),2016-03-31,2016-04-03,Likely Voters,400,Live Phone,Pollster,Dem,Other,NA
Georgia,24267,Lake Research (D),2016-03-31,2016-04-03,Likely Voters,400,Live Phone,Pollster,Dem,Undecided,10
Georgia,24267,Lake Research (D),2016-03-31,2016-04-03,Likely Voters,400,Live Phone,Pollster,Dem,Johnson,NA
Georgia,24267,Lake Research (D),2016-03-31,2016-04-03,Likely Voters,400,Live Phone,Pollster,Dem,McMullin,NA
Georgia,23896,SurveyUSA/TEGNA/11Alive,2016-02-22,2016-02-23,Likely Voters,1261,IVR/Online,Sponsor,Other,Trump,50
Georgia,23896,SurveyUSA/TEGNA/11Alive,2016-02-22,2016-02-23,Likely Voters,1261,IVR/Online,Sponsor,Other,Clinton,41
Georgia,23896,SurveyUSA/TEGNA/11Alive,2016-02-22,2016-02-23,Likely Voters,1261,IVR/Online,Sponsor,Other,Other,NA
Georgia,23896,SurveyUSA/TEGNA/11Alive,2016-02-22,2016-02-23,Likely Voters,1261,IVR/Online,Sponsor,Other,Undecided,9
Georgia,23896,SurveyUSA/TEGNA/11Alive,2016-02-22,2016-02-23,Likely Voters,1261,IVR/Online,Sponsor,Other,Johnson,NA
Georgia,23896,SurveyUSA/TEGNA/11Alive,2016-02-22,2016-02-23,Likely Voters,1261,IVR/Online,Sponsor,Other,McMullin,NA
Georgia,23042,SurveyUSA/11Alive,2015-10-15,2015-10-26,Likely Voters,1554,IVR/Online,Nonpartisan,NA,Trump,46
Georgia,23042,SurveyUSA/11Alive,2015-10-15,2015-10-26,Likely Voters,1554,IVR/Online,Nonpartisan,NA,Clinton,37
Georgia,23042,SurveyUSA/11Alive,2015-10-15,2015-10-26,Likely Voters,1554,IVR/Online,Nonpartisan,NA,Other,12
Georgia,23042,SurveyUSA/11Alive,2015-10-15,2015-10-26,Likely Voters,1554,IVR/Online,Nonpartisan,NA,Undecided,5
Georgia,23042,SurveyUSA/11Alive,2015-10-15,2015-10-26,Likely Voters,1554,IVR/Online,Nonpartisan,NA,Johnson,NA
Georgia,23042,SurveyUSA/11Alive,2015-10-15,2015-10-26,Likely Voters,1554,IVR/Online,Nonpartisan,NA,McMullin,NA
Missouri,26807,SurveyMonkey,2016-11-01,2016-11-07,Likely Voters,1368,Internet,Nonpartisan,NA,Trump,48
Missouri,26807,SurveyMonkey,2016-11-01,2016-11-07,Likely Voters,1368,Internet,Nonpartisan,NA,Clinton,40
Missouri,26807,SurveyMonkey,2016-11-01,2016-11-07,Likely Voters,1368,Internet,Nonpartisan,NA,Other,11
Missouri,26807,SurveyMonkey,2016-11-01,2016-11-07,Likely Voters,1368,Internet,Nonpartisan,NA,Undecided,2
Missouri,26807,SurveyMonkey,2016-11-01,2016-11-07,Likely Voters,1368,Internet,Nonpartisan,NA,Johnson,NA
Missouri,26807,SurveyMonkey,2016-11-01,2016-11-07,Likely Voters,1368,Internet,Nonpartisan,NA,McMullin,NA
Missouri,26793,UPI/CVOTER,2016-10-30,2016-11-06,Likely Voters,380,Internet,Nonpartisan,NA,Trump,49
Missouri,26793,UPI/CVOTER,2016-10-30,2016-11-06,Likely Voters,380,Internet,Nonpartisan,NA,Clinton,44
Missouri,26793,UPI/CVOTER,2016-10-30,2016-11-06,Likely Voters,380,Internet,Nonpartisan,NA,Other,7
Missouri,26793,UPI/CVOTER,2016-10-30,2016-11-06,Likely Voters,380,Internet,Nonpartisan,NA,Undecided,NA
Missouri,26793,UPI/CVOTER,2016-10-30,2016-11-06,Likely Voters,380,Internet,Nonpartisan,NA,Johnson,NA
Missouri,26793,UPI/CVOTER,2016-10-30,2016-11-06,Likely Voters,380,Internet,Nonpartisan,NA,McMullin,NA
Missouri,26806,Ipsos/Reuters,2016-10-17,2016-11-06,Likely Voters,836,Internet,Nonpartisan,NA,Trump,48
Missouri,26806,Ipsos/Reuters,2016-10-17,2016-11-06,Likely Voters,836,Internet,Nonpartisan,NA,Clinton,40
Missouri,26806,Ipsos/Reuters,2016-10-17,2016-11-06,Likely Voters,836,Internet,Nonpartisan,NA,Other,NA
Missouri,26806,Ipsos/Reuters,2016-10-17,2016-11-06,Likely Voters,836,Internet,Nonpartisan,NA,Undecided,12
Missouri,26806,Ipsos/Reuters,2016-10-17,2016-11-06,Likely Voters,836,Internet,Nonpartisan,NA,Johnson,NA
Missouri,26806,Ipsos/Reuters,2016-10-17,2016-11-06,Likely Voters,836,Internet,Nonpartisan,NA,McMullin,NA
Missouri,26724,PPP (D-Center for American Progress Action Fund),2016-10-31,2016-11-01,Likely Voters,1083,IVR/Online,Sponsor,Dem,Trump,52
Missouri,26724,PPP (D-Center for American Progress Action Fund),2016-10-31,2016-11-01,Likely Voters,1083,IVR/Online,Sponsor,Dem,Clinton,41
Missouri,26724,PPP (D-Center for American Progress Action Fund),2016-10-31,2016-11-01,Likely Voters,1083,IVR/Online,Sponsor,Dem,Other,NA
Missouri,26724,PPP (D-Center for American Progress Action Fund),2016-10-31,2016-11-01,Likely Voters,1083,IVR/Online,Sponsor,Dem,Undecided,7
Missouri,26724,PPP (D-Center for American Progress Action Fund),2016-10-31,2016-11-01,Likely Voters,1083,IVR/Online,Sponsor,Dem,Johnson,NA
Missouri,26724,PPP (D-Center for American Progress Action Fund),2016-10-31,2016-11-01,Likely Voters,1083,IVR/Online,Sponsor,Dem,McMullin,NA
Missouri,26637,DFM Research (D-SMART),2016-10-27,2016-11-01,Likely Voters,508,Live Phone,Sponsor,Dem,Trump,47
Missouri,26637,DFM Research (D-SMART),2016-10-27,2016-11-01,Likely Voters,508,Live Phone,Sponsor,Dem,Clinton,38
Missouri,26637,DFM Research (D-SMART),2016-10-27,2016-11-01,Likely Voters,508,Live Phone,Sponsor,Dem,Other,4
Missouri,26637,DFM Research (D-SMART),2016-10-27,2016-11-01,Likely Voters,508,Live Phone,Sponsor,Dem,Undecided,11
Missouri,26637,DFM Research (D-SMART),2016-10-27,2016-11-01,Likely Voters,508,Live Phone,Sponsor,Dem,Johnson,NA
Missouri,26637,DFM Research (D-SMART),2016-10-27,2016-11-01,Likely Voters,508,Live Phone,Sponsor,Dem,McMullin,NA
Missouri,26600,Monmouth University,2016-10-28,2016-10-31,Likely Voters,405,Live Phone,Nonpartisan,NA,Trump,52
Missouri,26600,Monmouth University,2016-10-28,2016-10-31,Likely Voters,405,Live Phone,Nonpartisan,NA,Clinton,38
Missouri,26600,Monmouth University,2016-10-28,2016-10-31,Likely Voters,405,Live Phone,Nonpartisan,NA,Other,7
Missouri,26600,Monmouth University,2016-10-28,2016-10-31,Likely Voters,405,Live Phone,Nonpartisan,NA,Undecided,4
Missouri,26600,Monmouth University,2016-10-28,2016-10-31,Likely Voters,405,Live Phone,Nonpartisan,NA,Johnson,NA
Missouri,26600,Monmouth University,2016-10-28,2016-10-31,Likely Voters,405,Live Phone,Nonpartisan,NA,McMullin,NA
Missouri,26596,SurveyMonkey,2016-10-25,2016-10-31,Likely Voters,671,Internet,Nonpartisan,NA,Trump,46
Missouri,26596,SurveyMonkey,2016-10-25,2016-10-31,Likely Voters,671,Internet,Nonpartisan,NA,Clinton,39
Missouri,26596,SurveyMonkey,2016-10-25,2016-10-31,Likely Voters,671,Internet,Nonpartisan,NA,Other,13
Missouri,26596,SurveyMonkey,2016-10-25,2016-10-31,Likely Voters,671,Internet,Nonpartisan,NA,Undecided,2
Missouri,26596,SurveyMonkey,2016-10-25,2016-10-31,Likely Voters,671,Internet,Nonpartisan,NA,Johnson,NA
Missouri,26596,SurveyMonkey,2016-10-25,2016-10-31,Likely Voters,671,Internet,Nonpartisan,NA,McMullin,NA
Missouri,26592,UPI/CVOTER,2016-10-23,2016-10-29,Likely Voters,374,Internet,Nonpartisan,NA,Trump,53
Missouri,26592,UPI/CVOTER,2016-10-23,2016-10-29,Likely Voters,374,Internet,Nonpartisan,NA,Clinton,44
Missouri,26592,UPI/CVOTER,2016-10-23,2016-10-29,Likely Voters,374,Internet,Nonpartisan,NA,Other,4
Missouri,26592,UPI/CVOTER,2016-10-23,2016-10-29,Likely Voters,374,Internet,Nonpartisan,NA,Undecided,NA
Missouri,26592,UPI/CVOTER,2016-10-23,2016-10-29,Likely Voters,374,Internet,Nonpartisan,NA,Johnson,NA
Missouri,26592,UPI/CVOTER,2016-10-23,2016-10-29,Likely Voters,374,Internet,Nonpartisan,NA,McMullin,NA
Missouri,26518,Mason-Dixon/Post-Dispatch,2016-10-24,2016-10-26,Likely Voters,625,Live Phone,Nonpartisan,NA,Trump,47
Missouri,26518,Mason-Dixon/Post-Dispatch,2016-10-24,2016-10-26,Likely Voters,625,Live Phone,Nonpartisan,NA,Clinton,42
Missouri,26518,Mason-Dixon/Post-Dispatch,2016-10-24,2016-10-26,Likely Voters,625,Live Phone,Nonpartisan,NA,Other,4
Missouri,26518,Mason-Dixon/Post-Dispatch,2016-10-24,2016-10-26,Likely Voters,625,Live Phone,Nonpartisan,NA,Undecided,7
Missouri,26518,Mason-Dixon/Post-Dispatch,2016-10-24,2016-10-26,Likely Voters,625,Live Phone,Nonpartisan,NA,Johnson,NA
Missouri,26518,Mason-Dixon/Post-Dispatch,2016-10-24,2016-10-26,Likely Voters,625,Live Phone,Nonpartisan,NA,McMullin,NA
Missouri,26441,SurveyMonkey,2016-10-18,2016-10-24,Likely Voters,716,Internet,Nonpartisan,NA,Trump,50
Missouri,26441,SurveyMonkey,2016-10-18,2016-10-24,Likely Voters,716,Internet,Nonpartisan,NA,Clinton,36
Missouri,26441,SurveyMonkey,2016-10-18,2016-10-24,Likely Voters,716,Internet,Nonpartisan,NA,Other,12
Missouri,26441,SurveyMonkey,2016-10-18,2016-10-24,Likely Voters,716,Internet,Nonpartisan,NA,Undecided,2
Missouri,26441,SurveyMonkey,2016-10-18,2016-10-24,Likely Voters,716,Internet,Nonpartisan,NA,Johnson,NA
Missouri,26441,SurveyMonkey,2016-10-18,2016-10-24,Likely Voters,716,Internet,Nonpartisan,NA,McMullin,NA
Missouri,26344,Ipsos/Reuters,2016-09-23,2016-10-13,Likely Voters,812,Internet,Nonpartisan,NA,Trump,48
Missouri,26344,Ipsos/Reuters,2016-09-23,2016-10-13,Likely Voters,812,Internet,Nonpartisan,NA,Clinton,36
Missouri,26344,Ipsos/Reuters,2016-09-23,2016-10-13,Likely Voters,812,Internet,Nonpartisan,NA,Other,NA
Missouri,26344,Ipsos/Reuters,2016-09-23,2016-10-13,Likely Voters,812,Internet,Nonpartisan,NA,Undecided,16
Missouri,26344,Ipsos/Reuters,2016-09-23,2016-10-13,Likely Voters,812,Internet,Nonpartisan,NA,Johnson,NA
Missouri,26344,Ipsos/Reuters,2016-09-23,2016-10-13,Likely Voters,812,Internet,Nonpartisan,NA,McMullin,NA
Missouri,26146,Monmouth University,2016-10-09,2016-10-11,Likely Voters,406,Live Phone,Nonpartisan,NA,Trump,46
Missouri,26146,Monmouth University,2016-10-09,2016-10-11,Likely Voters,406,Live Phone,Nonpartisan,NA,Clinton,41
Missouri,26146,Monmouth University,2016-10-09,2016-10-11,Likely Voters,406,Live Phone,Nonpartisan,NA,Other,8
Missouri,26146,Monmouth University,2016-10-09,2016-10-11,Likely Voters,406,Live Phone,Nonpartisan,NA,Undecided,5
Missouri,26146,Monmouth University,2016-10-09,2016-10-11,Likely Voters,406,Live Phone,Nonpartisan,NA,Johnson,NA
Missouri,26146,Monmouth University,2016-10-09,2016-10-11,Likely Voters,406,Live Phone,Nonpartisan,NA,McMullin,NA
Missouri,26118,Ipsos/Reuters,2016-09-16,2016-10-06,Likely Voters,871,Internet,Nonpartisan,NA,Trump,49
Missouri,26118,Ipsos/Reuters,2016-09-16,2016-10-06,Likely Voters,871,Internet,Nonpartisan,NA,Clinton,37
Missouri,26118,Ipsos/Reuters,2016-09-16,2016-10-06,Likely Voters,871,Internet,Nonpartisan,NA,Other,NA
Missouri,26118,Ipsos/Reuters,2016-09-16,2016-10-06,Likely Voters,871,Internet,Nonpartisan,NA,Undecided,14
Missouri,26118,Ipsos/Reuters,2016-09-16,2016-10-06,Likely Voters,871,Internet,Nonpartisan,NA,Johnson,NA
Missouri,26118,Ipsos/Reuters,2016-09-16,2016-10-06,Likely Voters,871,Internet,Nonpartisan,NA,McMullin,NA
Missouri,25646,CBS/YouGov,2016-09-21,2016-09-23,Likely Voters,1087,Internet,Nonpartisan,NA,Trump,46
Missouri,25646,CBS/YouGov,2016-09-21,2016-09-23,Likely Voters,1087,Internet,Nonpartisan,NA,Clinton,37
Missouri,25646,CBS/YouGov,2016-09-21,2016-09-23,Likely Voters,1087,Internet,Nonpartisan,NA,Other,9
Missouri,25646,CBS/YouGov,2016-09-21,2016-09-23,Likely Voters,1087,Internet,Nonpartisan,NA,Undecided,7
Missouri,25646,CBS/YouGov,2016-09-21,2016-09-23,Likely Voters,1087,Internet,Nonpartisan,NA,Johnson,NA
Missouri,25646,CBS/YouGov,2016-09-21,2016-09-23,Likely Voters,1087,Internet,Nonpartisan,NA,McMullin,NA
Missouri,25558,Ipsos/Reuters,2016-08-26,2016-09-15,Likely Voters,693,Internet,Nonpartisan,NA,Trump,53
Missouri,25558,Ipsos/Reuters,2016-08-26,2016-09-15,Likely Voters,693,Internet,Nonpartisan,NA,Clinton,36
Missouri,25558,Ipsos/Reuters,2016-08-26,2016-09-15,Likely Voters,693,Internet,Nonpartisan,NA,Other,NA
Missouri,25558,Ipsos/Reuters,2016-08-26,2016-09-15,Likely Voters,693,Internet,Nonpartisan,NA,Undecided,11
Missouri,25558,Ipsos/Reuters,2016-08-26,2016-09-15,Likely Voters,693,Internet,Nonpartisan,NA,Johnson,NA
Missouri,25558,Ipsos/Reuters,2016-08-26,2016-09-15,Likely Voters,693,Internet,Nonpartisan,NA,McMullin,NA
Missouri,25375,WashPost/SurveyMonkey,2016-08-09,2016-09-01,Registered Voters,1801,Internet,Nonpartisan,NA,Trump,51
Missouri,25375,WashPost/SurveyMonkey,2016-08-09,2016-09-01,Registered Voters,1801,Internet,Nonpartisan,NA,Clinton,41
Missouri,25375,WashPost/SurveyMonkey,2016-08-09,2016-09-01,Registered Voters,1801,Internet,Nonpartisan,NA,Other,NA
Missouri,25375,WashPost/SurveyMonkey,2016-08-09,2016-09-01,Registered Voters,1801,Internet,Nonpartisan,NA,Undecided,9
Missouri,25375,WashPost/SurveyMonkey,2016-08-09,2016-09-01,Registered Voters,1801,Internet,Nonpartisan,NA,Johnson,NA
Missouri,25375,WashPost/SurveyMonkey,2016-08-09,2016-09-01,Registered Voters,1801,Internet,Nonpartisan,NA,McMullin,NA
Missouri,25316,PPP (D-NELP),2016-08-26,2016-08-27,Likely Voters,1055,IVR/Online,Sponsor,Dem,Trump,47
Missouri,25316,PPP (D-NELP),2016-08-26,2016-08-27,Likely Voters,1055,IVR/Online,Sponsor,Dem,Clinton,41
Missouri,25316,PPP (D-NELP),2016-08-26,2016-08-27,Likely Voters,1055,IVR/Online,Sponsor,Dem,Other,NA
Missouri,25316,PPP (D-NELP),2016-08-26,2016-08-27,Likely Voters,1055,IVR/Online,Sponsor,Dem,Undecided,11
Missouri,25316,PPP (D-NELP),2016-08-26,2016-08-27,Likely Voters,1055,IVR/Online,Sponsor,Dem,Johnson,NA
Missouri,25316,PPP (D-NELP),2016-08-26,2016-08-27,Likely Voters,1055,IVR/Online,Sponsor,Dem,McMullin,NA
Missouri,25240,Monmouth University,2016-08-19,2016-08-22,Likely Voters,401,Live Phone,Nonpartisan,NA,Trump,44
Missouri,25240,Monmouth University,2016-08-19,2016-08-22,Likely Voters,401,Live Phone,Nonpartisan,NA,Clinton,43
Missouri,25240,Monmouth University,2016-08-19,2016-08-22,Likely Voters,401,Live Phone,Nonpartisan,NA,Other,9
Missouri,25240,Monmouth University,2016-08-19,2016-08-22,Likely Voters,401,Live Phone,Nonpartisan,NA,Undecided,5
Missouri,25240,Monmouth University,2016-08-19,2016-08-22,Likely Voters,401,Live Phone,Nonpartisan,NA,Johnson,NA
Missouri,25240,Monmouth University,2016-08-19,2016-08-22,Likely Voters,401,Live Phone,Nonpartisan,NA,McMullin,NA
Missouri,25196,PPP (D-Protect Missouri Families),2016-08-08,2016-08-09,Likely Voters,947,IVR/Online,Sponsor,Dem,Trump,45
Missouri,25196,PPP (D-Protect Missouri Families),2016-08-08,2016-08-09,Likely Voters,947,IVR/Online,Sponsor,Dem,Clinton,42
Missouri,25196,PPP (D-Protect Missouri Families),2016-08-08,2016-08-09,Likely Voters,947,IVR/Online,Sponsor,Dem,Other,NA
Missouri,25196,PPP (D-Protect Missouri Families),2016-08-08,2016-08-09,Likely Voters,947,IVR/Online,Sponsor,Dem,Undecided,13
Missouri,25196,PPP (D-Protect Missouri Families),2016-08-08,2016-08-09,Likely Voters,947,IVR/Online,Sponsor,Dem,Johnson,NA
Missouri,25196,PPP (D-Protect Missouri Families),2016-08-08,2016-08-09,Likely Voters,947,IVR/Online,Sponsor,Dem,McMullin,NA
Missouri,24994,Mason-Dixon,2016-07-23,2016-07-24,Likely Voters,625,Live Phone,Nonpartisan,NA,Trump,40
Missouri,24994,Mason-Dixon,2016-07-23,2016-07-24,Likely Voters,625,Live Phone,Nonpartisan,NA,Clinton,41
Missouri,24994,Mason-Dixon,2016-07-23,2016-07-24,Likely Voters,625,Live Phone,Nonpartisan,NA,Other,10
Missouri,24994,Mason-Dixon,2016-07-23,2016-07-24,Likely Voters,625,Live Phone,Nonpartisan,NA,Undecided,9
Missouri,24994,Mason-Dixon,2016-07-23,2016-07-24,Likely Voters,625,Live Phone,Nonpartisan,NA,Johnson,NA
Missouri,24994,Mason-Dixon,2016-07-23,2016-07-24,Likely Voters,625,Live Phone,Nonpartisan,NA,McMullin,NA
Missouri,24977,SurveyUSA/KSDK,2016-07-20,2016-07-24,Likely Voters,1943,Mixed,Nonpartisan,NA,Trump,47
Missouri,24977,SurveyUSA/KSDK,2016-07-20,2016-07-24,Likely Voters,1943,Mixed,Nonpartisan,NA,Clinton,37
Missouri,24977,SurveyUSA/KSDK,2016-07-20,2016-07-24,Likely Voters,1943,Mixed,Nonpartisan,NA,Other,8
Missouri,24977,SurveyUSA/KSDK,2016-07-20,2016-07-24,Likely Voters,1943,Mixed,Nonpartisan,NA,Undecided,7
Missouri,24977,SurveyUSA/KSDK,2016-07-20,2016-07-24,Likely Voters,1943,Mixed,Nonpartisan,NA,Johnson,NA
Missouri,24977,SurveyUSA/KSDK,2016-07-20,2016-07-24,Likely Voters,1943,Mixed,Nonpartisan,NA,McMullin,NA
Missouri,24901,PPP (D),2016-07-11,2016-07-12,Likely Voters,959,IVR/Online,Pollster,Dem,Trump,46
Missouri,24901,PPP (D),2016-07-11,2016-07-12,Likely Voters,959,IVR/Online,Pollster,Dem,Clinton,36
Missouri,24901,PPP (D),2016-07-11,2016-07-12,Likely Voters,959,IVR/Online,Pollster,Dem,Other,8
Missouri,24901,PPP (D),2016-07-11,2016-07-12,Likely Voters,959,IVR/Online,Pollster,Dem,Undecided,10
Missouri,24901,PPP (D),2016-07-11,2016-07-12,Likely Voters,959,IVR/Online,Pollster,Dem,Johnson,NA
Missouri,24901,PPP (D),2016-07-11,2016-07-12,Likely Voters,959,IVR/Online,Pollster,Dem,McMullin,NA
Missouri,24188,DFM Research (D-United Transportation Union),2016-03-17,2016-03-24,Likely Voters,674,Live Phone,Sponsor,Dem,Trump,40
Missouri,24188,DFM Research (D-United Transportation Union),2016-03-17,2016-03-24,Likely Voters,674,Live Phone,Sponsor,Dem,Clinton,42
Missouri,24188,DFM Research (D-United Transportation Union),2016-03-17,2016-03-24,Likely Voters,674,Live Phone,Sponsor,Dem,Other,8
Missouri,24188,DFM Research (D-United Transportation Union),2016-03-17,2016-03-24,Likely Voters,674,Live Phone,Sponsor,Dem,Undecided,11
Missouri,24188,DFM Research (D-United Transportation Union),2016-03-17,2016-03-24,Likely Voters,674,Live Phone,Sponsor,Dem,Johnson,NA
Missouri,24188,DFM Research (D-United Transportation Union),2016-03-17,2016-03-24,Likely Voters,674,Live Phone,Sponsor,Dem,McMullin,NA
Missouri,24056,Fort Hays State University,2016-03-03,2016-03-10,Adults,475,Live Phone,Nonpartisan,NA,Trump,43
Missouri,24056,Fort Hays State University,2016-03-03,2016-03-10,Adults,475,Live Phone,Nonpartisan,NA,Clinton,38
Missouri,24056,Fort Hays State University,2016-03-03,2016-03-10,Adults,475,Live Phone,Nonpartisan,NA,Other,NA
Missouri,24056,Fort Hays State University,2016-03-03,2016-03-10,Adults,475,Live Phone,Nonpartisan,NA,Undecided,19
Missouri,24056,Fort Hays State University,2016-03-03,2016-03-10,Adults,475,Live Phone,Nonpartisan,NA,Johnson,NA
Missouri,24056,Fort Hays State University,2016-03-03,2016-03-10,Adults,475,Live Phone,Nonpartisan,NA,McMullin,NA
Missouri,22555,PPP (D),2015-08-07,2015-08-09,Likely Voters,859,Automated Phone,Pollster,Dem,Trump,48
Missouri,22555,PPP (D),2015-08-07,2015-08-09,Likely Voters,859,Automated Phone,Pollster,Dem,Clinton,39
Missouri,22555,PPP (D),2015-08-07,2015-08-09,Likely Voters,859,Automated Phone,Pollster,Dem,Other,NA
Missouri,22555,PPP (D),2015-08-07,2015-08-09,Likely Voters,859,Automated Phone,Pollster,Dem,Undecided,13
Missouri,22555,PPP (D),2015-08-07,2015-08-09,Likely Voters,859,Automated Phone,Pollster,Dem,Johnson,NA
Missouri,22555,PPP (D),2015-08-07,2015-08-09,Likely Voters,859,Automated Phone,Pollster,Dem,McMullin,NA
Maryland,26807,SurveyMonkey,2016-11-01,2016-11-07,Likely Voters,1216,Internet,Nonpartisan,NA,Trump,28
Maryland,26807,SurveyMonkey,2016-11-01,2016-11-07,Likely Voters,1216,Internet,Nonpartisan,NA,Clinton,59
Maryland,26807,SurveyMonkey,2016-11-01,2016-11-07,Likely Voters,1216,Internet,Nonpartisan,NA,Other,10
Maryland,26807,SurveyMonkey,2016-11-01,2016-11-07,Likely Voters,1216,Internet,Nonpartisan,NA,Undecided,2
Maryland,26807,SurveyMonkey,2016-11-01,2016-11-07,Likely Voters,1216,Internet,Nonpartisan,NA,Johnson,NA
Maryland,26807,SurveyMonkey,2016-11-01,2016-11-07,Likely Voters,1216,Internet,Nonpartisan,NA,McMullin,NA
Maryland,26793,UPI/CVOTER,2016-10-30,2016-11-06,Likely Voters,329,Internet,Nonpartisan,NA,Trump,38
Maryland,26793,UPI/CVOTER,2016-10-30,2016-11-06,Likely Voters,329,Internet,Nonpartisan,NA,Clinton,56
Maryland,26793,UPI/CVOTER,2016-10-30,2016-11-06,Likely Voters,329,Internet,Nonpartisan,NA,Other,6
Maryland,26793,UPI/CVOTER,2016-10-30,2016-11-06,Likely Voters,329,Internet,Nonpartisan,NA,Undecided,NA
Maryland,26793,UPI/CVOTER,2016-10-30,2016-11-06,Likely Voters,329,Internet,Nonpartisan,NA,Johnson,NA
Maryland,26793,UPI/CVOTER,2016-10-30,2016-11-06,Likely Voters,329,Internet,Nonpartisan,NA,McMullin,NA
Maryland,26806,Ipsos/Reuters,2016-10-17,2016-11-06,Likely Voters,720,Internet,Nonpartisan,NA,Trump,34
Maryland,26806,Ipsos/Reuters,2016-10-17,2016-11-06,Likely Voters,720,Internet,Nonpartisan,NA,Clinton,56
Maryland,26806,Ipsos/Reuters,2016-10-17,2016-11-06,Likely Voters,720,Internet,Nonpartisan,NA,Other,NA
Maryland,26806,Ipsos/Reuters,2016-10-17,2016-11-06,Likely Voters,720,Internet,Nonpartisan,NA,Undecided,10
Maryland,26806,Ipsos/Reuters,2016-10-17,2016-11-06,Likely Voters,720,Internet,Nonpartisan,NA,Johnson,NA
Maryland,26806,Ipsos/Reuters,2016-10-17,2016-11-06,Likely Voters,720,Internet,Nonpartisan,NA,McMullin,NA
Maryland,26596,SurveyMonkey,2016-10-25,2016-10-31,Likely Voters,740,Internet,Nonpartisan,NA,Trump,27
Maryland,26596,SurveyMonkey,2016-10-25,2016-10-31,Likely Voters,740,Internet,Nonpartisan,NA,Clinton,63
Maryland,26596,SurveyMonkey,2016-10-25,2016-10-31,Likely Voters,740,Internet,Nonpartisan,NA,Other,8
Maryland,26596,SurveyMonkey,2016-10-25,2016-10-31,Likely Voters,740,Internet,Nonpartisan,NA,Undecided,2
Maryland,26596,SurveyMonkey,2016-10-25,2016-10-31,Likely Voters,740,Internet,Nonpartisan,NA,Johnson,NA
Maryland,26596,SurveyMonkey,2016-10-25,2016-10-31,Likely Voters,740,Internet,Nonpartisan,NA,McMullin,NA
Maryland,26592,UPI/CVOTER,2016-10-23,2016-10-29,Likely Voters,330,Internet,Nonpartisan,NA,Trump,38
Maryland,26592,UPI/CVOTER,2016-10-23,2016-10-29,Likely Voters,330,Internet,Nonpartisan,NA,Clinton,58
Maryland,26592,UPI/CVOTER,2016-10-23,2016-10-29,Likely Voters,330,Internet,Nonpartisan,NA,Other,4
Maryland,26592,UPI/CVOTER,2016-10-23,2016-10-29,Likely Voters,330,Internet,Nonpartisan,NA,Undecided,NA
Maryland,26592,UPI/CVOTER,2016-10-23,2016-10-29,Likely Voters,330,Internet,Nonpartisan,NA,Johnson,NA
Maryland,26592,UPI/CVOTER,2016-10-23,2016-10-29,Likely Voters,330,Internet,Nonpartisan,NA,McMullin,NA
Maryland,26441,SurveyMonkey,2016-10-18,2016-10-24,Likely Voters,915,Internet,Nonpartisan,NA,Trump,27
Maryland,26441,SurveyMonkey,2016-10-18,2016-10-24,Likely Voters,915,Internet,Nonpartisan,NA,Clinton,61
Maryland,26441,SurveyMonkey,2016-10-18,2016-10-24,Likely Voters,915,Internet,Nonpartisan,NA,Other,9
Maryland,26441,SurveyMonkey,2016-10-18,2016-10-24,Likely Voters,915,Internet,Nonpartisan,NA,Undecided,2
Maryland,26441,SurveyMonkey,2016-10-18,2016-10-24,Likely Voters,915,Internet,Nonpartisan,NA,Johnson,NA
Maryland,26441,SurveyMonkey,2016-10-18,2016-10-24,Likely Voters,915,Internet,Nonpartisan,NA,McMullin,NA
Maryland,26344,Ipsos/Reuters,2016-09-23,2016-10-13,Likely Voters,686,Internet,Nonpartisan,NA,Trump,32
Maryland,26344,Ipsos/Reuters,2016-09-23,2016-10-13,Likely Voters,686,Internet,Nonpartisan,NA,Clinton,54
Maryland,26344,Ipsos/Reuters,2016-09-23,2016-10-13,Likely Voters,686,Internet,Nonpartisan,NA,Other,NA
Maryland,26344,Ipsos/Reuters,2016-09-23,2016-10-13,Likely Voters,686,Internet,Nonpartisan,NA,Undecided,14
Maryland,26344,Ipsos/Reuters,2016-09-23,2016-10-13,Likely Voters,686,Internet,Nonpartisan,NA,Johnson,NA
Maryland,26344,Ipsos/Reuters,2016-09-23,2016-10-13,Likely Voters,686,Internet,Nonpartisan,NA,McMullin,NA
Maryland,26113,Ipsos/Reuters,2016-09-16,2016-10-06,Likely Voters,705,Internet,Nonpartisan,NA,Trump,32
Maryland,26113,Ipsos/Reuters,2016-09-16,2016-10-06,Likely Voters,705,Internet,Nonpartisan,NA,Clinton,53
Maryland,26113,Ipsos/Reuters,2016-09-16,2016-10-06,Likely Voters,705,Internet,Nonpartisan,NA,Other,NA
Maryland,26113,Ipsos/Reuters,2016-09-16,2016-10-06,Likely Voters,705,Internet,Nonpartisan,NA,Undecided,15
Maryland,26113,Ipsos/Reuters,2016-09-16,2016-10-06,Likely Voters,705,Internet,Nonpartisan,NA,Johnson,NA
Maryland,26113,Ipsos/Reuters,2016-09-16,2016-10-06,Likely Voters,705,Internet,Nonpartisan,NA,McMullin,NA
Maryland,25976,Washington Post/University of Maryland,2016-09-27,2016-09-30,Likely Voters,706,Live Phone,Nonpartisan,NA,Trump,27
Maryland,25976,Washington Post/University of Maryland,2016-09-27,2016-09-30,Likely Voters,706,Live Phone,Nonpartisan,NA,Clinton,63
Maryland,25976,Washington Post/University of Maryland,2016-09-27,2016-09-30,Likely Voters,706,Live Phone,Nonpartisan,NA,Other,6
Maryland,25976,Washington Post/University of Maryland,2016-09-27,2016-09-30,Likely Voters,706,Live Phone,Nonpartisan,NA,Undecided,2
Maryland,25976,Washington Post/University of Maryland,2016-09-27,2016-09-30,Likely Voters,706,Live Phone,Nonpartisan,NA,Johnson,NA
Maryland,25976,Washington Post/University of Maryland,2016-09-27,2016-09-30,Likely Voters,706,Live Phone,Nonpartisan,NA,McMullin,NA
Maryland,25625,Goucher College/Sarah T. Hughes Field Politics Center,2016-09-17,2016-09-20,Likely Voters,514,Live Phone,Nonpartisan,NA,Trump,25
Maryland,25625,Goucher College/Sarah T. Hughes Field Politics Center,2016-09-17,2016-09-20,Likely Voters,514,Live Phone,Nonpartisan,NA,Clinton,58
Maryland,25625,Goucher College/Sarah T. Hughes Field Politics Center,2016-09-17,2016-09-20,Likely Voters,514,Live Phone,Nonpartisan,NA,Other,8
Maryland,25625,Goucher College/Sarah T. Hughes Field Politics Center,2016-09-17,2016-09-20,Likely Voters,514,Live Phone,Nonpartisan,NA,Undecided,9
Maryland,25625,Goucher College/Sarah T. Hughes Field Politics Center,2016-09-17,2016-09-20,Likely Voters,514,Live Phone,Nonpartisan,NA,Johnson,NA
Maryland,25625,Goucher College/Sarah T. Hughes Field Politics Center,2016-09-17,2016-09-20,Likely Voters,514,Live Phone,Nonpartisan,NA,McMullin,NA
Maryland,25553,Ipsos/Reuters,2016-08-26,2016-09-15,Likely Voters,525,Internet,Nonpartisan,NA,Trump,29
Maryland,25553,Ipsos/Reuters,2016-08-26,2016-09-15,Likely Voters,525,Internet,Nonpartisan,NA,Clinton,53
Maryland,25553,Ipsos/Reuters,2016-08-26,2016-09-15,Likely Voters,525,Internet,Nonpartisan,NA,Other,NA
Maryland,25553,Ipsos/Reuters,2016-08-26,2016-09-15,Likely Voters,525,Internet,Nonpartisan,NA,Undecided,18
Maryland,25553,Ipsos/Reuters,2016-08-26,2016-09-15,Likely Voters,525,Internet,Nonpartisan,NA,Johnson,NA
Maryland,25553,Ipsos/Reuters,2016-08-26,2016-09-15,Likely Voters,525,Internet,Nonpartisan,NA,McMullin,NA
Maryland,25371,WashPost/SurveyMonkey,2016-08-09,2016-09-01,Registered Voters,1199,Internet,Nonpartisan,NA,Trump,31
Maryland,25371,WashPost/SurveyMonkey,2016-08-09,2016-09-01,Registered Voters,1199,Internet,Nonpartisan,NA,Clinton,61
Maryland,25371,WashPost/SurveyMonkey,2016-08-09,2016-09-01,Registered Voters,1199,Internet,Nonpartisan,NA,Other,NA
Maryland,25371,WashPost/SurveyMonkey,2016-08-09,2016-09-01,Registered Voters,1199,Internet,Nonpartisan,NA,Undecided,8
Maryland,25371,WashPost/SurveyMonkey,2016-08-09,2016-09-01,Registered Voters,1199,Internet,Nonpartisan,NA,Johnson,NA
Maryland,25371,WashPost/SurveyMonkey,2016-08-09,2016-09-01,Registered Voters,1199,Internet,Nonpartisan,NA,McMullin,NA
Maryland,25400,Baltimore Sun/University of Baltimore/OpinionWorks,2016-08-18,2016-08-30,Likely Voters,756,Live Phone,Nonpartisan,NA,Trump,25
Maryland,25400,Baltimore Sun/University of Baltimore/OpinionWorks,2016-08-18,2016-08-30,Likely Voters,756,Live Phone,Nonpartisan,NA,Clinton,54
Maryland,25400,Baltimore Sun/University of Baltimore/OpinionWorks,2016-08-18,2016-08-30,Likely Voters,756,Live Phone,Nonpartisan,NA,Other,10
Maryland,25400,Baltimore Sun/University of Baltimore/OpinionWorks,2016-08-18,2016-08-30,Likely Voters,756,Live Phone,Nonpartisan,NA,Undecided,12
Maryland,25400,Baltimore Sun/University of Baltimore/OpinionWorks,2016-08-18,2016-08-30,Likely Voters,756,Live Phone,Nonpartisan,NA,Johnson,NA
Maryland,25400,Baltimore Sun/University of Baltimore/OpinionWorks,2016-08-18,2016-08-30,Likely Voters,756,Live Phone,Nonpartisan,NA,McMullin,NA
Maryland,24314,PPP (D),2016-04-15,2016-04-17,Likely Voters,879,IVR/Online,Pollster,Dem,Trump,28
Maryland,24314,PPP (D),2016-04-15,2016-04-17,Likely Voters,879,IVR/Online,Pollster,Dem,Clinton,61
Maryland,24314,PPP (D),2016-04-15,2016-04-17,Likely Voters,879,IVR/Online,Pollster,Dem,Other,NA
Maryland,24314,PPP (D),2016-04-15,2016-04-17,Likely Voters,879,IVR/Online,Pollster,Dem,Undecided,11
Maryland,24314,PPP (D),2016-04-15,2016-04-17,Likely Voters,879,IVR/Online,Pollster,Dem,Johnson,NA
Maryland,24314,PPP (D),2016-04-15,2016-04-17,Likely Voters,879,IVR/Online,Pollster,Dem,McMullin,NA
Maryland,24262,NBC4/Marist,2016-04-05,2016-04-09,Registered Voters,2563,Live Phone,Nonpartisan,NA,Trump,27
Maryland,24262,NBC4/Marist,2016-04-05,2016-04-09,Registered Voters,2563,Live Phone,Nonpartisan,NA,Clinton,63
Maryland,24262,NBC4/Marist,2016-04-05,2016-04-09,Registered Voters,2563,Live Phone,Nonpartisan,NA,Other,NA
Maryland,24262,NBC4/Marist,2016-04-05,2016-04-09,Registered Voters,2563,Live Phone,Nonpartisan,NA,Undecided,10
Maryland,24262,NBC4/Marist,2016-04-05,2016-04-09,Registered Voters,2563,Live Phone,Nonpartisan,NA,Johnson,NA
Maryland,24262,NBC4/Marist,2016-04-05,2016-04-09,Registered Voters,2563,Live Phone,Nonpartisan,NA,McMullin,NA
Maryland,24223,Washington Post/University of Maryland,2016-03-30,2016-04-03,Registered Voters,NA,Live Phone,Nonpartisan,NA,Trump,28
Maryland,24223,Washington Post/University of Maryland,2016-03-30,2016-04-03,Registered Voters,NA,Live Phone,Nonpartisan,NA,Clinton,63
Maryland,24223,Washington Post/University of Maryland,2016-03-30,2016-04-03,Registered Voters,NA,Live Phone,Nonpartisan,NA,Other,5
Maryland,24223,Washington Post/University of Maryland,2016-03-30,2016-04-03,Registered Voters,NA,Live Phone,Nonpartisan,NA,Undecided,4
Maryland,24223,Washington Post/University of Maryland,2016-03-30,2016-04-03,Registered Voters,NA,Live Phone,Nonpartisan,NA,Johnson,NA
Maryland,24223,Washington Post/University of Maryland,2016-03-30,2016-04-03,Registered Voters,NA,Live Phone,Nonpartisan,NA,McMullin,NA
Michigan,26807,SurveyMonkey,2016-11-01,2016-11-07,Likely Voters,3145,Internet,Nonpartisan,NA,Trump,42
Michigan,26807,SurveyMonkey,2016-11-01,2016-11-07,Likely Voters,3145,Internet,Nonpartisan,NA,Clinton,44
Michigan,26807,SurveyMonkey,2016-11-01,2016-11-07,Likely Voters,3145,Internet,Nonpartisan,NA,Other,3
Michigan,26807,SurveyMonkey,2016-11-01,2016-11-07,Likely Voters,3145,Internet,Nonpartisan,NA,Undecided,2
Michigan,26807,SurveyMonkey,2016-11-01,2016-11-07,Likely Voters,3145,Internet,Nonpartisan,NA,Johnson,NA
Michigan,26807,SurveyMonkey,2016-11-01,2016-11-07,Likely Voters,3145,Internet,Nonpartisan,NA,McMullin,NA
Michigan,26793,UPI/CVOTER,2016-10-30,2016-11-06,Likely Voters,334,Internet,Nonpartisan,NA,Trump,45
Michigan,26793,UPI/CVOTER,2016-10-30,2016-11-06,Likely Voters,334,Internet,Nonpartisan,NA,Clinton,49
Michigan,26793,UPI/CVOTER,2016-10-30,2016-11-06,Likely Voters,334,Internet,Nonpartisan,NA,Other,6
Michigan,26793,UPI/CVOTER,2016-10-30,2016-11-06,Likely Voters,334,Internet,Nonpartisan,NA,Undecided,NA
Michigan,26793,UPI/CVOTER,2016-10-30,2016-11-06,Likely Voters,334,Internet,Nonpartisan,NA,Johnson,NA
Michigan,26793,UPI/CVOTER,2016-10-30,2016-11-06,Likely Voters,334,Internet,Nonpartisan,NA,McMullin,NA
Michigan,26806,Ipsos/Reuters,2016-10-17,2016-11-06,Likely Voters,609,Internet,Nonpartisan,NA,Trump,45
Michigan,26806,Ipsos/Reuters,2016-10-17,2016-11-06,Likely Voters,609,Internet,Nonpartisan,NA,Clinton,46
Michigan,26806,Ipsos/Reuters,2016-10-17,2016-11-06,Likely Voters,609,Internet,Nonpartisan,NA,Other,NA
Michigan,26806,Ipsos/Reuters,2016-10-17,2016-11-06,Likely Voters,609,Internet,Nonpartisan,NA,Undecided,9
Michigan,26806,Ipsos/Reuters,2016-10-17,2016-11-06,Likely Voters,609,Internet,Nonpartisan,NA,Johnson,NA
Michigan,26806,Ipsos/Reuters,2016-10-17,2016-11-06,Likely Voters,609,Internet,Nonpartisan,NA,McMullin,NA
Michigan,26722,PPP (D),2016-11-03,2016-11-04,Likely Voters,957,IVR/Online,Pollster,Dem,Trump,41
Michigan,26722,PPP (D),2016-11-03,2016-11-04,Likely Voters,957,IVR/Online,Pollster,Dem,Clinton,46
Michigan,26722,PPP (D),2016-11-03,2016-11-04,Likely Voters,957,IVR/Online,Pollster,Dem,Other,2
Michigan,26722,PPP (D),2016-11-03,2016-11-04,Likely Voters,957,IVR/Online,Pollster,Dem,Undecided,6
Michigan,26722,PPP (D),2016-11-03,2016-11-04,Likely Voters,957,IVR/Online,Pollster,Dem,Johnson,NA
Michigan,26722,PPP (D),2016-11-03,2016-11-04,Likely Voters,957,IVR/Online,Pollster,Dem,McMullin,NA
Michigan,26596,SurveyMonkey,2016-10-25,2016-10-31,Likely Voters,1649,Internet,Nonpartisan,NA,Trump,42
Michigan,26596,SurveyMonkey,2016-10-25,2016-10-31,Likely Voters,1649,Internet,Nonpartisan,NA,Clinton,43
Michigan,26596,SurveyMonkey,2016-10-25,2016-10-31,Likely Voters,1649,Internet,Nonpartisan,NA,Other,5
Michigan,26596,SurveyMonkey,2016-10-25,2016-10-31,Likely Voters,1649,Internet,Nonpartisan,NA,Undecided,3
Michigan,26596,SurveyMonkey,2016-10-25,2016-10-31,Likely Voters,1649,Internet,Nonpartisan,NA,Johnson,NA
Michigan,26596,SurveyMonkey,2016-10-25,2016-10-31,Likely Voters,1649,Internet,Nonpartisan,NA,McMullin,NA
Michigan,26626,Michigan State University,2016-09-01,2016-10-30,Likely Voters,746,Live Phone,Nonpartisan,NA,Trump,32
Michigan,26626,Michigan State University,2016-09-01,2016-10-30,Likely Voters,746,Live Phone,Nonpartisan,NA,Clinton,52
Michigan,26626,Michigan State University,2016-09-01,2016-10-30,Likely Voters,746,Live Phone,Nonpartisan,NA,Other,6
Michigan,26626,Michigan State University,2016-09-01,2016-10-30,Likely Voters,746,Live Phone,Nonpartisan,NA,Undecided,10
Michigan,26626,Michigan State University,2016-09-01,2016-10-30,Likely Voters,746,Live Phone,Nonpartisan,NA,Johnson,NA
Michigan,26626,Michigan State University,2016-09-01,2016-10-30,Likely Voters,746,Live Phone,Nonpartisan,NA,McMullin,NA
Michigan,26592,UPI/CVOTER,2016-10-23,2016-10-29,Likely Voters,337,Internet,Nonpartisan,NA,Trump,46
Michigan,26592,UPI/CVOTER,2016-10-23,2016-10-29,Likely Voters,337,Internet,Nonpartisan,NA,Clinton,51
Michigan,26592,UPI/CVOTER,2016-10-23,2016-10-29,Likely Voters,337,Internet,Nonpartisan,NA,Other,4
Michigan,26592,UPI/CVOTER,2016-10-23,2016-10-29,Likely Voters,337,Internet,Nonpartisan,NA,Undecided,NA
Michigan,26592,UPI/CVOTER,2016-10-23,2016-10-29,Likely Voters,337,Internet,Nonpartisan,NA,Johnson,NA
Michigan,26592,UPI/CVOTER,2016-10-23,2016-10-29,Likely Voters,337,Internet,Nonpartisan,NA,McMullin,NA
Michigan,26500,EPIC-MRA/Detroit Free Press/WXYZ-TV,2016-10-22,2016-10-24,Likely Voters,600,Live Phone,Nonpartisan,NA,Trump,37
Michigan,26500,EPIC-MRA/Detroit Free Press/WXYZ-TV,2016-10-22,2016-10-24,Likely Voters,600,Live Phone,Nonpartisan,NA,Clinton,45
Michigan,26500,EPIC-MRA/Detroit Free Press/WXYZ-TV,2016-10-22,2016-10-24,Likely Voters,600,Live Phone,Nonpartisan,NA,Other,1
Michigan,26500,EPIC-MRA/Detroit Free Press/WXYZ-TV,2016-10-22,2016-10-24,Likely Voters,600,Live Phone,Nonpartisan,NA,Undecided,15
Michigan,26500,EPIC-MRA/Detroit Free Press/WXYZ-TV,2016-10-22,2016-10-24,Likely Voters,600,Live Phone,Nonpartisan,NA,Johnson,NA
Michigan,26500,EPIC-MRA/Detroit Free Press/WXYZ-TV,2016-10-22,2016-10-24,Likely Voters,600,Live Phone,Nonpartisan,NA,McMullin,NA
Michigan,26441,SurveyMonkey,2016-10-18,2016-10-24,Likely Voters,1663,Internet,Nonpartisan,NA,Trump,40
Michigan,26441,SurveyMonkey,2016-10-18,2016-10-24,Likely Voters,1663,Internet,Nonpartisan,NA,Clinton,44
Michigan,26441,SurveyMonkey,2016-10-18,2016-10-24,Likely Voters,1663,Internet,Nonpartisan,NA,Other,4
Michigan,26441,SurveyMonkey,2016-10-18,2016-10-24,Likely Voters,1663,Internet,Nonpartisan,NA,Undecided,4
Michigan,26441,SurveyMonkey,2016-10-18,2016-10-24,Likely Voters,1663,Internet,Nonpartisan,NA,Johnson,NA
Michigan,26441,SurveyMonkey,2016-10-18,2016-10-24,Likely Voters,1663,Internet,Nonpartisan,NA,McMullin,NA
Michigan,26365,Marketing Resource Group (R),2016-10-16,2016-10-19,Likely Voters,600,Live Phone,Pollster,Rep,Trump,36
Michigan,26365,Marketing Resource Group (R),2016-10-16,2016-10-19,Likely Voters,600,Live Phone,Pollster,Rep,Clinton,41
Michigan,26365,Marketing Resource Group (R),2016-10-16,2016-10-19,Likely Voters,600,Live Phone,Pollster,Rep,Other,8
Michigan,26365,Marketing Resource Group (R),2016-10-16,2016-10-19,Likely Voters,600,Live Phone,Pollster,Rep,Undecided,12
Michigan,26365,Marketing Resource Group (R),2016-10-16,2016-10-19,Likely Voters,600,Live Phone,Pollster,Rep,Johnson,NA
Michigan,26365,Marketing Resource Group (R),2016-10-16,2016-10-19,Likely Voters,600,Live Phone,Pollster,Rep,McMullin,NA
Michigan,26657,Ipsos/Reuters,2016-10-06,2016-10-17,Likely Voters,1370,Internet,Nonpartisan,NA,Trump,36
Michigan,26657,Ipsos/Reuters,2016-10-06,2016-10-17,Likely Voters,1370,Internet,Nonpartisan,NA,Clinton,40
Michigan,26657,Ipsos/Reuters,2016-10-06,2016-10-17,Likely Voters,1370,Internet,Nonpartisan,NA,Other,9
Michigan,26657,Ipsos/Reuters,2016-10-06,2016-10-17,Likely Voters,1370,Internet,Nonpartisan,NA,Undecided,15
Michigan,26657,Ipsos/Reuters,2016-10-06,2016-10-17,Likely Voters,1370,Internet,Nonpartisan,NA,Johnson,NA
Michigan,26657,Ipsos/Reuters,2016-10-06,2016-10-17,Likely Voters,1370,Internet,Nonpartisan,NA,McMullin,NA
Michigan,26246,WashPost/SurveyMonkey,2016-10-08,2016-10-16,Likely Voters,1331,Internet,Nonpartisan,NA,Trump,42
Michigan,26246,WashPost/SurveyMonkey,2016-10-08,2016-10-16,Likely Voters,1331,Internet,Nonpartisan,NA,Clinton,51
Michigan,26246,WashPost/SurveyMonkey,2016-10-08,2016-10-16,Likely Voters,1331,Internet,Nonpartisan,NA,Other,NA
Michigan,26246,WashPost/SurveyMonkey,2016-10-08,2016-10-16,Likely Voters,1331,Internet,Nonpartisan,NA,Undecided,8
Michigan,26246,WashPost/SurveyMonkey,2016-10-08,2016-10-16,Likely Voters,1331,Internet,Nonpartisan,NA,Johnson,NA
Michigan,26246,WashPost/SurveyMonkey,2016-10-08,2016-10-16,Likely Voters,1331,Internet,Nonpartisan,NA,McMullin,NA
Michigan,26344,Ipsos/Reuters,2016-09-23,2016-10-13,Likely Voters,2192,Internet,Nonpartisan,NA,Trump,37
Michigan,26344,Ipsos/Reuters,2016-09-23,2016-10-13,Likely Voters,2192,Internet,Nonpartisan,NA,Clinton,44
Michigan,26344,Ipsos/Reuters,2016-09-23,2016-10-13,Likely Voters,2192,Internet,Nonpartisan,NA,Other,NA
Michigan,26344,Ipsos/Reuters,2016-09-23,2016-10-13,Likely Voters,2192,Internet,Nonpartisan,NA,Undecided,19
Michigan,26344,Ipsos/Reuters,2016-09-23,2016-10-13,Likely Voters,2192,Internet,Nonpartisan,NA,Johnson,NA
Michigan,26344,Ipsos/Reuters,2016-09-23,2016-10-13,Likely Voters,2192,Internet,Nonpartisan,NA,McMullin,NA
Michigan,26197,Glengariff/Detroit News/WDIV,2016-10-10,2016-10-11,Likely Voters,600,Live Phone,Nonpartisan,NA,Trump,33
Michigan,26197,Glengariff/Detroit News/WDIV,2016-10-10,2016-10-11,Likely Voters,600,Live Phone,Nonpartisan,NA,Clinton,47
Michigan,26197,Glengariff/Detroit News/WDIV,2016-10-10,2016-10-11,Likely Voters,600,Live Phone,Nonpartisan,NA,Other,5
Michigan,26197,Glengariff/Detroit News/WDIV,2016-10-10,2016-10-11,Likely Voters,600,Live Phone,Nonpartisan,NA,Undecided,14
Michigan,26197,Glengariff/Detroit News/WDIV,2016-10-10,2016-10-11,Likely Voters,600,Live Phone,Nonpartisan,NA,Johnson,NA
Michigan,26197,Glengariff/Detroit News/WDIV,2016-10-10,2016-10-11,Likely Voters,600,Live Phone,Nonpartisan,NA,McMullin,NA
Michigan,26115,Ipsos/Reuters,2016-09-16,2016-10-06,Likely Voters,687,Internet,Nonpartisan,NA,Trump,38
Michigan,26115,Ipsos/Reuters,2016-09-16,2016-10-06,Likely Voters,687,Internet,Nonpartisan,NA,Clinton,45
Michigan,26115,Ipsos/Reuters,2016-09-16,2016-10-06,Likely Voters,687,Internet,Nonpartisan,NA,Other,NA
Michigan,26115,Ipsos/Reuters,2016-09-16,2016-10-06,Likely Voters,687,Internet,Nonpartisan,NA,Undecided,17
Michigan,26115,Ipsos/Reuters,2016-09-16,2016-10-06,Likely Voters,687,Internet,Nonpartisan,NA,Johnson,NA
Michigan,26115,Ipsos/Reuters,2016-09-16,2016-10-06,Likely Voters,687,Internet,Nonpartisan,NA,McMullin,NA
Michigan,25984,EPIC-MRA/Detroit Free Press/WXYZ-TV,2016-10-01,2016-10-03,Likely Voters,600,Live Phone,Nonpartisan,NA,Trump,36
Michigan,25984,EPIC-MRA/Detroit Free Press/WXYZ-TV,2016-10-01,2016-10-03,Likely Voters,600,Live Phone,Nonpartisan,NA,Clinton,46
Michigan,25984,EPIC-MRA/Detroit Free Press/WXYZ-TV,2016-10-01,2016-10-03,Likely Voters,600,Live Phone,Nonpartisan,NA,Other,0
Michigan,25984,EPIC-MRA/Detroit Free Press/WXYZ-TV,2016-10-01,2016-10-03,Likely Voters,600,Live Phone,Nonpartisan,NA,Undecided,16
Michigan,25984,EPIC-MRA/Detroit Free Press/WXYZ-TV,2016-10-01,2016-10-03,Likely Voters,600,Live Phone,Nonpartisan,NA,Johnson,NA
Michigan,25984,EPIC-MRA/Detroit Free Press/WXYZ-TV,2016-10-01,2016-10-03,Likely Voters,600,Live Phone,Nonpartisan,NA,McMullin,NA
Michigan,25813,Glengariff/Detroit News/WDIV,2016-09-27,2016-09-28,Likely Voters,600,Live Phone,Nonpartisan,NA,Trump,39
Michigan,25813,Glengariff/Detroit News/WDIV,2016-09-27,2016-09-28,Likely Voters,600,Live Phone,Nonpartisan,NA,Clinton,46
Michigan,25813,Glengariff/Detroit News/WDIV,2016-09-27,2016-09-28,Likely Voters,600,Live Phone,Nonpartisan,NA,Other,4
Michigan,25813,Glengariff/Detroit News/WDIV,2016-09-27,2016-09-28,Likely Voters,600,Live Phone,Nonpartisan,NA,Undecided,11
Michigan,25813,Glengariff/Detroit News/WDIV,2016-09-27,2016-09-28,Likely Voters,600,Live Phone,Nonpartisan,NA,Johnson,NA
Michigan,25813,Glengariff/Detroit News/WDIV,2016-09-27,2016-09-28,Likely Voters,600,Live Phone,Nonpartisan,NA,McMullin,NA
Michigan,25555,Ipsos/Reuters,2016-08-26,2016-09-15,Likely Voters,991,Internet,Nonpartisan,NA,Trump,44
Michigan,25555,Ipsos/Reuters,2016-08-26,2016-09-15,Likely Voters,991,Internet,Nonpartisan,NA,Clinton,44
Michigan,25555,Ipsos/Reuters,2016-08-26,2016-09-15,Likely Voters,991,Internet,Nonpartisan,NA,Other,NA
Michigan,25555,Ipsos/Reuters,2016-08-26,2016-09-15,Likely Voters,991,Internet,Nonpartisan,NA,Undecided,12
Michigan,25555,Ipsos/Reuters,2016-08-26,2016-09-15,Likely Voters,991,Internet,Nonpartisan,NA,Johnson,NA
Michigan,25555,Ipsos/Reuters,2016-08-26,2016-09-15,Likely Voters,991,Internet,Nonpartisan,NA,McMullin,NA
Michigan,25508,EPIC-MRA/Detroit Free Press/WXYZ-TV,2016-09-10,2016-09-13,Likely Voters,600,Live Phone,Nonpartisan,NA,Trump,38
Michigan,25508,EPIC-MRA/Detroit Free Press/WXYZ-TV,2016-09-10,2016-09-13,Likely Voters,600,Live Phone,Nonpartisan,NA,Clinton,42
Michigan,25508,EPIC-MRA/Detroit Free Press/WXYZ-TV,2016-09-10,2016-09-13,Likely Voters,600,Live Phone,Nonpartisan,NA,Other,0
Michigan,25508,EPIC-MRA/Detroit Free Press/WXYZ-TV,2016-09-10,2016-09-13,Likely Voters,600,Live Phone,Nonpartisan,NA,Undecided,17
Michigan,25508,EPIC-MRA/Detroit Free Press/WXYZ-TV,2016-09-10,2016-09-13,Likely Voters,600,Live Phone,Nonpartisan,NA,Johnson,NA
Michigan,25508,EPIC-MRA/Detroit Free Press/WXYZ-TV,2016-09-10,2016-09-13,Likely Voters,600,Live Phone,Nonpartisan,NA,McMullin,NA
Michigan,25350,WashPost/SurveyMonkey,2016-08-09,2016-09-01,Registered Voters,2428,Internet,Nonpartisan,NA,Trump,44
Michigan,25350,WashPost/SurveyMonkey,2016-08-09,2016-09-01,Registered Voters,2428,Internet,Nonpartisan,NA,Clinton,46
Michigan,25350,WashPost/SurveyMonkey,2016-08-09,2016-09-01,Registered Voters,2428,Internet,Nonpartisan,NA,Other,NA
Michigan,25350,WashPost/SurveyMonkey,2016-08-09,2016-09-01,Registered Voters,2428,Internet,Nonpartisan,NA,Undecided,10
Michigan,25350,WashPost/SurveyMonkey,2016-08-09,2016-09-01,Registered Voters,2428,Internet,Nonpartisan,NA,Johnson,NA
Michigan,25350,WashPost/SurveyMonkey,2016-08-09,2016-09-01,Registered Voters,2428,Internet,Nonpartisan,NA,McMullin,NA
Michigan,25261,Suffolk,2016-08-22,2016-08-24,Likely Voters,500,Live Phone,Nonpartisan,NA,Trump,37
Michigan,25261,Suffolk,2016-08-22,2016-08-24,Likely Voters,500,Live Phone,Nonpartisan,NA,Clinton,44
Michigan,25261,Suffolk,2016-08-22,2016-08-24,Likely Voters,500,Live Phone,Nonpartisan,NA,Other,3
Michigan,25261,Suffolk,2016-08-22,2016-08-24,Likely Voters,500,Live Phone,Nonpartisan,NA,Undecided,11
Michigan,25261,Suffolk,2016-08-22,2016-08-24,Likely Voters,500,Live Phone,Nonpartisan,NA,Johnson,NA
Michigan,25261,Suffolk,2016-08-22,2016-08-24,Likely Voters,500,Live Phone,Nonpartisan,NA,McMullin,NA
Michigan,25074,EPIC-MRA/Detroit Free Press/WXYZ-TV,2016-07-30,2016-08-04,Likely Voters,600,Live Phone,Nonpartisan,NA,Trump,36
Michigan,25074,EPIC-MRA/Detroit Free Press/WXYZ-TV,2016-07-30,2016-08-04,Likely Voters,600,Live Phone,Nonpartisan,NA,Clinton,46
Michigan,25074,EPIC-MRA/Detroit Free Press/WXYZ-TV,2016-07-30,2016-08-04,Likely Voters,600,Live Phone,Nonpartisan,NA,Other,0
Michigan,25074,EPIC-MRA/Detroit Free Press/WXYZ-TV,2016-07-30,2016-08-04,Likely Voters,600,Live Phone,Nonpartisan,NA,Undecided,17
Michigan,25074,EPIC-MRA/Detroit Free Press/WXYZ-TV,2016-07-30,2016-08-04,Likely Voters,600,Live Phone,Nonpartisan,NA,Johnson,NA
Michigan,25074,EPIC-MRA/Detroit Free Press/WXYZ-TV,2016-07-30,2016-08-04,Likely Voters,600,Live Phone,Nonpartisan,NA,McMullin,NA
Michigan,25056,Glengariff/Detroit News/WDIV,2016-07-30,2016-08-01,Likely Voters,600,Live Phone,Nonpartisan,NA,Trump,32
Michigan,25056,Glengariff/Detroit News/WDIV,2016-07-30,2016-08-01,Likely Voters,600,Live Phone,Nonpartisan,NA,Clinton,41
Michigan,25056,Glengariff/Detroit News/WDIV,2016-07-30,2016-08-01,Likely Voters,600,Live Phone,Nonpartisan,NA,Other,4
Michigan,25056,Glengariff/Detroit News/WDIV,2016-07-30,2016-08-01,Likely Voters,600,Live Phone,Nonpartisan,NA,Undecided,15
Michigan,25056,Glengariff/Detroit News/WDIV,2016-07-30,2016-08-01,Likely Voters,600,Live Phone,Nonpartisan,NA,Johnson,NA
Michigan,25056,Glengariff/Detroit News/WDIV,2016-07-30,2016-08-01,Likely Voters,600,Live Phone,Nonpartisan,NA,McMullin,NA
Michigan,24911,CBS/YouGov,2016-07-13,2016-07-15,Likely Voters,1201,Internet,Nonpartisan,NA,Trump,39
Michigan,24911,CBS/YouGov,2016-07-13,2016-07-15,Likely Voters,1201,Internet,Nonpartisan,NA,Clinton,42
Michigan,24911,CBS/YouGov,2016-07-13,2016-07-15,Likely Voters,1201,Internet,Nonpartisan,NA,Other,11
Michigan,24911,CBS/YouGov,2016-07-13,2016-07-15,Likely Voters,1201,Internet,Nonpartisan,NA,Undecided,8
Michigan,24911,CBS/YouGov,2016-07-13,2016-07-15,Likely Voters,1201,Internet,Nonpartisan,NA,Johnson,NA
Michigan,24911,CBS/YouGov,2016-07-13,2016-07-15,Likely Voters,1201,Internet,Nonpartisan,NA,McMullin,NA
Michigan,24926,Marketing Resource Group (R),2016-07-11,2016-07-15,Likely Voters,800,Live Phone,Pollster,Rep,Trump,29
Michigan,24926,Marketing Resource Group (R),2016-07-11,2016-07-15,Likely Voters,800,Live Phone,Pollster,Rep,Clinton,34
Michigan,24926,Marketing Resource Group (R),2016-07-11,2016-07-15,Likely Voters,800,Live Phone,Pollster,Rep,Other,4
Michigan,24926,Marketing Resource Group (R),2016-07-11,2016-07-15,Likely Voters,800,Live Phone,Pollster,Rep,Undecided,31
Michigan,24926,Marketing Resource Group (R),2016-07-11,2016-07-15,Likely Voters,800,Live Phone,Pollster,Rep,Johnson,NA
Michigan,24926,Marketing Resource Group (R),2016-07-11,2016-07-15,Likely Voters,800,Live Phone,Pollster,Rep,McMullin,NA
Michigan,24986,Mitchell Research (R)/Fox 2 Detroit/(MAHP),2016-07-05,2016-07-11,Likely Voters,600,IVR/Live Phone,Pollster,Rep,Trump,34
Michigan,24986,Mitchell Research (R)/Fox 2 Detroit/(MAHP),2016-07-05,2016-07-11,Likely Voters,600,IVR/Live Phone,Pollster,Rep,Clinton,40
Michigan,24986,Mitchell Research (R)/Fox 2 Detroit/(MAHP),2016-07-05,2016-07-11,Likely Voters,600,IVR/Live Phone,Pollster,Rep,Other,NA
Michigan,24986,Mitchell Research (R)/Fox 2 Detroit/(MAHP),2016-07-05,2016-07-11,Likely Voters,600,IVR/Live Phone,Pollster,Rep,Undecided,27
Michigan,24986,Mitchell Research (R)/Fox 2 Detroit/(MAHP),2016-07-05,2016-07-11,Likely Voters,600,IVR/Live Phone,Pollster,Rep,Johnson,NA
Michigan,24986,Mitchell Research (R)/Fox 2 Detroit/(MAHP),2016-07-05,2016-07-11,Likely Voters,600,IVR/Live Phone,Pollster,Rep,McMullin,NA
Michigan,24886,Gravis Marketing,2016-07-07,2016-07-08,Registered Voters,1562,Automated Phone,Nonpartisan,NA,Trump,41
Michigan,24886,Gravis Marketing,2016-07-07,2016-07-08,Registered Voters,1562,Automated Phone,Nonpartisan,NA,Clinton,48
Michigan,24886,Gravis Marketing,2016-07-07,2016-07-08,Registered Voters,1562,Automated Phone,Nonpartisan,NA,Other,11
Michigan,24886,Gravis Marketing,2016-07-07,2016-07-08,Registered Voters,1562,Automated Phone,Nonpartisan,NA,Undecided,NA
Michigan,24886,Gravis Marketing,2016-07-07,2016-07-08,Registered Voters,1562,Automated Phone,Nonpartisan,NA,Johnson,NA
Michigan,24886,Gravis Marketing,2016-07-07,2016-07-08,Registered Voters,1562,Automated Phone,Nonpartisan,NA,McMullin,NA
Michigan,24843,GQR (D-Democracy Corps/Women's Voices Women Vote),2016-06-11,2016-06-20,Likely Voters,300,Live Phone,Sponsor,Dem,Trump,39
Michigan,24843,GQR (D-Democracy Corps/Women's Voices Women Vote),2016-06-11,2016-06-20,Likely Voters,300,Live Phone,Sponsor,Dem,Clinton,50
Michigan,24843,GQR (D-Democracy Corps/Women's Voices Women Vote),2016-06-11,2016-06-20,Likely Voters,300,Live Phone,Sponsor,Dem,Other,6
Michigan,24843,GQR (D-Democracy Corps/Women's Voices Women Vote),2016-06-11,2016-06-20,Likely Voters,300,Live Phone,Sponsor,Dem,Undecided,5
Michigan,24843,GQR (D-Democracy Corps/Women's Voices Women Vote),2016-06-11,2016-06-20,Likely Voters,300,Live Phone,Sponsor,Dem,Johnson,NA
Michigan,24843,GQR (D-Democracy Corps/Women's Voices Women Vote),2016-06-11,2016-06-20,Likely Voters,300,Live Phone,Sponsor,Dem,McMullin,NA
Michigan,24588,Glengariff/Detroit News/WDIV,2016-05-24,2016-05-26,Likely Voters,600,Live Phone,Nonpartisan,NA,Trump,39
Michigan,24588,Glengariff/Detroit News/WDIV,2016-05-24,2016-05-26,Likely Voters,600,Live Phone,Nonpartisan,NA,Clinton,43
Michigan,24588,Glengariff/Detroit News/WDIV,2016-05-24,2016-05-26,Likely Voters,600,Live Phone,Nonpartisan,NA,Other,4
Michigan,24588,Glengariff/Detroit News/WDIV,2016-05-24,2016-05-26,Likely Voters,600,Live Phone,Nonpartisan,NA,Undecided,15
Michigan,24588,Glengariff/Detroit News/WDIV,2016-05-24,2016-05-26,Likely Voters,600,Live Phone,Nonpartisan,NA,Johnson,NA
Michigan,24588,Glengariff/Detroit News/WDIV,2016-05-24,2016-05-26,Likely Voters,600,Live Phone,Nonpartisan,NA,McMullin,NA
Michigan,24153,SurveyUSA,2016-03-23,2016-03-24,Likely Voters,904,IVR/Online,Nonpartisan,NA,Trump,38
Michigan,24153,SurveyUSA,2016-03-23,2016-03-24,Likely Voters,904,IVR/Online,Nonpartisan,NA,Clinton,49
Michigan,24153,SurveyUSA,2016-03-23,2016-03-24,Likely Voters,904,IVR/Online,Nonpartisan,NA,Other,NA
Michigan,24153,SurveyUSA,2016-03-23,2016-03-24,Likely Voters,904,IVR/Online,Nonpartisan,NA,Undecided,13
Michigan,24153,SurveyUSA,2016-03-23,2016-03-24,Likely Voters,904,IVR/Online,Nonpartisan,NA,Johnson,NA
Michigan,24153,SurveyUSA,2016-03-23,2016-03-24,Likely Voters,904,IVR/Online,Nonpartisan,NA,McMullin,NA
Michigan,24238,EPIC-MRA/Detroit Free Press/WXYZ-TV,2016-03-19,2016-03-22,Likely Voters,600,Live Phone,Nonpartisan,NA,Trump,37
Michigan,24238,EPIC-MRA/Detroit Free Press/WXYZ-TV,2016-03-19,2016-03-22,Likely Voters,600,Live Phone,Nonpartisan,NA,Clinton,47
Michigan,24238,EPIC-MRA/Detroit Free Press/WXYZ-TV,2016-03-19,2016-03-22,Likely Voters,600,Live Phone,Nonpartisan,NA,Other,NA
Michigan,24238,EPIC-MRA/Detroit Free Press/WXYZ-TV,2016-03-19,2016-03-22,Likely Voters,600,Live Phone,Nonpartisan,NA,Undecided,16
Michigan,24238,EPIC-MRA/Detroit Free Press/WXYZ-TV,2016-03-19,2016-03-22,Likely Voters,600,Live Phone,Nonpartisan,NA,Johnson,NA
Michigan,24238,EPIC-MRA/Detroit Free Press/WXYZ-TV,2016-03-19,2016-03-22,Likely Voters,600,Live Phone,Nonpartisan,NA,McMullin,NA
Michigan,23993,NBC/WSJ/Marist,2016-03-01,2016-03-03,Registered Voters,2229,Live Phone,Nonpartisan,NA,Trump,36
Michigan,23993,NBC/WSJ/Marist,2016-03-01,2016-03-03,Registered Voters,2229,Live Phone,Nonpartisan,NA,Clinton,52
Michigan,23993,NBC/WSJ/Marist,2016-03-01,2016-03-03,Registered Voters,2229,Live Phone,Nonpartisan,NA,Other,NA
Michigan,23993,NBC/WSJ/Marist,2016-03-01,2016-03-03,Registered Voters,2229,Live Phone,Nonpartisan,NA,Undecided,13
Michigan,23993,NBC/WSJ/Marist,2016-03-01,2016-03-03,Registered Voters,2229,Live Phone,Nonpartisan,NA,Johnson,NA
Michigan,23993,NBC/WSJ/Marist,2016-03-01,2016-03-03,Registered Voters,2229,Live Phone,Nonpartisan,NA,McMullin,NA
Michigan,23917,Marketing Resource Group (R),2016-02-22,2016-02-27,Likely Voters,600,Live Phone,Pollster,Rep,Trump,39
Michigan,23917,Marketing Resource Group (R),2016-02-22,2016-02-27,Likely Voters,600,Live Phone,Pollster,Rep,Clinton,44
Michigan,23917,Marketing Resource Group (R),2016-02-22,2016-02-27,Likely Voters,600,Live Phone,Pollster,Rep,Other,4
Michigan,23917,Marketing Resource Group (R),2016-02-22,2016-02-27,Likely Voters,600,Live Phone,Pollster,Rep,Undecided,13
Michigan,23917,Marketing Resource Group (R),2016-02-22,2016-02-27,Likely Voters,600,Live Phone,Pollster,Rep,Johnson,NA
Michigan,23917,Marketing Resource Group (R),2016-02-22,2016-02-27,Likely Voters,600,Live Phone,Pollster,Rep,McMullin,NA
Michigan,23078,EPIC-MRA/Detroit Free Press/WXYZ-TV,2015-10-25,2015-10-31,Likely Voters,600,Live Phone,Nonpartisan,NA,Trump,38
Michigan,23078,EPIC-MRA/Detroit Free Press/WXYZ-TV,2015-10-25,2015-10-31,Likely Voters,600,Live Phone,Nonpartisan,NA,Clinton,46
Michigan,23078,EPIC-MRA/Detroit Free Press/WXYZ-TV,2015-10-25,2015-10-31,Likely Voters,600,Live Phone,Nonpartisan,NA,Other,NA
Michigan,23078,EPIC-MRA/Detroit Free Press/WXYZ-TV,2015-10-25,2015-10-31,Likely Voters,600,Live Phone,Nonpartisan,NA,Undecided,16
Michigan,23078,EPIC-MRA/Detroit Free Press/WXYZ-TV,2015-10-25,2015-10-31,Likely Voters,600,Live Phone,Nonpartisan,NA,Johnson,NA
Michigan,23078,EPIC-MRA/Detroit Free Press/WXYZ-TV,2015-10-25,2015-10-31,Likely Voters,600,Live Phone,Nonpartisan,NA,McMullin,NA
Michigan,22826,Mitchell Research (R)/Fox 2 Detroit,2015-09-18,2015-09-18,Likely Voters,1483,Automated Phone,Pollster,Rep,Trump,42
Michigan,22826,Mitchell Research (R)/Fox 2 Detroit,2015-09-18,2015-09-18,Likely Voters,1483,Automated Phone,Pollster,Rep,Clinton,42
Michigan,22826,Mitchell Research (R)/Fox 2 Detroit,2015-09-18,2015-09-18,Likely Voters,1483,Automated Phone,Pollster,Rep,Other,NA
Michigan,22826,Mitchell Research (R)/Fox 2 Detroit,2015-09-18,2015-09-18,Likely Voters,1483,Automated Phone,Pollster,Rep,Undecided,NA
Michigan,22826,Mitchell Research (R)/Fox 2 Detroit,2015-09-18,2015-09-18,Likely Voters,1483,Automated Phone,Pollster,Rep,Johnson,NA
Michigan,22826,Mitchell Research (R)/Fox 2 Detroit,2015-09-18,2015-09-18,Likely Voters,1483,Automated Phone,Pollster,Rep,McMullin,NA
Michigan,22759,Marketing Resource Group (R),2015-09-09,2015-09-14,Likely Voters,600,Live Phone,Pollster,Rep,Trump,40
Michigan,22759,Marketing Resource Group (R),2015-09-09,2015-09-14,Likely Voters,600,Live Phone,Pollster,Rep,Clinton,43
Michigan,22759,Marketing Resource Group (R),2015-09-09,2015-09-14,Likely Voters,600,Live Phone,Pollster,Rep,Other,NA
Michigan,22759,Marketing Resource Group (R),2015-09-09,2015-09-14,Likely Voters,600,Live Phone,Pollster,Rep,Undecided,NA
Michigan,22759,Marketing Resource Group (R),2015-09-09,2015-09-14,Likely Voters,600,Live Phone,Pollster,Rep,Johnson,NA
Michigan,22759,Marketing Resource Group (R),2015-09-09,2015-09-14,Likely Voters,600,Live Phone,Pollster,Rep,McMullin,NA
Michigan,22605,EPIC-MRA/Detroit Free Press/WXYZ-TV,2015-08-18,2015-08-22,Likely Voters,600,Live Phone,Nonpartisan,NA,Trump,42
Michigan,22605,EPIC-MRA/Detroit Free Press/WXYZ-TV,2015-08-18,2015-08-22,Likely Voters,600,Live Phone,Nonpartisan,NA,Clinton,44
Michigan,22605,EPIC-MRA/Detroit Free Press/WXYZ-TV,2015-08-18,2015-08-22,Likely Voters,600,Live Phone,Nonpartisan,NA,Other,NA
Michigan,22605,EPIC-MRA/Detroit Free Press/WXYZ-TV,2015-08-18,2015-08-22,Likely Voters,600,Live Phone,Nonpartisan,NA,Undecided,14
Michigan,22605,EPIC-MRA/Detroit Free Press/WXYZ-TV,2015-08-18,2015-08-22,Likely Voters,600,Live Phone,Nonpartisan,NA,Johnson,NA
Michigan,22605,EPIC-MRA/Detroit Free Press/WXYZ-TV,2015-08-18,2015-08-22,Likely Voters,600,Live Phone,Nonpartisan,NA,McMullin,NA
Michigan,22603,Mitchell Research (R)/Fox 2 Detroit,2015-08-10,2015-08-10,Likely Voters,1310,Automated Phone,Pollster,Rep,Trump,40
Michigan,22603,Mitchell Research (R)/Fox 2 Detroit,2015-08-10,2015-08-10,Likely Voters,1310,Automated Phone,Pollster,Rep,Clinton,39
Michigan,22603,Mitchell Research (R)/Fox 2 Detroit,2015-08-10,2015-08-10,Likely Voters,1310,Automated Phone,Pollster,Rep,Other,NA
Michigan,22603,Mitchell Research (R)/Fox 2 Detroit,2015-08-10,2015-08-10,Likely Voters,1310,Automated Phone,Pollster,Rep,Undecided,NA
Michigan,22603,Mitchell Research (R)/Fox 2 Detroit,2015-08-10,2015-08-10,Likely Voters,1310,Automated Phone,Pollster,Rep,Johnson,NA
Michigan,22603,Mitchell Research (R)/Fox 2 Detroit,2015-08-10,2015-08-10,Likely Voters,1310,Automated Phone,Pollster,Rep,McMullin,NA
Michigan,22328,PPP (D),2015-06-25,2015-06-28,Likely Voters,1072,IVR/Online,Pollster,Dem,Trump,39
Michigan,22328,PPP (D),2015-06-25,2015-06-28,Likely Voters,1072,IVR/Online,Pollster,Dem,Clinton,49
Michigan,22328,PPP (D),2015-06-25,2015-06-28,Likely Voters,1072,IVR/Online,Pollster,Dem,Other,NA
Michigan,22328,PPP (D),2015-06-25,2015-06-28,Likely Voters,1072,IVR/Online,Pollster,Dem,Undecided,12
Michigan,22328,PPP (D),2015-06-25,2015-06-28,Likely Voters,1072,IVR/Online,Pollster,Dem,Johnson,NA
Michigan,22328,PPP (D),2015-06-25,2015-06-28,Likely Voters,1072,IVR/Online,Pollster,Dem,McMullin,NA
Arizona,26807,SurveyMonkey,2016-11-01,2016-11-07,Likely Voters,2609,Internet,Nonpartisan,NA,Trump,42
Arizona,26807,SurveyMonkey,2016-11-01,2016-11-07,Likely Voters,2609,Internet,Nonpartisan,NA,Clinton,45
Arizona,26807,SurveyMonkey,2016-11-01,2016-11-07,Likely Voters,2609,Internet,Nonpartisan,NA,Other,3
Arizona,26807,SurveyMonkey,2016-11-01,2016-11-07,Likely Voters,2609,Internet,Nonpartisan,NA,Undecided,3
Arizona,26807,SurveyMonkey,2016-11-01,2016-11-07,Likely Voters,2609,Internet,Nonpartisan,NA,Johnson,NA
Arizona,26807,SurveyMonkey,2016-11-01,2016-11-07,Likely Voters,2609,Internet,Nonpartisan,NA,McMullin,NA
Arizona,26813,Insights West,2016-11-04,2016-11-06,Likely Voters,392,Internet,Nonpartisan,NA,Trump,43
Arizona,26813,Insights West,2016-11-04,2016-11-06,Likely Voters,392,Internet,Nonpartisan,NA,Clinton,41
Arizona,26813,Insights West,2016-11-04,2016-11-06,Likely Voters,392,Internet,Nonpartisan,NA,Other,3
Arizona,26813,Insights West,2016-11-04,2016-11-06,Likely Voters,392,Internet,Nonpartisan,NA,Undecided,8
Arizona,26813,Insights West,2016-11-04,2016-11-06,Likely Voters,392,Internet,Nonpartisan,NA,Johnson,NA
Arizona,26813,Insights West,2016-11-04,2016-11-06,Likely Voters,392,Internet,Nonpartisan,NA,McMullin,NA
Arizona,26792,Data Orbital (R),2016-11-04,2016-11-06,Likely Voters,550,Live Phone,Pollster,Rep,Trump,47
Arizona,26792,Data Orbital (R),2016-11-04,2016-11-06,Likely Voters,550,Live Phone,Pollster,Rep,Clinton,44
Arizona,26792,Data Orbital (R),2016-11-04,2016-11-06,Likely Voters,550,Live Phone,Pollster,Rep,Other,4
Arizona,26792,Data Orbital (R),2016-11-04,2016-11-06,Likely Voters,550,Live Phone,Pollster,Rep,Undecided,1
Arizona,26792,Data Orbital (R),2016-11-04,2016-11-06,Likely Voters,550,Live Phone,Pollster,Rep,Johnson,NA
Arizona,26792,Data Orbital (R),2016-11-04,2016-11-06,Likely Voters,550,Live Phone,Pollster,Rep,McMullin,NA
Arizona,26793,UPI/CVOTER,2016-10-30,2016-11-06,Likely Voters,354,Internet,Nonpartisan,NA,Trump,50
Arizona,26793,UPI/CVOTER,2016-10-30,2016-11-06,Likely Voters,354,Internet,Nonpartisan,NA,Clinton,43
Arizona,26793,UPI/CVOTER,2016-10-30,2016-11-06,Likely Voters,354,Internet,Nonpartisan,NA,Other,7
Arizona,26793,UPI/CVOTER,2016-10-30,2016-11-06,Likely Voters,354,Internet,Nonpartisan,NA,Undecided,NA
Arizona,26793,UPI/CVOTER,2016-10-30,2016-11-06,Likely Voters,354,Internet,Nonpartisan,NA,Johnson,NA
Arizona,26793,UPI/CVOTER,2016-10-30,2016-11-06,Likely Voters,354,Internet,Nonpartisan,NA,McMullin,NA
Arizona,26806,Ipsos/Reuters,2016-10-17,2016-11-06,Likely Voters,857,Internet,Nonpartisan,NA,Trump,47
Arizona,26806,Ipsos/Reuters,2016-10-17,2016-11-06,Likely Voters,857,Internet,Nonpartisan,NA,Clinton,42
Arizona,26806,Ipsos/Reuters,2016-10-17,2016-11-06,Likely Voters,857,Internet,Nonpartisan,NA,Other,NA
Arizona,26806,Ipsos/Reuters,2016-10-17,2016-11-06,Likely Voters,857,Internet,Nonpartisan,NA,Undecided,11
Arizona,26806,Ipsos/Reuters,2016-10-17,2016-11-06,Likely Voters,857,Internet,Nonpartisan,NA,Johnson,NA
Arizona,26806,Ipsos/Reuters,2016-10-17,2016-11-06,Likely Voters,857,Internet,Nonpartisan,NA,McMullin,NA
Arizona,26711,Data Orbital (R),2016-11-01,2016-11-02,Likely Voters,550,Live Phone,Pollster,Rep,Trump,47
Arizona,26711,Data Orbital (R),2016-11-01,2016-11-02,Likely Voters,550,Live Phone,Pollster,Rep,Clinton,39
Arizona,26711,Data Orbital (R),2016-11-01,2016-11-02,Likely Voters,550,Live Phone,Pollster,Rep,Other,4
Arizona,26711,Data Orbital (R),2016-11-01,2016-11-02,Likely Voters,550,Live Phone,Pollster,Rep,Undecided,7
Arizona,26711,Data Orbital (R),2016-11-01,2016-11-02,Likely Voters,550,Live Phone,Pollster,Rep,Johnson,NA
Arizona,26711,Data Orbital (R),2016-11-01,2016-11-02,Likely Voters,550,Live Phone,Pollster,Rep,McMullin,NA
Arizona,26682,NBC/WSJ/Marist,2016-10-30,2016-11-01,Likely Voters,719,Live Phone,Nonpartisan,NA,Trump,46
Arizona,26682,NBC/WSJ/Marist,2016-10-30,2016-11-01,Likely Voters,719,Live Phone,Nonpartisan,NA,Clinton,41
Arizona,26682,NBC/WSJ/Marist,2016-10-30,2016-11-01,Likely Voters,719,Live Phone,Nonpartisan,NA,Other,12
Arizona,26682,NBC/WSJ/Marist,2016-10-30,2016-11-01,Likely Voters,719,Live Phone,Nonpartisan,NA,Undecided,2
Arizona,26682,NBC/WSJ/Marist,2016-10-30,2016-11-01,Likely Voters,719,Live Phone,Nonpartisan,NA,Johnson,NA
Arizona,26682,NBC/WSJ/Marist,2016-10-30,2016-11-01,Likely Voters,719,Live Phone,Nonpartisan,NA,McMullin,NA
Arizona,26645,Lucid/The Times-Picayune,2016-10-28,2016-11-01,Likely Voters,1113,Internet,Nonpartisan,NA,Trump,42
Arizona,26645,Lucid/The Times-Picayune,2016-10-28,2016-11-01,Likely Voters,1113,Internet,Nonpartisan,NA,Clinton,41
Arizona,26645,Lucid/The Times-Picayune,2016-10-28,2016-11-01,Likely Voters,1113,Internet,Nonpartisan,NA,Other,3
Arizona,26645,Lucid/The Times-Picayune,2016-10-28,2016-11-01,Likely Voters,1113,Internet,Nonpartisan,NA,Undecided,6
Arizona,26645,Lucid/The Times-Picayune,2016-10-28,2016-11-01,Likely Voters,1113,Internet,Nonpartisan,NA,Johnson,NA
Arizona,26645,Lucid/The Times-Picayune,2016-10-28,2016-11-01,Likely Voters,1113,Internet,Nonpartisan,NA,McMullin,NA
Arizona,26620,CNN,2016-10-27,2016-11-01,Likely Voters,769,Live Phone,Nonpartisan,NA,Trump,49
Arizona,26620,CNN,2016-10-27,2016-11-01,Likely Voters,769,Live Phone,Nonpartisan,NA,Clinton,44
Arizona,26620,CNN,2016-10-27,2016-11-01,Likely Voters,769,Live Phone,Nonpartisan,NA,Other,1
Arizona,26620,CNN,2016-10-27,2016-11-01,Likely Voters,769,Live Phone,Nonpartisan,NA,Undecided,0
Arizona,26620,CNN,2016-10-27,2016-11-01,Likely Voters,769,Live Phone,Nonpartisan,NA,Johnson,NA
Arizona,26620,CNN,2016-10-27,2016-11-01,Likely Voters,769,Live Phone,Nonpartisan,NA,McMullin,NA
Arizona,26651,Saguaro,2016-10-29,2016-10-31,Likely Voters,2229,Internet,Nonpartisan,NA,Trump,44
Arizona,26651,Saguaro,2016-10-29,2016-10-31,Likely Voters,2229,Internet,Nonpartisan,NA,Clinton,45
Arizona,26651,Saguaro,2016-10-29,2016-10-31,Likely Voters,2229,Internet,Nonpartisan,NA,Other,4
Arizona,26651,Saguaro,2016-10-29,2016-10-31,Likely Voters,2229,Internet,Nonpartisan,NA,Undecided,NA
Arizona,26651,Saguaro,2016-10-29,2016-10-31,Likely Voters,2229,Internet,Nonpartisan,NA,Johnson,NA
Arizona,26651,Saguaro,2016-10-29,2016-10-31,Likely Voters,2229,Internet,Nonpartisan,NA,McMullin,NA
Arizona,26596,SurveyMonkey,2016-10-25,2016-10-31,Likely Voters,1457,Internet,Nonpartisan,NA,Trump,44
Arizona,26596,SurveyMonkey,2016-10-25,2016-10-31,Likely Voters,1457,Internet,Nonpartisan,NA,Clinton,43
Arizona,26596,SurveyMonkey,2016-10-25,2016-10-31,Likely Voters,1457,Internet,Nonpartisan,NA,Other,2
Arizona,26596,SurveyMonkey,2016-10-25,2016-10-31,Likely Voters,1457,Internet,Nonpartisan,NA,Undecided,3
Arizona,26596,SurveyMonkey,2016-10-25,2016-10-31,Likely Voters,1457,Internet,Nonpartisan,NA,Johnson,NA
Arizona,26596,SurveyMonkey,2016-10-25,2016-10-31,Likely Voters,1457,Internet,Nonpartisan,NA,McMullin,NA
Arizona,26599,Data Orbital (R),2016-10-29,2016-10-30,Likely Voters,550,Live Phone,Pollster,Rep,Trump,45
Arizona,26599,Data Orbital (R),2016-10-29,2016-10-30,Likely Voters,550,Live Phone,Pollster,Rep,Clinton,41
Arizona,26599,Data Orbital (R),2016-10-29,2016-10-30,Likely Voters,550,Live Phone,Pollster,Rep,Other,3
Arizona,26599,Data Orbital (R),2016-10-29,2016-10-30,Likely Voters,550,Live Phone,Pollster,Rep,Undecided,8
Arizona,26599,Data Orbital (R),2016-10-29,2016-10-30,Likely Voters,550,Live Phone,Pollster,Rep,Johnson,NA
Arizona,26599,Data Orbital (R),2016-10-29,2016-10-30,Likely Voters,550,Live Phone,Pollster,Rep,McMullin,NA
Arizona,26592,UPI/CVOTER,2016-10-23,2016-10-29,Likely Voters,373,Internet,Nonpartisan,NA,Trump,51
Arizona,26592,UPI/CVOTER,2016-10-23,2016-10-29,Likely Voters,373,Internet,Nonpartisan,NA,Clinton,43
Arizona,26592,UPI/CVOTER,2016-10-23,2016-10-29,Likely Voters,373,Internet,Nonpartisan,NA,Other,5
Arizona,26592,UPI/CVOTER,2016-10-23,2016-10-29,Likely Voters,373,Internet,Nonpartisan,NA,Undecided,NA
Arizona,26592,UPI/CVOTER,2016-10-23,2016-10-29,Likely Voters,373,Internet,Nonpartisan,NA,Johnson,NA
Arizona,26592,UPI/CVOTER,2016-10-23,2016-10-29,Likely Voters,373,Internet,Nonpartisan,NA,McMullin,NA
Arizona,26549,CBS/YouGov,2016-10-26,2016-10-28,Likely Voters,994,Internet,Nonpartisan,NA,Trump,44
Arizona,26549,CBS/YouGov,2016-10-26,2016-10-28,Likely Voters,994,Internet,Nonpartisan,NA,Clinton,42
Arizona,26549,CBS/YouGov,2016-10-26,2016-10-28,Likely Voters,994,Internet,Nonpartisan,NA,Other,9
Arizona,26549,CBS/YouGov,2016-10-26,2016-10-28,Likely Voters,994,Internet,Nonpartisan,NA,Undecided,5
Arizona,26549,CBS/YouGov,2016-10-26,2016-10-28,Likely Voters,994,Internet,Nonpartisan,NA,Johnson,NA
Arizona,26549,CBS/YouGov,2016-10-26,2016-10-28,Likely Voters,994,Internet,Nonpartisan,NA,McMullin,NA
Arizona,26536,Data Orbital (R),2016-10-26,2016-10-27,Likely Voters,550,Live Phone,Pollster,Rep,Trump,42
Arizona,26536,Data Orbital (R),2016-10-26,2016-10-27,Likely Voters,550,Live Phone,Pollster,Rep,Clinton,40
Arizona,26536,Data Orbital (R),2016-10-26,2016-10-27,Likely Voters,550,Live Phone,Pollster,Rep,Other,4
Arizona,26536,Data Orbital (R),2016-10-26,2016-10-27,Likely Voters,550,Live Phone,Pollster,Rep,Undecided,10
Arizona,26536,Data Orbital (R),2016-10-26,2016-10-27,Likely Voters,550,Live Phone,Pollster,Rep,Johnson,NA
Arizona,26536,Data Orbital (R),2016-10-26,2016-10-27,Likely Voters,550,Live Phone,Pollster,Rep,McMullin,NA
Arizona,26523,Saguaro,2016-10-22,2016-10-24,Likely Voters,2385,Internet,Nonpartisan,NA,Trump,46
Arizona,26523,Saguaro,2016-10-22,2016-10-24,Likely Voters,2385,Internet,Nonpartisan,NA,Clinton,48
Arizona,26523,Saguaro,2016-10-22,2016-10-24,Likely Voters,2385,Internet,Nonpartisan,NA,Other,1
Arizona,26523,Saguaro,2016-10-22,2016-10-24,Likely Voters,2385,Internet,Nonpartisan,NA,Undecided,NA
Arizona,26523,Saguaro,2016-10-22,2016-10-24,Likely Voters,2385,Internet,Nonpartisan,NA,Johnson,NA
Arizona,26523,Saguaro,2016-10-22,2016-10-24,Likely Voters,2385,Internet,Nonpartisan,NA,McMullin,NA
Arizona,26428,Monmouth University,2016-10-21,2016-10-24,Likely Voters,401,Live Phone,Nonpartisan,NA,Trump,46
Arizona,26428,Monmouth University,2016-10-21,2016-10-24,Likely Voters,401,Live Phone,Nonpartisan,NA,Clinton,45
Arizona,26428,Monmouth University,2016-10-21,2016-10-24,Likely Voters,401,Live Phone,Nonpartisan,NA,Other,3
Arizona,26428,Monmouth University,2016-10-21,2016-10-24,Likely Voters,401,Live Phone,Nonpartisan,NA,Undecided,3
Arizona,26428,Monmouth University,2016-10-21,2016-10-24,Likely Voters,401,Live Phone,Nonpartisan,NA,Johnson,NA
Arizona,26428,Monmouth University,2016-10-21,2016-10-24,Likely Voters,401,Live Phone,Nonpartisan,NA,McMullin,NA
Arizona,26441,SurveyMonkey,2016-10-18,2016-10-24,Likely Voters,1550,Internet,Nonpartisan,NA,Trump,42
Arizona,26441,SurveyMonkey,2016-10-18,2016-10-24,Likely Voters,1550,Internet,Nonpartisan,NA,Clinton,41
Arizona,26441,SurveyMonkey,2016-10-18,2016-10-24,Likely Voters,1550,Internet,Nonpartisan,NA,Other,4
Arizona,26441,SurveyMonkey,2016-10-18,2016-10-24,Likely Voters,1550,Internet,Nonpartisan,NA,Undecided,2
Arizona,26441,SurveyMonkey,2016-10-18,2016-10-24,Likely Voters,1550,Internet,Nonpartisan,NA,Johnson,NA
Arizona,26441,SurveyMonkey,2016-10-18,2016-10-24,Likely Voters,1550,Internet,Nonpartisan,NA,McMullin,NA
Arizona,26340,Data Orbital (R),2016-10-17,2016-10-18,Likely Voters,550,Live Phone,Pollster,Rep,Trump,41
Arizona,26340,Data Orbital (R),2016-10-17,2016-10-18,Likely Voters,550,Live Phone,Pollster,Rep,Clinton,41
Arizona,26340,Data Orbital (R),2016-10-17,2016-10-18,Likely Voters,550,Live Phone,Pollster,Rep,Other,3
Arizona,26340,Data Orbital (R),2016-10-17,2016-10-18,Likely Voters,550,Live Phone,Pollster,Rep,Undecided,10
Arizona,26340,Data Orbital (R),2016-10-17,2016-10-18,Likely Voters,550,Live Phone,Pollster,Rep,Johnson,NA
Arizona,26340,Data Orbital (R),2016-10-17,2016-10-18,Likely Voters,550,Live Phone,Pollster,Rep,McMullin,NA
Arizona,26443,Ipsos/Reuters,2016-10-06,2016-10-18,Likely Voters,1538,Internet,Nonpartisan,NA,Trump,45
Arizona,26443,Ipsos/Reuters,2016-10-06,2016-10-18,Likely Voters,1538,Internet,Nonpartisan,NA,Clinton,38
Arizona,26443,Ipsos/Reuters,2016-10-06,2016-10-18,Likely Voters,1538,Internet,Nonpartisan,NA,Other,8
Arizona,26443,Ipsos/Reuters,2016-10-06,2016-10-18,Likely Voters,1538,Internet,Nonpartisan,NA,Undecided,9
Arizona,26443,Ipsos/Reuters,2016-10-06,2016-10-18,Likely Voters,1538,Internet,Nonpartisan,NA,Johnson,NA
Arizona,26443,Ipsos/Reuters,2016-10-06,2016-10-18,Likely Voters,1538,Internet,Nonpartisan,NA,McMullin,NA
Arizona,26238,WashPost/SurveyMonkey,2016-10-08,2016-10-16,Likely Voters,1028,Internet,Nonpartisan,NA,Trump,47
Arizona,26238,WashPost/SurveyMonkey,2016-10-08,2016-10-16,Likely Voters,1028,Internet,Nonpartisan,NA,Clinton,46
Arizona,26238,WashPost/SurveyMonkey,2016-10-08,2016-10-16,Likely Voters,1028,Internet,Nonpartisan,NA,Other,NA
Arizona,26238,WashPost/SurveyMonkey,2016-10-08,2016-10-16,Likely Voters,1028,Internet,Nonpartisan,NA,Undecided,7
Arizona,26238,WashPost/SurveyMonkey,2016-10-08,2016-10-16,Likely Voters,1028,Internet,Nonpartisan,NA,Johnson,NA
Arizona,26238,WashPost/SurveyMonkey,2016-10-08,2016-10-16,Likely Voters,1028,Internet,Nonpartisan,NA,McMullin,NA
Arizona,26264,Arizona Republic/Morrison/Cronkite News,2016-10-10,2016-10-15,Likely Voters,713,Live Phone,Nonpartisan,NA,Trump,38
Arizona,26264,Arizona Republic/Morrison/Cronkite News,2016-10-10,2016-10-15,Likely Voters,713,Live Phone,Nonpartisan,NA,Clinton,43
Arizona,26264,Arizona Republic/Morrison/Cronkite News,2016-10-10,2016-10-15,Likely Voters,713,Live Phone,Nonpartisan,NA,Other,4
Arizona,26264,Arizona Republic/Morrison/Cronkite News,2016-10-10,2016-10-15,Likely Voters,713,Live Phone,Nonpartisan,NA,Undecided,8
Arizona,26264,Arizona Republic/Morrison/Cronkite News,2016-10-10,2016-10-15,Likely Voters,713,Live Phone,Nonpartisan,NA,Johnson,NA
Arizona,26264,Arizona Republic/Morrison/Cronkite News,2016-10-10,2016-10-15,Likely Voters,713,Live Phone,Nonpartisan,NA,McMullin,NA
Arizona,26220,HighGround,2016-10-14,2016-10-14,Likely Voters,400,Live Phone,Nonpartisan,NA,Trump,37
Arizona,26220,HighGround,2016-10-14,2016-10-14,Likely Voters,400,Live Phone,Nonpartisan,NA,Clinton,39
Arizona,26220,HighGround,2016-10-14,2016-10-14,Likely Voters,400,Live Phone,Nonpartisan,NA,Other,8
Arizona,26220,HighGround,2016-10-14,2016-10-14,Likely Voters,400,Live Phone,Nonpartisan,NA,Undecided,10
Arizona,26220,HighGround,2016-10-14,2016-10-14,Likely Voters,400,Live Phone,Nonpartisan,NA,Johnson,NA
Arizona,26220,HighGround,2016-10-14,2016-10-14,Likely Voters,400,Live Phone,Nonpartisan,NA,McMullin,NA
Arizona,26344,Ipsos/Reuters,2016-09-23,2016-10-13,Likely Voters,1665,Internet,Nonpartisan,NA,Trump,45
Arizona,26344,Ipsos/Reuters,2016-09-23,2016-10-13,Likely Voters,1665,Internet,Nonpartisan,NA,Clinton,39
Arizona,26344,Ipsos/Reuters,2016-09-23,2016-10-13,Likely Voters,1665,Internet,Nonpartisan,NA,Other,NA
Arizona,26344,Ipsos/Reuters,2016-09-23,2016-10-13,Likely Voters,1665,Internet,Nonpartisan,NA,Undecided,16
Arizona,26344,Ipsos/Reuters,2016-09-23,2016-10-13,Likely Voters,1665,Internet,Nonpartisan,NA,Johnson,NA
Arizona,26344,Ipsos/Reuters,2016-09-23,2016-10-13,Likely Voters,1665,Internet,Nonpartisan,NA,McMullin,NA
Arizona,26205,Data Orbital (R),2016-10-11,2016-10-12,Likely Voters,550,Live Phone,Pollster,Rep,Trump,42
Arizona,26205,Data Orbital (R),2016-10-11,2016-10-12,Likely Voters,550,Live Phone,Pollster,Rep,Clinton,43
Arizona,26205,Data Orbital (R),2016-10-11,2016-10-12,Likely Voters,550,Live Phone,Pollster,Rep,Other,NA
Arizona,26205,Data Orbital (R),2016-10-11,2016-10-12,Likely Voters,550,Live Phone,Pollster,Rep,Undecided,10
Arizona,26205,Data Orbital (R),2016-10-11,2016-10-12,Likely Voters,550,Live Phone,Pollster,Rep,Johnson,NA
Arizona,26205,Data Orbital (R),2016-10-11,2016-10-12,Likely Voters,550,Live Phone,Pollster,Rep,McMullin,NA
Arizona,25986,OH Predictive Insights (R),2016-09-28,2016-09-30,Likely Voters,718,IVR/Live Phone,Pollster,Rep,Trump,42
Arizona,25986,OH Predictive Insights (R),2016-09-28,2016-09-30,Likely Voters,718,IVR/Live Phone,Pollster,Rep,Clinton,42
Arizona,25986,OH Predictive Insights (R),2016-09-28,2016-09-30,Likely Voters,718,IVR/Live Phone,Pollster,Rep,Other,1
Arizona,25986,OH Predictive Insights (R),2016-09-28,2016-09-30,Likely Voters,718,IVR/Live Phone,Pollster,Rep,Undecided,9
Arizona,25986,OH Predictive Insights (R),2016-09-28,2016-09-30,Likely Voters,718,IVR/Live Phone,Pollster,Rep,Johnson,NA
Arizona,25986,OH Predictive Insights (R),2016-09-28,2016-09-30,Likely Voters,718,IVR/Live Phone,Pollster,Rep,McMullin,NA
Arizona,25851,Ipsos/Reuters,2016-09-09,2016-09-29,Likely Voters,802,Internet,Nonpartisan,NA,Trump,46
Arizona,25851,Ipsos/Reuters,2016-09-09,2016-09-29,Likely Voters,802,Internet,Nonpartisan,NA,Clinton,44
Arizona,25851,Ipsos/Reuters,2016-09-09,2016-09-29,Likely Voters,802,Internet,Nonpartisan,NA,Other,NA
Arizona,25851,Ipsos/Reuters,2016-09-09,2016-09-29,Likely Voters,802,Internet,Nonpartisan,NA,Undecided,10
Arizona,25851,Ipsos/Reuters,2016-09-09,2016-09-29,Likely Voters,802,Internet,Nonpartisan,NA,Johnson,NA
Arizona,25851,Ipsos/Reuters,2016-09-09,2016-09-29,Likely Voters,802,Internet,Nonpartisan,NA,McMullin,NA
Arizona,25721,Data Orbital (R),2016-09-20,2016-09-22,Likely Voters,550,Live Phone,Pollster,Rep,Trump,40
Arizona,25721,Data Orbital (R),2016-09-20,2016-09-22,Likely Voters,550,Live Phone,Pollster,Rep,Clinton,38
Arizona,25721,Data Orbital (R),2016-09-20,2016-09-22,Likely Voters,550,Live Phone,Pollster,Rep,Other,NA
Arizona,25721,Data Orbital (R),2016-09-20,2016-09-22,Likely Voters,550,Live Phone,Pollster,Rep,Undecided,14
Arizona,25721,Data Orbital (R),2016-09-20,2016-09-22,Likely Voters,550,Live Phone,Pollster,Rep,Johnson,NA
Arizona,25721,Data Orbital (R),2016-09-20,2016-09-22,Likely Voters,550,Live Phone,Pollster,Rep,McMullin,NA
Arizona,25626,Insights West,2016-09-12,2016-09-14,Likely Voters,484,Internet,Nonpartisan,NA,Trump,37
Arizona,25626,Insights West,2016-09-12,2016-09-14,Likely Voters,484,Internet,Nonpartisan,NA,Clinton,33
Arizona,25626,Insights West,2016-09-12,2016-09-14,Likely Voters,484,Internet,Nonpartisan,NA,Other,3
Arizona,25626,Insights West,2016-09-12,2016-09-14,Likely Voters,484,Internet,Nonpartisan,NA,Undecided,19
Arizona,25626,Insights West,2016-09-12,2016-09-14,Likely Voters,484,Internet,Nonpartisan,NA,Johnson,NA
Arizona,25626,Insights West,2016-09-12,2016-09-14,Likely Voters,484,Internet,Nonpartisan,NA,McMullin,NA
Arizona,25445,NBC/WSJ/Marist,2016-09-06,2016-09-08,Likely Voters,649,Live Phone,Nonpartisan,NA,Trump,42
Arizona,25445,NBC/WSJ/Marist,2016-09-06,2016-09-08,Likely Voters,649,Live Phone,Nonpartisan,NA,Clinton,41
Arizona,25445,NBC/WSJ/Marist,2016-09-06,2016-09-08,Likely Voters,649,Live Phone,Nonpartisan,NA,Other,12
Arizona,25445,NBC/WSJ/Marist,2016-09-06,2016-09-08,Likely Voters,649,Live Phone,Nonpartisan,NA,Undecided,4
Arizona,25445,NBC/WSJ/Marist,2016-09-06,2016-09-08,Likely Voters,649,Live Phone,Nonpartisan,NA,Johnson,NA
Arizona,25445,NBC/WSJ/Marist,2016-09-06,2016-09-08,Likely Voters,649,Live Phone,Nonpartisan,NA,McMullin,NA
Arizona,25351,WashPost/SurveyMonkey,2016-08-09,2016-09-01,Registered Voters,2026,Internet,Nonpartisan,NA,Trump,45
Arizona,25351,WashPost/SurveyMonkey,2016-08-09,2016-09-01,Registered Voters,2026,Internet,Nonpartisan,NA,Clinton,46
Arizona,25351,WashPost/SurveyMonkey,2016-08-09,2016-09-01,Registered Voters,2026,Internet,Nonpartisan,NA,Other,NA
Arizona,25351,WashPost/SurveyMonkey,2016-08-09,2016-09-01,Registered Voters,2026,Internet,Nonpartisan,NA,Undecided,9
Arizona,25351,WashPost/SurveyMonkey,2016-08-09,2016-09-01,Registered Voters,2026,Internet,Nonpartisan,NA,Johnson,NA
Arizona,25351,WashPost/SurveyMonkey,2016-08-09,2016-09-01,Registered Voters,2026,Internet,Nonpartisan,NA,McMullin,NA
Arizona,26257,Arizona Republic/Morrison/Cronkite News,2016-08-17,2016-08-31,Likely Voters,704,Live Phone,Nonpartisan,NA,Trump,34
Arizona,26257,Arizona Republic/Morrison/Cronkite News,2016-08-17,2016-08-31,Likely Voters,704,Live Phone,Nonpartisan,NA,Clinton,35
Arizona,26257,Arizona Republic/Morrison/Cronkite News,2016-08-17,2016-08-31,Likely Voters,704,Live Phone,Nonpartisan,NA,Other,2
Arizona,26257,Arizona Republic/Morrison/Cronkite News,2016-08-17,2016-08-31,Likely Voters,704,Live Phone,Nonpartisan,NA,Undecided,23
Arizona,26257,Arizona Republic/Morrison/Cronkite News,2016-08-17,2016-08-31,Likely Voters,704,Live Phone,Nonpartisan,NA,Johnson,NA
Arizona,26257,Arizona Republic/Morrison/Cronkite News,2016-08-17,2016-08-31,Likely Voters,704,Live Phone,Nonpartisan,NA,McMullin,NA
Arizona,25314,PPP (D-NELP),2016-08-26,2016-08-28,Likely Voters,837,IVR/Online,Sponsor,Dem,Trump,46
Arizona,25314,PPP (D-NELP),2016-08-26,2016-08-28,Likely Voters,837,IVR/Online,Sponsor,Dem,Clinton,43
Arizona,25314,PPP (D-NELP),2016-08-26,2016-08-28,Likely Voters,837,IVR/Online,Sponsor,Dem,Other,NA
Arizona,25314,PPP (D-NELP),2016-08-26,2016-08-28,Likely Voters,837,IVR/Online,Sponsor,Dem,Undecided,11
Arizona,25314,PPP (D-NELP),2016-08-26,2016-08-28,Likely Voters,837,IVR/Online,Sponsor,Dem,Johnson,NA
Arizona,25314,PPP (D-NELP),2016-08-26,2016-08-28,Likely Voters,837,IVR/Online,Sponsor,Dem,McMullin,NA
Arizona,25280,OH Predictive Insights (R),2016-08-25,2016-08-27,Likely Voters,728,IVR/Live Phone,Pollster,Rep,Trump,39
Arizona,25280,OH Predictive Insights (R),2016-08-25,2016-08-27,Likely Voters,728,IVR/Live Phone,Pollster,Rep,Clinton,40
Arizona,25280,OH Predictive Insights (R),2016-08-25,2016-08-27,Likely Voters,728,IVR/Live Phone,Pollster,Rep,Other,1
Arizona,25280,OH Predictive Insights (R),2016-08-25,2016-08-27,Likely Voters,728,IVR/Live Phone,Pollster,Rep,Undecided,13
Arizona,25280,OH Predictive Insights (R),2016-08-25,2016-08-27,Likely Voters,728,IVR/Live Phone,Pollster,Rep,Johnson,NA
Arizona,25280,OH Predictive Insights (R),2016-08-25,2016-08-27,Likely Voters,728,IVR/Live Phone,Pollster,Rep,McMullin,NA
Arizona,25252,CNN,2016-08-18,2016-08-23,Likely Voters,809,Live Phone,Nonpartisan,NA,Trump,49
Arizona,25252,CNN,2016-08-18,2016-08-23,Likely Voters,809,Live Phone,Nonpartisan,NA,Clinton,44
Arizona,25252,CNN,2016-08-18,2016-08-23,Likely Voters,809,Live Phone,Nonpartisan,NA,Other,7
Arizona,25252,CNN,2016-08-18,2016-08-23,Likely Voters,809,Live Phone,Nonpartisan,NA,Undecided,0
Arizona,25252,CNN,2016-08-18,2016-08-23,Likely Voters,809,Live Phone,Nonpartisan,NA,Johnson,NA
Arizona,25252,CNN,2016-08-18,2016-08-23,Likely Voters,809,Live Phone,Nonpartisan,NA,McMullin,NA
Arizona,25079,CBS/YouGov,2016-08-02,2016-08-05,Likely Voters,1095,Internet,Nonpartisan,NA,Trump,44
Arizona,25079,CBS/YouGov,2016-08-02,2016-08-05,Likely Voters,1095,Internet,Nonpartisan,NA,Clinton,42
Arizona,25079,CBS/YouGov,2016-08-02,2016-08-05,Likely Voters,1095,Internet,Nonpartisan,NA,Other,9
Arizona,25079,CBS/YouGov,2016-08-02,2016-08-05,Likely Voters,1095,Internet,Nonpartisan,NA,Undecided,5
Arizona,25079,CBS/YouGov,2016-08-02,2016-08-05,Likely Voters,1095,Internet,Nonpartisan,NA,Johnson,NA
Arizona,25079,CBS/YouGov,2016-08-02,2016-08-05,Likely Voters,1095,Internet,Nonpartisan,NA,McMullin,NA
Arizona,24785,PPP (D-Americans United for Change/Constitutional Responsibility Project),2016-06-22,2016-06-23,Likely Voters,691,IVR/Online,Sponsor,Dem,Trump,44
Arizona,24785,PPP (D-Americans United for Change/Constitutional Responsibility Project),2016-06-22,2016-06-23,Likely Voters,691,IVR/Online,Sponsor,Dem,Clinton,40
Arizona,24785,PPP (D-Americans United for Change/Constitutional Responsibility Project),2016-06-22,2016-06-23,Likely Voters,691,IVR/Online,Sponsor,Dem,Other,NA
Arizona,24785,PPP (D-Americans United for Change/Constitutional Responsibility Project),2016-06-22,2016-06-23,Likely Voters,691,IVR/Online,Sponsor,Dem,Undecided,16
Arizona,24785,PPP (D-Americans United for Change/Constitutional Responsibility Project),2016-06-22,2016-06-23,Likely Voters,691,IVR/Online,Sponsor,Dem,Johnson,NA
Arizona,24785,PPP (D-Americans United for Change/Constitutional Responsibility Project),2016-06-22,2016-06-23,Likely Voters,691,IVR/Online,Sponsor,Dem,McMullin,NA
Arizona,24751,OH Predictive Insights (R),2016-06-20,2016-06-20,Likely Voters,1060,Automated Phone,Pollster,Rep,Trump,42
Arizona,24751,OH Predictive Insights (R),2016-06-20,2016-06-20,Likely Voters,1060,Automated Phone,Pollster,Rep,Clinton,47
Arizona,24751,OH Predictive Insights (R),2016-06-20,2016-06-20,Likely Voters,1060,Automated Phone,Pollster,Rep,Other,6
Arizona,24751,OH Predictive Insights (R),2016-06-20,2016-06-20,Likely Voters,1060,Automated Phone,Pollster,Rep,Undecided,6
Arizona,24751,OH Predictive Insights (R),2016-06-20,2016-06-20,Likely Voters,1060,Automated Phone,Pollster,Rep,Johnson,NA
Arizona,24751,OH Predictive Insights (R),2016-06-20,2016-06-20,Likely Voters,1060,Automated Phone,Pollster,Rep,McMullin,NA
Arizona,24841,GQR (D-Democracy Corps/Women's Voices Women Vote),2016-06-11,2016-06-20,Likely Voters,300,Live Phone,Sponsor,Dem,Trump,48
Arizona,24841,GQR (D-Democracy Corps/Women's Voices Women Vote),2016-06-11,2016-06-20,Likely Voters,300,Live Phone,Sponsor,Dem,Clinton,43
Arizona,24841,GQR (D-Democracy Corps/Women's Voices Women Vote),2016-06-11,2016-06-20,Likely Voters,300,Live Phone,Sponsor,Dem,Other,6
Arizona,24841,GQR (D-Democracy Corps/Women's Voices Women Vote),2016-06-11,2016-06-20,Likely Voters,300,Live Phone,Sponsor,Dem,Undecided,3
Arizona,24841,GQR (D-Democracy Corps/Women's Voices Women Vote),2016-06-11,2016-06-20,Likely Voters,300,Live Phone,Sponsor,Dem,Johnson,NA
Arizona,24841,GQR (D-Democracy Corps/Women's Voices Women Vote),2016-06-11,2016-06-20,Likely Voters,300,Live Phone,Sponsor,Dem,McMullin,NA
Arizona,24504,PPP (D),2016-05-13,2016-05-15,Likely Voters,896,IVR/Online,Pollster,Dem,Trump,40
Arizona,24504,PPP (D),2016-05-13,2016-05-15,Likely Voters,896,IVR/Online,Pollster,Dem,Clinton,38
Arizona,24504,PPP (D),2016-05-13,2016-05-15,Likely Voters,896,IVR/Online,Pollster,Dem,Other,2
Arizona,24504,PPP (D),2016-05-13,2016-05-15,Likely Voters,896,IVR/Online,Pollster,Dem,Undecided,13
Arizona,24504,PPP (D),2016-05-13,2016-05-15,Likely Voters,896,IVR/Online,Pollster,Dem,Johnson,NA
Arizona,24504,PPP (D),2016-05-13,2016-05-15,Likely Voters,896,IVR/Online,Pollster,Dem,McMullin,NA
Arizona,24357,Behavior Research Center,2016-04-04,2016-04-11,Registered Voters,564,Live Phone,Nonpartisan,NA,Trump,35
Arizona,24357,Behavior Research Center,2016-04-04,2016-04-11,Registered Voters,564,Live Phone,Nonpartisan,NA,Clinton,42
Arizona,24357,Behavior Research Center,2016-04-04,2016-04-11,Registered Voters,564,Live Phone,Nonpartisan,NA,Other,NA
Arizona,24357,Behavior Research Center,2016-04-04,2016-04-11,Registered Voters,564,Live Phone,Nonpartisan,NA,Undecided,23
Arizona,24357,Behavior Research Center,2016-04-04,2016-04-11,Registered Voters,564,Live Phone,Nonpartisan,NA,Johnson,NA
Arizona,24357,Behavior Research Center,2016-04-04,2016-04-11,Registered Voters,564,Live Phone,Nonpartisan,NA,McMullin,NA
Arizona,24105,Merrill/WestGroup,2016-03-07,2016-03-11,Likely Voters,701,Live Phone,Nonpartisan,NA,Trump,38
Arizona,24105,Merrill/WestGroup,2016-03-07,2016-03-11,Likely Voters,701,Live Phone,Nonpartisan,NA,Clinton,38
Arizona,24105,Merrill/WestGroup,2016-03-07,2016-03-11,Likely Voters,701,Live Phone,Nonpartisan,NA,Other,9
Arizona,24105,Merrill/WestGroup,2016-03-07,2016-03-11,Likely Voters,701,Live Phone,Nonpartisan,NA,Undecided,15
Arizona,24105,Merrill/WestGroup,2016-03-07,2016-03-11,Likely Voters,701,Live Phone,Nonpartisan,NA,Johnson,NA
Arizona,24105,Merrill/WestGroup,2016-03-07,2016-03-11,Likely Voters,701,Live Phone,Nonpartisan,NA,McMullin,NA
Arizona,23359,Strategies 360,2015-12-04,2015-12-09,Likely Voters,504,Live Phone,Nonpartisan,NA,Trump,44
Arizona,23359,Strategies 360,2015-12-04,2015-12-09,Likely Voters,504,Live Phone,Nonpartisan,NA,Clinton,42
Arizona,23359,Strategies 360,2015-12-04,2015-12-09,Likely Voters,504,Live Phone,Nonpartisan,NA,Other,NA
Arizona,23359,Strategies 360,2015-12-04,2015-12-09,Likely Voters,504,Live Phone,Nonpartisan,NA,Undecided,13
Arizona,23359,Strategies 360,2015-12-04,2015-12-09,Likely Voters,504,Live Phone,Nonpartisan,NA,Johnson,NA
Arizona,23359,Strategies 360,2015-12-04,2015-12-09,Likely Voters,504,Live Phone,Nonpartisan,NA,McMullin,NA
Minnesota,26807,SurveyMonkey,2016-11-01,2016-11-07,Likely Voters,1292,Internet,Nonpartisan,NA,Trump,39
Minnesota,26807,SurveyMonkey,2016-11-01,2016-11-07,Likely Voters,1292,Internet,Nonpartisan,NA,Clinton,46
Minnesota,26807,SurveyMonkey,2016-11-01,2016-11-07,Likely Voters,1292,Internet,Nonpartisan,NA,Other,12
Minnesota,26807,SurveyMonkey,2016-11-01,2016-11-07,Likely Voters,1292,Internet,Nonpartisan,NA,Undecided,3
Minnesota,26807,SurveyMonkey,2016-11-01,2016-11-07,Likely Voters,1292,Internet,Nonpartisan,NA,Johnson,NA
Minnesota,26807,SurveyMonkey,2016-11-01,2016-11-07,Likely Voters,1292,Internet,Nonpartisan,NA,McMullin,NA
Minnesota,26793,UPI/CVOTER,2016-10-30,2016-11-06,Likely Voters,330,Internet,Nonpartisan,NA,Trump,46
Minnesota,26793,UPI/CVOTER,2016-10-30,2016-11-06,Likely Voters,330,Internet,Nonpartisan,NA,Clinton,50
Minnesota,26793,UPI/CVOTER,2016-10-30,2016-11-06,Likely Voters,330,Internet,Nonpartisan,NA,Other,4
Minnesota,26793,UPI/CVOTER,2016-10-30,2016-11-06,Likely Voters,330,Internet,Nonpartisan,NA,Undecided,NA
Minnesota,26793,UPI/CVOTER,2016-10-30,2016-11-06,Likely Voters,330,Internet,Nonpartisan,NA,Johnson,NA
Minnesota,26793,UPI/CVOTER,2016-10-30,2016-11-06,Likely Voters,330,Internet,Nonpartisan,NA,McMullin,NA
Minnesota,26806,Ipsos/Reuters,2016-10-17,2016-11-06,Likely Voters,762,Internet,Nonpartisan,NA,Trump,36
Minnesota,26806,Ipsos/Reuters,2016-10-17,2016-11-06,Likely Voters,762,Internet,Nonpartisan,NA,Clinton,44
Minnesota,26806,Ipsos/Reuters,2016-10-17,2016-11-06,Likely Voters,762,Internet,Nonpartisan,NA,Other,NA
Minnesota,26806,Ipsos/Reuters,2016-10-17,2016-11-06,Likely Voters,762,Internet,Nonpartisan,NA,Undecided,20
Minnesota,26806,Ipsos/Reuters,2016-10-17,2016-11-06,Likely Voters,762,Internet,Nonpartisan,NA,Johnson,NA
Minnesota,26806,Ipsos/Reuters,2016-10-17,2016-11-06,Likely Voters,762,Internet,Nonpartisan,NA,McMullin,NA
Minnesota,26596,SurveyMonkey,2016-10-25,2016-10-31,Likely Voters,773,Internet,Nonpartisan,NA,Trump,37
Minnesota,26596,SurveyMonkey,2016-10-25,2016-10-31,Likely Voters,773,Internet,Nonpartisan,NA,Clinton,46
Minnesota,26596,SurveyMonkey,2016-10-25,2016-10-31,Likely Voters,773,Internet,Nonpartisan,NA,Other,13
Minnesota,26596,SurveyMonkey,2016-10-25,2016-10-31,Likely Voters,773,Internet,Nonpartisan,NA,Undecided,4
Minnesota,26596,SurveyMonkey,2016-10-25,2016-10-31,Likely Voters,773,Internet,Nonpartisan,NA,Johnson,NA
Minnesota,26596,SurveyMonkey,2016-10-25,2016-10-31,Likely Voters,773,Internet,Nonpartisan,NA,McMullin,NA
Minnesota,26592,UPI/CVOTER,2016-10-23,2016-10-29,Likely Voters,316,Internet,Nonpartisan,NA,Trump,47
Minnesota,26592,UPI/CVOTER,2016-10-23,2016-10-29,Likely Voters,316,Internet,Nonpartisan,NA,Clinton,50
Minnesota,26592,UPI/CVOTER,2016-10-23,2016-10-29,Likely Voters,316,Internet,Nonpartisan,NA,Other,3
Minnesota,26592,UPI/CVOTER,2016-10-23,2016-10-29,Likely Voters,316,Internet,Nonpartisan,NA,Undecided,NA
Minnesota,26592,UPI/CVOTER,2016-10-23,2016-10-29,Likely Voters,316,Internet,Nonpartisan,NA,Johnson,NA
Minnesota,26592,UPI/CVOTER,2016-10-23,2016-10-29,Likely Voters,316,Internet,Nonpartisan,NA,McMullin,NA
Minnesota,26558,SurveyUSA/KSTP-TV,2016-10-22,2016-10-25,Likely Voters,656,IVR/Online,Nonpartisan,NA,Trump,39
Minnesota,26558,SurveyUSA/KSTP-TV,2016-10-22,2016-10-25,Likely Voters,656,IVR/Online,Nonpartisan,NA,Clinton,49
Minnesota,26558,SurveyUSA/KSTP-TV,2016-10-22,2016-10-25,Likely Voters,656,IVR/Online,Nonpartisan,NA,Other,10
Minnesota,26558,SurveyUSA/KSTP-TV,2016-10-22,2016-10-25,Likely Voters,656,IVR/Online,Nonpartisan,NA,Undecided,3
Minnesota,26558,SurveyUSA/KSTP-TV,2016-10-22,2016-10-25,Likely Voters,656,IVR/Online,Nonpartisan,NA,Johnson,NA
Minnesota,26558,SurveyUSA/KSTP-TV,2016-10-22,2016-10-25,Likely Voters,656,IVR/Online,Nonpartisan,NA,McMullin,NA
Minnesota,26441,SurveyMonkey,2016-10-18,2016-10-24,Likely Voters,566,Internet,Nonpartisan,NA,Trump,36
Minnesota,26441,SurveyMonkey,2016-10-18,2016-10-24,Likely Voters,566,Internet,Nonpartisan,NA,Clinton,47
Minnesota,26441,SurveyMonkey,2016-10-18,2016-10-24,Likely Voters,566,Internet,Nonpartisan,NA,Other,14
Minnesota,26441,SurveyMonkey,2016-10-18,2016-10-24,Likely Voters,566,Internet,Nonpartisan,NA,Undecided,4
Minnesota,26441,SurveyMonkey,2016-10-18,2016-10-24,Likely Voters,566,Internet,Nonpartisan,NA,Johnson,NA
Minnesota,26441,SurveyMonkey,2016-10-18,2016-10-24,Likely Voters,566,Internet,Nonpartisan,NA,McMullin,NA
Minnesota,26415,Mason-Dixon/Star Tribune,2016-10-20,2016-10-22,Likely Voters,625,Live Phone,Nonpartisan,NA,Trump,39
Minnesota,26415,Mason-Dixon/Star Tribune,2016-10-20,2016-10-22,Likely Voters,625,Live Phone,Nonpartisan,NA,Clinton,47
Minnesota,26415,Mason-Dixon/Star Tribune,2016-10-20,2016-10-22,Likely Voters,625,Live Phone,Nonpartisan,NA,Other,8
Minnesota,26415,Mason-Dixon/Star Tribune,2016-10-20,2016-10-22,Likely Voters,625,Live Phone,Nonpartisan,NA,Undecided,6
Minnesota,26415,Mason-Dixon/Star Tribune,2016-10-20,2016-10-22,Likely Voters,625,Live Phone,Nonpartisan,NA,Johnson,NA
Minnesota,26415,Mason-Dixon/Star Tribune,2016-10-20,2016-10-22,Likely Voters,625,Live Phone,Nonpartisan,NA,McMullin,NA
Minnesota,26344,Ipsos/Reuters,2016-09-23,2016-10-13,Likely Voters,689,Internet,Nonpartisan,NA,Trump,36
Minnesota,26344,Ipsos/Reuters,2016-09-23,2016-10-13,Likely Voters,689,Internet,Nonpartisan,NA,Clinton,43
Minnesota,26344,Ipsos/Reuters,2016-09-23,2016-10-13,Likely Voters,689,Internet,Nonpartisan,NA,Other,NA
Minnesota,26344,Ipsos/Reuters,2016-09-23,2016-10-13,Likely Voters,689,Internet,Nonpartisan,NA,Undecided,21
Minnesota,26344,Ipsos/Reuters,2016-09-23,2016-10-13,Likely Voters,689,Internet,Nonpartisan,NA,Johnson,NA
Minnesota,26344,Ipsos/Reuters,2016-09-23,2016-10-13,Likely Voters,689,Internet,Nonpartisan,NA,McMullin,NA
Minnesota,26116,Ipsos/Reuters,2016-09-16,2016-10-06,Likely Voters,720,Internet,Nonpartisan,NA,Trump,38
Minnesota,26116,Ipsos/Reuters,2016-09-16,2016-10-06,Likely Voters,720,Internet,Nonpartisan,NA,Clinton,42
Minnesota,26116,Ipsos/Reuters,2016-09-16,2016-10-06,Likely Voters,720,Internet,Nonpartisan,NA,Other,NA
Minnesota,26116,Ipsos/Reuters,2016-09-16,2016-10-06,Likely Voters,720,Internet,Nonpartisan,NA,Undecided,20
Minnesota,26116,Ipsos/Reuters,2016-09-16,2016-10-06,Likely Voters,720,Internet,Nonpartisan,NA,Johnson,NA
Minnesota,26116,Ipsos/Reuters,2016-09-16,2016-10-06,Likely Voters,720,Internet,Nonpartisan,NA,McMullin,NA
Minnesota,25658,SurveyUSA/KSTP-TV,2016-09-16,2016-09-20,Likely Voters,625,IVR/Online,Nonpartisan,NA,Trump,39
Minnesota,25658,SurveyUSA/KSTP-TV,2016-09-16,2016-09-20,Likely Voters,625,IVR/Online,Nonpartisan,NA,Clinton,46
Minnesota,25658,SurveyUSA/KSTP-TV,2016-09-16,2016-09-20,Likely Voters,625,IVR/Online,Nonpartisan,NA,Other,9
Minnesota,25658,SurveyUSA/KSTP-TV,2016-09-16,2016-09-20,Likely Voters,625,IVR/Online,Nonpartisan,NA,Undecided,6
Minnesota,25658,SurveyUSA/KSTP-TV,2016-09-16,2016-09-20,Likely Voters,625,IVR/Online,Nonpartisan,NA,Johnson,NA
Minnesota,25658,SurveyUSA/KSTP-TV,2016-09-16,2016-09-20,Likely Voters,625,IVR/Online,Nonpartisan,NA,McMullin,NA
Minnesota,25556,Ipsos/Reuters,2016-08-26,2016-09-15,Likely Voters,641,Internet,Nonpartisan,NA,Trump,34
Minnesota,25556,Ipsos/Reuters,2016-08-26,2016-09-15,Likely Voters,641,Internet,Nonpartisan,NA,Clinton,44
Minnesota,25556,Ipsos/Reuters,2016-08-26,2016-09-15,Likely Voters,641,Internet,Nonpartisan,NA,Other,NA
Minnesota,25556,Ipsos/Reuters,2016-08-26,2016-09-15,Likely Voters,641,Internet,Nonpartisan,NA,Undecided,22
Minnesota,25556,Ipsos/Reuters,2016-08-26,2016-09-15,Likely Voters,641,Internet,Nonpartisan,NA,Johnson,NA
Minnesota,25556,Ipsos/Reuters,2016-08-26,2016-09-15,Likely Voters,641,Internet,Nonpartisan,NA,McMullin,NA
Minnesota,25521,Mason-Dixon/Star Tribune,2016-09-12,2016-09-14,Registered Voters,625,Live Phone,Nonpartisan,NA,Trump,38
Minnesota,25521,Mason-Dixon/Star Tribune,2016-09-12,2016-09-14,Registered Voters,625,Live Phone,Nonpartisan,NA,Clinton,44
Minnesota,25521,Mason-Dixon/Star Tribune,2016-09-12,2016-09-14,Registered Voters,625,Live Phone,Nonpartisan,NA,Other,8
Minnesota,25521,Mason-Dixon/Star Tribune,2016-09-12,2016-09-14,Registered Voters,625,Live Phone,Nonpartisan,NA,Undecided,10
Minnesota,25521,Mason-Dixon/Star Tribune,2016-09-12,2016-09-14,Registered Voters,625,Live Phone,Nonpartisan,NA,Johnson,NA
Minnesota,25521,Mason-Dixon/Star Tribune,2016-09-12,2016-09-14,Registered Voters,625,Live Phone,Nonpartisan,NA,McMullin,NA
Minnesota,25373,WashPost/SurveyMonkey,2016-08-09,2016-09-01,Registered Voters,2054,Internet,Nonpartisan,NA,Trump,40
Minnesota,25373,WashPost/SurveyMonkey,2016-08-09,2016-09-01,Registered Voters,2054,Internet,Nonpartisan,NA,Clinton,49
Minnesota,25373,WashPost/SurveyMonkey,2016-08-09,2016-09-01,Registered Voters,2054,Internet,Nonpartisan,NA,Other,NA
Minnesota,25373,WashPost/SurveyMonkey,2016-08-09,2016-09-01,Registered Voters,2054,Internet,Nonpartisan,NA,Undecided,10
Minnesota,25373,WashPost/SurveyMonkey,2016-08-09,2016-09-01,Registered Voters,2054,Internet,Nonpartisan,NA,Johnson,NA
Minnesota,25373,WashPost/SurveyMonkey,2016-08-09,2016-09-01,Registered Voters,2054,Internet,Nonpartisan,NA,McMullin,NA
Minnesota,23574,Mason-Dixon/Star Tribune,2016-01-18,2016-01-20,Registered Voters,800,Live Phone,Nonpartisan,NA,Trump,38
Minnesota,23574,Mason-Dixon/Star Tribune,2016-01-18,2016-01-20,Registered Voters,800,Live Phone,Nonpartisan,NA,Clinton,43
Minnesota,23574,Mason-Dixon/Star Tribune,2016-01-18,2016-01-20,Registered Voters,800,Live Phone,Nonpartisan,NA,Other,NA
Minnesota,23574,Mason-Dixon/Star Tribune,2016-01-18,2016-01-20,Registered Voters,800,Live Phone,Nonpartisan,NA,Undecided,19
Minnesota,23574,Mason-Dixon/Star Tribune,2016-01-18,2016-01-20,Registered Voters,800,Live Phone,Nonpartisan,NA,Johnson,NA
Minnesota,23574,Mason-Dixon/Star Tribune,2016-01-18,2016-01-20,Registered Voters,800,Live Phone,Nonpartisan,NA,McMullin,NA
Minnesota,23089,SurveyUSA/KSTP-TV,2015-10-29,2015-11-02,Registered Voters,516,IVR/Online,Nonpartisan,NA,Trump,45
Minnesota,23089,SurveyUSA/KSTP-TV,2015-10-29,2015-11-02,Registered Voters,516,IVR/Online,Nonpartisan,NA,Clinton,42
Minnesota,23089,SurveyUSA/KSTP-TV,2015-10-29,2015-11-02,Registered Voters,516,IVR/Online,Nonpartisan,NA,Other,NA
Minnesota,23089,SurveyUSA/KSTP-TV,2015-10-29,2015-11-02,Registered Voters,516,IVR/Online,Nonpartisan,NA,Undecided,13
Minnesota,23089,SurveyUSA/KSTP-TV,2015-10-29,2015-11-02,Registered Voters,516,IVR/Online,Nonpartisan,NA,Johnson,NA
Minnesota,23089,SurveyUSA/KSTP-TV,2015-10-29,2015-11-02,Registered Voters,516,IVR/Online,Nonpartisan,NA,McMullin,NA
Minnesota,22481,PPP (D),2015-07-30,2015-08-02,Likely Voters,1015,IVR/Online,Pollster,Dem,Trump,39
Minnesota,22481,PPP (D),2015-07-30,2015-08-02,Likely Voters,1015,IVR/Online,Pollster,Dem,Clinton,44
Minnesota,22481,PPP (D),2015-07-30,2015-08-02,Likely Voters,1015,IVR/Online,Pollster,Dem,Other,NA
Minnesota,22481,PPP (D),2015-07-30,2015-08-02,Likely Voters,1015,IVR/Online,Pollster,Dem,Undecided,17
Minnesota,22481,PPP (D),2015-07-30,2015-08-02,Likely Voters,1015,IVR/Online,Pollster,Dem,Johnson,NA
Minnesota,22481,PPP (D),2015-07-30,2015-08-02,Likely Voters,1015,IVR/Online,Pollster,Dem,McMullin,NA
Virginia,26807,SurveyMonkey,2016-11-01,2016-11-07,Likely Voters,2183,Internet,Nonpartisan,NA,Trump,41
Virginia,26807,SurveyMonkey,2016-11-01,2016-11-07,Likely Voters,2183,Internet,Nonpartisan,NA,Clinton,49
Virginia,26807,SurveyMonkey,2016-11-01,2016-11-07,Likely Voters,2183,Internet,Nonpartisan,NA,Other,2
Virginia,26807,SurveyMonkey,2016-11-01,2016-11-07,Likely Voters,2183,Internet,Nonpartisan,NA,Undecided,2
Virginia,26807,SurveyMonkey,2016-11-01,2016-11-07,Likely Voters,2183,Internet,Nonpartisan,NA,Johnson,7
Virginia,26807,SurveyMonkey,2016-11-01,2016-11-07,Likely Voters,2183,Internet,Nonpartisan,NA,McMullin,NA
Virginia,26772,Christopher Newport,2016-11-01,2016-11-06,Likely Voters,1193,Live Phone,Nonpartisan,NA,Trump,42
Virginia,26772,Christopher Newport,2016-11-01,2016-11-06,Likely Voters,1193,Live Phone,Nonpartisan,NA,Clinton,48
Virginia,26772,Christopher Newport,2016-11-01,2016-11-06,Likely Voters,1193,Live Phone,Nonpartisan,NA,Other,3
Virginia,26772,Christopher Newport,2016-11-01,2016-11-06,Likely Voters,1193,Live Phone,Nonpartisan,NA,Undecided,5
Virginia,26772,Christopher Newport,2016-11-01,2016-11-06,Likely Voters,1193,Live Phone,Nonpartisan,NA,Johnson,3
Virginia,26772,Christopher Newport,2016-11-01,2016-11-06,Likely Voters,1193,Live Phone,Nonpartisan,NA,McMullin,NA
Virginia,26793,UPI/CVOTER,2016-10-30,2016-11-06,Likely Voters,344,Internet,Nonpartisan,NA,Trump,44
Virginia,26793,UPI/CVOTER,2016-10-30,2016-11-06,Likely Voters,344,Internet,Nonpartisan,NA,Clinton,50
Virginia,26793,UPI/CVOTER,2016-10-30,2016-11-06,Likely Voters,344,Internet,Nonpartisan,NA,Other,7
Virginia,26793,UPI/CVOTER,2016-10-30,2016-11-06,Likely Voters,344,Internet,Nonpartisan,NA,Undecided,NA
Virginia,26793,UPI/CVOTER,2016-10-30,2016-11-06,Likely Voters,344,Internet,Nonpartisan,NA,Johnson,NA
Virginia,26793,UPI/CVOTER,2016-10-30,2016-11-06,Likely Voters,344,Internet,Nonpartisan,NA,McMullin,NA
Virginia,26806,Ipsos/Reuters,2016-10-17,2016-11-06,Likely Voters,636,Internet,Nonpartisan,NA,Trump,41
Virginia,26806,Ipsos/Reuters,2016-10-17,2016-11-06,Likely Voters,636,Internet,Nonpartisan,NA,Clinton,46
Virginia,26806,Ipsos/Reuters,2016-10-17,2016-11-06,Likely Voters,636,Internet,Nonpartisan,NA,Other,NA
Virginia,26806,Ipsos/Reuters,2016-10-17,2016-11-06,Likely Voters,636,Internet,Nonpartisan,NA,Undecided,13
Virginia,26806,Ipsos/Reuters,2016-10-17,2016-11-06,Likely Voters,636,Internet,Nonpartisan,NA,Johnson,NA
Virginia,26806,Ipsos/Reuters,2016-10-17,2016-11-06,Likely Voters,636,Internet,Nonpartisan,NA,McMullin,NA
Virginia,26723,PPP (D),2016-11-03,2016-11-04,Likely Voters,1238,IVR/Online,Pollster,Dem,Trump,43
Virginia,26723,PPP (D),2016-11-03,2016-11-04,Likely Voters,1238,IVR/Online,Pollster,Dem,Clinton,48
Virginia,26723,PPP (D),2016-11-03,2016-11-04,Likely Voters,1238,IVR/Online,Pollster,Dem,Other,2
Virginia,26723,PPP (D),2016-11-03,2016-11-04,Likely Voters,1238,IVR/Online,Pollster,Dem,Undecided,4
Virginia,26723,PPP (D),2016-11-03,2016-11-04,Likely Voters,1238,IVR/Online,Pollster,Dem,Johnson,4
Virginia,26723,PPP (D),2016-11-03,2016-11-04,Likely Voters,1238,IVR/Online,Pollster,Dem,McMullin,NA
Virginia,26759,Remington Research Group (R)/Axiom Strategies,2016-11-01,2016-11-02,Likely Voters,3076,IVR/Live Phone,Sponsor,Rep,Trump,44
Virginia,26759,Remington Research Group (R)/Axiom Strategies,2016-11-01,2016-11-02,Likely Voters,3076,IVR/Live Phone,Sponsor,Rep,Clinton,46
Virginia,26759,Remington Research Group (R)/Axiom Strategies,2016-11-01,2016-11-02,Likely Voters,3076,IVR/Live Phone,Sponsor,Rep,Other,2
Virginia,26759,Remington Research Group (R)/Axiom Strategies,2016-11-01,2016-11-02,Likely Voters,3076,IVR/Live Phone,Sponsor,Rep,Undecided,3
Virginia,26759,Remington Research Group (R)/Axiom Strategies,2016-11-01,2016-11-02,Likely Voters,3076,IVR/Live Phone,Sponsor,Rep,Johnson,4
Virginia,26759,Remington Research Group (R)/Axiom Strategies,2016-11-01,2016-11-02,Likely Voters,3076,IVR/Live Phone,Sponsor,Rep,McMullin,NA
Virginia,26693,Roanoke College,2016-10-29,2016-11-01,Likely Voters,654,Live Phone,Nonpartisan,NA,Trump,38
Virginia,26693,Roanoke College,2016-10-29,2016-11-01,Likely Voters,654,Live Phone,Nonpartisan,NA,Clinton,45
Virginia,26693,Roanoke College,2016-10-29,2016-11-01,Likely Voters,654,Live Phone,Nonpartisan,NA,Other,3
Virginia,26693,Roanoke College,2016-10-29,2016-11-01,Likely Voters,654,Live Phone,Nonpartisan,NA,Undecided,9
Virginia,26693,Roanoke College,2016-10-29,2016-11-01,Likely Voters,654,Live Phone,Nonpartisan,NA,Johnson,5
Virginia,26693,Roanoke College,2016-10-29,2016-11-01,Likely Voters,654,Live Phone,Nonpartisan,NA,McMullin,NA
Virginia,26596,SurveyMonkey,2016-10-25,2016-10-31,Likely Voters,2089,Internet,Nonpartisan,NA,Trump,38
Virginia,26596,SurveyMonkey,2016-10-25,2016-10-31,Likely Voters,2089,Internet,Nonpartisan,NA,Clinton,48
Virginia,26596,SurveyMonkey,2016-10-25,2016-10-31,Likely Voters,2089,Internet,Nonpartisan,NA,Other,3
Virginia,26596,SurveyMonkey,2016-10-25,2016-10-31,Likely Voters,2089,Internet,Nonpartisan,NA,Undecided,2
Virginia,26596,SurveyMonkey,2016-10-25,2016-10-31,Likely Voters,2089,Internet,Nonpartisan,NA,Johnson,8
Virginia,26596,SurveyMonkey,2016-10-25,2016-10-31,Likely Voters,2089,Internet,Nonpartisan,NA,McMullin,NA
Virginia,26568,Remington Research Group (R)/Axiom Strategies,2016-10-30,2016-10-30,Likely Voters,1106,IVR/Live Phone,Sponsor,Rep,Trump,43
Virginia,26568,Remington Research Group (R)/Axiom Strategies,2016-10-30,2016-10-30,Likely Voters,1106,IVR/Live Phone,Sponsor,Rep,Clinton,48
Virginia,26568,Remington Research Group (R)/Axiom Strategies,2016-10-30,2016-10-30,Likely Voters,1106,IVR/Live Phone,Sponsor,Rep,Other,1
Virginia,26568,Remington Research Group (R)/Axiom Strategies,2016-10-30,2016-10-30,Likely Voters,1106,IVR/Live Phone,Sponsor,Rep,Undecided,5
Virginia,26568,Remington Research Group (R)/Axiom Strategies,2016-10-30,2016-10-30,Likely Voters,1106,IVR/Live Phone,Sponsor,Rep,Johnson,3
Virginia,26568,Remington Research Group (R)/Axiom Strategies,2016-10-30,2016-10-30,Likely Voters,1106,IVR/Live Phone,Sponsor,Rep,McMullin,NA
Virginia,26589,Washington Post/GMU,2016-10-27,2016-10-30,Likely Voters,1024,Live Phone,Nonpartisan,NA,Trump,42
Virginia,26589,Washington Post/GMU,2016-10-27,2016-10-30,Likely Voters,1024,Live Phone,Nonpartisan,NA,Clinton,48
Virginia,26589,Washington Post/GMU,2016-10-27,2016-10-30,Likely Voters,1024,Live Phone,Nonpartisan,NA,Other,4
Virginia,26589,Washington Post/GMU,2016-10-27,2016-10-30,Likely Voters,1024,Live Phone,Nonpartisan,NA,Undecided,1
Virginia,26589,Washington Post/GMU,2016-10-27,2016-10-30,Likely Voters,1024,Live Phone,Nonpartisan,NA,Johnson,6
Virginia,26589,Washington Post/GMU,2016-10-27,2016-10-30,Likely Voters,1024,Live Phone,Nonpartisan,NA,McMullin,NA
Virginia,26636,Hampton University,2016-10-26,2016-10-30,Likely Voters,802,Live Phone,Nonpartisan,NA,Trump,44
Virginia,26636,Hampton University,2016-10-26,2016-10-30,Likely Voters,802,Live Phone,Nonpartisan,NA,Clinton,41
Virginia,26636,Hampton University,2016-10-26,2016-10-30,Likely Voters,802,Live Phone,Nonpartisan,NA,Other,NA
Virginia,26636,Hampton University,2016-10-26,2016-10-30,Likely Voters,802,Live Phone,Nonpartisan,NA,Undecided,15
Virginia,26636,Hampton University,2016-10-26,2016-10-30,Likely Voters,802,Live Phone,Nonpartisan,NA,Johnson,NA
Virginia,26636,Hampton University,2016-10-26,2016-10-30,Likely Voters,802,Live Phone,Nonpartisan,NA,McMullin,NA
Virginia,26613,Winthrop University,2016-10-23,2016-10-30,Likely Voters,712,Live Phone,Nonpartisan,NA,Trump,39
Virginia,26613,Winthrop University,2016-10-23,2016-10-30,Likely Voters,712,Live Phone,Nonpartisan,NA,Clinton,44
Virginia,26613,Winthrop University,2016-10-23,2016-10-30,Likely Voters,712,Live Phone,Nonpartisan,NA,Other,4
Virginia,26613,Winthrop University,2016-10-23,2016-10-30,Likely Voters,712,Live Phone,Nonpartisan,NA,Undecided,7
Virginia,26613,Winthrop University,2016-10-23,2016-10-30,Likely Voters,712,Live Phone,Nonpartisan,NA,Johnson,5
Virginia,26613,Winthrop University,2016-10-23,2016-10-30,Likely Voters,712,Live Phone,Nonpartisan,NA,McMullin,NA
Virginia,26592,UPI/CVOTER,2016-10-23,2016-10-29,Likely Voters,337,Internet,Nonpartisan,NA,Trump,46
Virginia,26592,UPI/CVOTER,2016-10-23,2016-10-29,Likely Voters,337,Internet,Nonpartisan,NA,Clinton,50
Virginia,26592,UPI/CVOTER,2016-10-23,2016-10-29,Likely Voters,337,Internet,Nonpartisan,NA,Other,4
Virginia,26592,UPI/CVOTER,2016-10-23,2016-10-29,Likely Voters,337,Internet,Nonpartisan,NA,Undecided,NA
Virginia,26592,UPI/CVOTER,2016-10-23,2016-10-29,Likely Voters,337,Internet,Nonpartisan,NA,Johnson,NA
Virginia,26592,UPI/CVOTER,2016-10-23,2016-10-29,Likely Voters,337,Internet,Nonpartisan,NA,McMullin,NA
Virginia,26515,Christopher Newport,2016-10-23,2016-10-26,Likely Voters,814,Live Phone,Nonpartisan,NA,Trump,39
Virginia,26515,Christopher Newport,2016-10-23,2016-10-26,Likely Voters,814,Live Phone,Nonpartisan,NA,Clinton,46
Virginia,26515,Christopher Newport,2016-10-23,2016-10-26,Likely Voters,814,Live Phone,Nonpartisan,NA,Other,3
Virginia,26515,Christopher Newport,2016-10-23,2016-10-26,Likely Voters,814,Live Phone,Nonpartisan,NA,Undecided,8
Virginia,26515,Christopher Newport,2016-10-23,2016-10-26,Likely Voters,814,Live Phone,Nonpartisan,NA,Johnson,5
Virginia,26515,Christopher Newport,2016-10-23,2016-10-26,Likely Voters,814,Live Phone,Nonpartisan,NA,McMullin,NA
Virginia,26510,Quinnipiac,2016-10-20,2016-10-26,Likely Voters,749,Live Phone,Nonpartisan,NA,Trump,38
Virginia,26510,Quinnipiac,2016-10-20,2016-10-26,Likely Voters,749,Live Phone,Nonpartisan,NA,Clinton,50
Virginia,26510,Quinnipiac,2016-10-20,2016-10-26,Likely Voters,749,Live Phone,Nonpartisan,NA,Other,3
Virginia,26510,Quinnipiac,2016-10-20,2016-10-26,Likely Voters,749,Live Phone,Nonpartisan,NA,Undecided,5
Virginia,26510,Quinnipiac,2016-10-20,2016-10-26,Likely Voters,749,Live Phone,Nonpartisan,NA,Johnson,4
Virginia,26510,Quinnipiac,2016-10-20,2016-10-26,Likely Voters,749,Live Phone,Nonpartisan,NA,McMullin,NA
Virginia,26441,SurveyMonkey,2016-10-18,2016-10-24,Likely Voters,2459,Internet,Nonpartisan,NA,Trump,39
Virginia,26441,SurveyMonkey,2016-10-18,2016-10-24,Likely Voters,2459,Internet,Nonpartisan,NA,Clinton,48
Virginia,26441,SurveyMonkey,2016-10-18,2016-10-24,Likely Voters,2459,Internet,Nonpartisan,NA,Other,2
Virginia,26441,SurveyMonkey,2016-10-18,2016-10-24,Likely Voters,2459,Internet,Nonpartisan,NA,Undecided,2
Virginia,26441,SurveyMonkey,2016-10-18,2016-10-24,Likely Voters,2459,Internet,Nonpartisan,NA,Johnson,9
Virginia,26441,SurveyMonkey,2016-10-18,2016-10-24,Likely Voters,2459,Internet,Nonpartisan,NA,McMullin,NA
Virginia,26425,Remington Research Group (R)/Axiom Strategies,2016-10-20,2016-10-22,Likely Voters,1787,IVR/Live Phone,Sponsor,Rep,Trump,43
Virginia,26425,Remington Research Group (R)/Axiom Strategies,2016-10-20,2016-10-22,Likely Voters,1787,IVR/Live Phone,Sponsor,Rep,Clinton,48
Virginia,26425,Remington Research Group (R)/Axiom Strategies,2016-10-20,2016-10-22,Likely Voters,1787,IVR/Live Phone,Sponsor,Rep,Other,1
Virginia,26425,Remington Research Group (R)/Axiom Strategies,2016-10-20,2016-10-22,Likely Voters,1787,IVR/Live Phone,Sponsor,Rep,Undecided,5
Virginia,26425,Remington Research Group (R)/Axiom Strategies,2016-10-20,2016-10-22,Likely Voters,1787,IVR/Live Phone,Sponsor,Rep,Johnson,3
Virginia,26425,Remington Research Group (R)/Axiom Strategies,2016-10-20,2016-10-22,Likely Voters,1787,IVR/Live Phone,Sponsor,Rep,McMullin,NA
Virginia,26351,Christopher Newport,2016-10-16,2016-10-19,Likely Voters,834,Live Phone,Nonpartisan,NA,Trump,33
Virginia,26351,Christopher Newport,2016-10-16,2016-10-19,Likely Voters,834,Live Phone,Nonpartisan,NA,Clinton,45
Virginia,26351,Christopher Newport,2016-10-16,2016-10-19,Likely Voters,834,Live Phone,Nonpartisan,NA,Other,9
Virginia,26351,Christopher Newport,2016-10-16,2016-10-19,Likely Voters,834,Live Phone,Nonpartisan,NA,Undecided,5
Virginia,26351,Christopher Newport,2016-10-16,2016-10-19,Likely Voters,834,Live Phone,Nonpartisan,NA,Johnson,8
Virginia,26351,Christopher Newport,2016-10-16,2016-10-19,Likely Voters,834,Live Phone,Nonpartisan,NA,McMullin,NA
Virginia,26406,Lucid/The Times-Picayune,2016-10-17,2016-10-18,Likely Voters,802,Internet,Nonpartisan,NA,Trump,38
Virginia,26406,Lucid/The Times-Picayune,2016-10-17,2016-10-18,Likely Voters,802,Internet,Nonpartisan,NA,Clinton,43
Virginia,26406,Lucid/The Times-Picayune,2016-10-17,2016-10-18,Likely Voters,802,Internet,Nonpartisan,NA,Other,3
Virginia,26406,Lucid/The Times-Picayune,2016-10-17,2016-10-18,Likely Voters,802,Internet,Nonpartisan,NA,Undecided,8
Virginia,26406,Lucid/The Times-Picayune,2016-10-17,2016-10-18,Likely Voters,802,Internet,Nonpartisan,NA,Johnson,9
Virginia,26406,Lucid/The Times-Picayune,2016-10-17,2016-10-18,Likely Voters,802,Internet,Nonpartisan,NA,McMullin,NA
Virginia,26252,WashPost/SurveyMonkey,2016-10-08,2016-10-16,Likely Voters,1644,Internet,Nonpartisan,NA,Trump,41
Virginia,26252,WashPost/SurveyMonkey,2016-10-08,2016-10-16,Likely Voters,1644,Internet,Nonpartisan,NA,Clinton,54
Virginia,26252,WashPost/SurveyMonkey,2016-10-08,2016-10-16,Likely Voters,1644,Internet,Nonpartisan,NA,Other,NA
Virginia,26252,WashPost/SurveyMonkey,2016-10-08,2016-10-16,Likely Voters,1644,Internet,Nonpartisan,NA,Undecided,5
Virginia,26252,WashPost/SurveyMonkey,2016-10-08,2016-10-16,Likely Voters,1644,Internet,Nonpartisan,NA,Johnson,NA
Virginia,26252,WashPost/SurveyMonkey,2016-10-08,2016-10-16,Likely Voters,1644,Internet,Nonpartisan,NA,McMullin,NA
Virginia,26271,Tarrance (R-Virginia Chamber of Commerce),2016-10-12,2016-10-15,Likely Voters,500,Live Phone,Sponsor,Rep,Trump,38
Virginia,26271,Tarrance (R-Virginia Chamber of Commerce),2016-10-12,2016-10-15,Likely Voters,500,Live Phone,Sponsor,Rep,Clinton,47
Virginia,26271,Tarrance (R-Virginia Chamber of Commerce),2016-10-12,2016-10-15,Likely Voters,500,Live Phone,Sponsor,Rep,Other,2
Virginia,26271,Tarrance (R-Virginia Chamber of Commerce),2016-10-12,2016-10-15,Likely Voters,500,Live Phone,Sponsor,Rep,Undecided,9
Virginia,26271,Tarrance (R-Virginia Chamber of Commerce),2016-10-12,2016-10-15,Likely Voters,500,Live Phone,Sponsor,Rep,Johnson,3
Virginia,26271,Tarrance (R-Virginia Chamber of Commerce),2016-10-12,2016-10-15,Likely Voters,500,Live Phone,Sponsor,Rep,McMullin,NA
Virginia,26188,Christopher Newport,2016-10-11,2016-10-14,Likely Voters,809,Live Phone,Nonpartisan,NA,Trump,29
Virginia,26188,Christopher Newport,2016-10-11,2016-10-14,Likely Voters,809,Live Phone,Nonpartisan,NA,Clinton,44
Virginia,26188,Christopher Newport,2016-10-11,2016-10-14,Likely Voters,809,Live Phone,Nonpartisan,NA,Other,11
Virginia,26188,Christopher Newport,2016-10-11,2016-10-14,Likely Voters,809,Live Phone,Nonpartisan,NA,Undecided,5
Virginia,26188,Christopher Newport,2016-10-11,2016-10-14,Likely Voters,809,Live Phone,Nonpartisan,NA,Johnson,11
Virginia,26188,Christopher Newport,2016-10-11,2016-10-14,Likely Voters,809,Live Phone,Nonpartisan,NA,McMullin,NA
Virginia,26344,Ipsos/Reuters,2016-09-23,2016-10-13,Likely Voters,1075,Internet,Nonpartisan,NA,Trump,39
Virginia,26344,Ipsos/Reuters,2016-09-23,2016-10-13,Likely Voters,1075,Internet,Nonpartisan,NA,Clinton,49
Virginia,26344,Ipsos/Reuters,2016-09-23,2016-10-13,Likely Voters,1075,Internet,Nonpartisan,NA,Other,NA
Virginia,26344,Ipsos/Reuters,2016-09-23,2016-10-13,Likely Voters,1075,Internet,Nonpartisan,NA,Undecided,12
Virginia,26344,Ipsos/Reuters,2016-09-23,2016-10-13,Likely Voters,1075,Internet,Nonpartisan,NA,Johnson,NA
Virginia,26344,Ipsos/Reuters,2016-09-23,2016-10-13,Likely Voters,1075,Internet,Nonpartisan,NA,McMullin,NA
Virginia,26091,Roanoke College,2016-10-02,2016-10-06,Likely Voters,814,Live Phone,Nonpartisan,NA,Trump,36
Virginia,26091,Roanoke College,2016-10-02,2016-10-06,Likely Voters,814,Live Phone,Nonpartisan,NA,Clinton,45
Virginia,26091,Roanoke College,2016-10-02,2016-10-06,Likely Voters,814,Live Phone,Nonpartisan,NA,Other,2
Virginia,26091,Roanoke College,2016-10-02,2016-10-06,Likely Voters,814,Live Phone,Nonpartisan,NA,Undecided,10
Virginia,26091,Roanoke College,2016-10-02,2016-10-06,Likely Voters,814,Live Phone,Nonpartisan,NA,Johnson,7
Virginia,26091,Roanoke College,2016-10-02,2016-10-06,Likely Voters,814,Live Phone,Nonpartisan,NA,McMullin,NA
Virginia,26134,Ipsos/Reuters,2016-09-16,2016-10-06,Likely Voters,594,Internet,Nonpartisan,NA,Trump,39
Virginia,26134,Ipsos/Reuters,2016-09-16,2016-10-06,Likely Voters,594,Internet,Nonpartisan,NA,Clinton,50
Virginia,26134,Ipsos/Reuters,2016-09-16,2016-10-06,Likely Voters,594,Internet,Nonpartisan,NA,Other,NA
Virginia,26134,Ipsos/Reuters,2016-09-16,2016-10-06,Likely Voters,594,Internet,Nonpartisan,NA,Undecided,11
Virginia,26134,Ipsos/Reuters,2016-09-16,2016-10-06,Likely Voters,594,Internet,Nonpartisan,NA,Johnson,NA
Virginia,26134,Ipsos/Reuters,2016-09-16,2016-10-06,Likely Voters,594,Internet,Nonpartisan,NA,McMullin,NA
Virginia,25999,Hampton University,2016-09-28,2016-10-02,Likely Voters,800,Live Phone,Nonpartisan,NA,Trump,34
Virginia,25999,Hampton University,2016-09-28,2016-10-02,Likely Voters,800,Live Phone,Nonpartisan,NA,Clinton,46
Virginia,25999,Hampton University,2016-09-28,2016-10-02,Likely Voters,800,Live Phone,Nonpartisan,NA,Other,NA
Virginia,25999,Hampton University,2016-09-28,2016-10-02,Likely Voters,800,Live Phone,Nonpartisan,NA,Undecided,20
Virginia,25999,Hampton University,2016-09-28,2016-10-02,Likely Voters,800,Live Phone,Nonpartisan,NA,Johnson,NA
Virginia,25999,Hampton University,2016-09-28,2016-10-02,Likely Voters,800,Live Phone,Nonpartisan,NA,McMullin,NA
Virginia,25828,Christopher Newport,2016-09-27,2016-09-30,Likely Voters,892,Live Phone,Nonpartisan,NA,Trump,35
Virginia,25828,Christopher Newport,2016-09-27,2016-09-30,Likely Voters,892,Live Phone,Nonpartisan,NA,Clinton,42
Virginia,25828,Christopher Newport,2016-09-27,2016-09-30,Likely Voters,892,Live Phone,Nonpartisan,NA,Other,8
Virginia,25828,Christopher Newport,2016-09-27,2016-09-30,Likely Voters,892,Live Phone,Nonpartisan,NA,Undecided,3
Virginia,25828,Christopher Newport,2016-09-27,2016-09-30,Likely Voters,892,Live Phone,Nonpartisan,NA,Johnson,12
Virginia,25828,Christopher Newport,2016-09-27,2016-09-30,Likely Voters,892,Live Phone,Nonpartisan,NA,McMullin,NA
Virginia,25799,PPP (D-Vote Vets Action Fund),2016-09-27,2016-09-28,Likely Voters,811,IVR/Online,Pollster,Dem,Trump,40
Virginia,25799,PPP (D-Vote Vets Action Fund),2016-09-27,2016-09-28,Likely Voters,811,IVR/Online,Pollster,Dem,Clinton,46
Virginia,25799,PPP (D-Vote Vets Action Fund),2016-09-27,2016-09-28,Likely Voters,811,IVR/Online,Pollster,Dem,Other,1
Virginia,25799,PPP (D-Vote Vets Action Fund),2016-09-27,2016-09-28,Likely Voters,811,IVR/Online,Pollster,Dem,Undecided,5
Virginia,25799,PPP (D-Vote Vets Action Fund),2016-09-27,2016-09-28,Likely Voters,811,IVR/Online,Pollster,Dem,Johnson,7
Virginia,25799,PPP (D-Vote Vets Action Fund),2016-09-27,2016-09-28,Likely Voters,811,IVR/Online,Pollster,Dem,McMullin,NA
Virginia,25647,CBS/YouGov,2016-09-21,2016-09-23,Likely Voters,1237,Internet,Nonpartisan,NA,Trump,37
Virginia,25647,CBS/YouGov,2016-09-21,2016-09-23,Likely Voters,1237,Internet,Nonpartisan,NA,Clinton,45
Virginia,25647,CBS/YouGov,2016-09-21,2016-09-23,Likely Voters,1237,Internet,Nonpartisan,NA,Other,10
Virginia,25647,CBS/YouGov,2016-09-21,2016-09-23,Likely Voters,1237,Internet,Nonpartisan,NA,Undecided,8
Virginia,25647,CBS/YouGov,2016-09-21,2016-09-23,Likely Voters,1237,Internet,Nonpartisan,NA,Johnson,NA
Virginia,25647,CBS/YouGov,2016-09-21,2016-09-23,Likely Voters,1237,Internet,Nonpartisan,NA,McMullin,NA
Virginia,25654,Christopher Newport,2016-09-15,2016-09-23,Likely Voters,1003,Live Phone,Nonpartisan,NA,Trump,38
Virginia,25654,Christopher Newport,2016-09-15,2016-09-23,Likely Voters,1003,Live Phone,Nonpartisan,NA,Clinton,48
Virginia,25654,Christopher Newport,2016-09-15,2016-09-23,Likely Voters,1003,Live Phone,Nonpartisan,NA,Other,6
Virginia,25654,Christopher Newport,2016-09-15,2016-09-23,Likely Voters,1003,Live Phone,Nonpartisan,NA,Undecided,9
Virginia,25654,Christopher Newport,2016-09-15,2016-09-23,Likely Voters,1003,Live Phone,Nonpartisan,NA,Johnson,NA
Virginia,25654,Christopher Newport,2016-09-15,2016-09-23,Likely Voters,1003,Live Phone,Nonpartisan,NA,McMullin,NA
Virginia,25624,Quinnipiac,2016-09-13,2016-09-21,Likely Voters,659,Live Phone,Nonpartisan,NA,Trump,39
Virginia,25624,Quinnipiac,2016-09-13,2016-09-21,Likely Voters,659,Live Phone,Nonpartisan,NA,Clinton,45
Virginia,25624,Quinnipiac,2016-09-13,2016-09-21,Likely Voters,659,Live Phone,Nonpartisan,NA,Other,1
Virginia,25624,Quinnipiac,2016-09-13,2016-09-21,Likely Voters,659,Live Phone,Nonpartisan,NA,Undecided,6
Virginia,25624,Quinnipiac,2016-09-13,2016-09-21,Likely Voters,659,Live Phone,Nonpartisan,NA,Johnson,8
Virginia,25624,Quinnipiac,2016-09-13,2016-09-21,Likely Voters,659,Live Phone,Nonpartisan,NA,McMullin,NA
Virginia,25613,Roanoke College,2016-09-11,2016-09-20,Likely Voters,841,Live Phone,Nonpartisan,NA,Trump,37
Virginia,25613,Roanoke College,2016-09-11,2016-09-20,Likely Voters,841,Live Phone,Nonpartisan,NA,Clinton,44
Virginia,25613,Roanoke College,2016-09-11,2016-09-20,Likely Voters,841,Live Phone,Nonpartisan,NA,Other,1
Virginia,25613,Roanoke College,2016-09-11,2016-09-20,Likely Voters,841,Live Phone,Nonpartisan,NA,Undecided,9
Virginia,25613,Roanoke College,2016-09-11,2016-09-20,Likely Voters,841,Live Phone,Nonpartisan,NA,Johnson,8
Virginia,25613,Roanoke College,2016-09-11,2016-09-20,Likely Voters,841,Live Phone,Nonpartisan,NA,McMullin,NA
Virginia,25573,Ipsos/Reuters,2016-08-26,2016-09-15,Likely Voters,510,Internet,Nonpartisan,NA,Trump,38
Virginia,25573,Ipsos/Reuters,2016-08-26,2016-09-15,Likely Voters,510,Internet,Nonpartisan,NA,Clinton,47
Virginia,25573,Ipsos/Reuters,2016-08-26,2016-09-15,Likely Voters,510,Internet,Nonpartisan,NA,Other,NA
Virginia,25573,Ipsos/Reuters,2016-08-26,2016-09-15,Likely Voters,510,Internet,Nonpartisan,NA,Undecided,15
Virginia,25573,Ipsos/Reuters,2016-08-26,2016-09-15,Likely Voters,510,Internet,Nonpartisan,NA,Johnson,NA
Virginia,25573,Ipsos/Reuters,2016-08-26,2016-09-15,Likely Voters,510,Internet,Nonpartisan,NA,McMullin,NA
Virginia,25500,University of Mary Washington/PSRAI,2016-09-06,2016-09-12,Likely Voters,685,Live Phone,Nonpartisan,NA,Trump,37
Virginia,25500,University of Mary Washington/PSRAI,2016-09-06,2016-09-12,Likely Voters,685,Live Phone,Nonpartisan,NA,Clinton,40
Virginia,25500,University of Mary Washington/PSRAI,2016-09-06,2016-09-12,Likely Voters,685,Live Phone,Nonpartisan,NA,Other,5
Virginia,25500,University of Mary Washington/PSRAI,2016-09-06,2016-09-12,Likely Voters,685,Live Phone,Nonpartisan,NA,Undecided,10
Virginia,25500,University of Mary Washington/PSRAI,2016-09-06,2016-09-12,Likely Voters,685,Live Phone,Nonpartisan,NA,Johnson,8
Virginia,25500,University of Mary Washington/PSRAI,2016-09-06,2016-09-12,Likely Voters,685,Live Phone,Nonpartisan,NA,McMullin,NA
Virginia,25470,PPP (D),2016-09-09,2016-09-11,Likely Voters,878,IVR/Online,Pollster,Dem,Trump,39
Virginia,25470,PPP (D),2016-09-09,2016-09-11,Likely Voters,878,IVR/Online,Pollster,Dem,Clinton,45
Virginia,25470,PPP (D),2016-09-09,2016-09-11,Likely Voters,878,IVR/Online,Pollster,Dem,Other,3
Virginia,25470,PPP (D),2016-09-09,2016-09-11,Likely Voters,878,IVR/Online,Pollster,Dem,Undecided,8
Virginia,25470,PPP (D),2016-09-09,2016-09-11,Likely Voters,878,IVR/Online,Pollster,Dem,Johnson,6
Virginia,25470,PPP (D),2016-09-09,2016-09-11,Likely Voters,878,IVR/Online,Pollster,Dem,McMullin,NA
Virginia,25353,WashPost/SurveyMonkey,2016-08-09,2016-09-01,Registered Voters,2468,Internet,Nonpartisan,NA,Trump,41
Virginia,25353,WashPost/SurveyMonkey,2016-08-09,2016-09-01,Registered Voters,2468,Internet,Nonpartisan,NA,Clinton,49
Virginia,25353,WashPost/SurveyMonkey,2016-08-09,2016-09-01,Registered Voters,2468,Internet,Nonpartisan,NA,Other,NA
Virginia,25353,WashPost/SurveyMonkey,2016-08-09,2016-09-01,Registered Voters,2468,Internet,Nonpartisan,NA,Undecided,9
Virginia,25353,WashPost/SurveyMonkey,2016-08-09,2016-09-01,Registered Voters,2468,Internet,Nonpartisan,NA,Johnson,NA
Virginia,25353,WashPost/SurveyMonkey,2016-08-09,2016-09-01,Registered Voters,2468,Internet,Nonpartisan,NA,McMullin,NA
Virginia,25323,Hampton University,2016-08-24,2016-08-28,Likely Voters,801,Live Phone,Nonpartisan,NA,Trump,41
Virginia,25323,Hampton University,2016-08-24,2016-08-28,Likely Voters,801,Live Phone,Nonpartisan,NA,Clinton,43
Virginia,25323,Hampton University,2016-08-24,2016-08-28,Likely Voters,801,Live Phone,Nonpartisan,NA,Other,NA
Virginia,25323,Hampton University,2016-08-24,2016-08-28,Likely Voters,801,Live Phone,Nonpartisan,NA,Undecided,16
Virginia,25323,Hampton University,2016-08-24,2016-08-28,Likely Voters,801,Live Phone,Nonpartisan,NA,Johnson,NA
Virginia,25323,Hampton University,2016-08-24,2016-08-28,Likely Voters,801,Live Phone,Nonpartisan,NA,McMullin,NA
Virginia,25236,Roanoke College,2016-08-07,2016-08-17,Likely Voters,803,Live Phone,Nonpartisan,NA,Trump,32
Virginia,25236,Roanoke College,2016-08-07,2016-08-17,Likely Voters,803,Live Phone,Nonpartisan,NA,Clinton,48
Virginia,25236,Roanoke College,2016-08-07,2016-08-17,Likely Voters,803,Live Phone,Nonpartisan,NA,Other,3
Virginia,25236,Roanoke College,2016-08-07,2016-08-17,Likely Voters,803,Live Phone,Nonpartisan,NA,Undecided,9
Virginia,25236,Roanoke College,2016-08-07,2016-08-17,Likely Voters,803,Live Phone,Nonpartisan,NA,Johnson,8
Virginia,25236,Roanoke College,2016-08-07,2016-08-17,Likely Voters,803,Live Phone,Nonpartisan,NA,McMullin,NA
Virginia,25200,Quinnipiac,2016-08-09,2016-08-16,Likely Voters,808,Live Phone,Nonpartisan,NA,Trump,38
Virginia,25200,Quinnipiac,2016-08-09,2016-08-16,Likely Voters,808,Live Phone,Nonpartisan,NA,Clinton,50
Virginia,25200,Quinnipiac,2016-08-09,2016-08-16,Likely Voters,808,Live Phone,Nonpartisan,NA,Other,5
Virginia,25200,Quinnipiac,2016-08-09,2016-08-16,Likely Voters,808,Live Phone,Nonpartisan,NA,Undecided,8
Virginia,25200,Quinnipiac,2016-08-09,2016-08-16,Likely Voters,808,Live Phone,Nonpartisan,NA,Johnson,NA
Virginia,25200,Quinnipiac,2016-08-09,2016-08-16,Likely Voters,808,Live Phone,Nonpartisan,NA,McMullin,NA
Virginia,25181,Washington Post,2016-08-11,2016-08-14,Likely Voters,707,Live Phone,Nonpartisan,NA,Trump,43
Virginia,25181,Washington Post,2016-08-11,2016-08-14,Likely Voters,707,Live Phone,Nonpartisan,NA,Clinton,51
Virginia,25181,Washington Post,2016-08-11,2016-08-14,Likely Voters,707,Live Phone,Nonpartisan,NA,Other,5
Virginia,25181,Washington Post,2016-08-11,2016-08-14,Likely Voters,707,Live Phone,Nonpartisan,NA,Undecided,1
Virginia,25181,Washington Post,2016-08-11,2016-08-14,Likely Voters,707,Live Phone,Nonpartisan,NA,Johnson,NA
Virginia,25181,Washington Post,2016-08-11,2016-08-14,Likely Voters,707,Live Phone,Nonpartisan,NA,McMullin,NA
Virginia,25151,NBC/WSJ/Marist,2016-08-04,2016-08-10,Registered Voters,897,Live Phone,Nonpartisan,NA,Trump,33
Virginia,25151,NBC/WSJ/Marist,2016-08-04,2016-08-10,Registered Voters,897,Live Phone,Nonpartisan,NA,Clinton,46
Virginia,25151,NBC/WSJ/Marist,2016-08-04,2016-08-10,Registered Voters,897,Live Phone,Nonpartisan,NA,Other,12
Virginia,25151,NBC/WSJ/Marist,2016-08-04,2016-08-10,Registered Voters,897,Live Phone,Nonpartisan,NA,Undecided,9
Virginia,25151,NBC/WSJ/Marist,2016-08-04,2016-08-10,Registered Voters,897,Live Phone,Nonpartisan,NA,Johnson,NA
Virginia,25151,NBC/WSJ/Marist,2016-08-04,2016-08-10,Registered Voters,897,Live Phone,Nonpartisan,NA,McMullin,NA
Virginia,25081,CBS/YouGov,2016-08-02,2016-08-05,Likely Voters,1181,Internet,Nonpartisan,NA,Trump,37
Virginia,25081,CBS/YouGov,2016-08-02,2016-08-05,Likely Voters,1181,Internet,Nonpartisan,NA,Clinton,49
Virginia,25081,CBS/YouGov,2016-08-02,2016-08-05,Likely Voters,1181,Internet,Nonpartisan,NA,Other,2
Virginia,25081,CBS/YouGov,2016-08-02,2016-08-05,Likely Voters,1181,Internet,Nonpartisan,NA,Undecided,5
Virginia,25081,CBS/YouGov,2016-08-02,2016-08-05,Likely Voters,1181,Internet,Nonpartisan,NA,Johnson,7
Virginia,25081,CBS/YouGov,2016-08-02,2016-08-05,Likely Voters,1181,Internet,Nonpartisan,NA,McMullin,NA
Virginia,25027,RABA Research,2016-07-26,2016-07-27,Registered Voters,655,Automated Phone,Nonpartisan,NA,Trump,46
Virginia,25027,RABA Research,2016-07-26,2016-07-27,Registered Voters,655,Automated Phone,Nonpartisan,NA,Clinton,42
Virginia,25027,RABA Research,2016-07-26,2016-07-27,Registered Voters,655,Automated Phone,Nonpartisan,NA,Other,7
Virginia,25027,RABA Research,2016-07-26,2016-07-27,Registered Voters,655,Automated Phone,Nonpartisan,NA,Undecided,5
Virginia,25027,RABA Research,2016-07-26,2016-07-27,Registered Voters,655,Automated Phone,Nonpartisan,NA,Johnson,NA
Virginia,25027,RABA Research,2016-07-26,2016-07-27,Registered Voters,655,Automated Phone,Nonpartisan,NA,McMullin,NA
Virginia,24902,Fox News,2016-07-09,2016-07-12,Registered Voters,601,Live Phone,Nonpartisan,NA,Trump,37
Virginia,24902,Fox News,2016-07-09,2016-07-12,Registered Voters,601,Live Phone,Nonpartisan,NA,Clinton,44
Virginia,24902,Fox News,2016-07-09,2016-07-12,Registered Voters,601,Live Phone,Nonpartisan,NA,Other,6
Virginia,24902,Fox News,2016-07-09,2016-07-12,Registered Voters,601,Live Phone,Nonpartisan,NA,Undecided,13
Virginia,24902,Fox News,2016-07-09,2016-07-12,Registered Voters,601,Live Phone,Nonpartisan,NA,Johnson,NA
Virginia,24902,Fox News,2016-07-09,2016-07-12,Registered Voters,601,Live Phone,Nonpartisan,NA,McMullin,NA
Virginia,24881,FOX,2016-07-09,2016-07-12,Registered Voters,601,Live Phone,Nonpartisan,NA,Trump,37
Virginia,24881,FOX,2016-07-09,2016-07-12,Registered Voters,601,Live Phone,Nonpartisan,NA,Clinton,44
Virginia,24881,FOX,2016-07-09,2016-07-12,Registered Voters,601,Live Phone,Nonpartisan,NA,Other,6
Virginia,24881,FOX,2016-07-09,2016-07-12,Registered Voters,601,Live Phone,Nonpartisan,NA,Undecided,13
Virginia,24881,FOX,2016-07-09,2016-07-12,Registered Voters,601,Live Phone,Nonpartisan,NA,Johnson,NA
Virginia,24881,FOX,2016-07-09,2016-07-12,Registered Voters,601,Live Phone,Nonpartisan,NA,McMullin,NA
Virginia,24894,NBC/WSJ/Marist,2016-07-05,2016-07-11,Registered Voters,876,Live Phone,Nonpartisan,NA,Trump,35
Virginia,24894,NBC/WSJ/Marist,2016-07-05,2016-07-11,Registered Voters,876,Live Phone,Nonpartisan,NA,Clinton,44
Virginia,24894,NBC/WSJ/Marist,2016-07-05,2016-07-11,Registered Voters,876,Live Phone,Nonpartisan,NA,Other,15
Virginia,24894,NBC/WSJ/Marist,2016-07-05,2016-07-11,Registered Voters,876,Live Phone,Nonpartisan,NA,Undecided,7
Virginia,24894,NBC/WSJ/Marist,2016-07-05,2016-07-11,Registered Voters,876,Live Phone,Nonpartisan,NA,Johnson,NA
Virginia,24894,NBC/WSJ/Marist,2016-07-05,2016-07-11,Registered Voters,876,Live Phone,Nonpartisan,NA,McMullin,NA
Virginia,24912,Hampton University,2016-07-06,2016-07-10,Likely Voters,805,Live Phone,Nonpartisan,NA,Trump,39
Virginia,24912,Hampton University,2016-07-06,2016-07-10,Likely Voters,805,Live Phone,Nonpartisan,NA,Clinton,39
Virginia,24912,Hampton University,2016-07-06,2016-07-10,Likely Voters,805,Live Phone,Nonpartisan,NA,Other,NA
Virginia,24912,Hampton University,2016-07-06,2016-07-10,Likely Voters,805,Live Phone,Nonpartisan,NA,Undecided,22
Virginia,24912,Hampton University,2016-07-06,2016-07-10,Likely Voters,805,Live Phone,Nonpartisan,NA,Johnson,NA
Virginia,24912,Hampton University,2016-07-06,2016-07-10,Likely Voters,805,Live Phone,Nonpartisan,NA,McMullin,NA
Virginia,24689,PPP (D),2016-06-13,2016-06-15,Likely Voters,1032,IVR/Online,Pollster,Dem,Trump,39
Virginia,24689,PPP (D),2016-06-13,2016-06-15,Likely Voters,1032,IVR/Online,Pollster,Dem,Clinton,42
Virginia,24689,PPP (D),2016-06-13,2016-06-15,Likely Voters,1032,IVR/Online,Pollster,Dem,Other,2
Virginia,24689,PPP (D),2016-06-13,2016-06-15,Likely Voters,1032,IVR/Online,Pollster,Dem,Undecided,10
Virginia,24689,PPP (D),2016-06-13,2016-06-15,Likely Voters,1032,IVR/Online,Pollster,Dem,Johnson,6
Virginia,24689,PPP (D),2016-06-13,2016-06-15,Likely Voters,1032,IVR/Online,Pollster,Dem,McMullin,NA
Virginia,24563,Gravis Marketing,2016-05-24,2016-05-24,Registered Voters,1728,Automated Phone,Nonpartisan,NA,Trump,41
Virginia,24563,Gravis Marketing,2016-05-24,2016-05-24,Registered Voters,1728,Automated Phone,Nonpartisan,NA,Clinton,45
Virginia,24563,Gravis Marketing,2016-05-24,2016-05-24,Registered Voters,1728,Automated Phone,Nonpartisan,NA,Other,14
Virginia,24563,Gravis Marketing,2016-05-24,2016-05-24,Registered Voters,1728,Automated Phone,Nonpartisan,NA,Undecided,NA
Virginia,24563,Gravis Marketing,2016-05-24,2016-05-24,Registered Voters,1728,Automated Phone,Nonpartisan,NA,Johnson,NA
Virginia,24563,Gravis Marketing,2016-05-24,2016-05-24,Registered Voters,1728,Automated Phone,Nonpartisan,NA,McMullin,NA
Virginia,24534,Roanoke College,2016-05-09,2016-05-17,Likely Voters,610,Live Phone,Nonpartisan,NA,Trump,38
Virginia,24534,Roanoke College,2016-05-09,2016-05-17,Likely Voters,610,Live Phone,Nonpartisan,NA,Clinton,38
Virginia,24534,Roanoke College,2016-05-09,2016-05-17,Likely Voters,610,Live Phone,Nonpartisan,NA,Other,11
Virginia,24534,Roanoke College,2016-05-09,2016-05-17,Likely Voters,610,Live Phone,Nonpartisan,NA,Undecided,13
Virginia,24534,Roanoke College,2016-05-09,2016-05-17,Likely Voters,610,Live Phone,Nonpartisan,NA,Johnson,NA
Virginia,24534,Roanoke College,2016-05-09,2016-05-17,Likely Voters,610,Live Phone,Nonpartisan,NA,McMullin,NA
Virginia,24242,Christopher Newport,2016-03-23,2016-04-03,Likely Voters,1102,Live Phone,Nonpartisan,NA,Trump,35
Virginia,24242,Christopher Newport,2016-03-23,2016-04-03,Likely Voters,1102,Live Phone,Nonpartisan,NA,Clinton,44
Virginia,24242,Christopher Newport,2016-03-23,2016-04-03,Likely Voters,1102,Live Phone,Nonpartisan,NA,Other,14
Virginia,24242,Christopher Newport,2016-03-23,2016-04-03,Likely Voters,1102,Live Phone,Nonpartisan,NA,Undecided,8
Virginia,24242,Christopher Newport,2016-03-23,2016-04-03,Likely Voters,1102,Live Phone,Nonpartisan,NA,Johnson,NA
Virginia,24242,Christopher Newport,2016-03-23,2016-04-03,Likely Voters,1102,Live Phone,Nonpartisan,NA,McMullin,NA
Virginia,23701,Roanoke College,2016-01-18,2016-01-26,Likely Voters,524,Live Phone,Nonpartisan,NA,Trump,35
Virginia,23701,Roanoke College,2016-01-18,2016-01-26,Likely Voters,524,Live Phone,Nonpartisan,NA,Clinton,52
Virginia,23701,Roanoke College,2016-01-18,2016-01-26,Likely Voters,524,Live Phone,Nonpartisan,NA,Other,NA
Virginia,23701,Roanoke College,2016-01-18,2016-01-26,Likely Voters,524,Live Phone,Nonpartisan,NA,Undecided,13
Virginia,23701,Roanoke College,2016-01-18,2016-01-26,Likely Voters,524,Live Phone,Nonpartisan,NA,Johnson,NA
Virginia,23701,Roanoke College,2016-01-18,2016-01-26,Likely Voters,524,Live Phone,Nonpartisan,NA,McMullin,NA
Virginia,23178,Roanoke College,2015-11-09,2015-11-13,Registered Voters,555,Live Phone,Nonpartisan,NA,Trump,36
Virginia,23178,Roanoke College,2015-11-09,2015-11-13,Registered Voters,555,Live Phone,Nonpartisan,NA,Clinton,50
Virginia,23178,Roanoke College,2015-11-09,2015-11-13,Registered Voters,555,Live Phone,Nonpartisan,NA,Other,NA
Virginia,23178,Roanoke College,2015-11-09,2015-11-13,Registered Voters,555,Live Phone,Nonpartisan,NA,Undecided,14
Virginia,23178,Roanoke College,2015-11-09,2015-11-13,Registered Voters,555,Live Phone,Nonpartisan,NA,Johnson,NA
Virginia,23178,Roanoke College,2015-11-09,2015-11-13,Registered Voters,555,Live Phone,Nonpartisan,NA,McMullin,NA
Virginia,22896,Christopher Newport,2015-09-29,2015-10-08,Registered Voters,1067,Live Phone,Nonpartisan,NA,Trump,40
Virginia,22896,Christopher Newport,2015-09-29,2015-10-08,Registered Voters,1067,Live Phone,Nonpartisan,NA,Clinton,47
Virginia,22896,Christopher Newport,2015-09-29,2015-10-08,Registered Voters,1067,Live Phone,Nonpartisan,NA,Other,8
Virginia,22896,Christopher Newport,2015-09-29,2015-10-08,Registered Voters,1067,Live Phone,Nonpartisan,NA,Undecided,6
Virginia,22896,Christopher Newport,2015-09-29,2015-10-08,Registered Voters,1067,Live Phone,Nonpartisan,NA,Johnson,NA
Virginia,22896,Christopher Newport,2015-09-29,2015-10-08,Registered Voters,1067,Live Phone,Nonpartisan,NA,McMullin,NA
Virginia,22619,Roanoke College,2015-08-10,2015-08-20,Likely Voters,608,Live Phone,Nonpartisan,NA,Trump,32
Virginia,22619,Roanoke College,2015-08-10,2015-08-20,Likely Voters,608,Live Phone,Nonpartisan,NA,Clinton,45
Virginia,22619,Roanoke College,2015-08-10,2015-08-20,Likely Voters,608,Live Phone,Nonpartisan,NA,Other,NA
Virginia,22619,Roanoke College,2015-08-10,2015-08-20,Likely Voters,608,Live Phone,Nonpartisan,NA,Undecided,23
Virginia,22619,Roanoke College,2015-08-10,2015-08-20,Likely Voters,608,Live Phone,Nonpartisan,NA,Johnson,NA
Virginia,22619,Roanoke College,2015-08-10,2015-08-20,Likely Voters,608,Live Phone,Nonpartisan,NA,McMullin,NA
Virginia,22389,PPP (D),2015-07-13,2015-07-15,Likely Voters,1170,IVR/Online,Pollster,Dem,Trump,39
Virginia,22389,PPP (D),2015-07-13,2015-07-15,Likely Voters,1170,IVR/Online,Pollster,Dem,Clinton,49
Virginia,22389,PPP (D),2015-07-13,2015-07-15,Likely Voters,1170,IVR/Online,Pollster,Dem,Other,NA
Virginia,22389,PPP (D),2015-07-13,2015-07-15,Likely Voters,1170,IVR/Online,Pollster,Dem,Undecided,12
Virginia,22389,PPP (D),2015-07-13,2015-07-15,Likely Voters,1170,IVR/Online,Pollster,Dem,Johnson,NA
Virginia,22389,PPP (D),2015-07-13,2015-07-15,Likely Voters,1170,IVR/Online,Pollster,Dem,McMullin,NA
Iowa,26807,SurveyMonkey,2016-11-01,2016-11-07,Likely Voters,1781,Internet,Nonpartisan,NA,Trump,47
Iowa,26807,SurveyMonkey,2016-11-01,2016-11-07,Likely Voters,1781,Internet,Nonpartisan,NA,Clinton,38
Iowa,26807,SurveyMonkey,2016-11-01,2016-11-07,Likely Voters,1781,Internet,Nonpartisan,NA,Other,7
Iowa,26807,SurveyMonkey,2016-11-01,2016-11-07,Likely Voters,1781,Internet,Nonpartisan,NA,Undecided,NA
Iowa,26807,SurveyMonkey,2016-11-01,2016-11-07,Likely Voters,1781,Internet,Nonpartisan,NA,Johnson,9
Iowa,26807,SurveyMonkey,2016-11-01,2016-11-07,Likely Voters,1781,Internet,Nonpartisan,NA,McMullin,NA
Iowa,26793,UPI/CVOTER,2016-10-30,2016-11-06,Likely Voters,342,Internet,Nonpartisan,NA,Trump,48
Iowa,26793,UPI/CVOTER,2016-10-30,2016-11-06,Likely Voters,342,Internet,Nonpartisan,NA,Clinton,47
Iowa,26793,UPI/CVOTER,2016-10-30,2016-11-06,Likely Voters,342,Internet,Nonpartisan,NA,Other,6
Iowa,26793,UPI/CVOTER,2016-10-30,2016-11-06,Likely Voters,342,Internet,Nonpartisan,NA,Undecided,NA
Iowa,26793,UPI/CVOTER,2016-10-30,2016-11-06,Likely Voters,342,Internet,Nonpartisan,NA,Johnson,NA
Iowa,26793,UPI/CVOTER,2016-10-30,2016-11-06,Likely Voters,342,Internet,Nonpartisan,NA,McMullin,NA
Iowa,26806,Ipsos/Reuters,2016-10-17,2016-11-06,Likely Voters,595,Internet,Nonpartisan,NA,Trump,44
Iowa,26806,Ipsos/Reuters,2016-10-17,2016-11-06,Likely Voters,595,Internet,Nonpartisan,NA,Clinton,44
Iowa,26806,Ipsos/Reuters,2016-10-17,2016-11-06,Likely Voters,595,Internet,Nonpartisan,NA,Other,NA
Iowa,26806,Ipsos/Reuters,2016-10-17,2016-11-06,Likely Voters,595,Internet,Nonpartisan,NA,Undecided,12
Iowa,26806,Ipsos/Reuters,2016-10-17,2016-11-06,Likely Voters,595,Internet,Nonpartisan,NA,Johnson,NA
Iowa,26806,Ipsos/Reuters,2016-10-17,2016-11-06,Likely Voters,595,Internet,Nonpartisan,NA,McMullin,NA
Iowa,26746,Des Moines Register/Mediacom/Selzer,2016-11-01,2016-11-04,Likely Voters,800,Live Phone,Nonpartisan,NA,Trump,46
Iowa,26746,Des Moines Register/Mediacom/Selzer,2016-11-01,2016-11-04,Likely Voters,800,Live Phone,Nonpartisan,NA,Clinton,39
Iowa,26746,Des Moines Register/Mediacom/Selzer,2016-11-01,2016-11-04,Likely Voters,800,Live Phone,Nonpartisan,NA,Other,3
Iowa,26746,Des Moines Register/Mediacom/Selzer,2016-11-01,2016-11-04,Likely Voters,800,Live Phone,Nonpartisan,NA,Undecided,6
Iowa,26746,Des Moines Register/Mediacom/Selzer,2016-11-01,2016-11-04,Likely Voters,800,Live Phone,Nonpartisan,NA,Johnson,6
Iowa,26746,Des Moines Register/Mediacom/Selzer,2016-11-01,2016-11-04,Likely Voters,800,Live Phone,Nonpartisan,NA,McMullin,NA
Iowa,26735,Loras College,2016-11-01,2016-11-03,Likely Voters,500,Live Phone,Nonpartisan,NA,Trump,43
Iowa,26735,Loras College,2016-11-01,2016-11-03,Likely Voters,500,Live Phone,Nonpartisan,NA,Clinton,44
Iowa,26735,Loras College,2016-11-01,2016-11-03,Likely Voters,500,Live Phone,Nonpartisan,NA,Other,3
Iowa,26735,Loras College,2016-11-01,2016-11-03,Likely Voters,500,Live Phone,Nonpartisan,NA,Undecided,7
Iowa,26735,Loras College,2016-11-01,2016-11-03,Likely Voters,500,Live Phone,Nonpartisan,NA,Johnson,3
Iowa,26735,Loras College,2016-11-01,2016-11-03,Likely Voters,500,Live Phone,Nonpartisan,NA,McMullin,NA
Iowa,26692,RABA Research/Simpson,2016-11-01,2016-11-02,Likely Voters,1076,IVR/Online,Nonpartisan,NA,Trump,44
Iowa,26692,RABA Research/Simpson,2016-11-01,2016-11-02,Likely Voters,1076,IVR/Online,Nonpartisan,NA,Clinton,41
Iowa,26692,RABA Research/Simpson,2016-11-01,2016-11-02,Likely Voters,1076,IVR/Online,Nonpartisan,NA,Other,4
Iowa,26692,RABA Research/Simpson,2016-11-01,2016-11-02,Likely Voters,1076,IVR/Online,Nonpartisan,NA,Undecided,6
Iowa,26692,RABA Research/Simpson,2016-11-01,2016-11-02,Likely Voters,1076,IVR/Online,Nonpartisan,NA,Johnson,5
Iowa,26692,RABA Research/Simpson,2016-11-01,2016-11-02,Likely Voters,1076,IVR/Online,Nonpartisan,NA,McMullin,NA
Iowa,26596,SurveyMonkey,2016-10-25,2016-10-31,Likely Voters,984,Internet,Nonpartisan,NA,Trump,45
Iowa,26596,SurveyMonkey,2016-10-25,2016-10-31,Likely Voters,984,Internet,Nonpartisan,NA,Clinton,40
Iowa,26596,SurveyMonkey,2016-10-25,2016-10-31,Likely Voters,984,Internet,Nonpartisan,NA,Other,6
Iowa,26596,SurveyMonkey,2016-10-25,2016-10-31,Likely Voters,984,Internet,Nonpartisan,NA,Undecided,NA
Iowa,26596,SurveyMonkey,2016-10-25,2016-10-31,Likely Voters,984,Internet,Nonpartisan,NA,Johnson,10
Iowa,26596,SurveyMonkey,2016-10-25,2016-10-31,Likely Voters,984,Internet,Nonpartisan,NA,McMullin,NA
Iowa,26592,UPI/CVOTER,2016-10-23,2016-10-29,Likely Voters,329,Internet,Nonpartisan,NA,Trump,48
Iowa,26592,UPI/CVOTER,2016-10-23,2016-10-29,Likely Voters,329,Internet,Nonpartisan,NA,Clinton,48
Iowa,26592,UPI/CVOTER,2016-10-23,2016-10-29,Likely Voters,329,Internet,Nonpartisan,NA,Other,4
Iowa,26592,UPI/CVOTER,2016-10-23,2016-10-29,Likely Voters,329,Internet,Nonpartisan,NA,Undecided,NA
Iowa,26592,UPI/CVOTER,2016-10-23,2016-10-29,Likely Voters,329,Internet,Nonpartisan,NA,Johnson,NA
Iowa,26592,UPI/CVOTER,2016-10-23,2016-10-29,Likely Voters,329,Internet,Nonpartisan,NA,McMullin,NA
Iowa,26511,Quinnipiac,2016-10-20,2016-10-26,Likely Voters,791,Live Phone,Nonpartisan,NA,Trump,44
Iowa,26511,Quinnipiac,2016-10-20,2016-10-26,Likely Voters,791,Live Phone,Nonpartisan,NA,Clinton,44
Iowa,26511,Quinnipiac,2016-10-20,2016-10-26,Likely Voters,791,Live Phone,Nonpartisan,NA,Other,2
Iowa,26511,Quinnipiac,2016-10-20,2016-10-26,Likely Voters,791,Live Phone,Nonpartisan,NA,Undecided,6
Iowa,26511,Quinnipiac,2016-10-20,2016-10-26,Likely Voters,791,Live Phone,Nonpartisan,NA,Johnson,4
Iowa,26511,Quinnipiac,2016-10-20,2016-10-26,Likely Voters,791,Live Phone,Nonpartisan,NA,McMullin,NA
Iowa,26441,SurveyMonkey,2016-10-18,2016-10-24,Likely Voters,1229,Internet,Nonpartisan,NA,Trump,44
Iowa,26441,SurveyMonkey,2016-10-18,2016-10-24,Likely Voters,1229,Internet,Nonpartisan,NA,Clinton,40
Iowa,26441,SurveyMonkey,2016-10-18,2016-10-24,Likely Voters,1229,Internet,Nonpartisan,NA,Other,7
Iowa,26441,SurveyMonkey,2016-10-18,2016-10-24,Likely Voters,1229,Internet,Nonpartisan,NA,Undecided,NA
Iowa,26441,SurveyMonkey,2016-10-18,2016-10-24,Likely Voters,1229,Internet,Nonpartisan,NA,Johnson,9
Iowa,26441,SurveyMonkey,2016-10-18,2016-10-24,Likely Voters,1229,Internet,Nonpartisan,NA,McMullin,NA
Iowa,26243,WashPost/SurveyMonkey,2016-10-08,2016-10-16,Likely Voters,1135,Internet,Nonpartisan,NA,Trump,49
Iowa,26243,WashPost/SurveyMonkey,2016-10-08,2016-10-16,Likely Voters,1135,Internet,Nonpartisan,NA,Clinton,44
Iowa,26243,WashPost/SurveyMonkey,2016-10-08,2016-10-16,Likely Voters,1135,Internet,Nonpartisan,NA,Other,NA
Iowa,26243,WashPost/SurveyMonkey,2016-10-08,2016-10-16,Likely Voters,1135,Internet,Nonpartisan,NA,Undecided,7
Iowa,26243,WashPost/SurveyMonkey,2016-10-08,2016-10-16,Likely Voters,1135,Internet,Nonpartisan,NA,Johnson,NA
Iowa,26243,WashPost/SurveyMonkey,2016-10-08,2016-10-16,Likely Voters,1135,Internet,Nonpartisan,NA,McMullin,NA
Iowa,26344,Ipsos/Reuters,2016-09-23,2016-10-13,Likely Voters,549,Internet,Nonpartisan,NA,Trump,44
Iowa,26344,Ipsos/Reuters,2016-09-23,2016-10-13,Likely Voters,549,Internet,Nonpartisan,NA,Clinton,45
Iowa,26344,Ipsos/Reuters,2016-09-23,2016-10-13,Likely Voters,549,Internet,Nonpartisan,NA,Other,NA
Iowa,26344,Ipsos/Reuters,2016-09-23,2016-10-13,Likely Voters,549,Internet,Nonpartisan,NA,Undecided,11
Iowa,26344,Ipsos/Reuters,2016-09-23,2016-10-13,Likely Voters,549,Internet,Nonpartisan,NA,Johnson,NA
Iowa,26344,Ipsos/Reuters,2016-09-23,2016-10-13,Likely Voters,549,Internet,Nonpartisan,NA,McMullin,NA
Iowa,26377,Lucid/The Times-Picayune,2016-10-07,2016-10-10,Likely Voters,917,Internet,Nonpartisan,NA,Trump,37
Iowa,26377,Lucid/The Times-Picayune,2016-10-07,2016-10-10,Likely Voters,917,Internet,Nonpartisan,NA,Clinton,41
Iowa,26377,Lucid/The Times-Picayune,2016-10-07,2016-10-10,Likely Voters,917,Internet,Nonpartisan,NA,Other,2
Iowa,26377,Lucid/The Times-Picayune,2016-10-07,2016-10-10,Likely Voters,917,Internet,Nonpartisan,NA,Undecided,9
Iowa,26377,Lucid/The Times-Picayune,2016-10-07,2016-10-10,Likely Voters,917,Internet,Nonpartisan,NA,Johnson,10
Iowa,26377,Lucid/The Times-Picayune,2016-10-07,2016-10-10,Likely Voters,917,Internet,Nonpartisan,NA,McMullin,NA
Iowa,26007,Des Moines Register/Mediacom/Selzer,2016-10-03,2016-10-06,Likely Voters,642,Live Phone,Nonpartisan,NA,Trump,43
Iowa,26007,Des Moines Register/Mediacom/Selzer,2016-10-03,2016-10-06,Likely Voters,642,Live Phone,Nonpartisan,NA,Clinton,39
Iowa,26007,Des Moines Register/Mediacom/Selzer,2016-10-03,2016-10-06,Likely Voters,642,Live Phone,Nonpartisan,NA,Other,4
Iowa,26007,Des Moines Register/Mediacom/Selzer,2016-10-03,2016-10-06,Likely Voters,642,Live Phone,Nonpartisan,NA,Undecided,7
Iowa,26007,Des Moines Register/Mediacom/Selzer,2016-10-03,2016-10-06,Likely Voters,642,Live Phone,Nonpartisan,NA,Johnson,6
Iowa,26007,Des Moines Register/Mediacom/Selzer,2016-10-03,2016-10-06,Likely Voters,642,Live Phone,Nonpartisan,NA,McMullin,NA
Iowa,26108,Ipsos/Reuters,2016-09-16,2016-10-06,Likely Voters,528,Internet,Nonpartisan,NA,Trump,46
Iowa,26108,Ipsos/Reuters,2016-09-16,2016-10-06,Likely Voters,528,Internet,Nonpartisan,NA,Clinton,44
Iowa,26108,Ipsos/Reuters,2016-09-16,2016-10-06,Likely Voters,528,Internet,Nonpartisan,NA,Other,NA
Iowa,26108,Ipsos/Reuters,2016-09-16,2016-10-06,Likely Voters,528,Internet,Nonpartisan,NA,Undecided,10
Iowa,26108,Ipsos/Reuters,2016-09-16,2016-10-06,Likely Voters,528,Internet,Nonpartisan,NA,Johnson,NA
Iowa,26108,Ipsos/Reuters,2016-09-16,2016-10-06,Likely Voters,528,Internet,Nonpartisan,NA,McMullin,NA
Iowa,25661,Loras College,2016-09-20,2016-09-22,Likely Voters,491,Live Phone,Nonpartisan,NA,Trump,42
Iowa,25661,Loras College,2016-09-20,2016-09-22,Likely Voters,491,Live Phone,Nonpartisan,NA,Clinton,42
Iowa,25661,Loras College,2016-09-20,2016-09-22,Likely Voters,491,Live Phone,Nonpartisan,NA,Other,6
Iowa,25661,Loras College,2016-09-20,2016-09-22,Likely Voters,491,Live Phone,Nonpartisan,NA,Undecided,10
Iowa,25661,Loras College,2016-09-20,2016-09-22,Likely Voters,491,Live Phone,Nonpartisan,NA,Johnson,NA
Iowa,25661,Loras College,2016-09-20,2016-09-22,Likely Voters,491,Live Phone,Nonpartisan,NA,McMullin,NA
Iowa,25623,Quinnipiac,2016-09-13,2016-09-21,Likely Voters,612,Live Phone,Nonpartisan,NA,Trump,44
Iowa,25623,Quinnipiac,2016-09-13,2016-09-21,Likely Voters,612,Live Phone,Nonpartisan,NA,Clinton,37
Iowa,25623,Quinnipiac,2016-09-13,2016-09-21,Likely Voters,612,Live Phone,Nonpartisan,NA,Other,2
Iowa,25623,Quinnipiac,2016-09-13,2016-09-21,Likely Voters,612,Live Phone,Nonpartisan,NA,Undecided,5
Iowa,25623,Quinnipiac,2016-09-13,2016-09-21,Likely Voters,612,Live Phone,Nonpartisan,NA,Johnson,10
Iowa,25623,Quinnipiac,2016-09-13,2016-09-21,Likely Voters,612,Live Phone,Nonpartisan,NA,McMullin,NA
Iowa,25548,Ipsos/Reuters,2016-08-26,2016-09-15,Likely Voters,510,Internet,Nonpartisan,NA,Trump,49
Iowa,25548,Ipsos/Reuters,2016-08-26,2016-09-15,Likely Voters,510,Internet,Nonpartisan,NA,Clinton,41
Iowa,25548,Ipsos/Reuters,2016-08-26,2016-09-15,Likely Voters,510,Internet,Nonpartisan,NA,Other,NA
Iowa,25548,Ipsos/Reuters,2016-08-26,2016-09-15,Likely Voters,510,Internet,Nonpartisan,NA,Undecided,10
Iowa,25548,Ipsos/Reuters,2016-08-26,2016-09-15,Likely Voters,510,Internet,Nonpartisan,NA,Johnson,NA
Iowa,25548,Ipsos/Reuters,2016-08-26,2016-09-15,Likely Voters,510,Internet,Nonpartisan,NA,McMullin,NA
Iowa,25504,Monmouth University,2016-09-12,2016-09-14,Likely Voters,404,Live Phone,Nonpartisan,NA,Trump,45
Iowa,25504,Monmouth University,2016-09-12,2016-09-14,Likely Voters,404,Live Phone,Nonpartisan,NA,Clinton,37
Iowa,25504,Monmouth University,2016-09-12,2016-09-14,Likely Voters,404,Live Phone,Nonpartisan,NA,Other,4
Iowa,25504,Monmouth University,2016-09-12,2016-09-14,Likely Voters,404,Live Phone,Nonpartisan,NA,Undecided,6
Iowa,25504,Monmouth University,2016-09-12,2016-09-14,Likely Voters,404,Live Phone,Nonpartisan,NA,Johnson,8
Iowa,25504,Monmouth University,2016-09-12,2016-09-14,Likely Voters,404,Live Phone,Nonpartisan,NA,McMullin,NA
Iowa,25451,RABA Research/Simpson,2016-09-06,2016-09-08,Likely Voters,1054,IVR/Online,Nonpartisan,NA,Trump,40
Iowa,25451,RABA Research/Simpson,2016-09-06,2016-09-08,Likely Voters,1054,IVR/Online,Nonpartisan,NA,Clinton,39
Iowa,25451,RABA Research/Simpson,2016-09-06,2016-09-08,Likely Voters,1054,IVR/Online,Nonpartisan,NA,Other,3
Iowa,25451,RABA Research/Simpson,2016-09-06,2016-09-08,Likely Voters,1054,IVR/Online,Nonpartisan,NA,Undecided,8
Iowa,25451,RABA Research/Simpson,2016-09-06,2016-09-08,Likely Voters,1054,IVR/Online,Nonpartisan,NA,Johnson,10
Iowa,25451,RABA Research/Simpson,2016-09-06,2016-09-08,Likely Voters,1054,IVR/Online,Nonpartisan,NA,McMullin,NA
Iowa,25366,WashPost/SurveyMonkey,2016-08-09,2016-09-01,Registered Voters,1875,Internet,Nonpartisan,NA,Trump,46
Iowa,25366,WashPost/SurveyMonkey,2016-08-09,2016-09-01,Registered Voters,1875,Internet,Nonpartisan,NA,Clinton,42
Iowa,25366,WashPost/SurveyMonkey,2016-08-09,2016-09-01,Registered Voters,1875,Internet,Nonpartisan,NA,Other,NA
Iowa,25366,WashPost/SurveyMonkey,2016-08-09,2016-09-01,Registered Voters,1875,Internet,Nonpartisan,NA,Undecided,12
Iowa,25366,WashPost/SurveyMonkey,2016-08-09,2016-09-01,Registered Voters,1875,Internet,Nonpartisan,NA,Johnson,NA
Iowa,25366,WashPost/SurveyMonkey,2016-08-09,2016-09-01,Registered Voters,1875,Internet,Nonpartisan,NA,McMullin,NA
Iowa,25415,PPP (D-Constitutional Responsibility Project),2016-08-30,2016-08-31,Likely Voters,827,IVR/Online,Sponsor,Dem,Trump,43
Iowa,25415,PPP (D-Constitutional Responsibility Project),2016-08-30,2016-08-31,Likely Voters,827,IVR/Online,Sponsor,Dem,Clinton,45
Iowa,25415,PPP (D-Constitutional Responsibility Project),2016-08-30,2016-08-31,Likely Voters,827,IVR/Online,Sponsor,Dem,Other,NA
Iowa,25415,PPP (D-Constitutional Responsibility Project),2016-08-30,2016-08-31,Likely Voters,827,IVR/Online,Sponsor,Dem,Undecided,12
Iowa,25415,PPP (D-Constitutional Responsibility Project),2016-08-30,2016-08-31,Likely Voters,827,IVR/Online,Sponsor,Dem,Johnson,NA
Iowa,25415,PPP (D-Constitutional Responsibility Project),2016-08-30,2016-08-31,Likely Voters,827,IVR/Online,Sponsor,Dem,McMullin,NA
Iowa,25220,CBS/YouGov,2016-08-17,2016-08-19,Likely Voters,987,Internet,Nonpartisan,NA,Trump,40
Iowa,25220,CBS/YouGov,2016-08-17,2016-08-19,Likely Voters,987,Internet,Nonpartisan,NA,Clinton,40
Iowa,25220,CBS/YouGov,2016-08-17,2016-08-19,Likely Voters,987,Internet,Nonpartisan,NA,Other,6
Iowa,25220,CBS/YouGov,2016-08-17,2016-08-19,Likely Voters,987,Internet,Nonpartisan,NA,Undecided,7
Iowa,25220,CBS/YouGov,2016-08-17,2016-08-19,Likely Voters,987,Internet,Nonpartisan,NA,Johnson,7
Iowa,25220,CBS/YouGov,2016-08-17,2016-08-19,Likely Voters,987,Internet,Nonpartisan,NA,McMullin,NA
Iowa,25198,Quinnipiac,2016-08-09,2016-08-16,Likely Voters,846,Live Phone,Nonpartisan,NA,Trump,44
Iowa,25198,Quinnipiac,2016-08-09,2016-08-16,Likely Voters,846,Live Phone,Nonpartisan,NA,Clinton,47
Iowa,25198,Quinnipiac,2016-08-09,2016-08-16,Likely Voters,846,Live Phone,Nonpartisan,NA,Other,4
Iowa,25198,Quinnipiac,2016-08-09,2016-08-16,Likely Voters,846,Live Phone,Nonpartisan,NA,Undecided,6
Iowa,25198,Quinnipiac,2016-08-09,2016-08-16,Likely Voters,846,Live Phone,Nonpartisan,NA,Johnson,NA
Iowa,25198,Quinnipiac,2016-08-09,2016-08-16,Likely Voters,846,Live Phone,Nonpartisan,NA,McMullin,NA
Iowa,25128,Suffolk,2016-08-08,2016-08-10,Likely Voters,500,Live Phone,Nonpartisan,NA,Trump,41
Iowa,25128,Suffolk,2016-08-08,2016-08-10,Likely Voters,500,Live Phone,Nonpartisan,NA,Clinton,40
Iowa,25128,Suffolk,2016-08-08,2016-08-10,Likely Voters,500,Live Phone,Nonpartisan,NA,Other,NA
Iowa,25128,Suffolk,2016-08-08,2016-08-10,Likely Voters,500,Live Phone,Nonpartisan,NA,Undecided,19
Iowa,25128,Suffolk,2016-08-08,2016-08-10,Likely Voters,500,Live Phone,Nonpartisan,NA,Johnson,NA
Iowa,25128,Suffolk,2016-08-08,2016-08-10,Likely Voters,500,Live Phone,Nonpartisan,NA,McMullin,NA
Iowa,25104,NBC/WSJ/Marist,2016-08-03,2016-08-07,Registered Voters,899,Live Phone,Nonpartisan,NA,Trump,37
Iowa,25104,NBC/WSJ/Marist,2016-08-03,2016-08-07,Registered Voters,899,Live Phone,Nonpartisan,NA,Clinton,41
Iowa,25104,NBC/WSJ/Marist,2016-08-03,2016-08-07,Registered Voters,899,Live Phone,Nonpartisan,NA,Other,13
Iowa,25104,NBC/WSJ/Marist,2016-08-03,2016-08-07,Registered Voters,899,Live Phone,Nonpartisan,NA,Undecided,9
Iowa,25104,NBC/WSJ/Marist,2016-08-03,2016-08-07,Registered Voters,899,Live Phone,Nonpartisan,NA,Johnson,NA
Iowa,25104,NBC/WSJ/Marist,2016-08-03,2016-08-07,Registered Voters,899,Live Phone,Nonpartisan,NA,McMullin,NA
Iowa,24909,CBS/YouGov,2016-07-13,2016-07-15,Likely Voters,998,Internet,Nonpartisan,NA,Trump,40
Iowa,24909,CBS/YouGov,2016-07-13,2016-07-15,Likely Voters,998,Internet,Nonpartisan,NA,Clinton,39
Iowa,24909,CBS/YouGov,2016-07-13,2016-07-15,Likely Voters,998,Internet,Nonpartisan,NA,Other,12
Iowa,24909,CBS/YouGov,2016-07-13,2016-07-15,Likely Voters,998,Internet,Nonpartisan,NA,Undecided,8
Iowa,24909,CBS/YouGov,2016-07-13,2016-07-15,Likely Voters,998,Internet,Nonpartisan,NA,Johnson,NA
Iowa,24909,CBS/YouGov,2016-07-13,2016-07-15,Likely Voters,998,Internet,Nonpartisan,NA,McMullin,NA
Iowa,24862,Monmouth University,2016-07-08,2016-07-11,Likely Voters,401,Live Phone,Nonpartisan,NA,Trump,44
Iowa,24862,Monmouth University,2016-07-08,2016-07-11,Likely Voters,401,Live Phone,Nonpartisan,NA,Clinton,42
Iowa,24862,Monmouth University,2016-07-08,2016-07-11,Likely Voters,401,Live Phone,Nonpartisan,NA,Other,3
Iowa,24862,Monmouth University,2016-07-08,2016-07-11,Likely Voters,401,Live Phone,Nonpartisan,NA,Undecided,6
Iowa,24862,Monmouth University,2016-07-08,2016-07-11,Likely Voters,401,Live Phone,Nonpartisan,NA,Johnson,6
Iowa,24862,Monmouth University,2016-07-08,2016-07-11,Likely Voters,401,Live Phone,Nonpartisan,NA,McMullin,NA
Iowa,24877,NBC/WSJ/Marist,2016-07-05,2016-07-10,Registered Voters,822,Live Phone,Nonpartisan,NA,Trump,39
Iowa,24877,NBC/WSJ/Marist,2016-07-05,2016-07-10,Registered Voters,822,Live Phone,Nonpartisan,NA,Clinton,42
Iowa,24877,NBC/WSJ/Marist,2016-07-05,2016-07-10,Registered Voters,822,Live Phone,Nonpartisan,NA,Other,10
Iowa,24877,NBC/WSJ/Marist,2016-07-05,2016-07-10,Registered Voters,822,Live Phone,Nonpartisan,NA,Undecided,8
Iowa,24877,NBC/WSJ/Marist,2016-07-05,2016-07-10,Registered Voters,822,Live Phone,Nonpartisan,NA,Johnson,NA
Iowa,24877,NBC/WSJ/Marist,2016-07-05,2016-07-10,Registered Voters,822,Live Phone,Nonpartisan,NA,McMullin,NA
Iowa,24885,Gravis Marketing,2016-07-07,2016-07-08,Registered Voters,1318,Automated Phone,Nonpartisan,NA,Trump,40
Iowa,24885,Gravis Marketing,2016-07-07,2016-07-08,Registered Voters,1318,Automated Phone,Nonpartisan,NA,Clinton,42
Iowa,24885,Gravis Marketing,2016-07-07,2016-07-08,Registered Voters,1318,Automated Phone,Nonpartisan,NA,Other,18
Iowa,24885,Gravis Marketing,2016-07-07,2016-07-08,Registered Voters,1318,Automated Phone,Nonpartisan,NA,Undecided,NA
Iowa,24885,Gravis Marketing,2016-07-07,2016-07-08,Registered Voters,1318,Automated Phone,Nonpartisan,NA,Johnson,NA
Iowa,24885,Gravis Marketing,2016-07-07,2016-07-08,Registered Voters,1318,Automated Phone,Nonpartisan,NA,McMullin,NA
Iowa,24806,Loras College,2016-06-24,2016-06-28,Likely Voters,600,Live Phone,Nonpartisan,NA,Trump,34
Iowa,24806,Loras College,2016-06-24,2016-06-28,Likely Voters,600,Live Phone,Nonpartisan,NA,Clinton,48
Iowa,24806,Loras College,2016-06-24,2016-06-28,Likely Voters,600,Live Phone,Nonpartisan,NA,Other,4
Iowa,24806,Loras College,2016-06-24,2016-06-28,Likely Voters,600,Live Phone,Nonpartisan,NA,Undecided,14
Iowa,24806,Loras College,2016-06-24,2016-06-28,Likely Voters,600,Live Phone,Nonpartisan,NA,Johnson,NA
Iowa,24806,Loras College,2016-06-24,2016-06-28,Likely Voters,600,Live Phone,Nonpartisan,NA,McMullin,NA
Iowa,24786,PPP (D-Americans United for Change/Constitutional Responsibility Project),2016-06-22,2016-06-23,Likely Voters,897,IVR/Online,Sponsor,Dem,Trump,39
Iowa,24786,PPP (D-Americans United for Change/Constitutional Responsibility Project),2016-06-22,2016-06-23,Likely Voters,897,IVR/Online,Sponsor,Dem,Clinton,41
Iowa,24786,PPP (D-Americans United for Change/Constitutional Responsibility Project),2016-06-22,2016-06-23,Likely Voters,897,IVR/Online,Sponsor,Dem,Other,NA
Iowa,24786,PPP (D-Americans United for Change/Constitutional Responsibility Project),2016-06-22,2016-06-23,Likely Voters,897,IVR/Online,Sponsor,Dem,Undecided,20
Iowa,24786,PPP (D-Americans United for Change/Constitutional Responsibility Project),2016-06-22,2016-06-23,Likely Voters,897,IVR/Online,Sponsor,Dem,Johnson,NA
Iowa,24786,PPP (D-Americans United for Change/Constitutional Responsibility Project),2016-06-22,2016-06-23,Likely Voters,897,IVR/Online,Sponsor,Dem,McMullin,NA
Iowa,24688,PPP (D-Constitutional Responsibility Project),2016-06-09,2016-06-13,Likely Voters,630,Automated Phone,Sponsor,Dem,Trump,41
Iowa,24688,PPP (D-Constitutional Responsibility Project),2016-06-09,2016-06-13,Likely Voters,630,Automated Phone,Sponsor,Dem,Clinton,44
Iowa,24688,PPP (D-Constitutional Responsibility Project),2016-06-09,2016-06-13,Likely Voters,630,Automated Phone,Sponsor,Dem,Other,NA
Iowa,24688,PPP (D-Constitutional Responsibility Project),2016-06-09,2016-06-13,Likely Voters,630,Automated Phone,Sponsor,Dem,Undecided,15
Iowa,24688,PPP (D-Constitutional Responsibility Project),2016-06-09,2016-06-13,Likely Voters,630,Automated Phone,Sponsor,Dem,Johnson,NA
Iowa,24688,PPP (D-Constitutional Responsibility Project),2016-06-09,2016-06-13,Likely Voters,630,Automated Phone,Sponsor,Dem,McMullin,NA
Iowa,23463,NBC/WSJ/Marist,2016-01-02,2016-01-07,Registered Voters,1470,Live Phone,Nonpartisan,NA,Trump,40
Iowa,23463,NBC/WSJ/Marist,2016-01-02,2016-01-07,Registered Voters,1470,Live Phone,Nonpartisan,NA,Clinton,48
Iowa,23463,NBC/WSJ/Marist,2016-01-02,2016-01-07,Registered Voters,1470,Live Phone,Nonpartisan,NA,Other,NA
Iowa,23463,NBC/WSJ/Marist,2016-01-02,2016-01-07,Registered Voters,1470,Live Phone,Nonpartisan,NA,Undecided,12
Iowa,23463,NBC/WSJ/Marist,2016-01-02,2016-01-07,Registered Voters,1470,Live Phone,Nonpartisan,NA,Johnson,NA
Iowa,23463,NBC/WSJ/Marist,2016-01-02,2016-01-07,Registered Voters,1470,Live Phone,Nonpartisan,NA,McMullin,NA
Iowa,23364,PPP (D),2015-12-10,2015-12-13,Likely Voters,1426,IVR/Online,Pollster,Dem,Trump,43
Iowa,23364,PPP (D),2015-12-10,2015-12-13,Likely Voters,1426,IVR/Online,Pollster,Dem,Clinton,45
Iowa,23364,PPP (D),2015-12-10,2015-12-13,Likely Voters,1426,IVR/Online,Pollster,Dem,Other,NA
Iowa,23364,PPP (D),2015-12-10,2015-12-13,Likely Voters,1426,IVR/Online,Pollster,Dem,Undecided,13
Iowa,23364,PPP (D),2015-12-10,2015-12-13,Likely Voters,1426,IVR/Online,Pollster,Dem,Johnson,NA
Iowa,23364,PPP (D),2015-12-10,2015-12-13,Likely Voters,1426,IVR/Online,Pollster,Dem,McMullin,NA
Iowa,23184,Morning Consult/Campaign for Sustainable Rx Pricing,2015-11-10,2015-11-16,Registered Voters,641,Live Phone/Online,Nonpartisan,NA,Trump,40
Iowa,23184,Morning Consult/Campaign for Sustainable Rx Pricing,2015-11-10,2015-11-16,Registered Voters,641,Live Phone/Online,Nonpartisan,NA,Clinton,41
Iowa,23184,Morning Consult/Campaign for Sustainable Rx Pricing,2015-11-10,2015-11-16,Registered Voters,641,Live Phone/Online,Nonpartisan,NA,Other,NA
Iowa,23184,Morning Consult/Campaign for Sustainable Rx Pricing,2015-11-10,2015-11-16,Registered Voters,641,Live Phone/Online,Nonpartisan,NA,Undecided,19
Iowa,23184,Morning Consult/Campaign for Sustainable Rx Pricing,2015-11-10,2015-11-16,Registered Voters,641,Live Phone/Online,Nonpartisan,NA,Johnson,NA
Iowa,23184,Morning Consult/Campaign for Sustainable Rx Pricing,2015-11-10,2015-11-16,Registered Voters,641,Live Phone/Online,Nonpartisan,NA,McMullin,NA
Iowa,23072,PPP (D),2015-10-30,2015-11-01,Likely Voters,1668,IVR/Online,Pollster,Dem,Trump,44
Iowa,23072,PPP (D),2015-10-30,2015-11-01,Likely Voters,1668,IVR/Online,Pollster,Dem,Clinton,44
Iowa,23072,PPP (D),2015-10-30,2015-11-01,Likely Voters,1668,IVR/Online,Pollster,Dem,Other,NA
Iowa,23072,PPP (D),2015-10-30,2015-11-01,Likely Voters,1668,IVR/Online,Pollster,Dem,Undecided,12
Iowa,23072,PPP (D),2015-10-30,2015-11-01,Likely Voters,1668,IVR/Online,Pollster,Dem,Johnson,NA
Iowa,23072,PPP (D),2015-10-30,2015-11-01,Likely Voters,1668,IVR/Online,Pollster,Dem,McMullin,NA
Iowa,22843,NBC/WSJ/Marist,2015-09-23,2015-09-30,Registered Voters,1061,Live Phone,Nonpartisan,NA,Trump,48
Iowa,22843,NBC/WSJ/Marist,2015-09-23,2015-09-30,Registered Voters,1061,Live Phone,Nonpartisan,NA,Clinton,41
Iowa,22843,NBC/WSJ/Marist,2015-09-23,2015-09-30,Registered Voters,1061,Live Phone,Nonpartisan,NA,Other,NA
Iowa,22843,NBC/WSJ/Marist,2015-09-23,2015-09-30,Registered Voters,1061,Live Phone,Nonpartisan,NA,Undecided,11
Iowa,22843,NBC/WSJ/Marist,2015-09-23,2015-09-30,Registered Voters,1061,Live Phone,Nonpartisan,NA,Johnson,NA
Iowa,22843,NBC/WSJ/Marist,2015-09-23,2015-09-30,Registered Voters,1061,Live Phone,Nonpartisan,NA,McMullin,NA
Iowa,22684,NBC/Marist,2015-08-26,2015-09-02,Registered Voters,998,Live Phone,Nonpartisan,NA,Trump,48
Iowa,22684,NBC/Marist,2015-08-26,2015-09-02,Registered Voters,998,Live Phone,Nonpartisan,NA,Clinton,43
Iowa,22684,NBC/Marist,2015-08-26,2015-09-02,Registered Voters,998,Live Phone,Nonpartisan,NA,Other,NA
Iowa,22684,NBC/Marist,2015-08-26,2015-09-02,Registered Voters,998,Live Phone,Nonpartisan,NA,Undecided,9
Iowa,22684,NBC/Marist,2015-08-26,2015-09-02,Registered Voters,998,Live Phone,Nonpartisan,NA,Johnson,NA
Iowa,22684,NBC/Marist,2015-08-26,2015-09-02,Registered Voters,998,Live Phone,Nonpartisan,NA,McMullin,NA
Iowa,22539,PPP (D),2015-08-07,2015-08-09,Likely Voters,1500,IVR/Online,Pollster,Dem,Trump,40
Iowa,22539,PPP (D),2015-08-07,2015-08-09,Likely Voters,1500,IVR/Online,Pollster,Dem,Clinton,43
Iowa,22539,PPP (D),2015-08-07,2015-08-09,Likely Voters,1500,IVR/Online,Pollster,Dem,Other,NA
Iowa,22539,PPP (D),2015-08-07,2015-08-09,Likely Voters,1500,IVR/Online,Pollster,Dem,Undecided,17
Iowa,22539,PPP (D),2015-08-07,2015-08-09,Likely Voters,1500,IVR/Online,Pollster,Dem,Johnson,NA
Iowa,22539,PPP (D),2015-08-07,2015-08-09,Likely Voters,1500,IVR/Online,Pollster,Dem,McMullin,NA
North Carolina,26807,SurveyMonkey,2016-11-01,2016-11-07,Likely Voters,3126,Internet,Nonpartisan,NA,Trump,41
North Carolina,26807,SurveyMonkey,2016-11-01,2016-11-07,Likely Voters,3126,Internet,Nonpartisan,NA,Clinton,48
North Carolina,26807,SurveyMonkey,2016-11-01,2016-11-07,Likely Voters,3126,Internet,Nonpartisan,NA,Other,NA
North Carolina,26807,SurveyMonkey,2016-11-01,2016-11-07,Likely Voters,3126,Internet,Nonpartisan,NA,Undecided,3
North Carolina,26807,SurveyMonkey,2016-11-01,2016-11-07,Likely Voters,3126,Internet,Nonpartisan,NA,Johnson,7
North Carolina,26807,SurveyMonkey,2016-11-01,2016-11-07,Likely Voters,3126,Internet,Nonpartisan,NA,McMullin,NA
North Carolina,26780,NYT Upshot/Siena,2016-11-04,2016-11-06,Likely Voters,800,Live Phone,Nonpartisan,NA,Trump,44
North Carolina,26780,NYT Upshot/Siena,2016-11-04,2016-11-06,Likely Voters,800,Live Phone,Nonpartisan,NA,Clinton,44
North Carolina,26780,NYT Upshot/Siena,2016-11-04,2016-11-06,Likely Voters,800,Live Phone,Nonpartisan,NA,Other,2
North Carolina,26780,NYT Upshot/Siena,2016-11-04,2016-11-06,Likely Voters,800,Live Phone,Nonpartisan,NA,Undecided,6
North Carolina,26780,NYT Upshot/Siena,2016-11-04,2016-11-06,Likely Voters,800,Live Phone,Nonpartisan,NA,Johnson,3
North Carolina,26780,NYT Upshot/Siena,2016-11-04,2016-11-06,Likely Voters,800,Live Phone,Nonpartisan,NA,McMullin,NA
North Carolina,26777,Quinnipiac,2016-11-03,2016-11-06,Likely Voters,870,Live Phone,Nonpartisan,NA,Trump,45
North Carolina,26777,Quinnipiac,2016-11-03,2016-11-06,Likely Voters,870,Live Phone,Nonpartisan,NA,Clinton,47
North Carolina,26777,Quinnipiac,2016-11-03,2016-11-06,Likely Voters,870,Live Phone,Nonpartisan,NA,Other,2
North Carolina,26777,Quinnipiac,2016-11-03,2016-11-06,Likely Voters,870,Live Phone,Nonpartisan,NA,Undecided,4
North Carolina,26777,Quinnipiac,2016-11-03,2016-11-06,Likely Voters,870,Live Phone,Nonpartisan,NA,Johnson,3
North Carolina,26777,Quinnipiac,2016-11-03,2016-11-06,Likely Voters,870,Live Phone,Nonpartisan,NA,McMullin,NA
North Carolina,26793,UPI/CVOTER,2016-10-30,2016-11-06,Likely Voters,357,Internet,Nonpartisan,NA,Trump,48
North Carolina,26793,UPI/CVOTER,2016-10-30,2016-11-06,Likely Voters,357,Internet,Nonpartisan,NA,Clinton,47
North Carolina,26793,UPI/CVOTER,2016-10-30,2016-11-06,Likely Voters,357,Internet,Nonpartisan,NA,Other,6
North Carolina,26793,UPI/CVOTER,2016-10-30,2016-11-06,Likely Voters,357,Internet,Nonpartisan,NA,Undecided,NA
North Carolina,26793,UPI/CVOTER,2016-10-30,2016-11-06,Likely Voters,357,Internet,Nonpartisan,NA,Johnson,NA
North Carolina,26793,UPI/CVOTER,2016-10-30,2016-11-06,Likely Voters,357,Internet,Nonpartisan,NA,McMullin,NA
North Carolina,26806,Ipsos/Reuters,2016-10-17,2016-11-06,Likely Voters,650,Internet,Nonpartisan,NA,Trump,47
North Carolina,26806,Ipsos/Reuters,2016-10-17,2016-11-06,Likely Voters,650,Internet,Nonpartisan,NA,Clinton,46
North Carolina,26806,Ipsos/Reuters,2016-10-17,2016-11-06,Likely Voters,650,Internet,Nonpartisan,NA,Other,NA
North Carolina,26806,Ipsos/Reuters,2016-10-17,2016-11-06,Likely Voters,650,Internet,Nonpartisan,NA,Undecided,7
North Carolina,26806,Ipsos/Reuters,2016-10-17,2016-11-06,Likely Voters,650,Internet,Nonpartisan,NA,Johnson,NA
North Carolina,26806,Ipsos/Reuters,2016-10-17,2016-11-06,Likely Voters,650,Internet,Nonpartisan,NA,McMullin,NA
North Carolina,26762,Remington Research Group (R)/Axiom Strategies,2016-11-01,2016-11-02,Likely Voters,2596,IVR/Live Phone,Sponsor,Rep,Trump,48
North Carolina,26762,Remington Research Group (R)/Axiom Strategies,2016-11-01,2016-11-02,Likely Voters,2596,IVR/Live Phone,Sponsor,Rep,Clinton,45
North Carolina,26762,Remington Research Group (R)/Axiom Strategies,2016-11-01,2016-11-02,Likely Voters,2596,IVR/Live Phone,Sponsor,Rep,Other,1
North Carolina,26762,Remington Research Group (R)/Axiom Strategies,2016-11-01,2016-11-02,Likely Voters,2596,IVR/Live Phone,Sponsor,Rep,Undecided,2
North Carolina,26762,Remington Research Group (R)/Axiom Strategies,2016-11-01,2016-11-02,Likely Voters,2596,IVR/Live Phone,Sponsor,Rep,Johnson,3
North Carolina,26762,Remington Research Group (R)/Axiom Strategies,2016-11-01,2016-11-02,Likely Voters,2596,IVR/Live Phone,Sponsor,Rep,McMullin,NA
North Carolina,26702,PPP (D-Center for American Progress Action Fund),2016-10-31,2016-11-01,Likely Voters,1169,IVR/Online,Sponsor,Dem,Trump,47
North Carolina,26702,PPP (D-Center for American Progress Action Fund),2016-10-31,2016-11-01,Likely Voters,1169,IVR/Online,Sponsor,Dem,Clinton,49
North Carolina,26702,PPP (D-Center for American Progress Action Fund),2016-10-31,2016-11-01,Likely Voters,1169,IVR/Online,Sponsor,Dem,Other,NA
North Carolina,26702,PPP (D-Center for American Progress Action Fund),2016-10-31,2016-11-01,Likely Voters,1169,IVR/Online,Sponsor,Dem,Undecided,4
North Carolina,26702,PPP (D-Center for American Progress Action Fund),2016-10-31,2016-11-01,Likely Voters,1169,IVR/Online,Sponsor,Dem,Johnson,NA
North Carolina,26702,PPP (D-Center for American Progress Action Fund),2016-10-31,2016-11-01,Likely Voters,1169,IVR/Online,Sponsor,Dem,McMullin,NA
North Carolina,26632,Quinnipiac,2016-10-27,2016-11-01,Likely Voters,602,Live Phone,Nonpartisan,NA,Trump,44
North Carolina,26632,Quinnipiac,2016-10-27,2016-11-01,Likely Voters,602,Live Phone,Nonpartisan,NA,Clinton,47
North Carolina,26632,Quinnipiac,2016-10-27,2016-11-01,Likely Voters,602,Live Phone,Nonpartisan,NA,Other,1
North Carolina,26632,Quinnipiac,2016-10-27,2016-11-01,Likely Voters,602,Live Phone,Nonpartisan,NA,Undecided,5
North Carolina,26632,Quinnipiac,2016-10-27,2016-11-01,Likely Voters,602,Live Phone,Nonpartisan,NA,Johnson,3
North Carolina,26632,Quinnipiac,2016-10-27,2016-11-01,Likely Voters,602,Live Phone,Nonpartisan,NA,McMullin,NA
North Carolina,26607,SurveyUSA/WRAL,2016-10-28,2016-10-31,Likely Voters,659,IVR/Online,Nonpartisan,NA,Trump,51
North Carolina,26607,SurveyUSA/WRAL,2016-10-28,2016-10-31,Likely Voters,659,IVR/Online,Nonpartisan,NA,Clinton,44
North Carolina,26607,SurveyUSA/WRAL,2016-10-28,2016-10-31,Likely Voters,659,IVR/Online,Nonpartisan,NA,Other,NA
North Carolina,26607,SurveyUSA/WRAL,2016-10-28,2016-10-31,Likely Voters,659,IVR/Online,Nonpartisan,NA,Undecided,3
North Carolina,26607,SurveyUSA/WRAL,2016-10-28,2016-10-31,Likely Voters,659,IVR/Online,Nonpartisan,NA,Johnson,3
North Carolina,26607,SurveyUSA/WRAL,2016-10-28,2016-10-31,Likely Voters,659,IVR/Online,Nonpartisan,NA,McMullin,NA
North Carolina,26596,SurveyMonkey,2016-10-25,2016-10-31,Likely Voters,1574,Internet,Nonpartisan,NA,Trump,44
North Carolina,26596,SurveyMonkey,2016-10-25,2016-10-31,Likely Voters,1574,Internet,Nonpartisan,NA,Clinton,47
North Carolina,26596,SurveyMonkey,2016-10-25,2016-10-31,Likely Voters,1574,Internet,Nonpartisan,NA,Other,NA
North Carolina,26596,SurveyMonkey,2016-10-25,2016-10-31,Likely Voters,1574,Internet,Nonpartisan,NA,Undecided,2
North Carolina,26596,SurveyMonkey,2016-10-25,2016-10-31,Likely Voters,1574,Internet,Nonpartisan,NA,Johnson,7
North Carolina,26596,SurveyMonkey,2016-10-25,2016-10-31,Likely Voters,1574,Internet,Nonpartisan,NA,McMullin,NA
North Carolina,26565,Remington Research Group (R)/Axiom Strategies,2016-10-30,2016-10-30,Likely Voters,1176,IVR/Live Phone,Sponsor,Rep,Trump,47
North Carolina,26565,Remington Research Group (R)/Axiom Strategies,2016-10-30,2016-10-30,Likely Voters,1176,IVR/Live Phone,Sponsor,Rep,Clinton,45
North Carolina,26565,Remington Research Group (R)/Axiom Strategies,2016-10-30,2016-10-30,Likely Voters,1176,IVR/Live Phone,Sponsor,Rep,Other,1
North Carolina,26565,Remington Research Group (R)/Axiom Strategies,2016-10-30,2016-10-30,Likely Voters,1176,IVR/Live Phone,Sponsor,Rep,Undecided,4
North Carolina,26565,Remington Research Group (R)/Axiom Strategies,2016-10-30,2016-10-30,Likely Voters,1176,IVR/Live Phone,Sponsor,Rep,Johnson,2
North Carolina,26565,Remington Research Group (R)/Axiom Strategies,2016-10-30,2016-10-30,Likely Voters,1176,IVR/Live Phone,Sponsor,Rep,McMullin,NA
North Carolina,26592,UPI/CVOTER,2016-10-23,2016-10-29,Likely Voters,351,Internet,Nonpartisan,NA,Trump,48
North Carolina,26592,UPI/CVOTER,2016-10-23,2016-10-29,Likely Voters,351,Internet,Nonpartisan,NA,Clinton,48
North Carolina,26592,UPI/CVOTER,2016-10-23,2016-10-29,Likely Voters,351,Internet,Nonpartisan,NA,Other,4
North Carolina,26592,UPI/CVOTER,2016-10-23,2016-10-29,Likely Voters,351,Internet,Nonpartisan,NA,Undecided,NA
North Carolina,26592,UPI/CVOTER,2016-10-23,2016-10-29,Likely Voters,351,Internet,Nonpartisan,NA,Johnson,NA
North Carolina,26592,UPI/CVOTER,2016-10-23,2016-10-29,Likely Voters,351,Internet,Nonpartisan,NA,McMullin,NA
North Carolina,26548,CBS/YouGov,2016-10-26,2016-10-28,Likely Voters,992,Internet,Nonpartisan,NA,Trump,45
North Carolina,26548,CBS/YouGov,2016-10-26,2016-10-28,Likely Voters,992,Internet,Nonpartisan,NA,Clinton,48
North Carolina,26548,CBS/YouGov,2016-10-26,2016-10-28,Likely Voters,992,Internet,Nonpartisan,NA,Other,2
North Carolina,26548,CBS/YouGov,2016-10-26,2016-10-28,Likely Voters,992,Internet,Nonpartisan,NA,Undecided,2
North Carolina,26548,CBS/YouGov,2016-10-26,2016-10-28,Likely Voters,992,Internet,Nonpartisan,NA,Johnson,3
North Carolina,26548,CBS/YouGov,2016-10-26,2016-10-28,Likely Voters,992,Internet,Nonpartisan,NA,McMullin,NA
North Carolina,26597,Elon,2016-10-23,2016-10-27,Likely Voters,710,Live Phone,Nonpartisan,NA,Trump,41
North Carolina,26597,Elon,2016-10-23,2016-10-27,Likely Voters,710,Live Phone,Nonpartisan,NA,Clinton,42
North Carolina,26597,Elon,2016-10-23,2016-10-27,Likely Voters,710,Live Phone,Nonpartisan,NA,Other,2
North Carolina,26597,Elon,2016-10-23,2016-10-27,Likely Voters,710,Live Phone,Nonpartisan,NA,Undecided,12
North Carolina,26597,Elon,2016-10-23,2016-10-27,Likely Voters,710,Live Phone,Nonpartisan,NA,Johnson,3
North Carolina,26597,Elon,2016-10-23,2016-10-27,Likely Voters,710,Live Phone,Nonpartisan,NA,McMullin,NA
North Carolina,26545,NBC/WSJ/Marist,2016-10-25,2016-10-26,Likely Voters,780,Live Phone,Nonpartisan,NA,Trump,44
North Carolina,26545,NBC/WSJ/Marist,2016-10-25,2016-10-26,Likely Voters,780,Live Phone,Nonpartisan,NA,Clinton,50
North Carolina,26545,NBC/WSJ/Marist,2016-10-25,2016-10-26,Likely Voters,780,Live Phone,Nonpartisan,NA,Other,5
North Carolina,26545,NBC/WSJ/Marist,2016-10-25,2016-10-26,Likely Voters,780,Live Phone,Nonpartisan,NA,Undecided,2
North Carolina,26545,NBC/WSJ/Marist,2016-10-25,2016-10-26,Likely Voters,780,Live Phone,Nonpartisan,NA,Johnson,NA
North Carolina,26545,NBC/WSJ/Marist,2016-10-25,2016-10-26,Likely Voters,780,Live Phone,Nonpartisan,NA,McMullin,NA
North Carolina,26508,Quinnipiac,2016-10-20,2016-10-26,Likely Voters,702,Live Phone,Nonpartisan,NA,Trump,43
North Carolina,26508,Quinnipiac,2016-10-20,2016-10-26,Likely Voters,702,Live Phone,Nonpartisan,NA,Clinton,47
North Carolina,26508,Quinnipiac,2016-10-20,2016-10-26,Likely Voters,702,Live Phone,Nonpartisan,NA,Other,1
North Carolina,26508,Quinnipiac,2016-10-20,2016-10-26,Likely Voters,702,Live Phone,Nonpartisan,NA,Undecided,4
North Carolina,26508,Quinnipiac,2016-10-20,2016-10-26,Likely Voters,702,Live Phone,Nonpartisan,NA,Johnson,5
North Carolina,26508,Quinnipiac,2016-10-20,2016-10-26,Likely Voters,702,Live Phone,Nonpartisan,NA,McMullin,NA
North Carolina,26441,SurveyMonkey,2016-10-18,2016-10-24,Likely Voters,1825,Internet,Nonpartisan,NA,Trump,43
North Carolina,26441,SurveyMonkey,2016-10-18,2016-10-24,Likely Voters,1825,Internet,Nonpartisan,NA,Clinton,47
North Carolina,26441,SurveyMonkey,2016-10-18,2016-10-24,Likely Voters,1825,Internet,Nonpartisan,NA,Other,NA
North Carolina,26441,SurveyMonkey,2016-10-18,2016-10-24,Likely Voters,1825,Internet,Nonpartisan,NA,Undecided,3
North Carolina,26441,SurveyMonkey,2016-10-18,2016-10-24,Likely Voters,1825,Internet,Nonpartisan,NA,Johnson,7
North Carolina,26441,SurveyMonkey,2016-10-18,2016-10-24,Likely Voters,1825,Internet,Nonpartisan,NA,McMullin,NA
North Carolina,26410,NYT Upshot/Siena,2016-10-20,2016-10-23,Likely Voters,792,Live Phone,Nonpartisan,NA,Trump,39
North Carolina,26410,NYT Upshot/Siena,2016-10-20,2016-10-23,Likely Voters,792,Live Phone,Nonpartisan,NA,Clinton,46
North Carolina,26410,NYT Upshot/Siena,2016-10-20,2016-10-23,Likely Voters,792,Live Phone,Nonpartisan,NA,Other,1
North Carolina,26410,NYT Upshot/Siena,2016-10-20,2016-10-23,Likely Voters,792,Live Phone,Nonpartisan,NA,Undecided,6
North Carolina,26410,NYT Upshot/Siena,2016-10-20,2016-10-23,Likely Voters,792,Live Phone,Nonpartisan,NA,Johnson,8
North Carolina,26410,NYT Upshot/Siena,2016-10-20,2016-10-23,Likely Voters,792,Live Phone,Nonpartisan,NA,McMullin,NA
North Carolina,26395,Monmouth University,2016-10-20,2016-10-23,Likely Voters,402,Live Phone,Nonpartisan,NA,Trump,46
North Carolina,26395,Monmouth University,2016-10-20,2016-10-23,Likely Voters,402,Live Phone,Nonpartisan,NA,Clinton,47
North Carolina,26395,Monmouth University,2016-10-20,2016-10-23,Likely Voters,402,Live Phone,Nonpartisan,NA,Other,1
North Carolina,26395,Monmouth University,2016-10-20,2016-10-23,Likely Voters,402,Live Phone,Nonpartisan,NA,Undecided,2
North Carolina,26395,Monmouth University,2016-10-20,2016-10-23,Likely Voters,402,Live Phone,Nonpartisan,NA,Johnson,4
North Carolina,26395,Monmouth University,2016-10-20,2016-10-23,Likely Voters,402,Live Phone,Nonpartisan,NA,McMullin,NA
North Carolina,26393,PPP (D),2016-10-21,2016-10-22,Likely Voters,875,IVR/Online,Pollster,Dem,Trump,44
North Carolina,26393,PPP (D),2016-10-21,2016-10-22,Likely Voters,875,IVR/Online,Pollster,Dem,Clinton,47
North Carolina,26393,PPP (D),2016-10-21,2016-10-22,Likely Voters,875,IVR/Online,Pollster,Dem,Other,NA
North Carolina,26393,PPP (D),2016-10-21,2016-10-22,Likely Voters,875,IVR/Online,Pollster,Dem,Undecided,5
North Carolina,26393,PPP (D),2016-10-21,2016-10-22,Likely Voters,875,IVR/Online,Pollster,Dem,Johnson,4
North Carolina,26393,PPP (D),2016-10-21,2016-10-22,Likely Voters,875,IVR/Online,Pollster,Dem,McMullin,NA
North Carolina,26421,Remington Research Group (R)/Axiom Strategies,2016-10-20,2016-10-22,Likely Voters,1764,IVR/Live Phone,Sponsor,Rep,Trump,47
North Carolina,26421,Remington Research Group (R)/Axiom Strategies,2016-10-20,2016-10-22,Likely Voters,1764,IVR/Live Phone,Sponsor,Rep,Clinton,44
North Carolina,26421,Remington Research Group (R)/Axiom Strategies,2016-10-20,2016-10-22,Likely Voters,1764,IVR/Live Phone,Sponsor,Rep,Other,1
North Carolina,26421,Remington Research Group (R)/Axiom Strategies,2016-10-20,2016-10-22,Likely Voters,1764,IVR/Live Phone,Sponsor,Rep,Undecided,5
North Carolina,26421,Remington Research Group (R)/Axiom Strategies,2016-10-20,2016-10-22,Likely Voters,1764,IVR/Live Phone,Sponsor,Rep,Johnson,3
North Carolina,26421,Remington Research Group (R)/Axiom Strategies,2016-10-20,2016-10-22,Likely Voters,1764,IVR/Live Phone,Sponsor,Rep,McMullin,NA
North Carolina,26698,Ipsos/Reuters,2016-10-06,2016-10-19,Likely Voters,1233,Internet,Nonpartisan,NA,Trump,43
North Carolina,26698,Ipsos/Reuters,2016-10-06,2016-10-19,Likely Voters,1233,Internet,Nonpartisan,NA,Clinton,45
North Carolina,26698,Ipsos/Reuters,2016-10-06,2016-10-19,Likely Voters,1233,Internet,Nonpartisan,NA,Other,5
North Carolina,26698,Ipsos/Reuters,2016-10-06,2016-10-19,Likely Voters,1233,Internet,Nonpartisan,NA,Undecided,7
North Carolina,26698,Ipsos/Reuters,2016-10-06,2016-10-19,Likely Voters,1233,Internet,Nonpartisan,NA,Johnson,NA
North Carolina,26698,Ipsos/Reuters,2016-10-06,2016-10-19,Likely Voters,1233,Internet,Nonpartisan,NA,McMullin,NA
North Carolina,26405,Lucid/The Times-Picayune,2016-10-17,2016-10-18,Likely Voters,924,Internet,Nonpartisan,NA,Trump,41
North Carolina,26405,Lucid/The Times-Picayune,2016-10-17,2016-10-18,Likely Voters,924,Internet,Nonpartisan,NA,Clinton,42
North Carolina,26405,Lucid/The Times-Picayune,2016-10-17,2016-10-18,Likely Voters,924,Internet,Nonpartisan,NA,Other,2
North Carolina,26405,Lucid/The Times-Picayune,2016-10-17,2016-10-18,Likely Voters,924,Internet,Nonpartisan,NA,Undecided,7
North Carolina,26405,Lucid/The Times-Picayune,2016-10-17,2016-10-18,Likely Voters,924,Internet,Nonpartisan,NA,Johnson,8
North Carolina,26405,Lucid/The Times-Picayune,2016-10-17,2016-10-18,Likely Voters,924,Internet,Nonpartisan,NA,McMullin,NA
North Carolina,26283,Civitas (R),2016-10-14,2016-10-17,Likely Voters,600,Live Phone,Pollster,Rep,Trump,43
North Carolina,26283,Civitas (R),2016-10-14,2016-10-17,Likely Voters,600,Live Phone,Pollster,Rep,Clinton,45
North Carolina,26283,Civitas (R),2016-10-14,2016-10-17,Likely Voters,600,Live Phone,Pollster,Rep,Other,1
North Carolina,26283,Civitas (R),2016-10-14,2016-10-17,Likely Voters,600,Live Phone,Pollster,Rep,Undecided,6
North Carolina,26283,Civitas (R),2016-10-14,2016-10-17,Likely Voters,600,Live Phone,Pollster,Rep,Johnson,5
North Carolina,26283,Civitas (R),2016-10-14,2016-10-17,Likely Voters,600,Live Phone,Pollster,Rep,McMullin,NA
North Carolina,26268,SurveyUSA/TWC News North Carolina,2016-10-14,2016-10-17,Likely Voters,651,IVR/Online,Nonpartisan,NA,Trump,44
North Carolina,26268,SurveyUSA/TWC News North Carolina,2016-10-14,2016-10-17,Likely Voters,651,IVR/Online,Nonpartisan,NA,Clinton,46
North Carolina,26268,SurveyUSA/TWC News North Carolina,2016-10-14,2016-10-17,Likely Voters,651,IVR/Online,Nonpartisan,NA,Other,NA
North Carolina,26268,SurveyUSA/TWC News North Carolina,2016-10-14,2016-10-17,Likely Voters,651,IVR/Online,Nonpartisan,NA,Undecided,4
North Carolina,26268,SurveyUSA/TWC News North Carolina,2016-10-14,2016-10-17,Likely Voters,651,IVR/Online,Nonpartisan,NA,Johnson,6
North Carolina,26268,SurveyUSA/TWC News North Carolina,2016-10-14,2016-10-17,Likely Voters,651,IVR/Online,Nonpartisan,NA,McMullin,NA
North Carolina,26244,WashPost/SurveyMonkey,2016-10-08,2016-10-16,Likely Voters,1191,Internet,Nonpartisan,NA,Trump,43
North Carolina,26244,WashPost/SurveyMonkey,2016-10-08,2016-10-16,Likely Voters,1191,Internet,Nonpartisan,NA,Clinton,51
North Carolina,26244,WashPost/SurveyMonkey,2016-10-08,2016-10-16,Likely Voters,1191,Internet,Nonpartisan,NA,Other,NA
North Carolina,26244,WashPost/SurveyMonkey,2016-10-08,2016-10-16,Likely Voters,1191,Internet,Nonpartisan,NA,Undecided,7
North Carolina,26244,WashPost/SurveyMonkey,2016-10-08,2016-10-16,Likely Voters,1191,Internet,Nonpartisan,NA,Johnson,NA
North Carolina,26244,WashPost/SurveyMonkey,2016-10-08,2016-10-16,Likely Voters,1191,Internet,Nonpartisan,NA,McMullin,NA
North Carolina,26202,CNN,2016-10-10,2016-10-15,Likely Voters,788,Live Phone,Nonpartisan,NA,Trump,47
North Carolina,26202,CNN,2016-10-10,2016-10-15,Likely Voters,788,Live Phone,Nonpartisan,NA,Clinton,48
North Carolina,26202,CNN,2016-10-10,2016-10-15,Likely Voters,788,Live Phone,Nonpartisan,NA,Other,1
North Carolina,26202,CNN,2016-10-10,2016-10-15,Likely Voters,788,Live Phone,Nonpartisan,NA,Undecided,0
North Carolina,26202,CNN,2016-10-10,2016-10-15,Likely Voters,788,Live Phone,Nonpartisan,NA,Johnson,4
North Carolina,26202,CNN,2016-10-10,2016-10-15,Likely Voters,788,Live Phone,Nonpartisan,NA,McMullin,NA
North Carolina,26344,Ipsos/Reuters,2016-09-23,2016-10-13,Likely Voters,2059,Internet,Nonpartisan,NA,Trump,42
North Carolina,26344,Ipsos/Reuters,2016-09-23,2016-10-13,Likely Voters,2059,Internet,Nonpartisan,NA,Clinton,46
North Carolina,26344,Ipsos/Reuters,2016-09-23,2016-10-13,Likely Voters,2059,Internet,Nonpartisan,NA,Other,NA
North Carolina,26344,Ipsos/Reuters,2016-09-23,2016-10-13,Likely Voters,2059,Internet,Nonpartisan,NA,Undecided,12
North Carolina,26344,Ipsos/Reuters,2016-09-23,2016-10-13,Likely Voters,2059,Internet,Nonpartisan,NA,Johnson,NA
North Carolina,26344,Ipsos/Reuters,2016-09-23,2016-10-13,Likely Voters,2059,Internet,Nonpartisan,NA,McMullin,NA
North Carolina,26167,NBC/WSJ/Marist,2016-10-10,2016-10-12,Likely Voters,743,Live Phone,Nonpartisan,NA,Trump,43
North Carolina,26167,NBC/WSJ/Marist,2016-10-10,2016-10-12,Likely Voters,743,Live Phone,Nonpartisan,NA,Clinton,48
North Carolina,26167,NBC/WSJ/Marist,2016-10-10,2016-10-12,Likely Voters,743,Live Phone,Nonpartisan,NA,Other,6
North Carolina,26167,NBC/WSJ/Marist,2016-10-10,2016-10-12,Likely Voters,743,Live Phone,Nonpartisan,NA,Undecided,3
North Carolina,26167,NBC/WSJ/Marist,2016-10-10,2016-10-12,Likely Voters,743,Live Phone,Nonpartisan,NA,Johnson,NA
North Carolina,26167,NBC/WSJ/Marist,2016-10-10,2016-10-12,Likely Voters,743,Live Phone,Nonpartisan,NA,McMullin,NA
North Carolina,26158,Suffolk,2016-10-10,2016-10-12,Likely Voters,500,Live Phone,Nonpartisan,NA,Trump,43
North Carolina,26158,Suffolk,2016-10-10,2016-10-12,Likely Voters,500,Live Phone,Nonpartisan,NA,Clinton,45
North Carolina,26158,Suffolk,2016-10-10,2016-10-12,Likely Voters,500,Live Phone,Nonpartisan,NA,Other,NA
North Carolina,26158,Suffolk,2016-10-10,2016-10-12,Likely Voters,500,Live Phone,Nonpartisan,NA,Undecided,7
North Carolina,26158,Suffolk,2016-10-10,2016-10-12,Likely Voters,500,Live Phone,Nonpartisan,NA,Johnson,5
North Carolina,26158,Suffolk,2016-10-10,2016-10-12,Likely Voters,500,Live Phone,Nonpartisan,NA,McMullin,NA
North Carolina,26020,High Point University,2016-10-01,2016-10-06,Likely Voters,479,Live Phone,Nonpartisan,NA,Trump,42
North Carolina,26020,High Point University,2016-10-01,2016-10-06,Likely Voters,479,Live Phone,Nonpartisan,NA,Clinton,43
North Carolina,26020,High Point University,2016-10-01,2016-10-06,Likely Voters,479,Live Phone,Nonpartisan,NA,Other,NA
North Carolina,26020,High Point University,2016-10-01,2016-10-06,Likely Voters,479,Live Phone,Nonpartisan,NA,Undecided,6
North Carolina,26020,High Point University,2016-10-01,2016-10-06,Likely Voters,479,Live Phone,Nonpartisan,NA,Johnson,8
North Carolina,26020,High Point University,2016-10-01,2016-10-06,Likely Voters,479,Live Phone,Nonpartisan,NA,McMullin,NA
North Carolina,26125,Ipsos/Reuters,2016-09-16,2016-10-06,Likely Voters,600,Internet,Nonpartisan,NA,Trump,43
North Carolina,26125,Ipsos/Reuters,2016-09-16,2016-10-06,Likely Voters,600,Internet,Nonpartisan,NA,Clinton,44
North Carolina,26125,Ipsos/Reuters,2016-09-16,2016-10-06,Likely Voters,600,Internet,Nonpartisan,NA,Other,NA
North Carolina,26125,Ipsos/Reuters,2016-09-16,2016-10-06,Likely Voters,600,Internet,Nonpartisan,NA,Undecided,13
North Carolina,26125,Ipsos/Reuters,2016-09-16,2016-10-06,Likely Voters,600,Internet,Nonpartisan,NA,Johnson,NA
North Carolina,26125,Ipsos/Reuters,2016-09-16,2016-10-06,Likely Voters,600,Internet,Nonpartisan,NA,McMullin,NA
North Carolina,25957,SurveyUSA/WRAL News,2016-09-29,2016-10-03,Likely Voters,656,IVR/Online,Nonpartisan,NA,Trump,44
North Carolina,25957,SurveyUSA/WRAL News,2016-09-29,2016-10-03,Likely Voters,656,IVR/Online,Nonpartisan,NA,Clinton,46
North Carolina,25957,SurveyUSA/WRAL News,2016-09-29,2016-10-03,Likely Voters,656,IVR/Online,Nonpartisan,NA,Other,NA
North Carolina,25957,SurveyUSA/WRAL News,2016-09-29,2016-10-03,Likely Voters,656,IVR/Online,Nonpartisan,NA,Undecided,6
North Carolina,25957,SurveyUSA/WRAL News,2016-09-29,2016-10-03,Likely Voters,656,IVR/Online,Nonpartisan,NA,Johnson,5
North Carolina,25957,SurveyUSA/WRAL News,2016-09-29,2016-10-03,Likely Voters,656,IVR/Online,Nonpartisan,NA,McMullin,NA
North Carolina,25849,Bloomberg/Selzer,2016-09-29,2016-10-02,Likely Voters,805,Live Phone,Nonpartisan,NA,Trump,45
North Carolina,25849,Bloomberg/Selzer,2016-09-29,2016-10-02,Likely Voters,805,Live Phone,Nonpartisan,NA,Clinton,46
North Carolina,25849,Bloomberg/Selzer,2016-09-29,2016-10-02,Likely Voters,805,Live Phone,Nonpartisan,NA,Other,4
North Carolina,25849,Bloomberg/Selzer,2016-09-29,2016-10-02,Likely Voters,805,Live Phone,Nonpartisan,NA,Undecided,5
North Carolina,25849,Bloomberg/Selzer,2016-09-29,2016-10-02,Likely Voters,805,Live Phone,Nonpartisan,NA,Johnson,NA
North Carolina,25849,Bloomberg/Selzer,2016-09-29,2016-10-02,Likely Voters,805,Live Phone,Nonpartisan,NA,McMullin,NA
North Carolina,25844,Quinnipiac,2016-09-27,2016-10-02,Likely Voters,507,Live Phone,Nonpartisan,NA,Trump,43
North Carolina,25844,Quinnipiac,2016-09-27,2016-10-02,Likely Voters,507,Live Phone,Nonpartisan,NA,Clinton,46
North Carolina,25844,Quinnipiac,2016-09-27,2016-10-02,Likely Voters,507,Live Phone,Nonpartisan,NA,Other,1
North Carolina,25844,Quinnipiac,2016-09-27,2016-10-02,Likely Voters,507,Live Phone,Nonpartisan,NA,Undecided,3
North Carolina,25844,Quinnipiac,2016-09-27,2016-10-02,Likely Voters,507,Live Phone,Nonpartisan,NA,Johnson,7
North Carolina,25844,Quinnipiac,2016-09-27,2016-10-02,Likely Voters,507,Live Phone,Nonpartisan,NA,McMullin,NA
North Carolina,25950,Elon,2016-09-27,2016-09-30,Likely Voters,660,Live Phone,Nonpartisan,NA,Trump,39
North Carolina,25950,Elon,2016-09-27,2016-09-30,Likely Voters,660,Live Phone,Nonpartisan,NA,Clinton,45
North Carolina,25950,Elon,2016-09-27,2016-09-30,Likely Voters,660,Live Phone,Nonpartisan,NA,Other,1
North Carolina,25950,Elon,2016-09-27,2016-09-30,Likely Voters,660,Live Phone,Nonpartisan,NA,Undecided,6
North Carolina,25950,Elon,2016-09-27,2016-09-30,Likely Voters,660,Live Phone,Nonpartisan,NA,Johnson,9
North Carolina,25950,Elon,2016-09-27,2016-09-30,Likely Voters,660,Live Phone,Nonpartisan,NA,McMullin,NA
North Carolina,25797,PPP (D-Vote Vets Action Fund),2016-09-27,2016-09-28,Likely Voters,861,IVR/Online,Pollster,Dem,Trump,42
North Carolina,25797,PPP (D-Vote Vets Action Fund),2016-09-27,2016-09-28,Likely Voters,861,IVR/Online,Pollster,Dem,Clinton,44
North Carolina,25797,PPP (D-Vote Vets Action Fund),2016-09-27,2016-09-28,Likely Voters,861,IVR/Online,Pollster,Dem,Other,NA
North Carolina,25797,PPP (D-Vote Vets Action Fund),2016-09-27,2016-09-28,Likely Voters,861,IVR/Online,Pollster,Dem,Undecided,7
North Carolina,25797,PPP (D-Vote Vets Action Fund),2016-09-27,2016-09-28,Likely Voters,861,IVR/Online,Pollster,Dem,Johnson,7
North Carolina,25797,PPP (D-Vote Vets Action Fund),2016-09-27,2016-09-28,Likely Voters,861,IVR/Online,Pollster,Dem,McMullin,NA
North Carolina,25726,The Meredith College Poll,2016-09-18,2016-09-22,Registered Voters,487,Live Phone,Nonpartisan,NA,Trump,35
North Carolina,25726,The Meredith College Poll,2016-09-18,2016-09-22,Registered Voters,487,Live Phone,Nonpartisan,NA,Clinton,38
North Carolina,25726,The Meredith College Poll,2016-09-18,2016-09-22,Registered Voters,487,Live Phone,Nonpartisan,NA,Other,10
North Carolina,25726,The Meredith College Poll,2016-09-18,2016-09-22,Registered Voters,487,Live Phone,Nonpartisan,NA,Undecided,11
North Carolina,25726,The Meredith College Poll,2016-09-18,2016-09-22,Registered Voters,487,Live Phone,Nonpartisan,NA,Johnson,6
North Carolina,25726,The Meredith College Poll,2016-09-18,2016-09-22,Registered Voters,487,Live Phone,Nonpartisan,NA,McMullin,NA
North Carolina,25656,High Point University,2016-09-17,2016-09-22,Likely Voters,404,Live Phone,Nonpartisan,NA,Trump,42
North Carolina,25656,High Point University,2016-09-17,2016-09-22,Likely Voters,404,Live Phone,Nonpartisan,NA,Clinton,43
North Carolina,25656,High Point University,2016-09-17,2016-09-22,Likely Voters,404,Live Phone,Nonpartisan,NA,Other,NA
North Carolina,25656,High Point University,2016-09-17,2016-09-22,Likely Voters,404,Live Phone,Nonpartisan,NA,Undecided,6
North Carolina,25656,High Point University,2016-09-17,2016-09-22,Likely Voters,404,Live Phone,Nonpartisan,NA,Johnson,10
North Carolina,25656,High Point University,2016-09-17,2016-09-22,Likely Voters,404,Live Phone,Nonpartisan,NA,McMullin,NA
North Carolina,25608,Fox News,2016-09-18,2016-09-20,Likely Voters,734,Live Phone,Nonpartisan,NA,Trump,45
North Carolina,25608,Fox News,2016-09-18,2016-09-20,Likely Voters,734,Live Phone,Nonpartisan,NA,Clinton,40
North Carolina,25608,Fox News,2016-09-18,2016-09-20,Likely Voters,734,Live Phone,Nonpartisan,NA,Other,1
North Carolina,25608,Fox News,2016-09-18,2016-09-20,Likely Voters,734,Live Phone,Nonpartisan,NA,Undecided,8
North Carolina,25608,Fox News,2016-09-18,2016-09-20,Likely Voters,734,Live Phone,Nonpartisan,NA,Johnson,6
North Carolina,25608,Fox News,2016-09-18,2016-09-20,Likely Voters,734,Live Phone,Nonpartisan,NA,McMullin,NA
North Carolina,25591,PPP (D),2016-09-18,2016-09-20,Likely Voters,1024,IVR/Online,Pollster,Dem,Trump,45
North Carolina,25591,PPP (D),2016-09-18,2016-09-20,Likely Voters,1024,IVR/Online,Pollster,Dem,Clinton,43
North Carolina,25591,PPP (D),2016-09-18,2016-09-20,Likely Voters,1024,IVR/Online,Pollster,Dem,Other,NA
North Carolina,25591,PPP (D),2016-09-18,2016-09-20,Likely Voters,1024,IVR/Online,Pollster,Dem,Undecided,7
North Carolina,25591,PPP (D),2016-09-18,2016-09-20,Likely Voters,1024,IVR/Online,Pollster,Dem,Johnson,6
North Carolina,25591,PPP (D),2016-09-18,2016-09-20,Likely Voters,1024,IVR/Online,Pollster,Dem,McMullin,NA
North Carolina,25611,NYT Upshot/Siena,2016-09-16,2016-09-19,Likely Voters,782,Live Phone,Nonpartisan,NA,Trump,43
North Carolina,25611,NYT Upshot/Siena,2016-09-16,2016-09-19,Likely Voters,782,Live Phone,Nonpartisan,NA,Clinton,45
North Carolina,25611,NYT Upshot/Siena,2016-09-16,2016-09-19,Likely Voters,782,Live Phone,Nonpartisan,NA,Other,2
North Carolina,25611,NYT Upshot/Siena,2016-09-16,2016-09-19,Likely Voters,782,Live Phone,Nonpartisan,NA,Undecided,11
North Carolina,25611,NYT Upshot/Siena,2016-09-16,2016-09-19,Likely Voters,782,Live Phone,Nonpartisan,NA,Johnson,NA
North Carolina,25611,NYT Upshot/Siena,2016-09-16,2016-09-19,Likely Voters,782,Live Phone,Nonpartisan,NA,McMullin,NA
North Carolina,25637,GQR (D-Democracy Corps/WVWV),2016-09-10,2016-09-19,Likely Voters,400,Live Phone,Sponsor,Dem,Trump,40
North Carolina,25637,GQR (D-Democracy Corps/WVWV),2016-09-10,2016-09-19,Likely Voters,400,Live Phone,Sponsor,Dem,Clinton,44
North Carolina,25637,GQR (D-Democracy Corps/WVWV),2016-09-10,2016-09-19,Likely Voters,400,Live Phone,Sponsor,Dem,Other,3
North Carolina,25637,GQR (D-Democracy Corps/WVWV),2016-09-10,2016-09-19,Likely Voters,400,Live Phone,Sponsor,Dem,Undecided,3
North Carolina,25637,GQR (D-Democracy Corps/WVWV),2016-09-10,2016-09-19,Likely Voters,400,Live Phone,Sponsor,Dem,Johnson,9
North Carolina,25637,GQR (D-Democracy Corps/WVWV),2016-09-10,2016-09-19,Likely Voters,400,Live Phone,Sponsor,Dem,McMullin,NA
North Carolina,25579,Elon,2016-09-12,2016-09-16,Likely Voters,644,Live Phone,Nonpartisan,NA,Trump,44
North Carolina,25579,Elon,2016-09-12,2016-09-16,Likely Voters,644,Live Phone,Nonpartisan,NA,Clinton,43
North Carolina,25579,Elon,2016-09-12,2016-09-16,Likely Voters,644,Live Phone,Nonpartisan,NA,Other,1
North Carolina,25579,Elon,2016-09-12,2016-09-16,Likely Voters,644,Live Phone,Nonpartisan,NA,Undecided,6
North Carolina,25579,Elon,2016-09-12,2016-09-16,Likely Voters,644,Live Phone,Nonpartisan,NA,Johnson,6
North Carolina,25579,Elon,2016-09-12,2016-09-16,Likely Voters,644,Live Phone,Nonpartisan,NA,McMullin,NA
North Carolina,25563,Ipsos/Reuters,2016-08-26,2016-09-15,Likely Voters,917,Internet,Nonpartisan,NA,Trump,44
North Carolina,25563,Ipsos/Reuters,2016-08-26,2016-09-15,Likely Voters,917,Internet,Nonpartisan,NA,Clinton,46
North Carolina,25563,Ipsos/Reuters,2016-08-26,2016-09-15,Likely Voters,917,Internet,Nonpartisan,NA,Other,NA
North Carolina,25563,Ipsos/Reuters,2016-08-26,2016-09-15,Likely Voters,917,Internet,Nonpartisan,NA,Undecided,10
North Carolina,25563,Ipsos/Reuters,2016-08-26,2016-09-15,Likely Voters,917,Internet,Nonpartisan,NA,Johnson,NA
North Carolina,25563,Ipsos/Reuters,2016-08-26,2016-09-15,Likely Voters,917,Internet,Nonpartisan,NA,McMullin,NA
North Carolina,25497,Civitas (R),2016-09-11,2016-09-12,Likely Voters,600,Live Phone,Pollster,Rep,Trump,42
North Carolina,25497,Civitas (R),2016-09-11,2016-09-12,Likely Voters,600,Live Phone,Pollster,Rep,Clinton,42
North Carolina,25497,Civitas (R),2016-09-11,2016-09-12,Likely Voters,600,Live Phone,Pollster,Rep,Other,NA
North Carolina,25497,Civitas (R),2016-09-11,2016-09-12,Likely Voters,600,Live Phone,Pollster,Rep,Undecided,9
North Carolina,25497,Civitas (R),2016-09-11,2016-09-12,Likely Voters,600,Live Phone,Pollster,Rep,Johnson,5
North Carolina,25497,Civitas (R),2016-09-11,2016-09-12,Likely Voters,600,Live Phone,Pollster,Rep,McMullin,NA
North Carolina,25424,Suffolk,2016-09-05,2016-09-07,Likely Voters,500,Live Phone,Nonpartisan,NA,Trump,44
North Carolina,25424,Suffolk,2016-09-05,2016-09-07,Likely Voters,500,Live Phone,Nonpartisan,NA,Clinton,41
North Carolina,25424,Suffolk,2016-09-05,2016-09-07,Likely Voters,500,Live Phone,Nonpartisan,NA,Other,NA
North Carolina,25424,Suffolk,2016-09-05,2016-09-07,Likely Voters,500,Live Phone,Nonpartisan,NA,Undecided,11
North Carolina,25424,Suffolk,2016-09-05,2016-09-07,Likely Voters,500,Live Phone,Nonpartisan,NA,Johnson,4
North Carolina,25424,Suffolk,2016-09-05,2016-09-07,Likely Voters,500,Live Phone,Nonpartisan,NA,McMullin,NA
North Carolina,25430,Quinnipiac,2016-08-29,2016-09-07,Likely Voters,751,Live Phone,Nonpartisan,NA,Trump,43
North Carolina,25430,Quinnipiac,2016-08-29,2016-09-07,Likely Voters,751,Live Phone,Nonpartisan,NA,Clinton,47
North Carolina,25430,Quinnipiac,2016-08-29,2016-09-07,Likely Voters,751,Live Phone,Nonpartisan,NA,Other,2
North Carolina,25430,Quinnipiac,2016-08-29,2016-09-07,Likely Voters,751,Live Phone,Nonpartisan,NA,Undecided,8
North Carolina,25430,Quinnipiac,2016-08-29,2016-09-07,Likely Voters,751,Live Phone,Nonpartisan,NA,Johnson,NA
North Carolina,25430,Quinnipiac,2016-08-29,2016-09-07,Likely Voters,751,Live Phone,Nonpartisan,NA,McMullin,NA
North Carolina,25338,CBS/YouGov,2016-08-30,2016-09-02,Likely Voters,1088,Internet,Nonpartisan,NA,Trump,42
North Carolina,25338,CBS/YouGov,2016-08-30,2016-09-02,Likely Voters,1088,Internet,Nonpartisan,NA,Clinton,46
North Carolina,25338,CBS/YouGov,2016-08-30,2016-09-02,Likely Voters,1088,Internet,Nonpartisan,NA,Other,3
North Carolina,25338,CBS/YouGov,2016-08-30,2016-09-02,Likely Voters,1088,Internet,Nonpartisan,NA,Undecided,4
North Carolina,25338,CBS/YouGov,2016-08-30,2016-09-02,Likely Voters,1088,Internet,Nonpartisan,NA,Johnson,4
North Carolina,25338,CBS/YouGov,2016-08-30,2016-09-02,Likely Voters,1088,Internet,Nonpartisan,NA,McMullin,NA
North Carolina,25383,WashPost/SurveyMonkey,2016-08-09,2016-09-01,Registered Voters,2552,Internet,Nonpartisan,NA,Trump,46
North Carolina,25383,WashPost/SurveyMonkey,2016-08-09,2016-09-01,Registered Voters,2552,Internet,Nonpartisan,NA,Clinton,46
North Carolina,25383,WashPost/SurveyMonkey,2016-08-09,2016-09-01,Registered Voters,2552,Internet,Nonpartisan,NA,Other,NA
North Carolina,25383,WashPost/SurveyMonkey,2016-08-09,2016-09-01,Registered Voters,2552,Internet,Nonpartisan,NA,Undecided,8
North Carolina,25383,WashPost/SurveyMonkey,2016-08-09,2016-09-01,Registered Voters,2552,Internet,Nonpartisan,NA,Johnson,NA
North Carolina,25383,WashPost/SurveyMonkey,2016-08-09,2016-09-01,Registered Voters,2552,Internet,Nonpartisan,NA,McMullin,NA
North Carolina,25318,PPP (D-NELP),2016-08-26,2016-08-27,Likely Voters,1177,IVR/Online,Sponsor,Dem,Trump,44
North Carolina,25318,PPP (D-NELP),2016-08-26,2016-08-27,Likely Voters,1177,IVR/Online,Sponsor,Dem,Clinton,45
North Carolina,25318,PPP (D-NELP),2016-08-26,2016-08-27,Likely Voters,1177,IVR/Online,Sponsor,Dem,Other,NA
North Carolina,25318,PPP (D-NELP),2016-08-26,2016-08-27,Likely Voters,1177,IVR/Online,Sponsor,Dem,Undecided,12
North Carolina,25318,PPP (D-NELP),2016-08-26,2016-08-27,Likely Voters,1177,IVR/Online,Sponsor,Dem,Johnson,NA
North Carolina,25318,PPP (D-NELP),2016-08-26,2016-08-27,Likely Voters,1177,IVR/Online,Sponsor,Dem,McMullin,NA
North Carolina,25250,Monmouth University,2016-08-20,2016-08-23,Likely Voters,401,Live Phone,Nonpartisan,NA,Trump,42
North Carolina,25250,Monmouth University,2016-08-20,2016-08-23,Likely Voters,401,Live Phone,Nonpartisan,NA,Clinton,44
North Carolina,25250,Monmouth University,2016-08-20,2016-08-23,Likely Voters,401,Live Phone,Nonpartisan,NA,Other,1
North Carolina,25250,Monmouth University,2016-08-20,2016-08-23,Likely Voters,401,Live Phone,Nonpartisan,NA,Undecided,6
North Carolina,25250,Monmouth University,2016-08-20,2016-08-23,Likely Voters,401,Live Phone,Nonpartisan,NA,Johnson,7
North Carolina,25250,Monmouth University,2016-08-20,2016-08-23,Likely Voters,401,Live Phone,Nonpartisan,NA,McMullin,NA
North Carolina,25253,CNN,2016-08-18,2016-08-23,Likely Voters,803,Live Phone,Nonpartisan,NA,Trump,47
North Carolina,25253,CNN,2016-08-18,2016-08-23,Likely Voters,803,Live Phone,Nonpartisan,NA,Clinton,48
North Carolina,25253,CNN,2016-08-18,2016-08-23,Likely Voters,803,Live Phone,Nonpartisan,NA,Other,4
North Carolina,25253,CNN,2016-08-18,2016-08-23,Likely Voters,803,Live Phone,Nonpartisan,NA,Undecided,1
North Carolina,25253,CNN,2016-08-18,2016-08-23,Likely Voters,803,Live Phone,Nonpartisan,NA,Johnson,NA
North Carolina,25253,CNN,2016-08-18,2016-08-23,Likely Voters,803,Live Phone,Nonpartisan,NA,McMullin,NA
North Carolina,25221,Gravis Marketing,2016-08-15,2016-08-17,Registered Voters,723,IVR/Online,Nonpartisan,NA,Trump,43
North Carolina,25221,Gravis Marketing,2016-08-15,2016-08-17,Registered Voters,723,IVR/Online,Nonpartisan,NA,Clinton,44
North Carolina,25221,Gravis Marketing,2016-08-15,2016-08-17,Registered Voters,723,IVR/Online,Nonpartisan,NA,Other,NA
North Carolina,25221,Gravis Marketing,2016-08-15,2016-08-17,Registered Voters,723,IVR/Online,Nonpartisan,NA,Undecided,13
North Carolina,25221,Gravis Marketing,2016-08-15,2016-08-17,Registered Voters,723,IVR/Online,Nonpartisan,NA,Johnson,NA
North Carolina,25221,Gravis Marketing,2016-08-15,2016-08-17,Registered Voters,723,IVR/Online,Nonpartisan,NA,McMullin,NA
North Carolina,25149,NBC/WSJ/Marist,2016-08-04,2016-08-10,Registered Voters,921,Live Phone,Nonpartisan,NA,Trump,39
North Carolina,25149,NBC/WSJ/Marist,2016-08-04,2016-08-10,Registered Voters,921,Live Phone,Nonpartisan,NA,Clinton,48
North Carolina,25149,NBC/WSJ/Marist,2016-08-04,2016-08-10,Registered Voters,921,Live Phone,Nonpartisan,NA,Other,7
North Carolina,25149,NBC/WSJ/Marist,2016-08-04,2016-08-10,Registered Voters,921,Live Phone,Nonpartisan,NA,Undecided,7
North Carolina,25149,NBC/WSJ/Marist,2016-08-04,2016-08-10,Registered Voters,921,Live Phone,Nonpartisan,NA,Johnson,NA
North Carolina,25149,NBC/WSJ/Marist,2016-08-04,2016-08-10,Registered Voters,921,Live Phone,Nonpartisan,NA,McMullin,NA
North Carolina,25097,PPP (D),2016-08-05,2016-08-07,Likely Voters,830,IVR/Online,Pollster,Dem,Trump,41
North Carolina,25097,PPP (D),2016-08-05,2016-08-07,Likely Voters,830,IVR/Online,Pollster,Dem,Clinton,43
North Carolina,25097,PPP (D),2016-08-05,2016-08-07,Likely Voters,830,IVR/Online,Pollster,Dem,Other,2
North Carolina,25097,PPP (D),2016-08-05,2016-08-07,Likely Voters,830,IVR/Online,Pollster,Dem,Undecided,8
North Carolina,25097,PPP (D),2016-08-05,2016-08-07,Likely Voters,830,IVR/Online,Pollster,Dem,Johnson,7
North Carolina,25097,PPP (D),2016-08-05,2016-08-07,Likely Voters,830,IVR/Online,Pollster,Dem,McMullin,NA
North Carolina,25053,SurveyUSA/Civitas (R),2016-07-31,2016-08-02,Likely Voters,400,IVR/Online,Sponsor,Rep,Trump,46
North Carolina,25053,SurveyUSA/Civitas (R),2016-07-31,2016-08-02,Likely Voters,400,IVR/Online,Sponsor,Rep,Clinton,42
North Carolina,25053,SurveyUSA/Civitas (R),2016-07-31,2016-08-02,Likely Voters,400,IVR/Online,Sponsor,Rep,Other,NA
North Carolina,25053,SurveyUSA/Civitas (R),2016-07-31,2016-08-02,Likely Voters,400,IVR/Online,Sponsor,Rep,Undecided,7
North Carolina,25053,SurveyUSA/Civitas (R),2016-07-31,2016-08-02,Likely Voters,400,IVR/Online,Sponsor,Rep,Johnson,6
North Carolina,25053,SurveyUSA/Civitas (R),2016-07-31,2016-08-02,Likely Voters,400,IVR/Online,Sponsor,Rep,McMullin,NA
North Carolina,24893,NBC/WSJ/Marist,2016-07-05,2016-07-11,Registered Voters,907,Live Phone,Nonpartisan,NA,Trump,38
North Carolina,24893,NBC/WSJ/Marist,2016-07-05,2016-07-11,Registered Voters,907,Live Phone,Nonpartisan,NA,Clinton,44
North Carolina,24893,NBC/WSJ/Marist,2016-07-05,2016-07-11,Registered Voters,907,Live Phone,Nonpartisan,NA,Other,12
North Carolina,24893,NBC/WSJ/Marist,2016-07-05,2016-07-11,Registered Voters,907,Live Phone,Nonpartisan,NA,Undecided,6
North Carolina,24893,NBC/WSJ/Marist,2016-07-05,2016-07-11,Registered Voters,907,Live Phone,Nonpartisan,NA,Johnson,NA
North Carolina,24893,NBC/WSJ/Marist,2016-07-05,2016-07-11,Registered Voters,907,Live Phone,Nonpartisan,NA,McMullin,NA
North Carolina,24769,CBS/YouGov,2016-06-21,2016-06-24,Likely Voters,988,Internet,Nonpartisan,NA,Trump,42
North Carolina,24769,CBS/YouGov,2016-06-21,2016-06-24,Likely Voters,988,Internet,Nonpartisan,NA,Clinton,44
North Carolina,24769,CBS/YouGov,2016-06-21,2016-06-24,Likely Voters,988,Internet,Nonpartisan,NA,Other,6
North Carolina,24769,CBS/YouGov,2016-06-21,2016-06-24,Likely Voters,988,Internet,Nonpartisan,NA,Undecided,7
North Carolina,24769,CBS/YouGov,2016-06-21,2016-06-24,Likely Voters,988,Internet,Nonpartisan,NA,Johnson,NA
North Carolina,24769,CBS/YouGov,2016-06-21,2016-06-24,Likely Voters,988,Internet,Nonpartisan,NA,McMullin,NA
North Carolina,24758,PPP (D),2016-06-20,2016-06-21,Likely Voters,947,IVR/Online,Pollster,Dem,Trump,43
North Carolina,24758,PPP (D),2016-06-20,2016-06-21,Likely Voters,947,IVR/Online,Pollster,Dem,Clinton,43
North Carolina,24758,PPP (D),2016-06-20,2016-06-21,Likely Voters,947,IVR/Online,Pollster,Dem,Other,6
North Carolina,24758,PPP (D),2016-06-20,2016-06-21,Likely Voters,947,IVR/Online,Pollster,Dem,Undecided,7
North Carolina,24758,PPP (D),2016-06-20,2016-06-21,Likely Voters,947,IVR/Online,Pollster,Dem,Johnson,NA
North Carolina,24758,PPP (D),2016-06-20,2016-06-21,Likely Voters,947,IVR/Online,Pollster,Dem,McMullin,NA
North Carolina,24844,GQR (D-Democracy Corps/Women's Voices Women Vote),2016-06-11,2016-06-20,Likely Voters,300,Live Phone,Sponsor,Dem,Trump,41
North Carolina,24844,GQR (D-Democracy Corps/Women's Voices Women Vote),2016-06-11,2016-06-20,Likely Voters,300,Live Phone,Sponsor,Dem,Clinton,51
North Carolina,24844,GQR (D-Democracy Corps/Women's Voices Women Vote),2016-06-11,2016-06-20,Likely Voters,300,Live Phone,Sponsor,Dem,Other,5
North Carolina,24844,GQR (D-Democracy Corps/Women's Voices Women Vote),2016-06-11,2016-06-20,Likely Voters,300,Live Phone,Sponsor,Dem,Undecided,3
North Carolina,24844,GQR (D-Democracy Corps/Women's Voices Women Vote),2016-06-11,2016-06-20,Likely Voters,300,Live Phone,Sponsor,Dem,Johnson,NA
North Carolina,24844,GQR (D-Democracy Corps/Women's Voices Women Vote),2016-06-11,2016-06-20,Likely Voters,300,Live Phone,Sponsor,Dem,McMullin,NA
North Carolina,24565,Civitas (R),2016-05-21,2016-05-23,Likely Voters,600,Live Phone,Pollster,Rep,Trump,39
North Carolina,24565,Civitas (R),2016-05-21,2016-05-23,Likely Voters,600,Live Phone,Pollster,Rep,Clinton,36
North Carolina,24565,Civitas (R),2016-05-21,2016-05-23,Likely Voters,600,Live Phone,Pollster,Rep,Other,10
North Carolina,24565,Civitas (R),2016-05-21,2016-05-23,Likely Voters,600,Live Phone,Pollster,Rep,Undecided,11
North Carolina,24565,Civitas (R),2016-05-21,2016-05-23,Likely Voters,600,Live Phone,Pollster,Rep,Johnson,NA
North Carolina,24565,Civitas (R),2016-05-21,2016-05-23,Likely Voters,600,Live Phone,Pollster,Rep,McMullin,NA
North Carolina,24552,PPP (D),2016-05-20,2016-05-22,Likely Voters,928,IVR/Online,Pollster,Dem,Trump,43
North Carolina,24552,PPP (D),2016-05-20,2016-05-22,Likely Voters,928,IVR/Online,Pollster,Dem,Clinton,41
North Carolina,24552,PPP (D),2016-05-20,2016-05-22,Likely Voters,928,IVR/Online,Pollster,Dem,Other,5
North Carolina,24552,PPP (D),2016-05-20,2016-05-22,Likely Voters,928,IVR/Online,Pollster,Dem,Undecided,11
North Carolina,24552,PPP (D),2016-05-20,2016-05-22,Likely Voters,928,IVR/Online,Pollster,Dem,Johnson,NA
North Carolina,24552,PPP (D),2016-05-20,2016-05-22,Likely Voters,928,IVR/Online,Pollster,Dem,McMullin,NA
North Carolina,24421,Civitas (R),2016-04-23,2016-04-25,Likely Voters,600,Live Phone,Pollster,Rep,Trump,37
North Carolina,24421,Civitas (R),2016-04-23,2016-04-25,Likely Voters,600,Live Phone,Pollster,Rep,Clinton,49
North Carolina,24421,Civitas (R),2016-04-23,2016-04-25,Likely Voters,600,Live Phone,Pollster,Rep,Other,2
North Carolina,24421,Civitas (R),2016-04-23,2016-04-25,Likely Voters,600,Live Phone,Pollster,Rep,Undecided,12
North Carolina,24421,Civitas (R),2016-04-23,2016-04-25,Likely Voters,600,Live Phone,Pollster,Rep,Johnson,NA
North Carolina,24421,Civitas (R),2016-04-23,2016-04-25,Likely Voters,600,Live Phone,Pollster,Rep,McMullin,NA
North Carolina,24386,PPP (D),2016-04-22,2016-04-24,Likely Voters,960,IVR/Online,Pollster,Dem,Trump,44
North Carolina,24386,PPP (D),2016-04-22,2016-04-24,Likely Voters,960,IVR/Online,Pollster,Dem,Clinton,44
North Carolina,24386,PPP (D),2016-04-22,2016-04-24,Likely Voters,960,IVR/Online,Pollster,Dem,Other,NA
North Carolina,24386,PPP (D),2016-04-22,2016-04-24,Likely Voters,960,IVR/Online,Pollster,Dem,Undecided,12
North Carolina,24386,PPP (D),2016-04-22,2016-04-24,Likely Voters,960,IVR/Online,Pollster,Dem,Johnson,NA
North Carolina,24386,PPP (D),2016-04-22,2016-04-24,Likely Voters,960,IVR/Online,Pollster,Dem,McMullin,NA
North Carolina,24309,Elon,2016-04-10,2016-04-15,Registered Voters,621,Live Phone,Nonpartisan,NA,Trump,39
North Carolina,24309,Elon,2016-04-10,2016-04-15,Registered Voters,621,Live Phone,Nonpartisan,NA,Clinton,45
North Carolina,24309,Elon,2016-04-10,2016-04-15,Registered Voters,621,Live Phone,Nonpartisan,NA,Other,14
North Carolina,24309,Elon,2016-04-10,2016-04-15,Registered Voters,621,Live Phone,Nonpartisan,NA,Undecided,3
North Carolina,24309,Elon,2016-04-10,2016-04-15,Registered Voters,621,Live Phone,Nonpartisan,NA,Johnson,NA
North Carolina,24309,Elon,2016-04-10,2016-04-15,Registered Voters,621,Live Phone,Nonpartisan,NA,McMullin,NA
North Carolina,24132,PPP (D),2016-03-18,2016-03-20,Likely Voters,843,IVR/Online,Pollster,Dem,Trump,42
North Carolina,24132,PPP (D),2016-03-18,2016-03-20,Likely Voters,843,IVR/Online,Pollster,Dem,Clinton,44
North Carolina,24132,PPP (D),2016-03-18,2016-03-20,Likely Voters,843,IVR/Online,Pollster,Dem,Other,NA
North Carolina,24132,PPP (D),2016-03-18,2016-03-20,Likely Voters,843,IVR/Online,Pollster,Dem,Undecided,14
North Carolina,24132,PPP (D),2016-03-18,2016-03-20,Likely Voters,843,IVR/Online,Pollster,Dem,Johnson,NA
North Carolina,24132,PPP (D),2016-03-18,2016-03-20,Likely Voters,843,IVR/Online,Pollster,Dem,McMullin,NA
North Carolina,24055,SurveyUSA/High Point University,2016-03-09,2016-03-10,Likely Voters,1576,IVR/Online,Nonpartisan,NA,Trump,49
North Carolina,24055,SurveyUSA/High Point University,2016-03-09,2016-03-10,Likely Voters,1576,IVR/Online,Nonpartisan,NA,Clinton,42
North Carolina,24055,SurveyUSA/High Point University,2016-03-09,2016-03-10,Likely Voters,1576,IVR/Online,Nonpartisan,NA,Other,NA
North Carolina,24055,SurveyUSA/High Point University,2016-03-09,2016-03-10,Likely Voters,1576,IVR/Online,Nonpartisan,NA,Undecided,9
North Carolina,24055,SurveyUSA/High Point University,2016-03-09,2016-03-10,Likely Voters,1576,IVR/Online,Nonpartisan,NA,Johnson,NA
North Carolina,24055,SurveyUSA/High Point University,2016-03-09,2016-03-10,Likely Voters,1576,IVR/Online,Nonpartisan,NA,McMullin,NA
North Carolina,23831,Elon,2016-02-15,2016-02-19,Likely Voters,1530,Live Phone,Nonpartisan,NA,Trump,41
North Carolina,23831,Elon,2016-02-15,2016-02-19,Likely Voters,1530,Live Phone,Nonpartisan,NA,Clinton,47
North Carolina,23831,Elon,2016-02-15,2016-02-19,Likely Voters,1530,Live Phone,Nonpartisan,NA,Other,9
North Carolina,23831,Elon,2016-02-15,2016-02-19,Likely Voters,1530,Live Phone,Nonpartisan,NA,Undecided,4
North Carolina,23831,Elon,2016-02-15,2016-02-19,Likely Voters,1530,Live Phone,Nonpartisan,NA,Johnson,NA
North Carolina,23831,Elon,2016-02-15,2016-02-19,Likely Voters,1530,Live Phone,Nonpartisan,NA,McMullin,NA
North Carolina,23843,PPP (D),2016-02-14,2016-02-16,Likely Voters,1291,IVR/Online,Pollster,Dem,Trump,44
North Carolina,23843,PPP (D),2016-02-14,2016-02-16,Likely Voters,1291,IVR/Online,Pollster,Dem,Clinton,43
North Carolina,23843,PPP (D),2016-02-14,2016-02-16,Likely Voters,1291,IVR/Online,Pollster,Dem,Other,NA
North Carolina,23843,PPP (D),2016-02-14,2016-02-16,Likely Voters,1291,IVR/Online,Pollster,Dem,Undecided,13
North Carolina,23843,PPP (D),2016-02-14,2016-02-16,Likely Voters,1291,IVR/Online,Pollster,Dem,Johnson,NA
North Carolina,23843,PPP (D),2016-02-14,2016-02-16,Likely Voters,1291,IVR/Online,Pollster,Dem,McMullin,NA
North Carolina,23837,SurveyUSA/TWC News North Carolina,2016-02-14,2016-02-16,Likely Voters,1250,IVR/Online,Nonpartisan,NA,Trump,45
North Carolina,23837,SurveyUSA/TWC News North Carolina,2016-02-14,2016-02-16,Likely Voters,1250,IVR/Online,Nonpartisan,NA,Clinton,43
North Carolina,23837,SurveyUSA/TWC News North Carolina,2016-02-14,2016-02-16,Likely Voters,1250,IVR/Online,Nonpartisan,NA,Other,NA
North Carolina,23837,SurveyUSA/TWC News North Carolina,2016-02-14,2016-02-16,Likely Voters,1250,IVR/Online,Nonpartisan,NA,Undecided,13
North Carolina,23837,SurveyUSA/TWC News North Carolina,2016-02-14,2016-02-16,Likely Voters,1250,IVR/Online,Nonpartisan,NA,Johnson,NA
North Carolina,23837,SurveyUSA/TWC News North Carolina,2016-02-14,2016-02-16,Likely Voters,1250,IVR/Online,Nonpartisan,NA,McMullin,NA
North Carolina,23535,PPP (D),2016-01-18,2016-01-19,Likely Voters,948,IVR/Online,Pollster,Dem,Trump,45
North Carolina,23535,PPP (D),2016-01-18,2016-01-19,Likely Voters,948,IVR/Online,Pollster,Dem,Clinton,43
North Carolina,23535,PPP (D),2016-01-18,2016-01-19,Likely Voters,948,IVR/Online,Pollster,Dem,Other,NA
North Carolina,23535,PPP (D),2016-01-18,2016-01-19,Likely Voters,948,IVR/Online,Pollster,Dem,Undecided,12
North Carolina,23535,PPP (D),2016-01-18,2016-01-19,Likely Voters,948,IVR/Online,Pollster,Dem,Johnson,NA
North Carolina,23535,PPP (D),2016-01-18,2016-01-19,Likely Voters,948,IVR/Online,Pollster,Dem,McMullin,NA
North Carolina,23277,PPP (D),2015-12-05,2015-12-07,Likely Voters,1214,IVR/Online,Pollster,Dem,Trump,47
North Carolina,23277,PPP (D),2015-12-05,2015-12-07,Likely Voters,1214,IVR/Online,Pollster,Dem,Clinton,43
North Carolina,23277,PPP (D),2015-12-05,2015-12-07,Likely Voters,1214,IVR/Online,Pollster,Dem,Other,NA
North Carolina,23277,PPP (D),2015-12-05,2015-12-07,Likely Voters,1214,IVR/Online,Pollster,Dem,Undecided,10
North Carolina,23277,PPP (D),2015-12-05,2015-12-07,Likely Voters,1214,IVR/Online,Pollster,Dem,Johnson,NA
North Carolina,23277,PPP (D),2015-12-05,2015-12-07,Likely Voters,1214,IVR/Online,Pollster,Dem,McMullin,NA
North Carolina,23075,Elon,2015-10-29,2015-11-02,Likely Voters,1040,Live Phone,Nonpartisan,NA,Trump,40
North Carolina,23075,Elon,2015-10-29,2015-11-02,Likely Voters,1040,Live Phone,Nonpartisan,NA,Clinton,50
North Carolina,23075,Elon,2015-10-29,2015-11-02,Likely Voters,1040,Live Phone,Nonpartisan,NA,Other,8
North Carolina,23075,Elon,2015-10-29,2015-11-02,Likely Voters,1040,Live Phone,Nonpartisan,NA,Undecided,3
North Carolina,23075,Elon,2015-10-29,2015-11-02,Likely Voters,1040,Live Phone,Nonpartisan,NA,Johnson,NA
North Carolina,23075,Elon,2015-10-29,2015-11-02,Likely Voters,1040,Live Phone,Nonpartisan,NA,McMullin,NA
North Carolina,23002,PPP (D),2015-10-23,2015-10-25,Likely Voters,893,IVR/Online,Pollster,Dem,Trump,48
North Carolina,23002,PPP (D),2015-10-23,2015-10-25,Likely Voters,893,IVR/Online,Pollster,Dem,Clinton,42
North Carolina,23002,PPP (D),2015-10-23,2015-10-25,Likely Voters,893,IVR/Online,Pollster,Dem,Other,NA
North Carolina,23002,PPP (D),2015-10-23,2015-10-25,Likely Voters,893,IVR/Online,Pollster,Dem,Undecided,10
North Carolina,23002,PPP (D),2015-10-23,2015-10-25,Likely Voters,893,IVR/Online,Pollster,Dem,Johnson,NA
North Carolina,23002,PPP (D),2015-10-23,2015-10-25,Likely Voters,893,IVR/Online,Pollster,Dem,McMullin,NA
North Carolina,22883,Civitas (R),2015-09-28,2015-09-30,Registered Voters,600,Live Phone,Pollster,Rep,Trump,43
North Carolina,22883,Civitas (R),2015-09-28,2015-09-30,Registered Voters,600,Live Phone,Pollster,Rep,Clinton,47
North Carolina,22883,Civitas (R),2015-09-28,2015-09-30,Registered Voters,600,Live Phone,Pollster,Rep,Other,NA
North Carolina,22883,Civitas (R),2015-09-28,2015-09-30,Registered Voters,600,Live Phone,Pollster,Rep,Undecided,11
North Carolina,22883,Civitas (R),2015-09-28,2015-09-30,Registered Voters,600,Live Phone,Pollster,Rep,Johnson,NA
North Carolina,22883,Civitas (R),2015-09-28,2015-09-30,Registered Voters,600,Live Phone,Pollster,Rep,McMullin,NA
North Carolina,22812,PPP (D),2015-09-24,2015-09-27,Likely Voters,1268,IVR/Online,Pollster,Dem,Trump,47
North Carolina,22812,PPP (D),2015-09-24,2015-09-27,Likely Voters,1268,IVR/Online,Pollster,Dem,Clinton,42
North Carolina,22812,PPP (D),2015-09-24,2015-09-27,Likely Voters,1268,IVR/Online,Pollster,Dem,Other,NA
North Carolina,22812,PPP (D),2015-09-24,2015-09-27,Likely Voters,1268,IVR/Online,Pollster,Dem,Undecided,12
North Carolina,22812,PPP (D),2015-09-24,2015-09-27,Likely Voters,1268,IVR/Online,Pollster,Dem,Johnson,NA
North Carolina,22812,PPP (D),2015-09-24,2015-09-27,Likely Voters,1268,IVR/Online,Pollster,Dem,McMullin,NA
North Carolina,22796,Elon,2015-09-17,2015-09-21,Registered Voters,1075,Live Phone,Nonpartisan,NA,Trump,40
North Carolina,22796,Elon,2015-09-17,2015-09-21,Registered Voters,1075,Live Phone,Nonpartisan,NA,Clinton,47
North Carolina,22796,Elon,2015-09-17,2015-09-21,Registered Voters,1075,Live Phone,Nonpartisan,NA,Other,10
North Carolina,22796,Elon,2015-09-17,2015-09-21,Registered Voters,1075,Live Phone,Nonpartisan,NA,Undecided,3
North Carolina,22796,Elon,2015-09-17,2015-09-21,Registered Voters,1075,Live Phone,Nonpartisan,NA,Johnson,NA
North Carolina,22796,Elon,2015-09-17,2015-09-21,Registered Voters,1075,Live Phone,Nonpartisan,NA,McMullin,NA
North Carolina,22577,PPP (D),2015-08-12,2015-08-16,Likely Voters,957,IVR/Online,Pollster,Dem,Trump,45
North Carolina,22577,PPP (D),2015-08-12,2015-08-16,Likely Voters,957,IVR/Online,Pollster,Dem,Clinton,42
North Carolina,22577,PPP (D),2015-08-12,2015-08-16,Likely Voters,957,IVR/Online,Pollster,Dem,Other,NA
North Carolina,22577,PPP (D),2015-08-12,2015-08-16,Likely Voters,957,IVR/Online,Pollster,Dem,Undecided,14
North Carolina,22577,PPP (D),2015-08-12,2015-08-16,Likely Voters,957,IVR/Online,Pollster,Dem,Johnson,NA
North Carolina,22577,PPP (D),2015-08-12,2015-08-16,Likely Voters,957,IVR/Online,Pollster,Dem,McMullin,NA
North Carolina,22353,PPP (D),2015-07-02,2015-07-06,Likely Voters,529,IVR/Online,Pollster,Dem,Trump,44
North Carolina,22353,PPP (D),2015-07-02,2015-07-06,Likely Voters,529,IVR/Online,Pollster,Dem,Clinton,47
North Carolina,22353,PPP (D),2015-07-02,2015-07-06,Likely Voters,529,IVR/Online,Pollster,Dem,Other,NA
North Carolina,22353,PPP (D),2015-07-02,2015-07-06,Likely Voters,529,IVR/Online,Pollster,Dem,Undecided,9
North Carolina,22353,PPP (D),2015-07-02,2015-07-06,Likely Voters,529,IVR/Online,Pollster,Dem,Johnson,NA
North Carolina,22353,PPP (D),2015-07-02,2015-07-06,Likely Voters,529,IVR/Online,Pollster,Dem,McMullin,NA
Wisconsin,26807,SurveyMonkey,2016-11-01,2016-11-07,Likely Voters,2246,Internet,Nonpartisan,NA,Trump,42
Wisconsin,26807,SurveyMonkey,2016-11-01,2016-11-07,Likely Voters,2246,Internet,Nonpartisan,NA,Clinton,44
Wisconsin,26807,SurveyMonkey,2016-11-01,2016-11-07,Likely Voters,2246,Internet,Nonpartisan,NA,Other,4
Wisconsin,26807,SurveyMonkey,2016-11-01,2016-11-07,Likely Voters,2246,Internet,Nonpartisan,NA,Undecided,3
Wisconsin,26807,SurveyMonkey,2016-11-01,2016-11-07,Likely Voters,2246,Internet,Nonpartisan,NA,Johnson,NA
Wisconsin,26807,SurveyMonkey,2016-11-01,2016-11-07,Likely Voters,2246,Internet,Nonpartisan,NA,McMullin,NA
Wisconsin,26793,UPI/CVOTER,2016-10-30,2016-11-06,Likely Voters,372,Internet,Nonpartisan,NA,Trump,43
Wisconsin,26793,UPI/CVOTER,2016-10-30,2016-11-06,Likely Voters,372,Internet,Nonpartisan,NA,Clinton,51
Wisconsin,26793,UPI/CVOTER,2016-10-30,2016-11-06,Likely Voters,372,Internet,Nonpartisan,NA,Other,6
Wisconsin,26793,UPI/CVOTER,2016-10-30,2016-11-06,Likely Voters,372,Internet,Nonpartisan,NA,Undecided,NA
Wisconsin,26793,UPI/CVOTER,2016-10-30,2016-11-06,Likely Voters,372,Internet,Nonpartisan,NA,Johnson,NA
Wisconsin,26793,UPI/CVOTER,2016-10-30,2016-11-06,Likely Voters,372,Internet,Nonpartisan,NA,McMullin,NA
Wisconsin,26806,Ipsos/Reuters,2016-10-17,2016-11-06,Likely Voters,842,Internet,Nonpartisan,NA,Trump,40
Wisconsin,26806,Ipsos/Reuters,2016-10-17,2016-11-06,Likely Voters,842,Internet,Nonpartisan,NA,Clinton,46
Wisconsin,26806,Ipsos/Reuters,2016-10-17,2016-11-06,Likely Voters,842,Internet,Nonpartisan,NA,Other,NA
Wisconsin,26806,Ipsos/Reuters,2016-10-17,2016-11-06,Likely Voters,842,Internet,Nonpartisan,NA,Undecided,14
Wisconsin,26806,Ipsos/Reuters,2016-10-17,2016-11-06,Likely Voters,842,Internet,Nonpartisan,NA,Johnson,NA
Wisconsin,26806,Ipsos/Reuters,2016-10-17,2016-11-06,Likely Voters,842,Internet,Nonpartisan,NA,McMullin,NA
Wisconsin,26765,Remington Research Group (R)/Axiom Strategies,2016-11-01,2016-11-02,Likely Voters,2720,IVR/Live Phone,Sponsor,Rep,Trump,41
Wisconsin,26765,Remington Research Group (R)/Axiom Strategies,2016-11-01,2016-11-02,Likely Voters,2720,IVR/Live Phone,Sponsor,Rep,Clinton,49
Wisconsin,26765,Remington Research Group (R)/Axiom Strategies,2016-11-01,2016-11-02,Likely Voters,2720,IVR/Live Phone,Sponsor,Rep,Other,3
Wisconsin,26765,Remington Research Group (R)/Axiom Strategies,2016-11-01,2016-11-02,Likely Voters,2720,IVR/Live Phone,Sponsor,Rep,Undecided,4
Wisconsin,26765,Remington Research Group (R)/Axiom Strategies,2016-11-01,2016-11-02,Likely Voters,2720,IVR/Live Phone,Sponsor,Rep,Johnson,NA
Wisconsin,26765,Remington Research Group (R)/Axiom Strategies,2016-11-01,2016-11-02,Likely Voters,2720,IVR/Live Phone,Sponsor,Rep,McMullin,NA
Wisconsin,26706,Loras College,2016-10-31,2016-11-01,Likely Voters,500,Live Phone,Nonpartisan,NA,Trump,38
Wisconsin,26706,Loras College,2016-10-31,2016-11-01,Likely Voters,500,Live Phone,Nonpartisan,NA,Clinton,44
Wisconsin,26706,Loras College,2016-10-31,2016-11-01,Likely Voters,500,Live Phone,Nonpartisan,NA,Other,2
Wisconsin,26706,Loras College,2016-10-31,2016-11-01,Likely Voters,500,Live Phone,Nonpartisan,NA,Undecided,9
Wisconsin,26706,Loras College,2016-10-31,2016-11-01,Likely Voters,500,Live Phone,Nonpartisan,NA,Johnson,NA
Wisconsin,26706,Loras College,2016-10-31,2016-11-01,Likely Voters,500,Live Phone,Nonpartisan,NA,McMullin,NA
Wisconsin,26700,PPP (D-Center for American Progress Action Fund),2016-10-31,2016-11-01,Likely Voters,891,IVR/Online,Sponsor,Dem,Trump,41
Wisconsin,26700,PPP (D-Center for American Progress Action Fund),2016-10-31,2016-11-01,Likely Voters,891,IVR/Online,Sponsor,Dem,Clinton,48
Wisconsin,26700,PPP (D-Center for American Progress Action Fund),2016-10-31,2016-11-01,Likely Voters,891,IVR/Online,Sponsor,Dem,Other,NA
Wisconsin,26700,PPP (D-Center for American Progress Action Fund),2016-10-31,2016-11-01,Likely Voters,891,IVR/Online,Sponsor,Dem,Undecided,10
Wisconsin,26700,PPP (D-Center for American Progress Action Fund),2016-10-31,2016-11-01,Likely Voters,891,IVR/Online,Sponsor,Dem,Johnson,NA
Wisconsin,26700,PPP (D-Center for American Progress Action Fund),2016-10-31,2016-11-01,Likely Voters,891,IVR/Online,Sponsor,Dem,McMullin,NA
Wisconsin,26627,Marquette Law School,2016-10-26,2016-10-31,Likely Voters,1255,Live Phone,Nonpartisan,NA,Trump,40
Wisconsin,26627,Marquette Law School,2016-10-26,2016-10-31,Likely Voters,1255,Live Phone,Nonpartisan,NA,Clinton,46
Wisconsin,26627,Marquette Law School,2016-10-26,2016-10-31,Likely Voters,1255,Live Phone,Nonpartisan,NA,Other,10
Wisconsin,26627,Marquette Law School,2016-10-26,2016-10-31,Likely Voters,1255,Live Phone,Nonpartisan,NA,Undecided,4
Wisconsin,26627,Marquette Law School,2016-10-26,2016-10-31,Likely Voters,1255,Live Phone,Nonpartisan,NA,Johnson,NA
Wisconsin,26627,Marquette Law School,2016-10-26,2016-10-31,Likely Voters,1255,Live Phone,Nonpartisan,NA,McMullin,NA
Wisconsin,26596,SurveyMonkey,2016-10-25,2016-10-31,Likely Voters,1195,Internet,Nonpartisan,NA,Trump,42
Wisconsin,26596,SurveyMonkey,2016-10-25,2016-10-31,Likely Voters,1195,Internet,Nonpartisan,NA,Clinton,44
Wisconsin,26596,SurveyMonkey,2016-10-25,2016-10-31,Likely Voters,1195,Internet,Nonpartisan,NA,Other,4
Wisconsin,26596,SurveyMonkey,2016-10-25,2016-10-31,Likely Voters,1195,Internet,Nonpartisan,NA,Undecided,3
Wisconsin,26596,SurveyMonkey,2016-10-25,2016-10-31,Likely Voters,1195,Internet,Nonpartisan,NA,Johnson,NA
Wisconsin,26596,SurveyMonkey,2016-10-25,2016-10-31,Likely Voters,1195,Internet,Nonpartisan,NA,McMullin,NA
Wisconsin,26560,Remington Research Group (R)/Axiom Strategies,2016-10-30,2016-10-30,Likely Voters,1772,IVR/Live Phone,Sponsor,Rep,Trump,42
Wisconsin,26560,Remington Research Group (R)/Axiom Strategies,2016-10-30,2016-10-30,Likely Voters,1772,IVR/Live Phone,Sponsor,Rep,Clinton,46
Wisconsin,26560,Remington Research Group (R)/Axiom Strategies,2016-10-30,2016-10-30,Likely Voters,1772,IVR/Live Phone,Sponsor,Rep,Other,3
Wisconsin,26560,Remington Research Group (R)/Axiom Strategies,2016-10-30,2016-10-30,Likely Voters,1772,IVR/Live Phone,Sponsor,Rep,Undecided,5
Wisconsin,26560,Remington Research Group (R)/Axiom Strategies,2016-10-30,2016-10-30,Likely Voters,1772,IVR/Live Phone,Sponsor,Rep,Johnson,NA
Wisconsin,26560,Remington Research Group (R)/Axiom Strategies,2016-10-30,2016-10-30,Likely Voters,1772,IVR/Live Phone,Sponsor,Rep,McMullin,NA
Wisconsin,26592,UPI/CVOTER,2016-10-23,2016-10-29,Likely Voters,365,Internet,Nonpartisan,NA,Trump,46
Wisconsin,26592,UPI/CVOTER,2016-10-23,2016-10-29,Likely Voters,365,Internet,Nonpartisan,NA,Clinton,51
Wisconsin,26592,UPI/CVOTER,2016-10-23,2016-10-29,Likely Voters,365,Internet,Nonpartisan,NA,Other,3
Wisconsin,26592,UPI/CVOTER,2016-10-23,2016-10-29,Likely Voters,365,Internet,Nonpartisan,NA,Undecided,NA
Wisconsin,26592,UPI/CVOTER,2016-10-23,2016-10-29,Likely Voters,365,Internet,Nonpartisan,NA,Johnson,NA
Wisconsin,26592,UPI/CVOTER,2016-10-23,2016-10-29,Likely Voters,365,Internet,Nonpartisan,NA,McMullin,NA
Wisconsin,26441,SurveyMonkey,2016-10-18,2016-10-24,Likely Voters,1351,Internet,Nonpartisan,NA,Trump,41
Wisconsin,26441,SurveyMonkey,2016-10-18,2016-10-24,Likely Voters,1351,Internet,Nonpartisan,NA,Clinton,43
Wisconsin,26441,SurveyMonkey,2016-10-18,2016-10-24,Likely Voters,1351,Internet,Nonpartisan,NA,Other,3
Wisconsin,26441,SurveyMonkey,2016-10-18,2016-10-24,Likely Voters,1351,Internet,Nonpartisan,NA,Undecided,3
Wisconsin,26441,SurveyMonkey,2016-10-18,2016-10-24,Likely Voters,1351,Internet,Nonpartisan,NA,Johnson,NA
Wisconsin,26441,SurveyMonkey,2016-10-18,2016-10-24,Likely Voters,1351,Internet,Nonpartisan,NA,McMullin,NA
Wisconsin,26426,Remington Research Group (R)/Axiom Strategies,2016-10-20,2016-10-22,Likely Voters,1795,IVR/Live Phone,Sponsor,Rep,Trump,41
Wisconsin,26426,Remington Research Group (R)/Axiom Strategies,2016-10-20,2016-10-22,Likely Voters,1795,IVR/Live Phone,Sponsor,Rep,Clinton,46
Wisconsin,26426,Remington Research Group (R)/Axiom Strategies,2016-10-20,2016-10-22,Likely Voters,1795,IVR/Live Phone,Sponsor,Rep,Other,2
Wisconsin,26426,Remington Research Group (R)/Axiom Strategies,2016-10-20,2016-10-22,Likely Voters,1795,IVR/Live Phone,Sponsor,Rep,Undecided,6
Wisconsin,26426,Remington Research Group (R)/Axiom Strategies,2016-10-20,2016-10-22,Likely Voters,1795,IVR/Live Phone,Sponsor,Rep,Johnson,NA
Wisconsin,26426,Remington Research Group (R)/Axiom Strategies,2016-10-20,2016-10-22,Likely Voters,1795,IVR/Live Phone,Sponsor,Rep,McMullin,NA
Wisconsin,26282,PPP (D-End Citizens United),2016-10-18,2016-10-19,Likely Voters,804,IVR/Online,Sponsor,Dem,Trump,38
Wisconsin,26282,PPP (D-End Citizens United),2016-10-18,2016-10-19,Likely Voters,804,IVR/Online,Sponsor,Dem,Clinton,50
Wisconsin,26282,PPP (D-End Citizens United),2016-10-18,2016-10-19,Likely Voters,804,IVR/Online,Sponsor,Dem,Other,NA
Wisconsin,26282,PPP (D-End Citizens United),2016-10-18,2016-10-19,Likely Voters,804,IVR/Online,Sponsor,Dem,Undecided,12
Wisconsin,26282,PPP (D-End Citizens United),2016-10-18,2016-10-19,Likely Voters,804,IVR/Online,Sponsor,Dem,Johnson,NA
Wisconsin,26282,PPP (D-End Citizens United),2016-10-18,2016-10-19,Likely Voters,804,IVR/Online,Sponsor,Dem,McMullin,NA
Wisconsin,26274,Monmouth University,2016-10-15,2016-10-18,Likely Voters,403,Live Phone,Nonpartisan,NA,Trump,40
Wisconsin,26274,Monmouth University,2016-10-15,2016-10-18,Likely Voters,403,Live Phone,Nonpartisan,NA,Clinton,47
Wisconsin,26274,Monmouth University,2016-10-15,2016-10-18,Likely Voters,403,Live Phone,Nonpartisan,NA,Other,3
Wisconsin,26274,Monmouth University,2016-10-15,2016-10-18,Likely Voters,403,Live Phone,Nonpartisan,NA,Undecided,5
Wisconsin,26274,Monmouth University,2016-10-15,2016-10-18,Likely Voters,403,Live Phone,Nonpartisan,NA,Johnson,NA
Wisconsin,26274,Monmouth University,2016-10-15,2016-10-18,Likely Voters,403,Live Phone,Nonpartisan,NA,McMullin,NA
Wisconsin,26236,St Norbert,2016-10-13,2016-10-16,Likely Voters,664,Live Phone,Nonpartisan,NA,Trump,39
Wisconsin,26236,St Norbert,2016-10-13,2016-10-16,Likely Voters,664,Live Phone,Nonpartisan,NA,Clinton,47
Wisconsin,26236,St Norbert,2016-10-13,2016-10-16,Likely Voters,664,Live Phone,Nonpartisan,NA,Other,6
Wisconsin,26236,St Norbert,2016-10-13,2016-10-16,Likely Voters,664,Live Phone,Nonpartisan,NA,Undecided,7
Wisconsin,26236,St Norbert,2016-10-13,2016-10-16,Likely Voters,664,Live Phone,Nonpartisan,NA,Johnson,NA
Wisconsin,26236,St Norbert,2016-10-13,2016-10-16,Likely Voters,664,Live Phone,Nonpartisan,NA,McMullin,NA
Wisconsin,26253,WashPost/SurveyMonkey,2016-10-08,2016-10-16,Likely Voters,1076,Internet,Nonpartisan,NA,Trump,44
Wisconsin,26253,WashPost/SurveyMonkey,2016-10-08,2016-10-16,Likely Voters,1076,Internet,Nonpartisan,NA,Clinton,48
Wisconsin,26253,WashPost/SurveyMonkey,2016-10-08,2016-10-16,Likely Voters,1076,Internet,Nonpartisan,NA,Other,NA
Wisconsin,26253,WashPost/SurveyMonkey,2016-10-08,2016-10-16,Likely Voters,1076,Internet,Nonpartisan,NA,Undecided,8
Wisconsin,26253,WashPost/SurveyMonkey,2016-10-08,2016-10-16,Likely Voters,1076,Internet,Nonpartisan,NA,Johnson,NA
Wisconsin,26253,WashPost/SurveyMonkey,2016-10-08,2016-10-16,Likely Voters,1076,Internet,Nonpartisan,NA,McMullin,NA
Wisconsin,26344,Ipsos/Reuters,2016-09-23,2016-10-13,Likely Voters,810,Internet,Nonpartisan,NA,Trump,37
Wisconsin,26344,Ipsos/Reuters,2016-09-23,2016-10-13,Likely Voters,810,Internet,Nonpartisan,NA,Clinton,42
Wisconsin,26344,Ipsos/Reuters,2016-09-23,2016-10-13,Likely Voters,810,Internet,Nonpartisan,NA,Other,NA
Wisconsin,26344,Ipsos/Reuters,2016-09-23,2016-10-13,Likely Voters,810,Internet,Nonpartisan,NA,Undecided,21
Wisconsin,26344,Ipsos/Reuters,2016-09-23,2016-10-13,Likely Voters,810,Internet,Nonpartisan,NA,Johnson,NA
Wisconsin,26344,Ipsos/Reuters,2016-09-23,2016-10-13,Likely Voters,810,Internet,Nonpartisan,NA,McMullin,NA
Wisconsin,26150,Marquette Law School,2016-10-06,2016-10-09,Likely Voters,878,Live Phone,Nonpartisan,NA,Trump,42
Wisconsin,26150,Marquette Law School,2016-10-06,2016-10-09,Likely Voters,878,Live Phone,Nonpartisan,NA,Clinton,46
Wisconsin,26150,Marquette Law School,2016-10-06,2016-10-09,Likely Voters,878,Live Phone,Nonpartisan,NA,Other,8
Wisconsin,26150,Marquette Law School,2016-10-06,2016-10-09,Likely Voters,878,Live Phone,Nonpartisan,NA,Undecided,4
Wisconsin,26150,Marquette Law School,2016-10-06,2016-10-09,Likely Voters,878,Live Phone,Nonpartisan,NA,Johnson,NA
Wisconsin,26150,Marquette Law School,2016-10-06,2016-10-09,Likely Voters,878,Live Phone,Nonpartisan,NA,McMullin,NA
Wisconsin,26016,CBS/YouGov,2016-10-05,2016-10-07,Likely Voters,993,Internet,Nonpartisan,NA,Trump,39
Wisconsin,26016,CBS/YouGov,2016-10-05,2016-10-07,Likely Voters,993,Internet,Nonpartisan,NA,Clinton,43
Wisconsin,26016,CBS/YouGov,2016-10-05,2016-10-07,Likely Voters,993,Internet,Nonpartisan,NA,Other,3
Wisconsin,26016,CBS/YouGov,2016-10-05,2016-10-07,Likely Voters,993,Internet,Nonpartisan,NA,Undecided,11
Wisconsin,26016,CBS/YouGov,2016-10-05,2016-10-07,Likely Voters,993,Internet,Nonpartisan,NA,Johnson,NA
Wisconsin,26016,CBS/YouGov,2016-10-05,2016-10-07,Likely Voters,993,Internet,Nonpartisan,NA,McMullin,NA
Wisconsin,26137,Ipsos/Reuters,2016-09-16,2016-10-06,Likely Voters,866,Internet,Nonpartisan,NA,Trump,42
Wisconsin,26137,Ipsos/Reuters,2016-09-16,2016-10-06,Likely Voters,866,Internet,Nonpartisan,NA,Clinton,46
Wisconsin,26137,Ipsos/Reuters,2016-09-16,2016-10-06,Likely Voters,866,Internet,Nonpartisan,NA,Other,NA
Wisconsin,26137,Ipsos/Reuters,2016-09-16,2016-10-06,Likely Voters,866,Internet,Nonpartisan,NA,Undecided,12
Wisconsin,26137,Ipsos/Reuters,2016-09-16,2016-10-06,Likely Voters,866,Internet,Nonpartisan,NA,Johnson,NA
Wisconsin,26137,Ipsos/Reuters,2016-09-16,2016-10-06,Likely Voters,866,Internet,Nonpartisan,NA,McMullin,NA
Wisconsin,26083,Loras College,2016-10-04,2016-10-05,Likely Voters,500,Live Phone,Nonpartisan,NA,Trump,37
Wisconsin,26083,Loras College,2016-10-04,2016-10-05,Likely Voters,500,Live Phone,Nonpartisan,NA,Clinton,47
Wisconsin,26083,Loras College,2016-10-04,2016-10-05,Likely Voters,500,Live Phone,Nonpartisan,NA,Other,7
Wisconsin,26083,Loras College,2016-10-04,2016-10-05,Likely Voters,500,Live Phone,Nonpartisan,NA,Undecided,9
Wisconsin,26083,Loras College,2016-10-04,2016-10-05,Likely Voters,500,Live Phone,Nonpartisan,NA,Johnson,NA
Wisconsin,26083,Loras College,2016-10-04,2016-10-05,Likely Voters,500,Live Phone,Nonpartisan,NA,McMullin,NA
Wisconsin,25601,Marquette Law School,2016-09-15,2016-09-18,Likely Voters,642,Live Phone,Nonpartisan,NA,Trump,42
Wisconsin,25601,Marquette Law School,2016-09-15,2016-09-18,Likely Voters,642,Live Phone,Nonpartisan,NA,Clinton,44
Wisconsin,25601,Marquette Law School,2016-09-15,2016-09-18,Likely Voters,642,Live Phone,Nonpartisan,NA,Other,8
Wisconsin,25601,Marquette Law School,2016-09-15,2016-09-18,Likely Voters,642,Live Phone,Nonpartisan,NA,Undecided,5
Wisconsin,25601,Marquette Law School,2016-09-15,2016-09-18,Likely Voters,642,Live Phone,Nonpartisan,NA,Johnson,NA
Wisconsin,25601,Marquette Law School,2016-09-15,2016-09-18,Likely Voters,642,Live Phone,Nonpartisan,NA,McMullin,NA
Wisconsin,25576,Ipsos/Reuters,2016-08-26,2016-09-15,Likely Voters,695,Internet,Nonpartisan,NA,Trump,40
Wisconsin,25576,Ipsos/Reuters,2016-08-26,2016-09-15,Likely Voters,695,Internet,Nonpartisan,NA,Clinton,43
Wisconsin,25576,Ipsos/Reuters,2016-08-26,2016-09-15,Likely Voters,695,Internet,Nonpartisan,NA,Other,NA
Wisconsin,25576,Ipsos/Reuters,2016-08-26,2016-09-15,Likely Voters,695,Internet,Nonpartisan,NA,Undecided,17
Wisconsin,25576,Ipsos/Reuters,2016-08-26,2016-09-15,Likely Voters,695,Internet,Nonpartisan,NA,Johnson,NA
Wisconsin,25576,Ipsos/Reuters,2016-08-26,2016-09-15,Likely Voters,695,Internet,Nonpartisan,NA,McMullin,NA
Wisconsin,25347,WashPost/SurveyMonkey,2016-08-09,2016-09-01,Registered Voters,2687,Internet,Nonpartisan,NA,Trump,44
Wisconsin,25347,WashPost/SurveyMonkey,2016-08-09,2016-09-01,Registered Voters,2687,Internet,Nonpartisan,NA,Clinton,46
Wisconsin,25347,WashPost/SurveyMonkey,2016-08-09,2016-09-01,Registered Voters,2687,Internet,Nonpartisan,NA,Other,NA
Wisconsin,25347,WashPost/SurveyMonkey,2016-08-09,2016-09-01,Registered Voters,2687,Internet,Nonpartisan,NA,Undecided,11
Wisconsin,25347,WashPost/SurveyMonkey,2016-08-09,2016-09-01,Registered Voters,2687,Internet,Nonpartisan,NA,Johnson,NA
Wisconsin,25347,WashPost/SurveyMonkey,2016-08-09,2016-09-01,Registered Voters,2687,Internet,Nonpartisan,NA,McMullin,NA
Wisconsin,25303,Monmouth University,2016-08-27,2016-08-30,Likely Voters,404,Live Phone,Nonpartisan,NA,Trump,38
Wisconsin,25303,Monmouth University,2016-08-27,2016-08-30,Likely Voters,404,Live Phone,Nonpartisan,NA,Clinton,43
Wisconsin,25303,Monmouth University,2016-08-27,2016-08-30,Likely Voters,404,Live Phone,Nonpartisan,NA,Other,4
Wisconsin,25303,Monmouth University,2016-08-27,2016-08-30,Likely Voters,404,Live Phone,Nonpartisan,NA,Undecided,8
Wisconsin,25303,Monmouth University,2016-08-27,2016-08-30,Likely Voters,404,Live Phone,Nonpartisan,NA,Johnson,NA
Wisconsin,25303,Monmouth University,2016-08-27,2016-08-30,Likely Voters,404,Live Phone,Nonpartisan,NA,McMullin,NA
Wisconsin,25304,Marquette Law School,2016-08-25,2016-08-28,Likely Voters,650,Live Phone,Nonpartisan,NA,Trump,42
Wisconsin,25304,Marquette Law School,2016-08-25,2016-08-28,Likely Voters,650,Live Phone,Nonpartisan,NA,Clinton,45
Wisconsin,25304,Marquette Law School,2016-08-25,2016-08-28,Likely Voters,650,Live Phone,Nonpartisan,NA,Other,7
Wisconsin,25304,Marquette Law School,2016-08-25,2016-08-28,Likely Voters,650,Live Phone,Nonpartisan,NA,Undecided,4
Wisconsin,25304,Marquette Law School,2016-08-25,2016-08-28,Likely Voters,650,Live Phone,Nonpartisan,NA,Johnson,NA
Wisconsin,25304,Marquette Law School,2016-08-25,2016-08-28,Likely Voters,650,Live Phone,Nonpartisan,NA,McMullin,NA
Wisconsin,25312,PPP (D-NELP),2016-08-26,2016-08-27,Likely Voters,1054,IVR/Online,Sponsor,Dem,Trump,41
Wisconsin,25312,PPP (D-NELP),2016-08-26,2016-08-27,Likely Voters,1054,IVR/Online,Sponsor,Dem,Clinton,48
Wisconsin,25312,PPP (D-NELP),2016-08-26,2016-08-27,Likely Voters,1054,IVR/Online,Sponsor,Dem,Other,NA
Wisconsin,25312,PPP (D-NELP),2016-08-26,2016-08-27,Likely Voters,1054,IVR/Online,Sponsor,Dem,Undecided,12
Wisconsin,25312,PPP (D-NELP),2016-08-26,2016-08-27,Likely Voters,1054,IVR/Online,Sponsor,Dem,Johnson,NA
Wisconsin,25312,PPP (D-NELP),2016-08-26,2016-08-27,Likely Voters,1054,IVR/Online,Sponsor,Dem,McMullin,NA
Wisconsin,25118,Marquette Law School,2016-08-04,2016-08-07,Likely Voters,683,Live Phone,Nonpartisan,NA,Trump,37
Wisconsin,25118,Marquette Law School,2016-08-04,2016-08-07,Likely Voters,683,Live Phone,Nonpartisan,NA,Clinton,52
Wisconsin,25118,Marquette Law School,2016-08-04,2016-08-07,Likely Voters,683,Live Phone,Nonpartisan,NA,Other,7
Wisconsin,25118,Marquette Law School,2016-08-04,2016-08-07,Likely Voters,683,Live Phone,Nonpartisan,NA,Undecided,3
Wisconsin,25118,Marquette Law School,2016-08-04,2016-08-07,Likely Voters,683,Live Phone,Nonpartisan,NA,Johnson,NA
Wisconsin,25118,Marquette Law School,2016-08-04,2016-08-07,Likely Voters,683,Live Phone,Nonpartisan,NA,McMullin,NA
Wisconsin,24879,Marquette Law School,2016-07-07,2016-07-10,Likely Voters,665,Live Phone,Nonpartisan,NA,Trump,41
Wisconsin,24879,Marquette Law School,2016-07-07,2016-07-10,Likely Voters,665,Live Phone,Nonpartisan,NA,Clinton,45
Wisconsin,24879,Marquette Law School,2016-07-07,2016-07-10,Likely Voters,665,Live Phone,Nonpartisan,NA,Other,9
Wisconsin,24879,Marquette Law School,2016-07-07,2016-07-10,Likely Voters,665,Live Phone,Nonpartisan,NA,Undecided,6
Wisconsin,24879,Marquette Law School,2016-07-07,2016-07-10,Likely Voters,665,Live Phone,Nonpartisan,NA,Johnson,NA
Wisconsin,24879,Marquette Law School,2016-07-07,2016-07-10,Likely Voters,665,Live Phone,Nonpartisan,NA,McMullin,NA
Wisconsin,24768,CBS/YouGov,2016-06-21,2016-06-24,Likely Voters,993,Internet,Nonpartisan,NA,Trump,36
Wisconsin,24768,CBS/YouGov,2016-06-21,2016-06-24,Likely Voters,993,Internet,Nonpartisan,NA,Clinton,41
Wisconsin,24768,CBS/YouGov,2016-06-21,2016-06-24,Likely Voters,993,Internet,Nonpartisan,NA,Other,11
Wisconsin,24768,CBS/YouGov,2016-06-21,2016-06-24,Likely Voters,993,Internet,Nonpartisan,NA,Undecided,12
Wisconsin,24768,CBS/YouGov,2016-06-21,2016-06-24,Likely Voters,993,Internet,Nonpartisan,NA,Johnson,NA
Wisconsin,24768,CBS/YouGov,2016-06-21,2016-06-24,Likely Voters,993,Internet,Nonpartisan,NA,McMullin,NA
Wisconsin,24790,PPP (D-Americans United for Change/Constitutional Responsibility Project),2016-06-22,2016-06-23,Likely Voters,843,IVR/Online,Sponsor,Dem,Trump,39
Wisconsin,24790,PPP (D-Americans United for Change/Constitutional Responsibility Project),2016-06-22,2016-06-23,Likely Voters,843,IVR/Online,Sponsor,Dem,Clinton,47
Wisconsin,24790,PPP (D-Americans United for Change/Constitutional Responsibility Project),2016-06-22,2016-06-23,Likely Voters,843,IVR/Online,Sponsor,Dem,Other,NA
Wisconsin,24790,PPP (D-Americans United for Change/Constitutional Responsibility Project),2016-06-22,2016-06-23,Likely Voters,843,IVR/Online,Sponsor,Dem,Undecided,14
Wisconsin,24790,PPP (D-Americans United for Change/Constitutional Responsibility Project),2016-06-22,2016-06-23,Likely Voters,843,IVR/Online,Sponsor,Dem,Johnson,NA
Wisconsin,24790,PPP (D-Americans United for Change/Constitutional Responsibility Project),2016-06-22,2016-06-23,Likely Voters,843,IVR/Online,Sponsor,Dem,McMullin,NA
Wisconsin,24849,GQR (D-Democracy Corps/Women's Voices Women Vote),2016-06-11,2016-06-20,Likely Voters,300,Live Phone,Sponsor,Dem,Trump,36
Wisconsin,24849,GQR (D-Democracy Corps/Women's Voices Women Vote),2016-06-11,2016-06-20,Likely Voters,300,Live Phone,Sponsor,Dem,Clinton,47
Wisconsin,24849,GQR (D-Democracy Corps/Women's Voices Women Vote),2016-06-11,2016-06-20,Likely Voters,300,Live Phone,Sponsor,Dem,Other,7
Wisconsin,24849,GQR (D-Democracy Corps/Women's Voices Women Vote),2016-06-11,2016-06-20,Likely Voters,300,Live Phone,Sponsor,Dem,Undecided,10
Wisconsin,24849,GQR (D-Democracy Corps/Women's Voices Women Vote),2016-06-11,2016-06-20,Likely Voters,300,Live Phone,Sponsor,Dem,Johnson,NA
Wisconsin,24849,GQR (D-Democracy Corps/Women's Voices Women Vote),2016-06-11,2016-06-20,Likely Voters,300,Live Phone,Sponsor,Dem,McMullin,NA
Wisconsin,24685,Marquette Law School,2016-06-09,2016-06-12,Likely Voters,666,Live Phone,Nonpartisan,NA,Trump,37
Wisconsin,24685,Marquette Law School,2016-06-09,2016-06-12,Likely Voters,666,Live Phone,Nonpartisan,NA,Clinton,46
Wisconsin,24685,Marquette Law School,2016-06-09,2016-06-12,Likely Voters,666,Live Phone,Nonpartisan,NA,Other,13
Wisconsin,24685,Marquette Law School,2016-06-09,2016-06-12,Likely Voters,666,Live Phone,Nonpartisan,NA,Undecided,4
Wisconsin,24685,Marquette Law School,2016-06-09,2016-06-12,Likely Voters,666,Live Phone,Nonpartisan,NA,Johnson,NA
Wisconsin,24685,Marquette Law School,2016-06-09,2016-06-12,Likely Voters,666,Live Phone,Nonpartisan,NA,McMullin,NA
Wisconsin,24567,Public Opinion Strategies (R)/Federation for Children,2016-05-10,2016-05-12,Likely Voters,600,Live Phone,Pollster,Rep,Trump,31
Wisconsin,24567,Public Opinion Strategies (R)/Federation for Children,2016-05-10,2016-05-12,Likely Voters,600,Live Phone,Pollster,Rep,Clinton,43
Wisconsin,24567,Public Opinion Strategies (R)/Federation for Children,2016-05-10,2016-05-12,Likely Voters,600,Live Phone,Pollster,Rep,Other,NA
Wisconsin,24567,Public Opinion Strategies (R)/Federation for Children,2016-05-10,2016-05-12,Likely Voters,600,Live Phone,Pollster,Rep,Undecided,NA
Wisconsin,24567,Public Opinion Strategies (R)/Federation for Children,2016-05-10,2016-05-12,Likely Voters,600,Live Phone,Pollster,Rep,Johnson,NA
Wisconsin,24567,Public Opinion Strategies (R)/Federation for Children,2016-05-10,2016-05-12,Likely Voters,600,Live Phone,Pollster,Rep,McMullin,NA
Wisconsin,24316,St Norbert/WPR/WPTV,2016-04-12,2016-04-15,Registered Voters,616,Live Phone,Nonpartisan,NA,Trump,34
Wisconsin,24316,St Norbert/WPR/WPTV,2016-04-12,2016-04-15,Registered Voters,616,Live Phone,Nonpartisan,NA,Clinton,46
Wisconsin,24316,St Norbert/WPR/WPTV,2016-04-12,2016-04-15,Registered Voters,616,Live Phone,Nonpartisan,NA,Other,12
Wisconsin,24316,St Norbert/WPR/WPTV,2016-04-12,2016-04-15,Registered Voters,616,Live Phone,Nonpartisan,NA,Undecided,9
Wisconsin,24316,St Norbert/WPR/WPTV,2016-04-12,2016-04-15,Registered Voters,616,Live Phone,Nonpartisan,NA,Johnson,NA
Wisconsin,24316,St Norbert/WPR/WPTV,2016-04-12,2016-04-15,Registered Voters,616,Live Phone,Nonpartisan,NA,McMullin,NA
Wisconsin,24195,Emerson College Polling Society,2016-03-30,2016-04-03,Likely Voters,1198,Automated Phone,Nonpartisan,NA,Trump,37
Wisconsin,24195,Emerson College Polling Society,2016-03-30,2016-04-03,Likely Voters,1198,Automated Phone,Nonpartisan,NA,Clinton,47
Wisconsin,24195,Emerson College Polling Society,2016-03-30,2016-04-03,Likely Voters,1198,Automated Phone,Nonpartisan,NA,Other,NA
Wisconsin,24195,Emerson College Polling Society,2016-03-30,2016-04-03,Likely Voters,1198,Automated Phone,Nonpartisan,NA,Undecided,17
Wisconsin,24195,Emerson College Polling Society,2016-03-30,2016-04-03,Likely Voters,1198,Automated Phone,Nonpartisan,NA,Johnson,NA
Wisconsin,24195,Emerson College Polling Society,2016-03-30,2016-04-03,Likely Voters,1198,Automated Phone,Nonpartisan,NA,McMullin,NA
Wisconsin,24182,Fox News,2016-03-28,2016-03-30,Likely Voters,1602,Live Phone,Nonpartisan,NA,Trump,35
Wisconsin,24182,Fox News,2016-03-28,2016-03-30,Likely Voters,1602,Live Phone,Nonpartisan,NA,Clinton,49
Wisconsin,24182,Fox News,2016-03-28,2016-03-30,Likely Voters,1602,Live Phone,Nonpartisan,NA,Other,6
Wisconsin,24182,Fox News,2016-03-28,2016-03-30,Likely Voters,1602,Live Phone,Nonpartisan,NA,Undecided,10
Wisconsin,24182,Fox News,2016-03-28,2016-03-30,Likely Voters,1602,Live Phone,Nonpartisan,NA,Johnson,NA
Wisconsin,24182,Fox News,2016-03-28,2016-03-30,Likely Voters,1602,Live Phone,Nonpartisan,NA,McMullin,NA
Wisconsin,24172,Marquette Law School,2016-03-24,2016-03-28,Registered Voters,1405,Live Phone,Nonpartisan,NA,Trump,37
Wisconsin,24172,Marquette Law School,2016-03-24,2016-03-28,Registered Voters,1405,Live Phone,Nonpartisan,NA,Clinton,47
Wisconsin,24172,Marquette Law School,2016-03-24,2016-03-28,Registered Voters,1405,Live Phone,Nonpartisan,NA,Other,12
Wisconsin,24172,Marquette Law School,2016-03-24,2016-03-28,Registered Voters,1405,Live Phone,Nonpartisan,NA,Undecided,5
Wisconsin,24172,Marquette Law School,2016-03-24,2016-03-28,Registered Voters,1405,Live Phone,Nonpartisan,NA,Johnson,NA
Wisconsin,24172,Marquette Law School,2016-03-24,2016-03-28,Registered Voters,1405,Live Phone,Nonpartisan,NA,McMullin,NA
Wisconsin,23872,Marquette Law School,2016-02-18,2016-02-21,Registered Voters,802,Live Phone,Nonpartisan,NA,Trump,37
Wisconsin,23872,Marquette Law School,2016-02-18,2016-02-21,Registered Voters,802,Live Phone,Nonpartisan,NA,Clinton,48
Wisconsin,23872,Marquette Law School,2016-02-18,2016-02-21,Registered Voters,802,Live Phone,Nonpartisan,NA,Other,11
Wisconsin,23872,Marquette Law School,2016-02-18,2016-02-21,Registered Voters,802,Live Phone,Nonpartisan,NA,Undecided,6
Wisconsin,23872,Marquette Law School,2016-02-18,2016-02-21,Registered Voters,802,Live Phone,Nonpartisan,NA,Johnson,NA
Wisconsin,23872,Marquette Law School,2016-02-18,2016-02-21,Registered Voters,802,Live Phone,Nonpartisan,NA,McMullin,NA
Wisconsin,23623,Marquette Law School,2016-01-21,2016-01-24,Registered Voters,806,Live Phone,Nonpartisan,NA,Trump,38
Wisconsin,23623,Marquette Law School,2016-01-21,2016-01-24,Registered Voters,806,Live Phone,Nonpartisan,NA,Clinton,47
Wisconsin,23623,Marquette Law School,2016-01-21,2016-01-24,Registered Voters,806,Live Phone,Nonpartisan,NA,Other,9
Wisconsin,23623,Marquette Law School,2016-01-21,2016-01-24,Registered Voters,806,Live Phone,Nonpartisan,NA,Undecided,6
Wisconsin,23623,Marquette Law School,2016-01-21,2016-01-24,Registered Voters,806,Live Phone,Nonpartisan,NA,Johnson,NA
Wisconsin,23623,Marquette Law School,2016-01-21,2016-01-24,Registered Voters,806,Live Phone,Nonpartisan,NA,McMullin,NA
Wisconsin,23197,Marquette Law School,2015-11-12,2015-11-15,Registered Voters,803,Live Phone,Nonpartisan,NA,Trump,38
Wisconsin,23197,Marquette Law School,2015-11-12,2015-11-15,Registered Voters,803,Live Phone,Nonpartisan,NA,Clinton,48
Wisconsin,23197,Marquette Law School,2015-11-12,2015-11-15,Registered Voters,803,Live Phone,Nonpartisan,NA,Other,9
Wisconsin,23197,Marquette Law School,2015-11-12,2015-11-15,Registered Voters,803,Live Phone,Nonpartisan,NA,Undecided,5
Wisconsin,23197,Marquette Law School,2015-11-12,2015-11-15,Registered Voters,803,Live Phone,Nonpartisan,NA,Johnson,NA
Wisconsin,23197,Marquette Law School,2015-11-12,2015-11-15,Registered Voters,803,Live Phone,Nonpartisan,NA,McMullin,NA
Wisconsin,22973,St Norbert/WPR/WPTV,2015-10-14,2015-10-17,Registered Voters,603,Live Phone,Nonpartisan,NA,Trump,39
Wisconsin,22973,St Norbert/WPR/WPTV,2015-10-14,2015-10-17,Registered Voters,603,Live Phone,Nonpartisan,NA,Clinton,50
Wisconsin,22973,St Norbert/WPR/WPTV,2015-10-14,2015-10-17,Registered Voters,603,Live Phone,Nonpartisan,NA,Other,NA
Wisconsin,22973,St Norbert/WPR/WPTV,2015-10-14,2015-10-17,Registered Voters,603,Live Phone,Nonpartisan,NA,Undecided,11
Wisconsin,22973,St Norbert/WPR/WPTV,2015-10-14,2015-10-17,Registered Voters,603,Live Phone,Nonpartisan,NA,Johnson,NA
Wisconsin,22973,St Norbert/WPR/WPTV,2015-10-14,2015-10-17,Registered Voters,603,Live Phone,Nonpartisan,NA,McMullin,NA
Wisconsin,22823,Marquette Law School,2015-09-24,2015-09-28,Registered Voters,803,Live Phone,Nonpartisan,NA,Trump,36
Wisconsin,22823,Marquette Law School,2015-09-24,2015-09-28,Registered Voters,803,Live Phone,Nonpartisan,NA,Clinton,50
Wisconsin,22823,Marquette Law School,2015-09-24,2015-09-28,Registered Voters,803,Live Phone,Nonpartisan,NA,Other,9
Wisconsin,22823,Marquette Law School,2015-09-24,2015-09-28,Registered Voters,803,Live Phone,Nonpartisan,NA,Undecided,4
Wisconsin,22823,Marquette Law School,2015-09-24,2015-09-28,Registered Voters,803,Live Phone,Nonpartisan,NA,Johnson,NA
Wisconsin,22823,Marquette Law School,2015-09-24,2015-09-28,Registered Voters,803,Live Phone,Nonpartisan,NA,McMullin,NA
Wisconsin,22596,Marquette Law School,2015-08-13,2015-08-16,Registered Voters,802,Live Phone,Nonpartisan,NA,Trump,35
Wisconsin,22596,Marquette Law School,2015-08-13,2015-08-16,Registered Voters,802,Live Phone,Nonpartisan,NA,Clinton,51
Wisconsin,22596,Marquette Law School,2015-08-13,2015-08-16,Registered Voters,802,Live Phone,Nonpartisan,NA,Other,10
Wisconsin,22596,Marquette Law School,2015-08-13,2015-08-16,Registered Voters,802,Live Phone,Nonpartisan,NA,Undecided,4
Wisconsin,22596,Marquette Law School,2015-08-13,2015-08-16,Registered Voters,802,Live Phone,Nonpartisan,NA,Johnson,NA
Wisconsin,22596,Marquette Law School,2015-08-13,2015-08-16,Registered Voters,802,Live Phone,Nonpartisan,NA,McMullin,NA
Ohio,26807,SurveyMonkey,2016-11-01,2016-11-07,Likely Voters,2860,Internet,Nonpartisan,NA,Trump,45
Ohio,26807,SurveyMonkey,2016-11-01,2016-11-07,Likely Voters,2860,Internet,Nonpartisan,NA,Clinton,42
Ohio,26807,SurveyMonkey,2016-11-01,2016-11-07,Likely Voters,2860,Internet,Nonpartisan,NA,Other,3
Ohio,26807,SurveyMonkey,2016-11-01,2016-11-07,Likely Voters,2860,Internet,Nonpartisan,NA,Undecided,3
Ohio,26807,SurveyMonkey,2016-11-01,2016-11-07,Likely Voters,2860,Internet,Nonpartisan,NA,Johnson,7
Ohio,26807,SurveyMonkey,2016-11-01,2016-11-07,Likely Voters,2860,Internet,Nonpartisan,NA,McMullin,NA
Ohio,26793,UPI/CVOTER,2016-10-30,2016-11-06,Likely Voters,345,Internet,Nonpartisan,NA,Trump,48
Ohio,26793,UPI/CVOTER,2016-10-30,2016-11-06,Likely Voters,345,Internet,Nonpartisan,NA,Clinton,47
Ohio,26793,UPI/CVOTER,2016-10-30,2016-11-06,Likely Voters,345,Internet,Nonpartisan,NA,Other,5
Ohio,26793,UPI/CVOTER,2016-10-30,2016-11-06,Likely Voters,345,Internet,Nonpartisan,NA,Undecided,NA
Ohio,26793,UPI/CVOTER,2016-10-30,2016-11-06,Likely Voters,345,Internet,Nonpartisan,NA,Johnson,NA
Ohio,26793,UPI/CVOTER,2016-10-30,2016-11-06,Likely Voters,345,Internet,Nonpartisan,NA,McMullin,NA
Ohio,26806,Ipsos/Reuters,2016-10-17,2016-11-06,Likely Voters,775,Internet,Nonpartisan,NA,Trump,46
Ohio,26806,Ipsos/Reuters,2016-10-17,2016-11-06,Likely Voters,775,Internet,Nonpartisan,NA,Clinton,47
Ohio,26806,Ipsos/Reuters,2016-10-17,2016-11-06,Likely Voters,775,Internet,Nonpartisan,NA,Other,NA
Ohio,26806,Ipsos/Reuters,2016-10-17,2016-11-06,Likely Voters,775,Internet,Nonpartisan,NA,Undecided,7
Ohio,26806,Ipsos/Reuters,2016-10-17,2016-11-06,Likely Voters,775,Internet,Nonpartisan,NA,Johnson,NA
Ohio,26806,Ipsos/Reuters,2016-10-17,2016-11-06,Likely Voters,775,Internet,Nonpartisan,NA,McMullin,NA
Ohio,26756,Columbus Dispatch,2016-10-27,2016-11-05,Likely Voters,1151,Mail,Nonpartisan,NA,Trump,47
Ohio,26756,Columbus Dispatch,2016-10-27,2016-11-05,Likely Voters,1151,Mail,Nonpartisan,NA,Clinton,48
Ohio,26756,Columbus Dispatch,2016-10-27,2016-11-05,Likely Voters,1151,Mail,Nonpartisan,NA,Other,2
Ohio,26756,Columbus Dispatch,2016-10-27,2016-11-05,Likely Voters,1151,Mail,Nonpartisan,NA,Undecided,NA
Ohio,26756,Columbus Dispatch,2016-10-27,2016-11-05,Likely Voters,1151,Mail,Nonpartisan,NA,Johnson,3
Ohio,26756,Columbus Dispatch,2016-10-27,2016-11-05,Likely Voters,1151,Mail,Nonpartisan,NA,McMullin,NA
Ohio,26754,CBS/YouGov,2016-11-02,2016-11-04,Likely Voters,1189,Internet,Nonpartisan,NA,Trump,46
Ohio,26754,CBS/YouGov,2016-11-02,2016-11-04,Likely Voters,1189,Internet,Nonpartisan,NA,Clinton,45
Ohio,26754,CBS/YouGov,2016-11-02,2016-11-04,Likely Voters,1189,Internet,Nonpartisan,NA,Other,4
Ohio,26754,CBS/YouGov,2016-11-02,2016-11-04,Likely Voters,1189,Internet,Nonpartisan,NA,Undecided,2
Ohio,26754,CBS/YouGov,2016-11-02,2016-11-04,Likely Voters,1189,Internet,Nonpartisan,NA,Johnson,3
Ohio,26754,CBS/YouGov,2016-11-02,2016-11-04,Likely Voters,1189,Internet,Nonpartisan,NA,McMullin,NA
Ohio,26773,TargetSmart/William & Mary,2016-10-31,2016-11-03,Likely Voters,1194,Live Phone/Online,Nonpartisan,NA,Trump,43
Ohio,26773,TargetSmart/William & Mary,2016-10-31,2016-11-03,Likely Voters,1194,Live Phone/Online,Nonpartisan,NA,Clinton,40
Ohio,26773,TargetSmart/William & Mary,2016-10-31,2016-11-03,Likely Voters,1194,Live Phone/Online,Nonpartisan,NA,Other,7
Ohio,26773,TargetSmart/William & Mary,2016-10-31,2016-11-03,Likely Voters,1194,Live Phone/Online,Nonpartisan,NA,Undecided,2
Ohio,26773,TargetSmart/William & Mary,2016-10-31,2016-11-03,Likely Voters,1194,Live Phone/Online,Nonpartisan,NA,Johnson,8
Ohio,26773,TargetSmart/William & Mary,2016-10-31,2016-11-03,Likely Voters,1194,Live Phone/Online,Nonpartisan,NA,McMullin,NA
Ohio,26766,Remington Research Group (R)/Axiom Strategies,2016-11-01,2016-11-02,Likely Voters,2557,IVR/Live Phone,Sponsor,Rep,Trump,45
Ohio,26766,Remington Research Group (R)/Axiom Strategies,2016-11-01,2016-11-02,Likely Voters,2557,IVR/Live Phone,Sponsor,Rep,Clinton,44
Ohio,26766,Remington Research Group (R)/Axiom Strategies,2016-11-01,2016-11-02,Likely Voters,2557,IVR/Live Phone,Sponsor,Rep,Other,3
Ohio,26766,Remington Research Group (R)/Axiom Strategies,2016-11-01,2016-11-02,Likely Voters,2557,IVR/Live Phone,Sponsor,Rep,Undecided,3
Ohio,26766,Remington Research Group (R)/Axiom Strategies,2016-11-01,2016-11-02,Likely Voters,2557,IVR/Live Phone,Sponsor,Rep,Johnson,4
Ohio,26766,Remington Research Group (R)/Axiom Strategies,2016-11-01,2016-11-02,Likely Voters,2557,IVR/Live Phone,Sponsor,Rep,McMullin,NA
Ohio,26629,Quinnipiac,2016-10-27,2016-11-01,Likely Voters,589,Live Phone,Nonpartisan,NA,Trump,46
Ohio,26629,Quinnipiac,2016-10-27,2016-11-01,Likely Voters,589,Live Phone,Nonpartisan,NA,Clinton,41
Ohio,26629,Quinnipiac,2016-10-27,2016-11-01,Likely Voters,589,Live Phone,Nonpartisan,NA,Other,3
Ohio,26629,Quinnipiac,2016-10-27,2016-11-01,Likely Voters,589,Live Phone,Nonpartisan,NA,Undecided,5
Ohio,26629,Quinnipiac,2016-10-27,2016-11-01,Likely Voters,589,Live Phone,Nonpartisan,NA,Johnson,5
Ohio,26629,Quinnipiac,2016-10-27,2016-11-01,Likely Voters,589,Live Phone,Nonpartisan,NA,McMullin,NA
Ohio,26596,SurveyMonkey,2016-10-25,2016-10-31,Likely Voters,1823,Internet,Nonpartisan,NA,Trump,45
Ohio,26596,SurveyMonkey,2016-10-25,2016-10-31,Likely Voters,1823,Internet,Nonpartisan,NA,Clinton,40
Ohio,26596,SurveyMonkey,2016-10-25,2016-10-31,Likely Voters,1823,Internet,Nonpartisan,NA,Other,2
Ohio,26596,SurveyMonkey,2016-10-25,2016-10-31,Likely Voters,1823,Internet,Nonpartisan,NA,Undecided,4
Ohio,26596,SurveyMonkey,2016-10-25,2016-10-31,Likely Voters,1823,Internet,Nonpartisan,NA,Johnson,9
Ohio,26596,SurveyMonkey,2016-10-25,2016-10-31,Likely Voters,1823,Internet,Nonpartisan,NA,McMullin,NA
Ohio,26561,Remington Research Group (R)/Axiom Strategies,2016-10-30,2016-10-30,Likely Voters,1187,IVR/Live Phone,Sponsor,Rep,Trump,48
Ohio,26561,Remington Research Group (R)/Axiom Strategies,2016-10-30,2016-10-30,Likely Voters,1187,IVR/Live Phone,Sponsor,Rep,Clinton,43
Ohio,26561,Remington Research Group (R)/Axiom Strategies,2016-10-30,2016-10-30,Likely Voters,1187,IVR/Live Phone,Sponsor,Rep,Other,1
Ohio,26561,Remington Research Group (R)/Axiom Strategies,2016-10-30,2016-10-30,Likely Voters,1187,IVR/Live Phone,Sponsor,Rep,Undecided,5
Ohio,26561,Remington Research Group (R)/Axiom Strategies,2016-10-30,2016-10-30,Likely Voters,1187,IVR/Live Phone,Sponsor,Rep,Johnson,3
Ohio,26561,Remington Research Group (R)/Axiom Strategies,2016-10-30,2016-10-30,Likely Voters,1187,IVR/Live Phone,Sponsor,Rep,McMullin,NA
Ohio,26592,UPI/CVOTER,2016-10-23,2016-10-29,Likely Voters,339,Internet,Nonpartisan,NA,Trump,47
Ohio,26592,UPI/CVOTER,2016-10-23,2016-10-29,Likely Voters,339,Internet,Nonpartisan,NA,Clinton,50
Ohio,26592,UPI/CVOTER,2016-10-23,2016-10-29,Likely Voters,339,Internet,Nonpartisan,NA,Other,3
Ohio,26592,UPI/CVOTER,2016-10-23,2016-10-29,Likely Voters,339,Internet,Nonpartisan,NA,Undecided,NA
Ohio,26592,UPI/CVOTER,2016-10-23,2016-10-29,Likely Voters,339,Internet,Nonpartisan,NA,Johnson,NA
Ohio,26592,UPI/CVOTER,2016-10-23,2016-10-29,Likely Voters,339,Internet,Nonpartisan,NA,McMullin,NA
Ohio,26441,SurveyMonkey,2016-10-18,2016-10-24,Likely Voters,1951,Internet,Nonpartisan,NA,Trump,45
Ohio,26441,SurveyMonkey,2016-10-18,2016-10-24,Likely Voters,1951,Internet,Nonpartisan,NA,Clinton,40
Ohio,26441,SurveyMonkey,2016-10-18,2016-10-24,Likely Voters,1951,Internet,Nonpartisan,NA,Other,3
Ohio,26441,SurveyMonkey,2016-10-18,2016-10-24,Likely Voters,1951,Internet,Nonpartisan,NA,Undecided,4
Ohio,26441,SurveyMonkey,2016-10-18,2016-10-24,Likely Voters,1951,Internet,Nonpartisan,NA,Johnson,8
Ohio,26441,SurveyMonkey,2016-10-18,2016-10-24,Likely Voters,1951,Internet,Nonpartisan,NA,McMullin,NA
Ohio,26423,Remington Research Group (R)/Axiom Strategies,2016-10-20,2016-10-22,Likely Voters,1971,IVR/Live Phone,Sponsor,Rep,Trump,46
Ohio,26423,Remington Research Group (R)/Axiom Strategies,2016-10-20,2016-10-22,Likely Voters,1971,IVR/Live Phone,Sponsor,Rep,Clinton,42
Ohio,26423,Remington Research Group (R)/Axiom Strategies,2016-10-20,2016-10-22,Likely Voters,1971,IVR/Live Phone,Sponsor,Rep,Other,2
Ohio,26423,Remington Research Group (R)/Axiom Strategies,2016-10-20,2016-10-22,Likely Voters,1971,IVR/Live Phone,Sponsor,Rep,Undecided,6
Ohio,26423,Remington Research Group (R)/Axiom Strategies,2016-10-20,2016-10-22,Likely Voters,1971,IVR/Live Phone,Sponsor,Rep,Johnson,4
Ohio,26423,Remington Research Group (R)/Axiom Strategies,2016-10-20,2016-10-22,Likely Voters,1971,IVR/Live Phone,Sponsor,Rep,McMullin,NA
Ohio,26318,Suffolk,2016-10-17,2016-10-19,Likely Voters,500,Live Phone,Nonpartisan,NA,Trump,45
Ohio,26318,Suffolk,2016-10-17,2016-10-19,Likely Voters,500,Live Phone,Nonpartisan,NA,Clinton,45
Ohio,26318,Suffolk,2016-10-17,2016-10-19,Likely Voters,500,Live Phone,Nonpartisan,NA,Other,2
Ohio,26318,Suffolk,2016-10-17,2016-10-19,Likely Voters,500,Live Phone,Nonpartisan,NA,Undecided,6
Ohio,26318,Suffolk,2016-10-17,2016-10-19,Likely Voters,500,Live Phone,Nonpartisan,NA,Johnson,2
Ohio,26318,Suffolk,2016-10-17,2016-10-19,Likely Voters,500,Live Phone,Nonpartisan,NA,McMullin,NA
Ohio,26216,Quinnipiac,2016-10-10,2016-10-16,Likely Voters,624,Live Phone,Nonpartisan,NA,Trump,45
Ohio,26216,Quinnipiac,2016-10-10,2016-10-16,Likely Voters,624,Live Phone,Nonpartisan,NA,Clinton,45
Ohio,26216,Quinnipiac,2016-10-10,2016-10-16,Likely Voters,624,Live Phone,Nonpartisan,NA,Other,2
Ohio,26216,Quinnipiac,2016-10-10,2016-10-16,Likely Voters,624,Live Phone,Nonpartisan,NA,Undecided,2
Ohio,26216,Quinnipiac,2016-10-10,2016-10-16,Likely Voters,624,Live Phone,Nonpartisan,NA,Johnson,6
Ohio,26216,Quinnipiac,2016-10-10,2016-10-16,Likely Voters,624,Live Phone,Nonpartisan,NA,McMullin,NA
Ohio,26245,WashPost/SurveyMonkey,2016-10-08,2016-10-16,Likely Voters,1307,Internet,Nonpartisan,NA,Trump,48
Ohio,26245,WashPost/SurveyMonkey,2016-10-08,2016-10-16,Likely Voters,1307,Internet,Nonpartisan,NA,Clinton,46
Ohio,26245,WashPost/SurveyMonkey,2016-10-08,2016-10-16,Likely Voters,1307,Internet,Nonpartisan,NA,Other,NA
Ohio,26245,WashPost/SurveyMonkey,2016-10-08,2016-10-16,Likely Voters,1307,Internet,Nonpartisan,NA,Undecided,6
Ohio,26245,WashPost/SurveyMonkey,2016-10-08,2016-10-16,Likely Voters,1307,Internet,Nonpartisan,NA,Johnson,NA
Ohio,26245,WashPost/SurveyMonkey,2016-10-08,2016-10-16,Likely Voters,1307,Internet,Nonpartisan,NA,McMullin,NA
Ohio,26204,CNN,2016-10-10,2016-10-15,Likely Voters,774,Live Phone,Nonpartisan,NA,Trump,48
Ohio,26204,CNN,2016-10-10,2016-10-15,Likely Voters,774,Live Phone,Nonpartisan,NA,Clinton,44
Ohio,26204,CNN,2016-10-10,2016-10-15,Likely Voters,774,Live Phone,Nonpartisan,NA,Other,3
Ohio,26204,CNN,2016-10-10,2016-10-15,Likely Voters,774,Live Phone,Nonpartisan,NA,Undecided,0
Ohio,26204,CNN,2016-10-10,2016-10-15,Likely Voters,774,Live Phone,Nonpartisan,NA,Johnson,4
Ohio,26204,CNN,2016-10-10,2016-10-15,Likely Voters,774,Live Phone,Nonpartisan,NA,McMullin,NA
Ohio,26344,Ipsos/Reuters,2016-09-23,2016-10-13,Likely Voters,2192,Internet,Nonpartisan,NA,Trump,43
Ohio,26344,Ipsos/Reuters,2016-09-23,2016-10-13,Likely Voters,2192,Internet,Nonpartisan,NA,Clinton,42
Ohio,26344,Ipsos/Reuters,2016-09-23,2016-10-13,Likely Voters,2192,Internet,Nonpartisan,NA,Other,NA
Ohio,26344,Ipsos/Reuters,2016-09-23,2016-10-13,Likely Voters,2192,Internet,Nonpartisan,NA,Undecided,15
Ohio,26344,Ipsos/Reuters,2016-09-23,2016-10-13,Likely Voters,2192,Internet,Nonpartisan,NA,Johnson,NA
Ohio,26344,Ipsos/Reuters,2016-09-23,2016-10-13,Likely Voters,2192,Internet,Nonpartisan,NA,McMullin,NA
Ohio,26168,NBC/WSJ/Marist,2016-10-10,2016-10-12,Likely Voters,724,Live Phone,Nonpartisan,NA,Trump,45
Ohio,26168,NBC/WSJ/Marist,2016-10-10,2016-10-12,Likely Voters,724,Live Phone,Nonpartisan,NA,Clinton,45
Ohio,26168,NBC/WSJ/Marist,2016-10-10,2016-10-12,Likely Voters,724,Live Phone,Nonpartisan,NA,Other,8
Ohio,26168,NBC/WSJ/Marist,2016-10-10,2016-10-12,Likely Voters,724,Live Phone,Nonpartisan,NA,Undecided,3
Ohio,26168,NBC/WSJ/Marist,2016-10-10,2016-10-12,Likely Voters,724,Live Phone,Nonpartisan,NA,Johnson,NA
Ohio,26168,NBC/WSJ/Marist,2016-10-10,2016-10-12,Likely Voters,724,Live Phone,Nonpartisan,NA,McMullin,NA
Ohio,26658,Ipsos/Reuters,2016-10-06,2016-10-12,Likely Voters,1200,Internet,Nonpartisan,NA,Trump,41
Ohio,26658,Ipsos/Reuters,2016-10-06,2016-10-12,Likely Voters,1200,Internet,Nonpartisan,NA,Clinton,44
Ohio,26658,Ipsos/Reuters,2016-10-06,2016-10-12,Likely Voters,1200,Internet,Nonpartisan,NA,Other,8
Ohio,26658,Ipsos/Reuters,2016-10-06,2016-10-12,Likely Voters,1200,Internet,Nonpartisan,NA,Undecided,7
Ohio,26658,Ipsos/Reuters,2016-10-06,2016-10-12,Likely Voters,1200,Internet,Nonpartisan,NA,Johnson,NA
Ohio,26658,Ipsos/Reuters,2016-10-06,2016-10-12,Likely Voters,1200,Internet,Nonpartisan,NA,McMullin,NA
Ohio,26139,Baldwin Wallace University,2016-10-09,2016-10-11,Likely Voters,1152,Internet,Nonpartisan,NA,Trump,38
Ohio,26139,Baldwin Wallace University,2016-10-09,2016-10-11,Likely Voters,1152,Internet,Nonpartisan,NA,Clinton,48
Ohio,26139,Baldwin Wallace University,2016-10-09,2016-10-11,Likely Voters,1152,Internet,Nonpartisan,NA,Other,NA
Ohio,26139,Baldwin Wallace University,2016-10-09,2016-10-11,Likely Voters,1152,Internet,Nonpartisan,NA,Undecided,14
Ohio,26139,Baldwin Wallace University,2016-10-09,2016-10-11,Likely Voters,1152,Internet,Nonpartisan,NA,Johnson,NA
Ohio,26139,Baldwin Wallace University,2016-10-09,2016-10-11,Likely Voters,1152,Internet,Nonpartisan,NA,McMullin,NA
Ohio,26376,Lucid/The Times-Picayune,2016-10-07,2016-10-10,Likely Voters,1304,Internet,Nonpartisan,NA,Trump,39
Ohio,26376,Lucid/The Times-Picayune,2016-10-07,2016-10-10,Likely Voters,1304,Internet,Nonpartisan,NA,Clinton,44
Ohio,26376,Lucid/The Times-Picayune,2016-10-07,2016-10-10,Likely Voters,1304,Internet,Nonpartisan,NA,Other,2
Ohio,26376,Lucid/The Times-Picayune,2016-10-07,2016-10-10,Likely Voters,1304,Internet,Nonpartisan,NA,Undecided,9
Ohio,26376,Lucid/The Times-Picayune,2016-10-07,2016-10-10,Likely Voters,1304,Internet,Nonpartisan,NA,Johnson,7
Ohio,26376,Lucid/The Times-Picayune,2016-10-07,2016-10-10,Likely Voters,1304,Internet,Nonpartisan,NA,McMullin,NA
Ohio,26014,CBS/YouGov,2016-10-05,2016-10-07,Likely Voters,997,Internet,Nonpartisan,NA,Trump,42
Ohio,26014,CBS/YouGov,2016-10-05,2016-10-07,Likely Voters,997,Internet,Nonpartisan,NA,Clinton,46
Ohio,26014,CBS/YouGov,2016-10-05,2016-10-07,Likely Voters,997,Internet,Nonpartisan,NA,Other,4
Ohio,26014,CBS/YouGov,2016-10-05,2016-10-07,Likely Voters,997,Internet,Nonpartisan,NA,Undecided,3
Ohio,26014,CBS/YouGov,2016-10-05,2016-10-07,Likely Voters,997,Internet,Nonpartisan,NA,Johnson,5
Ohio,26014,CBS/YouGov,2016-10-05,2016-10-07,Likely Voters,997,Internet,Nonpartisan,NA,McMullin,NA
Ohio,25989,PPP (D),2016-10-05,2016-10-06,Likely Voters,782,IVR/Online,Pollster,Dem,Trump,43
Ohio,25989,PPP (D),2016-10-05,2016-10-06,Likely Voters,782,IVR/Online,Pollster,Dem,Clinton,44
Ohio,25989,PPP (D),2016-10-05,2016-10-06,Likely Voters,782,IVR/Online,Pollster,Dem,Other,2
Ohio,25989,PPP (D),2016-10-05,2016-10-06,Likely Voters,782,IVR/Online,Pollster,Dem,Undecided,6
Ohio,25989,PPP (D),2016-10-05,2016-10-06,Likely Voters,782,IVR/Online,Pollster,Dem,Johnson,5
Ohio,25989,PPP (D),2016-10-05,2016-10-06,Likely Voters,782,IVR/Online,Pollster,Dem,McMullin,NA
Ohio,26010,TargetSmart/William & Mary,2016-10-03,2016-10-06,Likely Voters,812,Live Phone/Online,Nonpartisan,NA,Trump,40
Ohio,26010,TargetSmart/William & Mary,2016-10-03,2016-10-06,Likely Voters,812,Live Phone/Online,Nonpartisan,NA,Clinton,43
Ohio,26010,TargetSmart/William & Mary,2016-10-03,2016-10-06,Likely Voters,812,Live Phone/Online,Nonpartisan,NA,Other,3
Ohio,26010,TargetSmart/William & Mary,2016-10-03,2016-10-06,Likely Voters,812,Live Phone/Online,Nonpartisan,NA,Undecided,5
Ohio,26010,TargetSmart/William & Mary,2016-10-03,2016-10-06,Likely Voters,812,Live Phone/Online,Nonpartisan,NA,Johnson,8
Ohio,26010,TargetSmart/William & Mary,2016-10-03,2016-10-06,Likely Voters,812,Live Phone/Online,Nonpartisan,NA,McMullin,NA
Ohio,26126,Ipsos/Reuters,2016-09-16,2016-10-06,Likely Voters,822,Internet,Nonpartisan,NA,Trump,43
Ohio,26126,Ipsos/Reuters,2016-09-16,2016-10-06,Likely Voters,822,Internet,Nonpartisan,NA,Clinton,46
Ohio,26126,Ipsos/Reuters,2016-09-16,2016-10-06,Likely Voters,822,Internet,Nonpartisan,NA,Other,NA
Ohio,26126,Ipsos/Reuters,2016-09-16,2016-10-06,Likely Voters,822,Internet,Nonpartisan,NA,Undecided,11
Ohio,26126,Ipsos/Reuters,2016-09-16,2016-10-06,Likely Voters,822,Internet,Nonpartisan,NA,Johnson,NA
Ohio,26126,Ipsos/Reuters,2016-09-16,2016-10-06,Likely Voters,822,Internet,Nonpartisan,NA,McMullin,NA
Ohio,25969,Monmouth University,2016-10-01,2016-10-04,Likely Voters,405,Live Phone,Nonpartisan,NA,Trump,42
Ohio,25969,Monmouth University,2016-10-01,2016-10-04,Likely Voters,405,Live Phone,Nonpartisan,NA,Clinton,44
Ohio,25969,Monmouth University,2016-10-01,2016-10-04,Likely Voters,405,Live Phone,Nonpartisan,NA,Other,2
Ohio,25969,Monmouth University,2016-10-01,2016-10-04,Likely Voters,405,Live Phone,Nonpartisan,NA,Undecided,6
Ohio,25969,Monmouth University,2016-10-01,2016-10-04,Likely Voters,405,Live Phone,Nonpartisan,NA,Johnson,5
Ohio,25969,Monmouth University,2016-10-01,2016-10-04,Likely Voters,405,Live Phone,Nonpartisan,NA,McMullin,NA
Ohio,25985,Anzalone (D-Ohio Education Association),2016-09-27,2016-10-02,Likely Voters,800,Live Phone,Sponsor,Dem,Trump,42
Ohio,25985,Anzalone (D-Ohio Education Association),2016-09-27,2016-10-02,Likely Voters,800,Live Phone,Sponsor,Dem,Clinton,44
Ohio,25985,Anzalone (D-Ohio Education Association),2016-09-27,2016-10-02,Likely Voters,800,Live Phone,Sponsor,Dem,Other,1
Ohio,25985,Anzalone (D-Ohio Education Association),2016-09-27,2016-10-02,Likely Voters,800,Live Phone,Sponsor,Dem,Undecided,6
Ohio,25985,Anzalone (D-Ohio Education Association),2016-09-27,2016-10-02,Likely Voters,800,Live Phone,Sponsor,Dem,Johnson,8
Ohio,25985,Anzalone (D-Ohio Education Association),2016-09-27,2016-10-02,Likely Voters,800,Live Phone,Sponsor,Dem,McMullin,NA
Ohio,25843,Quinnipiac,2016-09-27,2016-10-02,Likely Voters,497,Live Phone,Nonpartisan,NA,Trump,47
Ohio,25843,Quinnipiac,2016-09-27,2016-10-02,Likely Voters,497,Live Phone,Nonpartisan,NA,Clinton,42
Ohio,25843,Quinnipiac,2016-09-27,2016-10-02,Likely Voters,497,Live Phone,Nonpartisan,NA,Other,1
Ohio,25843,Quinnipiac,2016-09-27,2016-10-02,Likely Voters,497,Live Phone,Nonpartisan,NA,Undecided,4
Ohio,25843,Quinnipiac,2016-09-27,2016-10-02,Likely Voters,497,Live Phone,Nonpartisan,NA,Johnson,6
Ohio,25843,Quinnipiac,2016-09-27,2016-10-02,Likely Voters,497,Live Phone,Nonpartisan,NA,McMullin,NA
Ohio,25739,TargetSmart/William & Mary,2016-09-15,2016-09-22,Likely Voters,652,Live Phone/Online,Nonpartisan,NA,Trump,37
Ohio,25739,TargetSmart/William & Mary,2016-09-15,2016-09-22,Likely Voters,652,Live Phone/Online,Nonpartisan,NA,Clinton,40
Ohio,25739,TargetSmart/William & Mary,2016-09-15,2016-09-22,Likely Voters,652,Live Phone/Online,Nonpartisan,NA,Other,4
Ohio,25739,TargetSmart/William & Mary,2016-09-15,2016-09-22,Likely Voters,652,Live Phone/Online,Nonpartisan,NA,Undecided,2
Ohio,25739,TargetSmart/William & Mary,2016-09-15,2016-09-22,Likely Voters,652,Live Phone/Online,Nonpartisan,NA,Johnson,8
Ohio,25739,TargetSmart/William & Mary,2016-09-15,2016-09-22,Likely Voters,652,Live Phone/Online,Nonpartisan,NA,McMullin,NA
Ohio,25609,Fox News,2016-09-18,2016-09-20,Likely Voters,737,Live Phone,Nonpartisan,NA,Trump,42
Ohio,25609,Fox News,2016-09-18,2016-09-20,Likely Voters,737,Live Phone,Nonpartisan,NA,Clinton,37
Ohio,25609,Fox News,2016-09-18,2016-09-20,Likely Voters,737,Live Phone,Nonpartisan,NA,Other,4
Ohio,25609,Fox News,2016-09-18,2016-09-20,Likely Voters,737,Live Phone,Nonpartisan,NA,Undecided,11
Ohio,25609,Fox News,2016-09-18,2016-09-20,Likely Voters,737,Live Phone,Nonpartisan,NA,Johnson,6
Ohio,25609,Fox News,2016-09-18,2016-09-20,Likely Voters,737,Live Phone,Nonpartisan,NA,McMullin,NA
Ohio,25639,GQR (D-Democracy Corps/WVWV),2016-09-10,2016-09-19,Likely Voters,400,Live Phone,Sponsor,Dem,Trump,41
Ohio,25639,GQR (D-Democracy Corps/WVWV),2016-09-10,2016-09-19,Likely Voters,400,Live Phone,Sponsor,Dem,Clinton,39
Ohio,25639,GQR (D-Democracy Corps/WVWV),2016-09-10,2016-09-19,Likely Voters,400,Live Phone,Sponsor,Dem,Other,4
Ohio,25639,GQR (D-Democracy Corps/WVWV),2016-09-10,2016-09-19,Likely Voters,400,Live Phone,Sponsor,Dem,Undecided,4
Ohio,25639,GQR (D-Democracy Corps/WVWV),2016-09-10,2016-09-19,Likely Voters,400,Live Phone,Sponsor,Dem,Johnson,11
Ohio,25639,GQR (D-Democracy Corps/WVWV),2016-09-10,2016-09-19,Likely Voters,400,Live Phone,Sponsor,Dem,McMullin,NA
Ohio,25565,Ipsos/Reuters,2016-08-26,2016-09-15,Likely Voters,625,Internet,Nonpartisan,NA,Trump,44
Ohio,25565,Ipsos/Reuters,2016-08-26,2016-09-15,Likely Voters,625,Internet,Nonpartisan,NA,Clinton,47
Ohio,25565,Ipsos/Reuters,2016-08-26,2016-09-15,Likely Voters,625,Internet,Nonpartisan,NA,Other,NA
Ohio,25565,Ipsos/Reuters,2016-08-26,2016-09-15,Likely Voters,625,Internet,Nonpartisan,NA,Undecided,9
Ohio,25565,Ipsos/Reuters,2016-08-26,2016-09-15,Likely Voters,625,Internet,Nonpartisan,NA,Johnson,NA
Ohio,25565,Ipsos/Reuters,2016-08-26,2016-09-15,Likely Voters,625,Internet,Nonpartisan,NA,McMullin,NA
Ohio,25502,Suffolk,2016-09-12,2016-09-14,Likely Voters,500,Live Phone,Nonpartisan,NA,Trump,42
Ohio,25502,Suffolk,2016-09-12,2016-09-14,Likely Voters,500,Live Phone,Nonpartisan,NA,Clinton,39
Ohio,25502,Suffolk,2016-09-12,2016-09-14,Likely Voters,500,Live Phone,Nonpartisan,NA,Other,2
Ohio,25502,Suffolk,2016-09-12,2016-09-14,Likely Voters,500,Live Phone,Nonpartisan,NA,Undecided,13
Ohio,25502,Suffolk,2016-09-12,2016-09-14,Likely Voters,500,Live Phone,Nonpartisan,NA,Johnson,4
Ohio,25502,Suffolk,2016-09-12,2016-09-14,Likely Voters,500,Live Phone,Nonpartisan,NA,McMullin,NA
Ohio,25477,Bloomberg/Selzer,2016-09-09,2016-09-12,Likely Voters,802,Live Phone,Nonpartisan,NA,Trump,48
Ohio,25477,Bloomberg/Selzer,2016-09-09,2016-09-12,Likely Voters,802,Live Phone,Nonpartisan,NA,Clinton,43
Ohio,25477,Bloomberg/Selzer,2016-09-09,2016-09-12,Likely Voters,802,Live Phone,Nonpartisan,NA,Other,6
Ohio,25477,Bloomberg/Selzer,2016-09-09,2016-09-12,Likely Voters,802,Live Phone,Nonpartisan,NA,Undecided,3
Ohio,25477,Bloomberg/Selzer,2016-09-09,2016-09-12,Likely Voters,802,Live Phone,Nonpartisan,NA,Johnson,NA
Ohio,25477,Bloomberg/Selzer,2016-09-09,2016-09-12,Likely Voters,802,Live Phone,Nonpartisan,NA,McMullin,NA
Ohio,25494,CNN,2016-09-07,2016-09-12,Likely Voters,769,Live Phone,Nonpartisan,NA,Trump,46
Ohio,25494,CNN,2016-09-07,2016-09-12,Likely Voters,769,Live Phone,Nonpartisan,NA,Clinton,41
Ohio,25494,CNN,2016-09-07,2016-09-12,Likely Voters,769,Live Phone,Nonpartisan,NA,Other,4
Ohio,25494,CNN,2016-09-07,2016-09-12,Likely Voters,769,Live Phone,Nonpartisan,NA,Undecided,1
Ohio,25494,CNN,2016-09-07,2016-09-12,Likely Voters,769,Live Phone,Nonpartisan,NA,Johnson,8
Ohio,25494,CNN,2016-09-07,2016-09-12,Likely Voters,769,Live Phone,Nonpartisan,NA,McMullin,NA
Ohio,25449,CBS/YouGov,2016-09-07,2016-09-09,Likely Voters,994,Internet,Nonpartisan,NA,Trump,39
Ohio,25449,CBS/YouGov,2016-09-07,2016-09-09,Likely Voters,994,Internet,Nonpartisan,NA,Clinton,46
Ohio,25449,CBS/YouGov,2016-09-07,2016-09-09,Likely Voters,994,Internet,Nonpartisan,NA,Other,4
Ohio,25449,CBS/YouGov,2016-09-07,2016-09-09,Likely Voters,994,Internet,Nonpartisan,NA,Undecided,4
Ohio,25449,CBS/YouGov,2016-09-07,2016-09-09,Likely Voters,994,Internet,Nonpartisan,NA,Johnson,7
Ohio,25449,CBS/YouGov,2016-09-07,2016-09-09,Likely Voters,994,Internet,Nonpartisan,NA,McMullin,NA
Ohio,25427,Quinnipiac,2016-08-29,2016-09-07,Likely Voters,775,Live Phone,Nonpartisan,NA,Trump,46
Ohio,25427,Quinnipiac,2016-08-29,2016-09-07,Likely Voters,775,Live Phone,Nonpartisan,NA,Clinton,45
Ohio,25427,Quinnipiac,2016-08-29,2016-09-07,Likely Voters,775,Live Phone,Nonpartisan,NA,Other,3
Ohio,25427,Quinnipiac,2016-08-29,2016-09-07,Likely Voters,775,Live Phone,Nonpartisan,NA,Undecided,6
Ohio,25427,Quinnipiac,2016-08-29,2016-09-07,Likely Voters,775,Live Phone,Nonpartisan,NA,Johnson,NA
Ohio,25427,Quinnipiac,2016-08-29,2016-09-07,Likely Voters,775,Live Phone,Nonpartisan,NA,McMullin,NA
Ohio,25354,WashPost/SurveyMonkey,2016-08-09,2016-09-01,Registered Voters,2543,Internet,Nonpartisan,NA,Trump,46
Ohio,25354,WashPost/SurveyMonkey,2016-08-09,2016-09-01,Registered Voters,2543,Internet,Nonpartisan,NA,Clinton,43
Ohio,25354,WashPost/SurveyMonkey,2016-08-09,2016-09-01,Registered Voters,2543,Internet,Nonpartisan,NA,Other,NA
Ohio,25354,WashPost/SurveyMonkey,2016-08-09,2016-09-01,Registered Voters,2543,Internet,Nonpartisan,NA,Undecided,11
Ohio,25354,WashPost/SurveyMonkey,2016-08-09,2016-09-01,Registered Voters,2543,Internet,Nonpartisan,NA,Johnson,NA
Ohio,25354,WashPost/SurveyMonkey,2016-08-09,2016-09-01,Registered Voters,2543,Internet,Nonpartisan,NA,McMullin,NA
Ohio,25315,PPP (D-NELP),2016-08-26,2016-08-27,Likely Voters,1134,IVR/Online,Sponsor,Dem,Trump,42
Ohio,25315,PPP (D-NELP),2016-08-26,2016-08-27,Likely Voters,1134,IVR/Online,Sponsor,Dem,Clinton,46
Ohio,25315,PPP (D-NELP),2016-08-26,2016-08-27,Likely Voters,1134,IVR/Online,Sponsor,Dem,Other,NA
Ohio,25315,PPP (D-NELP),2016-08-26,2016-08-27,Likely Voters,1134,IVR/Online,Sponsor,Dem,Undecided,12
Ohio,25315,PPP (D-NELP),2016-08-26,2016-08-27,Likely Voters,1134,IVR/Online,Sponsor,Dem,Johnson,NA
Ohio,25315,PPP (D-NELP),2016-08-26,2016-08-27,Likely Voters,1134,IVR/Online,Sponsor,Dem,McMullin,NA
Ohio,25232,Monmouth University,2016-08-18,2016-08-21,Likely Voters,402,Live Phone,Nonpartisan,NA,Trump,39
Ohio,25232,Monmouth University,2016-08-18,2016-08-21,Likely Voters,402,Live Phone,Nonpartisan,NA,Clinton,43
Ohio,25232,Monmouth University,2016-08-18,2016-08-21,Likely Voters,402,Live Phone,Nonpartisan,NA,Other,0
Ohio,25232,Monmouth University,2016-08-18,2016-08-21,Likely Voters,402,Live Phone,Nonpartisan,NA,Undecided,8
Ohio,25232,Monmouth University,2016-08-18,2016-08-21,Likely Voters,402,Live Phone,Nonpartisan,NA,Johnson,10
Ohio,25232,Monmouth University,2016-08-18,2016-08-21,Likely Voters,402,Live Phone,Nonpartisan,NA,McMullin,NA
Ohio,25219,CBS/YouGov,2016-08-17,2016-08-19,Likely Voters,997,Internet,Nonpartisan,NA,Trump,40
Ohio,25219,CBS/YouGov,2016-08-17,2016-08-19,Likely Voters,997,Internet,Nonpartisan,NA,Clinton,46
Ohio,25219,CBS/YouGov,2016-08-17,2016-08-19,Likely Voters,997,Internet,Nonpartisan,NA,Other,4
Ohio,25219,CBS/YouGov,2016-08-17,2016-08-19,Likely Voters,997,Internet,Nonpartisan,NA,Undecided,4
Ohio,25219,CBS/YouGov,2016-08-17,2016-08-19,Likely Voters,997,Internet,Nonpartisan,NA,Johnson,6
Ohio,25219,CBS/YouGov,2016-08-17,2016-08-19,Likely Voters,997,Internet,Nonpartisan,NA,McMullin,NA
Ohio,25105,NBC/WSJ/Marist,2016-08-03,2016-08-07,Registered Voters,889,Live Phone,Nonpartisan,NA,Trump,38
Ohio,25105,NBC/WSJ/Marist,2016-08-03,2016-08-07,Registered Voters,889,Live Phone,Nonpartisan,NA,Clinton,43
Ohio,25105,NBC/WSJ/Marist,2016-08-03,2016-08-07,Registered Voters,889,Live Phone,Nonpartisan,NA,Other,10
Ohio,25105,NBC/WSJ/Marist,2016-08-03,2016-08-07,Registered Voters,889,Live Phone,Nonpartisan,NA,Undecided,9
Ohio,25105,NBC/WSJ/Marist,2016-08-03,2016-08-07,Registered Voters,889,Live Phone,Nonpartisan,NA,Johnson,NA
Ohio,25105,NBC/WSJ/Marist,2016-08-03,2016-08-07,Registered Voters,889,Live Phone,Nonpartisan,NA,McMullin,NA
Ohio,25102,Quinnipiac,2016-07-30,2016-08-07,Likely Voters,812,Live Phone,Nonpartisan,NA,Trump,45
Ohio,25102,Quinnipiac,2016-07-30,2016-08-07,Likely Voters,812,Live Phone,Nonpartisan,NA,Clinton,49
Ohio,25102,Quinnipiac,2016-07-30,2016-08-07,Likely Voters,812,Live Phone,Nonpartisan,NA,Other,2
Ohio,25102,Quinnipiac,2016-07-30,2016-08-07,Likely Voters,812,Live Phone,Nonpartisan,NA,Undecided,4
Ohio,25102,Quinnipiac,2016-07-30,2016-08-07,Likely Voters,812,Live Phone,Nonpartisan,NA,Johnson,NA
Ohio,25102,Quinnipiac,2016-07-30,2016-08-07,Likely Voters,812,Live Phone,Nonpartisan,NA,McMullin,NA
Ohio,24961,PPP (D),2016-07-22,2016-07-24,Likely Voters,1334,IVR/Online,Pollster,Dem,Trump,42
Ohio,24961,PPP (D),2016-07-22,2016-07-24,Likely Voters,1334,IVR/Online,Pollster,Dem,Clinton,39
Ohio,24961,PPP (D),2016-07-22,2016-07-24,Likely Voters,1334,IVR/Online,Pollster,Dem,Other,2
Ohio,24961,PPP (D),2016-07-22,2016-07-24,Likely Voters,1334,IVR/Online,Pollster,Dem,Undecided,10
Ohio,24961,PPP (D),2016-07-22,2016-07-24,Likely Voters,1334,IVR/Online,Pollster,Dem,Johnson,6
Ohio,24961,PPP (D),2016-07-22,2016-07-24,Likely Voters,1334,IVR/Online,Pollster,Dem,McMullin,NA
Ohio,24948,Suffolk,2016-07-18,2016-07-20,Likely Voters,500,Live Phone,Nonpartisan,NA,Trump,44
Ohio,24948,Suffolk,2016-07-18,2016-07-20,Likely Voters,500,Live Phone,Nonpartisan,NA,Clinton,44
Ohio,24948,Suffolk,2016-07-18,2016-07-20,Likely Voters,500,Live Phone,Nonpartisan,NA,Other,NA
Ohio,24948,Suffolk,2016-07-18,2016-07-20,Likely Voters,500,Live Phone,Nonpartisan,NA,Undecided,12
Ohio,24948,Suffolk,2016-07-18,2016-07-20,Likely Voters,500,Live Phone,Nonpartisan,NA,Johnson,NA
Ohio,24948,Suffolk,2016-07-18,2016-07-20,Likely Voters,500,Live Phone,Nonpartisan,NA,McMullin,NA
Ohio,24910,CBS/YouGov,2016-07-13,2016-07-15,Likely Voters,1104,Internet,Nonpartisan,NA,Trump,40
Ohio,24910,CBS/YouGov,2016-07-13,2016-07-15,Likely Voters,1104,Internet,Nonpartisan,NA,Clinton,44
Ohio,24910,CBS/YouGov,2016-07-13,2016-07-15,Likely Voters,1104,Internet,Nonpartisan,NA,Other,11
Ohio,24910,CBS/YouGov,2016-07-13,2016-07-15,Likely Voters,1104,Internet,Nonpartisan,NA,Undecided,5
Ohio,24910,CBS/YouGov,2016-07-13,2016-07-15,Likely Voters,1104,Internet,Nonpartisan,NA,Johnson,NA
Ohio,24910,CBS/YouGov,2016-07-13,2016-07-15,Likely Voters,1104,Internet,Nonpartisan,NA,McMullin,NA
Ohio,24870,Quinnipiac,2016-06-30,2016-07-11,Registered Voters,955,Live Phone,Nonpartisan,NA,Trump,41
Ohio,24870,Quinnipiac,2016-06-30,2016-07-11,Registered Voters,955,Live Phone,Nonpartisan,NA,Clinton,41
Ohio,24870,Quinnipiac,2016-06-30,2016-07-11,Registered Voters,955,Live Phone,Nonpartisan,NA,Other,4
Ohio,24870,Quinnipiac,2016-06-30,2016-07-11,Registered Voters,955,Live Phone,Nonpartisan,NA,Undecided,14
Ohio,24870,Quinnipiac,2016-06-30,2016-07-11,Registered Voters,955,Live Phone,Nonpartisan,NA,Johnson,NA
Ohio,24870,Quinnipiac,2016-06-30,2016-07-11,Registered Voters,955,Live Phone,Nonpartisan,NA,McMullin,NA
Ohio,24876,NBC/WSJ/Marist,2016-07-05,2016-07-10,Registered Voters,848,Live Phone,Nonpartisan,NA,Trump,39
Ohio,24876,NBC/WSJ/Marist,2016-07-05,2016-07-10,Registered Voters,848,Live Phone,Nonpartisan,NA,Clinton,39
Ohio,24876,NBC/WSJ/Marist,2016-07-05,2016-07-10,Registered Voters,848,Live Phone,Nonpartisan,NA,Other,11
Ohio,24876,NBC/WSJ/Marist,2016-07-05,2016-07-10,Registered Voters,848,Live Phone,Nonpartisan,NA,Undecided,10
Ohio,24876,NBC/WSJ/Marist,2016-07-05,2016-07-10,Registered Voters,848,Live Phone,Nonpartisan,NA,Johnson,NA
Ohio,24876,NBC/WSJ/Marist,2016-07-05,2016-07-10,Registered Voters,848,Live Phone,Nonpartisan,NA,McMullin,NA
Ohio,24940,Gravis Marketing/OANN,2016-06-27,2016-06-28,Registered Voters,1270,Automated Phone,Nonpartisan,NA,Trump,47
Ohio,24940,Gravis Marketing/OANN,2016-06-27,2016-06-28,Registered Voters,1270,Automated Phone,Nonpartisan,NA,Clinton,46
Ohio,24940,Gravis Marketing/OANN,2016-06-27,2016-06-28,Registered Voters,1270,Automated Phone,Nonpartisan,NA,Other,7
Ohio,24940,Gravis Marketing/OANN,2016-06-27,2016-06-28,Registered Voters,1270,Automated Phone,Nonpartisan,NA,Undecided,NA
Ohio,24940,Gravis Marketing/OANN,2016-06-27,2016-06-28,Registered Voters,1270,Automated Phone,Nonpartisan,NA,Johnson,NA
Ohio,24940,Gravis Marketing/OANN,2016-06-27,2016-06-28,Registered Voters,1270,Automated Phone,Nonpartisan,NA,McMullin,NA
Ohio,24973,RABA Research,2016-06-22,2016-06-28,Likely Voters,599,Live Phone,Nonpartisan,NA,Trump,38
Ohio,24973,RABA Research,2016-06-22,2016-06-28,Likely Voters,599,Live Phone,Nonpartisan,NA,Clinton,41
Ohio,24973,RABA Research,2016-06-22,2016-06-28,Likely Voters,599,Live Phone,Nonpartisan,NA,Other,9
Ohio,24973,RABA Research,2016-06-22,2016-06-28,Likely Voters,599,Live Phone,Nonpartisan,NA,Undecided,11
Ohio,24973,RABA Research,2016-06-22,2016-06-28,Likely Voters,599,Live Phone,Nonpartisan,NA,Johnson,NA
Ohio,24973,RABA Research,2016-06-22,2016-06-28,Likely Voters,599,Live Phone,Nonpartisan,NA,McMullin,NA
Ohio,24788,PPP (D-Americans United for Change/Constitutional Responsibility Project),2016-06-22,2016-06-23,Likely Voters,708,IVR/Online,Sponsor,Dem,Trump,40
Ohio,24788,PPP (D-Americans United for Change/Constitutional Responsibility Project),2016-06-22,2016-06-23,Likely Voters,708,IVR/Online,Sponsor,Dem,Clinton,44
Ohio,24788,PPP (D-Americans United for Change/Constitutional Responsibility Project),2016-06-22,2016-06-23,Likely Voters,708,IVR/Online,Sponsor,Dem,Other,NA
Ohio,24788,PPP (D-Americans United for Change/Constitutional Responsibility Project),2016-06-22,2016-06-23,Likely Voters,708,IVR/Online,Sponsor,Dem,Undecided,16
Ohio,24788,PPP (D-Americans United for Change/Constitutional Responsibility Project),2016-06-22,2016-06-23,Likely Voters,708,IVR/Online,Sponsor,Dem,Johnson,NA
Ohio,24788,PPP (D-Americans United for Change/Constitutional Responsibility Project),2016-06-22,2016-06-23,Likely Voters,708,IVR/Online,Sponsor,Dem,McMullin,NA
Ohio,24847,GQR (D-Democracy Corps/Women's Voices Women Vote),2016-06-11,2016-06-20,Likely Voters,300,Live Phone,Sponsor,Dem,Trump,48
Ohio,24847,GQR (D-Democracy Corps/Women's Voices Women Vote),2016-06-11,2016-06-20,Likely Voters,300,Live Phone,Sponsor,Dem,Clinton,47
Ohio,24847,GQR (D-Democracy Corps/Women's Voices Women Vote),2016-06-11,2016-06-20,Likely Voters,300,Live Phone,Sponsor,Dem,Other,3
Ohio,24847,GQR (D-Democracy Corps/Women's Voices Women Vote),2016-06-11,2016-06-20,Likely Voters,300,Live Phone,Sponsor,Dem,Undecided,2
Ohio,24847,GQR (D-Democracy Corps/Women's Voices Women Vote),2016-06-11,2016-06-20,Likely Voters,300,Live Phone,Sponsor,Dem,Johnson,NA
Ohio,24847,GQR (D-Democracy Corps/Women's Voices Women Vote),2016-06-11,2016-06-20,Likely Voters,300,Live Phone,Sponsor,Dem,McMullin,NA
Ohio,24721,Quinnipiac,2016-06-08,2016-06-19,Registered Voters,971,Live Phone,Nonpartisan,NA,Trump,40
Ohio,24721,Quinnipiac,2016-06-08,2016-06-19,Registered Voters,971,Live Phone,Nonpartisan,NA,Clinton,40
Ohio,24721,Quinnipiac,2016-06-08,2016-06-19,Registered Voters,971,Live Phone,Nonpartisan,NA,Other,6
Ohio,24721,Quinnipiac,2016-06-08,2016-06-19,Registered Voters,971,Live Phone,Nonpartisan,NA,Undecided,14
Ohio,24721,Quinnipiac,2016-06-08,2016-06-19,Registered Voters,971,Live Phone,Nonpartisan,NA,Johnson,NA
Ohio,24721,Quinnipiac,2016-06-08,2016-06-19,Registered Voters,971,Live Phone,Nonpartisan,NA,McMullin,NA
Ohio,24556,Zogby (Internet),2016-05-18,2016-05-22,Likely Voters,679,Internet,Nonpartisan,NA,Trump,39
Ohio,24556,Zogby (Internet),2016-05-18,2016-05-22,Likely Voters,679,Internet,Nonpartisan,NA,Clinton,45
Ohio,24556,Zogby (Internet),2016-05-18,2016-05-22,Likely Voters,679,Internet,Nonpartisan,NA,Other,NA
Ohio,24556,Zogby (Internet),2016-05-18,2016-05-22,Likely Voters,679,Internet,Nonpartisan,NA,Undecided,16
Ohio,24556,Zogby (Internet),2016-05-18,2016-05-22,Likely Voters,679,Internet,Nonpartisan,NA,Johnson,NA
Ohio,24556,Zogby (Internet),2016-05-18,2016-05-22,Likely Voters,679,Internet,Nonpartisan,NA,McMullin,NA
Ohio,24530,CBS/YouGov,2016-05-16,2016-05-19,Likely Voters,992,Internet,Nonpartisan,NA,Trump,39
Ohio,24530,CBS/YouGov,2016-05-16,2016-05-19,Likely Voters,992,Internet,Nonpartisan,NA,Clinton,44
Ohio,24530,CBS/YouGov,2016-05-16,2016-05-19,Likely Voters,992,Internet,Nonpartisan,NA,Other,NA
Ohio,24530,CBS/YouGov,2016-05-16,2016-05-19,Likely Voters,992,Internet,Nonpartisan,NA,Undecided,17
Ohio,24530,CBS/YouGov,2016-05-16,2016-05-19,Likely Voters,992,Internet,Nonpartisan,NA,Johnson,NA
Ohio,24530,CBS/YouGov,2016-05-16,2016-05-19,Likely Voters,992,Internet,Nonpartisan,NA,McMullin,NA
Ohio,24464,Quinnipiac,2016-04-27,2016-05-08,Registered Voters,1042,Live Phone,Nonpartisan,NA,Trump,43
Ohio,24464,Quinnipiac,2016-04-27,2016-05-08,Registered Voters,1042,Live Phone,Nonpartisan,NA,Clinton,39
Ohio,24464,Quinnipiac,2016-04-27,2016-05-08,Registered Voters,1042,Live Phone,Nonpartisan,NA,Other,3
Ohio,24464,Quinnipiac,2016-04-27,2016-05-08,Registered Voters,1042,Live Phone,Nonpartisan,NA,Undecided,14
Ohio,24464,Quinnipiac,2016-04-27,2016-05-08,Registered Voters,1042,Live Phone,Nonpartisan,NA,Johnson,NA
Ohio,24464,Quinnipiac,2016-04-27,2016-05-08,Registered Voters,1042,Live Phone,Nonpartisan,NA,McMullin,NA
Ohio,24417,PPP (D),2016-04-26,2016-04-27,Registered Voters,799,IVR/Online,Pollster,Dem,Trump,42
Ohio,24417,PPP (D),2016-04-26,2016-04-27,Registered Voters,799,IVR/Online,Pollster,Dem,Clinton,45
Ohio,24417,PPP (D),2016-04-26,2016-04-27,Registered Voters,799,IVR/Online,Pollster,Dem,Other,NA
Ohio,24417,PPP (D),2016-04-26,2016-04-27,Registered Voters,799,IVR/Online,Pollster,Dem,Undecided,14
Ohio,24417,PPP (D),2016-04-26,2016-04-27,Registered Voters,799,IVR/Online,Pollster,Dem,Johnson,NA
Ohio,24417,PPP (D),2016-04-26,2016-04-27,Registered Voters,799,IVR/Online,Pollster,Dem,McMullin,NA
Ohio,24059,NBC/WSJ/Marist,2016-03-04,2016-03-10,Registered Voters,2052,Live Phone,Nonpartisan,NA,Trump,42
Ohio,24059,NBC/WSJ/Marist,2016-03-04,2016-03-10,Registered Voters,2052,Live Phone,Nonpartisan,NA,Clinton,48
Ohio,24059,NBC/WSJ/Marist,2016-03-04,2016-03-10,Registered Voters,2052,Live Phone,Nonpartisan,NA,Other,NA
Ohio,24059,NBC/WSJ/Marist,2016-03-04,2016-03-10,Registered Voters,2052,Live Phone,Nonpartisan,NA,Undecided,10
Ohio,24059,NBC/WSJ/Marist,2016-03-04,2016-03-10,Registered Voters,2052,Live Phone,Nonpartisan,NA,Johnson,NA
Ohio,24059,NBC/WSJ/Marist,2016-03-04,2016-03-10,Registered Voters,2052,Live Phone,Nonpartisan,NA,McMullin,NA
Ohio,24043,PPP (D),2016-03-04,2016-03-06,Likely Voters,1248,Automated Phone,Pollster,Dem,Trump,40
Ohio,24043,PPP (D),2016-03-04,2016-03-06,Likely Voters,1248,Automated Phone,Pollster,Dem,Clinton,45
Ohio,24043,PPP (D),2016-03-04,2016-03-06,Likely Voters,1248,Automated Phone,Pollster,Dem,Other,NA
Ohio,24043,PPP (D),2016-03-04,2016-03-06,Likely Voters,1248,Automated Phone,Pollster,Dem,Undecided,15
Ohio,24043,PPP (D),2016-03-04,2016-03-06,Likely Voters,1248,Automated Phone,Pollster,Dem,Johnson,NA
Ohio,24043,PPP (D),2016-03-04,2016-03-06,Likely Voters,1248,Automated Phone,Pollster,Dem,McMullin,NA
Ohio,24022,CNN,2016-03-02,2016-03-06,Registered Voters,884,Live Phone,Nonpartisan,NA,Trump,43
Ohio,24022,CNN,2016-03-02,2016-03-06,Registered Voters,884,Live Phone,Nonpartisan,NA,Clinton,50
Ohio,24022,CNN,2016-03-02,2016-03-06,Registered Voters,884,Live Phone,Nonpartisan,NA,Other,6
Ohio,24022,CNN,2016-03-02,2016-03-06,Registered Voters,884,Live Phone,Nonpartisan,NA,Undecided,0
Ohio,24022,CNN,2016-03-02,2016-03-06,Registered Voters,884,Live Phone,Nonpartisan,NA,Johnson,NA
Ohio,24022,CNN,2016-03-02,2016-03-06,Registered Voters,884,Live Phone,Nonpartisan,NA,McMullin,NA
Ohio,23851,Quinnipiac,2016-02-16,2016-02-20,Registered Voters,1539,Live Phone,Nonpartisan,NA,Trump,44
Ohio,23851,Quinnipiac,2016-02-16,2016-02-20,Registered Voters,1539,Live Phone,Nonpartisan,NA,Clinton,42
Ohio,23851,Quinnipiac,2016-02-16,2016-02-20,Registered Voters,1539,Live Phone,Nonpartisan,NA,Other,2
Ohio,23851,Quinnipiac,2016-02-16,2016-02-20,Registered Voters,1539,Live Phone,Nonpartisan,NA,Undecided,12
Ohio,23851,Quinnipiac,2016-02-16,2016-02-20,Registered Voters,1539,Live Phone,Nonpartisan,NA,Johnson,NA
Ohio,23851,Quinnipiac,2016-02-16,2016-02-20,Registered Voters,1539,Live Phone,Nonpartisan,NA,McMullin,NA
Ohio,23879,Baldwin Wallace University,2016-02-11,2016-02-20,Likely Voters,825,Internet,Nonpartisan,NA,Trump,39
Ohio,23879,Baldwin Wallace University,2016-02-11,2016-02-20,Likely Voters,825,Internet,Nonpartisan,NA,Clinton,37
Ohio,23879,Baldwin Wallace University,2016-02-11,2016-02-20,Likely Voters,825,Internet,Nonpartisan,NA,Other,20
Ohio,23879,Baldwin Wallace University,2016-02-11,2016-02-20,Likely Voters,825,Internet,Nonpartisan,NA,Undecided,4
Ohio,23879,Baldwin Wallace University,2016-02-11,2016-02-20,Likely Voters,825,Internet,Nonpartisan,NA,Johnson,NA
Ohio,23879,Baldwin Wallace University,2016-02-11,2016-02-20,Likely Voters,825,Internet,Nonpartisan,NA,McMullin,NA
Ohio,22861,Quinnipiac,2015-09-25,2015-10-05,Registered Voters,1180,Live Phone,Nonpartisan,NA,Trump,42
Ohio,22861,Quinnipiac,2015-09-25,2015-10-05,Registered Voters,1180,Live Phone,Nonpartisan,NA,Clinton,43
Ohio,22861,Quinnipiac,2015-09-25,2015-10-05,Registered Voters,1180,Live Phone,Nonpartisan,NA,Other,3
Ohio,22861,Quinnipiac,2015-09-25,2015-10-05,Registered Voters,1180,Live Phone,Nonpartisan,NA,Undecided,12
Ohio,22861,Quinnipiac,2015-09-25,2015-10-05,Registered Voters,1180,Live Phone,Nonpartisan,NA,Johnson,NA
Ohio,22861,Quinnipiac,2015-09-25,2015-10-05,Registered Voters,1180,Live Phone,Nonpartisan,NA,McMullin,NA
Ohio,22583,Quinnipiac,2015-08-07,2015-08-18,Registered Voters,1096,Live Phone,Nonpartisan,NA,Trump,38
Ohio,22583,Quinnipiac,2015-08-07,2015-08-18,Registered Voters,1096,Live Phone,Nonpartisan,NA,Clinton,43
Ohio,22583,Quinnipiac,2015-08-07,2015-08-18,Registered Voters,1096,Live Phone,Nonpartisan,NA,Other,4
Ohio,22583,Quinnipiac,2015-08-07,2015-08-18,Registered Voters,1096,Live Phone,Nonpartisan,NA,Undecided,16
Ohio,22583,Quinnipiac,2015-08-07,2015-08-18,Registered Voters,1096,Live Phone,Nonpartisan,NA,Johnson,NA
Ohio,22583,Quinnipiac,2015-08-07,2015-08-18,Registered Voters,1096,Live Phone,Nonpartisan,NA,McMullin,NA
Pennsylvania,26807,SurveyMonkey,2016-11-01,2016-11-07,Likely Voters,2845,Internet,Nonpartisan,NA,Trump,43
Pennsylvania,26807,SurveyMonkey,2016-11-01,2016-11-07,Likely Voters,2845,Internet,Nonpartisan,NA,Clinton,46
Pennsylvania,26807,SurveyMonkey,2016-11-01,2016-11-07,Likely Voters,2845,Internet,Nonpartisan,NA,Other,3
Pennsylvania,26807,SurveyMonkey,2016-11-01,2016-11-07,Likely Voters,2845,Internet,Nonpartisan,NA,Undecided,3
Pennsylvania,26807,SurveyMonkey,2016-11-01,2016-11-07,Likely Voters,2845,Internet,Nonpartisan,NA,Johnson,6
Pennsylvania,26807,SurveyMonkey,2016-11-01,2016-11-07,Likely Voters,2845,Internet,Nonpartisan,NA,McMullin,NA
Pennsylvania,26793,UPI/CVOTER,2016-10-30,2016-11-06,Likely Voters,390,Internet,Nonpartisan,NA,Trump,47
Pennsylvania,26793,UPI/CVOTER,2016-10-30,2016-11-06,Likely Voters,390,Internet,Nonpartisan,NA,Clinton,48
Pennsylvania,26793,UPI/CVOTER,2016-10-30,2016-11-06,Likely Voters,390,Internet,Nonpartisan,NA,Other,5
Pennsylvania,26793,UPI/CVOTER,2016-10-30,2016-11-06,Likely Voters,390,Internet,Nonpartisan,NA,Undecided,NA
Pennsylvania,26793,UPI/CVOTER,2016-10-30,2016-11-06,Likely Voters,390,Internet,Nonpartisan,NA,Johnson,NA
Pennsylvania,26793,UPI/CVOTER,2016-10-30,2016-11-06,Likely Voters,390,Internet,Nonpartisan,NA,McMullin,NA
Pennsylvania,26806,Ipsos/Reuters,2016-10-17,2016-11-06,Likely Voters,955,Internet,Nonpartisan,NA,Trump,45
Pennsylvania,26806,Ipsos/Reuters,2016-10-17,2016-11-06,Likely Voters,955,Internet,Nonpartisan,NA,Clinton,48
Pennsylvania,26806,Ipsos/Reuters,2016-10-17,2016-11-06,Likely Voters,955,Internet,Nonpartisan,NA,Other,NA
Pennsylvania,26806,Ipsos/Reuters,2016-10-17,2016-11-06,Likely Voters,955,Internet,Nonpartisan,NA,Undecided,7
Pennsylvania,26806,Ipsos/Reuters,2016-10-17,2016-11-06,Likely Voters,955,Internet,Nonpartisan,NA,Johnson,NA
Pennsylvania,26806,Ipsos/Reuters,2016-10-17,2016-11-06,Likely Voters,955,Internet,Nonpartisan,NA,McMullin,NA
Pennsylvania,26802,CBS/YouGov,2016-11-03,2016-11-05,Likely Voters,931,Internet,Nonpartisan,NA,Trump,43
Pennsylvania,26802,CBS/YouGov,2016-11-03,2016-11-05,Likely Voters,931,Internet,Nonpartisan,NA,Clinton,45
Pennsylvania,26802,CBS/YouGov,2016-11-03,2016-11-05,Likely Voters,931,Internet,Nonpartisan,NA,Other,4
Pennsylvania,26802,CBS/YouGov,2016-11-03,2016-11-05,Likely Voters,931,Internet,Nonpartisan,NA,Undecided,4
Pennsylvania,26802,CBS/YouGov,2016-11-03,2016-11-05,Likely Voters,931,Internet,Nonpartisan,NA,Johnson,4
Pennsylvania,26802,CBS/YouGov,2016-11-03,2016-11-05,Likely Voters,931,Internet,Nonpartisan,NA,McMullin,NA
Pennsylvania,26745,Muhlenberg/Morning Call,2016-10-30,2016-11-04,Likely Voters,405,Live Phone,Nonpartisan,NA,Trump,42
Pennsylvania,26745,Muhlenberg/Morning Call,2016-10-30,2016-11-04,Likely Voters,405,Live Phone,Nonpartisan,NA,Clinton,48
Pennsylvania,26745,Muhlenberg/Morning Call,2016-10-30,2016-11-04,Likely Voters,405,Live Phone,Nonpartisan,NA,Other,7
Pennsylvania,26745,Muhlenberg/Morning Call,2016-10-30,2016-11-04,Likely Voters,405,Live Phone,Nonpartisan,NA,Undecided,3
Pennsylvania,26745,Muhlenberg/Morning Call,2016-10-30,2016-11-04,Likely Voters,405,Live Phone,Nonpartisan,NA,Johnson,NA
Pennsylvania,26745,Muhlenberg/Morning Call,2016-10-30,2016-11-04,Likely Voters,405,Live Phone,Nonpartisan,NA,McMullin,NA
Pennsylvania,26764,Remington Research Group (R)/Axiom Strategies,2016-11-01,2016-11-02,Likely Voters,2683,IVR/Live Phone,Sponsor,Rep,Trump,45
Pennsylvania,26764,Remington Research Group (R)/Axiom Strategies,2016-11-01,2016-11-02,Likely Voters,2683,IVR/Live Phone,Sponsor,Rep,Clinton,46
Pennsylvania,26764,Remington Research Group (R)/Axiom Strategies,2016-11-01,2016-11-02,Likely Voters,2683,IVR/Live Phone,Sponsor,Rep,Other,2
Pennsylvania,26764,Remington Research Group (R)/Axiom Strategies,2016-11-01,2016-11-02,Likely Voters,2683,IVR/Live Phone,Sponsor,Rep,Undecided,3
Pennsylvania,26764,Remington Research Group (R)/Axiom Strategies,2016-11-01,2016-11-02,Likely Voters,2683,IVR/Live Phone,Sponsor,Rep,Johnson,4
Pennsylvania,26764,Remington Research Group (R)/Axiom Strategies,2016-11-01,2016-11-02,Likely Voters,2683,IVR/Live Phone,Sponsor,Rep,McMullin,NA
Pennsylvania,26736,Gravis Marketing/Breitbart,2016-11-01,2016-11-02,Registered Voters,1016,IVR/Online,Nonpartisan,NA,Trump,45
Pennsylvania,26736,Gravis Marketing/Breitbart,2016-11-01,2016-11-02,Registered Voters,1016,IVR/Online,Nonpartisan,NA,Clinton,47
Pennsylvania,26736,Gravis Marketing/Breitbart,2016-11-01,2016-11-02,Registered Voters,1016,IVR/Online,Nonpartisan,NA,Other,4
Pennsylvania,26736,Gravis Marketing/Breitbart,2016-11-01,2016-11-02,Registered Voters,1016,IVR/Online,Nonpartisan,NA,Undecided,3
Pennsylvania,26736,Gravis Marketing/Breitbart,2016-11-01,2016-11-02,Registered Voters,1016,IVR/Online,Nonpartisan,NA,Johnson,2
Pennsylvania,26736,Gravis Marketing/Breitbart,2016-11-01,2016-11-02,Registered Voters,1016,IVR/Online,Nonpartisan,NA,McMullin,NA
Pennsylvania,26701,PPP (D-Center for American Progress Action Fund),2016-10-31,2016-11-01,Likely Voters,1050,IVR/Online,Sponsor,Dem,Trump,44
Pennsylvania,26701,PPP (D-Center for American Progress Action Fund),2016-10-31,2016-11-01,Likely Voters,1050,IVR/Online,Sponsor,Dem,Clinton,48
Pennsylvania,26701,PPP (D-Center for American Progress Action Fund),2016-10-31,2016-11-01,Likely Voters,1050,IVR/Online,Sponsor,Dem,Other,NA
Pennsylvania,26701,PPP (D-Center for American Progress Action Fund),2016-10-31,2016-11-01,Likely Voters,1050,IVR/Online,Sponsor,Dem,Undecided,8
Pennsylvania,26701,PPP (D-Center for American Progress Action Fund),2016-10-31,2016-11-01,Likely Voters,1050,IVR/Online,Sponsor,Dem,Johnson,NA
Pennsylvania,26701,PPP (D-Center for American Progress Action Fund),2016-10-31,2016-11-01,Likely Voters,1050,IVR/Online,Sponsor,Dem,McMullin,NA
Pennsylvania,26623,Susquehanna (R)/ABC27 News,2016-10-31,2016-11-01,Likely Voters,681,IVR/Live Phone,Pollster,Rep,Trump,43
Pennsylvania,26623,Susquehanna (R)/ABC27 News,2016-10-31,2016-11-01,Likely Voters,681,IVR/Live Phone,Pollster,Rep,Clinton,45
Pennsylvania,26623,Susquehanna (R)/ABC27 News,2016-10-31,2016-11-01,Likely Voters,681,IVR/Live Phone,Pollster,Rep,Other,3
Pennsylvania,26623,Susquehanna (R)/ABC27 News,2016-10-31,2016-11-01,Likely Voters,681,IVR/Live Phone,Pollster,Rep,Undecided,6
Pennsylvania,26623,Susquehanna (R)/ABC27 News,2016-10-31,2016-11-01,Likely Voters,681,IVR/Live Phone,Pollster,Rep,Johnson,2
Pennsylvania,26623,Susquehanna (R)/ABC27 News,2016-10-31,2016-11-01,Likely Voters,681,IVR/Live Phone,Pollster,Rep,McMullin,NA
Pennsylvania,26625,Monmouth University,2016-10-29,2016-11-01,Likely Voters,403,Live Phone,Nonpartisan,NA,Trump,44
Pennsylvania,26625,Monmouth University,2016-10-29,2016-11-01,Likely Voters,403,Live Phone,Nonpartisan,NA,Clinton,48
Pennsylvania,26625,Monmouth University,2016-10-29,2016-11-01,Likely Voters,403,Live Phone,Nonpartisan,NA,Other,2
Pennsylvania,26625,Monmouth University,2016-10-29,2016-11-01,Likely Voters,403,Live Phone,Nonpartisan,NA,Undecided,3
Pennsylvania,26625,Monmouth University,2016-10-29,2016-11-01,Likely Voters,403,Live Phone,Nonpartisan,NA,Johnson,3
Pennsylvania,26625,Monmouth University,2016-10-29,2016-11-01,Likely Voters,403,Live Phone,Nonpartisan,NA,McMullin,NA
Pennsylvania,26630,Quinnipiac,2016-10-27,2016-11-01,Likely Voters,612,Live Phone,Nonpartisan,NA,Trump,43
Pennsylvania,26630,Quinnipiac,2016-10-27,2016-11-01,Likely Voters,612,Live Phone,Nonpartisan,NA,Clinton,48
Pennsylvania,26630,Quinnipiac,2016-10-27,2016-11-01,Likely Voters,612,Live Phone,Nonpartisan,NA,Other,3
Pennsylvania,26630,Quinnipiac,2016-10-27,2016-11-01,Likely Voters,612,Live Phone,Nonpartisan,NA,Undecided,2
Pennsylvania,26630,Quinnipiac,2016-10-27,2016-11-01,Likely Voters,612,Live Phone,Nonpartisan,NA,Johnson,3
Pennsylvania,26630,Quinnipiac,2016-10-27,2016-11-01,Likely Voters,612,Live Phone,Nonpartisan,NA,McMullin,NA
Pennsylvania,26624,CNN,2016-10-27,2016-11-01,Likely Voters,799,Live Phone,Nonpartisan,NA,Trump,44
Pennsylvania,26624,CNN,2016-10-27,2016-11-01,Likely Voters,799,Live Phone,Nonpartisan,NA,Clinton,48
Pennsylvania,26624,CNN,2016-10-27,2016-11-01,Likely Voters,799,Live Phone,Nonpartisan,NA,Other,2
Pennsylvania,26624,CNN,2016-10-27,2016-11-01,Likely Voters,799,Live Phone,Nonpartisan,NA,Undecided,1
Pennsylvania,26624,CNN,2016-10-27,2016-11-01,Likely Voters,799,Live Phone,Nonpartisan,NA,Johnson,4
Pennsylvania,26624,CNN,2016-10-27,2016-11-01,Likely Voters,799,Live Phone,Nonpartisan,NA,McMullin,NA
Pennsylvania,26596,SurveyMonkey,2016-10-25,2016-10-31,Likely Voters,2255,Internet,Nonpartisan,NA,Trump,41
Pennsylvania,26596,SurveyMonkey,2016-10-25,2016-10-31,Likely Voters,2255,Internet,Nonpartisan,NA,Clinton,49
Pennsylvania,26596,SurveyMonkey,2016-10-25,2016-10-31,Likely Voters,2255,Internet,Nonpartisan,NA,Other,2
Pennsylvania,26596,SurveyMonkey,2016-10-25,2016-10-31,Likely Voters,2255,Internet,Nonpartisan,NA,Undecided,2
Pennsylvania,26596,SurveyMonkey,2016-10-25,2016-10-31,Likely Voters,2255,Internet,Nonpartisan,NA,Johnson,6
Pennsylvania,26596,SurveyMonkey,2016-10-25,2016-10-31,Likely Voters,2255,Internet,Nonpartisan,NA,McMullin,NA
Pennsylvania,26564,Remington Research Group (R)/Axiom Strategies,2016-10-30,2016-10-30,Likely Voters,1249,IVR/Live Phone,Sponsor,Rep,Trump,43
Pennsylvania,26564,Remington Research Group (R)/Axiom Strategies,2016-10-30,2016-10-30,Likely Voters,1249,IVR/Live Phone,Sponsor,Rep,Clinton,45
Pennsylvania,26564,Remington Research Group (R)/Axiom Strategies,2016-10-30,2016-10-30,Likely Voters,1249,IVR/Live Phone,Sponsor,Rep,Other,1
Pennsylvania,26564,Remington Research Group (R)/Axiom Strategies,2016-10-30,2016-10-30,Likely Voters,1249,IVR/Live Phone,Sponsor,Rep,Undecided,6
Pennsylvania,26564,Remington Research Group (R)/Axiom Strategies,2016-10-30,2016-10-30,Likely Voters,1249,IVR/Live Phone,Sponsor,Rep,Johnson,3
Pennsylvania,26564,Remington Research Group (R)/Axiom Strategies,2016-10-30,2016-10-30,Likely Voters,1249,IVR/Live Phone,Sponsor,Rep,McMullin,NA
Pennsylvania,26588,Franklin and Marshall College,2016-10-26,2016-10-30,Likely Voters,652,Live Phone/Online,Nonpartisan,NA,Trump,38
Pennsylvania,26588,Franklin and Marshall College,2016-10-26,2016-10-30,Likely Voters,652,Live Phone/Online,Nonpartisan,NA,Clinton,49
Pennsylvania,26588,Franklin and Marshall College,2016-10-26,2016-10-30,Likely Voters,652,Live Phone/Online,Nonpartisan,NA,Other,2
Pennsylvania,26588,Franklin and Marshall College,2016-10-26,2016-10-30,Likely Voters,652,Live Phone/Online,Nonpartisan,NA,Undecided,7
Pennsylvania,26588,Franklin and Marshall College,2016-10-26,2016-10-30,Likely Voters,652,Live Phone/Online,Nonpartisan,NA,Johnson,4
Pennsylvania,26588,Franklin and Marshall College,2016-10-26,2016-10-30,Likely Voters,652,Live Phone/Online,Nonpartisan,NA,McMullin,NA
Pennsylvania,26592,UPI/CVOTER,2016-10-23,2016-10-29,Likely Voters,366,Internet,Nonpartisan,NA,Trump,46
Pennsylvania,26592,UPI/CVOTER,2016-10-23,2016-10-29,Likely Voters,366,Internet,Nonpartisan,NA,Clinton,50
Pennsylvania,26592,UPI/CVOTER,2016-10-23,2016-10-29,Likely Voters,366,Internet,Nonpartisan,NA,Other,4
Pennsylvania,26592,UPI/CVOTER,2016-10-23,2016-10-29,Likely Voters,366,Internet,Nonpartisan,NA,Undecided,NA
Pennsylvania,26592,UPI/CVOTER,2016-10-23,2016-10-29,Likely Voters,366,Internet,Nonpartisan,NA,Johnson,NA
Pennsylvania,26592,UPI/CVOTER,2016-10-23,2016-10-29,Likely Voters,366,Internet,Nonpartisan,NA,McMullin,NA
Pennsylvania,26547,CBS/YouGov,2016-10-26,2016-10-28,Likely Voters,1091,Internet,Nonpartisan,NA,Trump,40
Pennsylvania,26547,CBS/YouGov,2016-10-26,2016-10-28,Likely Voters,1091,Internet,Nonpartisan,NA,Clinton,48
Pennsylvania,26547,CBS/YouGov,2016-10-26,2016-10-28,Likely Voters,1091,Internet,Nonpartisan,NA,Other,5
Pennsylvania,26547,CBS/YouGov,2016-10-26,2016-10-28,Likely Voters,1091,Internet,Nonpartisan,NA,Undecided,2
Pennsylvania,26547,CBS/YouGov,2016-10-26,2016-10-28,Likely Voters,1091,Internet,Nonpartisan,NA,Johnson,5
Pennsylvania,26547,CBS/YouGov,2016-10-26,2016-10-28,Likely Voters,1091,Internet,Nonpartisan,NA,McMullin,NA
Pennsylvania,26539,Muhlenberg/Morning Call,2016-10-20,2016-10-26,Likely Voters,420,Live Phone,Nonpartisan,NA,Trump,41
Pennsylvania,26539,Muhlenberg/Morning Call,2016-10-20,2016-10-26,Likely Voters,420,Live Phone,Nonpartisan,NA,Clinton,46
Pennsylvania,26539,Muhlenberg/Morning Call,2016-10-20,2016-10-26,Likely Voters,420,Live Phone,Nonpartisan,NA,Other,9
Pennsylvania,26539,Muhlenberg/Morning Call,2016-10-20,2016-10-26,Likely Voters,420,Live Phone,Nonpartisan,NA,Undecided,3
Pennsylvania,26539,Muhlenberg/Morning Call,2016-10-20,2016-10-26,Likely Voters,420,Live Phone,Nonpartisan,NA,Johnson,NA
Pennsylvania,26539,Muhlenberg/Morning Call,2016-10-20,2016-10-26,Likely Voters,420,Live Phone,Nonpartisan,NA,McMullin,NA
Pennsylvania,26489,NYT Upshot/Siena,2016-10-23,2016-10-25,Likely Voters,824,Live Phone,Nonpartisan,NA,Trump,39
Pennsylvania,26489,NYT Upshot/Siena,2016-10-23,2016-10-25,Likely Voters,824,Live Phone,Nonpartisan,NA,Clinton,46
Pennsylvania,26489,NYT Upshot/Siena,2016-10-23,2016-10-25,Likely Voters,824,Live Phone,Nonpartisan,NA,Other,4
Pennsylvania,26489,NYT Upshot/Siena,2016-10-23,2016-10-25,Likely Voters,824,Live Phone,Nonpartisan,NA,Undecided,6
Pennsylvania,26489,NYT Upshot/Siena,2016-10-23,2016-10-25,Likely Voters,824,Live Phone,Nonpartisan,NA,Johnson,6
Pennsylvania,26489,NYT Upshot/Siena,2016-10-23,2016-10-25,Likely Voters,824,Live Phone,Nonpartisan,NA,McMullin,NA
Pennsylvania,26441,SurveyMonkey,2016-10-18,2016-10-24,Likely Voters,2131,Internet,Nonpartisan,NA,Trump,42
Pennsylvania,26441,SurveyMonkey,2016-10-18,2016-10-24,Likely Voters,2131,Internet,Nonpartisan,NA,Clinton,48
Pennsylvania,26441,SurveyMonkey,2016-10-18,2016-10-24,Likely Voters,2131,Internet,Nonpartisan,NA,Other,3
Pennsylvania,26441,SurveyMonkey,2016-10-18,2016-10-24,Likely Voters,2131,Internet,Nonpartisan,NA,Undecided,2
Pennsylvania,26441,SurveyMonkey,2016-10-18,2016-10-24,Likely Voters,2131,Internet,Nonpartisan,NA,Johnson,6
Pennsylvania,26441,SurveyMonkey,2016-10-18,2016-10-24,Likely Voters,2131,Internet,Nonpartisan,NA,McMullin,NA
Pennsylvania,26424,Remington Research Group (R)/Axiom Strategies,2016-10-20,2016-10-22,Likely Voters,1997,IVR/Live Phone,Sponsor,Rep,Trump,42
Pennsylvania,26424,Remington Research Group (R)/Axiom Strategies,2016-10-20,2016-10-22,Likely Voters,1997,IVR/Live Phone,Sponsor,Rep,Clinton,45
Pennsylvania,26424,Remington Research Group (R)/Axiom Strategies,2016-10-20,2016-10-22,Likely Voters,1997,IVR/Live Phone,Sponsor,Rep,Other,1
Pennsylvania,26424,Remington Research Group (R)/Axiom Strategies,2016-10-20,2016-10-22,Likely Voters,1997,IVR/Live Phone,Sponsor,Rep,Undecided,7
Pennsylvania,26424,Remington Research Group (R)/Axiom Strategies,2016-10-20,2016-10-22,Likely Voters,1997,IVR/Live Phone,Sponsor,Rep,Johnson,5
Pennsylvania,26424,Remington Research Group (R)/Axiom Strategies,2016-10-20,2016-10-22,Likely Voters,1997,IVR/Live Phone,Sponsor,Rep,McMullin,NA
Pennsylvania,26659,Ipsos/Reuters,2016-10-06,2016-10-17,Likely Voters,1467,Internet,Nonpartisan,NA,Trump,39
Pennsylvania,26659,Ipsos/Reuters,2016-10-06,2016-10-17,Likely Voters,1467,Internet,Nonpartisan,NA,Clinton,45
Pennsylvania,26659,Ipsos/Reuters,2016-10-06,2016-10-17,Likely Voters,1467,Internet,Nonpartisan,NA,Other,7
Pennsylvania,26659,Ipsos/Reuters,2016-10-06,2016-10-17,Likely Voters,1467,Internet,Nonpartisan,NA,Undecided,9
Pennsylvania,26659,Ipsos/Reuters,2016-10-06,2016-10-17,Likely Voters,1467,Internet,Nonpartisan,NA,Johnson,NA
Pennsylvania,26659,Ipsos/Reuters,2016-10-06,2016-10-17,Likely Voters,1467,Internet,Nonpartisan,NA,McMullin,NA
Pennsylvania,26217,Quinnipiac,2016-10-10,2016-10-16,Likely Voters,660,Live Phone,Nonpartisan,NA,Trump,41
Pennsylvania,26217,Quinnipiac,2016-10-10,2016-10-16,Likely Voters,660,Live Phone,Nonpartisan,NA,Clinton,47
Pennsylvania,26217,Quinnipiac,2016-10-10,2016-10-16,Likely Voters,660,Live Phone,Nonpartisan,NA,Other,2
Pennsylvania,26217,Quinnipiac,2016-10-10,2016-10-16,Likely Voters,660,Live Phone,Nonpartisan,NA,Undecided,4
Pennsylvania,26217,Quinnipiac,2016-10-10,2016-10-16,Likely Voters,660,Live Phone,Nonpartisan,NA,Johnson,6
Pennsylvania,26217,Quinnipiac,2016-10-10,2016-10-16,Likely Voters,660,Live Phone,Nonpartisan,NA,McMullin,NA
Pennsylvania,26248,WashPost/SurveyMonkey,2016-10-08,2016-10-16,Likely Voters,1449,Internet,Nonpartisan,NA,Trump,42
Pennsylvania,26248,WashPost/SurveyMonkey,2016-10-08,2016-10-16,Likely Voters,1449,Internet,Nonpartisan,NA,Clinton,51
Pennsylvania,26248,WashPost/SurveyMonkey,2016-10-08,2016-10-16,Likely Voters,1449,Internet,Nonpartisan,NA,Other,NA
Pennsylvania,26248,WashPost/SurveyMonkey,2016-10-08,2016-10-16,Likely Voters,1449,Internet,Nonpartisan,NA,Undecided,7
Pennsylvania,26248,WashPost/SurveyMonkey,2016-10-08,2016-10-16,Likely Voters,1449,Internet,Nonpartisan,NA,Johnson,NA
Pennsylvania,26248,WashPost/SurveyMonkey,2016-10-08,2016-10-16,Likely Voters,1449,Internet,Nonpartisan,NA,McMullin,NA
Pennsylvania,26344,Ipsos/Reuters,2016-09-23,2016-10-13,Likely Voters,2271,Internet,Nonpartisan,NA,Trump,42
Pennsylvania,26344,Ipsos/Reuters,2016-09-23,2016-10-13,Likely Voters,2271,Internet,Nonpartisan,NA,Clinton,46
Pennsylvania,26344,Ipsos/Reuters,2016-09-23,2016-10-13,Likely Voters,2271,Internet,Nonpartisan,NA,Other,NA
Pennsylvania,26344,Ipsos/Reuters,2016-09-23,2016-10-13,Likely Voters,2271,Internet,Nonpartisan,NA,Undecided,12
Pennsylvania,26344,Ipsos/Reuters,2016-09-23,2016-10-13,Likely Voters,2271,Internet,Nonpartisan,NA,Johnson,NA
Pennsylvania,26344,Ipsos/Reuters,2016-09-23,2016-10-13,Likely Voters,2271,Internet,Nonpartisan,NA,McMullin,NA
Pennsylvania,26152,Bloomberg/Selzer,2016-10-07,2016-10-11,Likely Voters,806,Live Phone,Nonpartisan,NA,Trump,42
Pennsylvania,26152,Bloomberg/Selzer,2016-10-07,2016-10-11,Likely Voters,806,Live Phone,Nonpartisan,NA,Clinton,51
Pennsylvania,26152,Bloomberg/Selzer,2016-10-07,2016-10-11,Likely Voters,806,Live Phone,Nonpartisan,NA,Other,3
Pennsylvania,26152,Bloomberg/Selzer,2016-10-07,2016-10-11,Likely Voters,806,Live Phone,Nonpartisan,NA,Undecided,4
Pennsylvania,26152,Bloomberg/Selzer,2016-10-07,2016-10-11,Likely Voters,806,Live Phone,Nonpartisan,NA,Johnson,NA
Pennsylvania,26152,Bloomberg/Selzer,2016-10-07,2016-10-11,Likely Voters,806,Live Phone,Nonpartisan,NA,McMullin,NA
Pennsylvania,26226,Lucid/The Times-Picayune,2016-10-07,2016-10-10,Likely Voters,1457,Internet,Nonpartisan,NA,Trump,38
Pennsylvania,26226,Lucid/The Times-Picayune,2016-10-07,2016-10-10,Likely Voters,1457,Internet,Nonpartisan,NA,Clinton,47
Pennsylvania,26226,Lucid/The Times-Picayune,2016-10-07,2016-10-10,Likely Voters,1457,Internet,Nonpartisan,NA,Other,2
Pennsylvania,26226,Lucid/The Times-Picayune,2016-10-07,2016-10-10,Likely Voters,1457,Internet,Nonpartisan,NA,Undecided,7
Pennsylvania,26226,Lucid/The Times-Picayune,2016-10-07,2016-10-10,Likely Voters,1457,Internet,Nonpartisan,NA,Johnson,7
Pennsylvania,26226,Lucid/The Times-Picayune,2016-10-07,2016-10-10,Likely Voters,1457,Internet,Nonpartisan,NA,McMullin,NA
Pennsylvania,26085,Susquehanna (R)/ABC27 News,2016-10-04,2016-10-09,Likely Voters,764,IVR/Live Phone,Pollster,Rep,Trump,40
Pennsylvania,26085,Susquehanna (R)/ABC27 News,2016-10-04,2016-10-09,Likely Voters,764,IVR/Live Phone,Pollster,Rep,Clinton,44
Pennsylvania,26085,Susquehanna (R)/ABC27 News,2016-10-04,2016-10-09,Likely Voters,764,IVR/Live Phone,Pollster,Rep,Other,3
Pennsylvania,26085,Susquehanna (R)/ABC27 News,2016-10-04,2016-10-09,Likely Voters,764,IVR/Live Phone,Pollster,Rep,Undecided,8
Pennsylvania,26085,Susquehanna (R)/ABC27 News,2016-10-04,2016-10-09,Likely Voters,764,IVR/Live Phone,Pollster,Rep,Johnson,4
Pennsylvania,26085,Susquehanna (R)/ABC27 News,2016-10-04,2016-10-09,Likely Voters,764,IVR/Live Phone,Pollster,Rep,McMullin,NA
Pennsylvania,26015,CBS/YouGov,2016-10-05,2016-10-07,Likely Voters,997,Internet,Nonpartisan,NA,Trump,40
Pennsylvania,26015,CBS/YouGov,2016-10-05,2016-10-07,Likely Voters,997,Internet,Nonpartisan,NA,Clinton,48
Pennsylvania,26015,CBS/YouGov,2016-10-05,2016-10-07,Likely Voters,997,Internet,Nonpartisan,NA,Other,3
Pennsylvania,26015,CBS/YouGov,2016-10-05,2016-10-07,Likely Voters,997,Internet,Nonpartisan,NA,Undecided,4
Pennsylvania,26015,CBS/YouGov,2016-10-05,2016-10-07,Likely Voters,997,Internet,Nonpartisan,NA,Johnson,4
Pennsylvania,26015,CBS/YouGov,2016-10-05,2016-10-07,Likely Voters,997,Internet,Nonpartisan,NA,McMullin,NA
Pennsylvania,26012,NBC/WSJ/Marist,2016-10-03,2016-10-06,Likely Voters,709,Live Phone,Nonpartisan,NA,Trump,39
Pennsylvania,26012,NBC/WSJ/Marist,2016-10-03,2016-10-06,Likely Voters,709,Live Phone,Nonpartisan,NA,Clinton,51
Pennsylvania,26012,NBC/WSJ/Marist,2016-10-03,2016-10-06,Likely Voters,709,Live Phone,Nonpartisan,NA,Other,7
Pennsylvania,26012,NBC/WSJ/Marist,2016-10-03,2016-10-06,Likely Voters,709,Live Phone,Nonpartisan,NA,Undecided,3
Pennsylvania,26012,NBC/WSJ/Marist,2016-10-03,2016-10-06,Likely Voters,709,Live Phone,Nonpartisan,NA,Johnson,NA
Pennsylvania,26012,NBC/WSJ/Marist,2016-10-03,2016-10-06,Likely Voters,709,Live Phone,Nonpartisan,NA,McMullin,NA
Pennsylvania,26129,Ipsos/Reuters,2016-09-16,2016-10-06,Likely Voters,890,Internet,Nonpartisan,NA,Trump,43
Pennsylvania,26129,Ipsos/Reuters,2016-09-16,2016-10-06,Likely Voters,890,Internet,Nonpartisan,NA,Clinton,49
Pennsylvania,26129,Ipsos/Reuters,2016-09-16,2016-10-06,Likely Voters,890,Internet,Nonpartisan,NA,Other,NA
Pennsylvania,26129,Ipsos/Reuters,2016-09-16,2016-10-06,Likely Voters,890,Internet,Nonpartisan,NA,Undecided,8
Pennsylvania,26129,Ipsos/Reuters,2016-09-16,2016-10-06,Likely Voters,890,Internet,Nonpartisan,NA,Johnson,NA
Pennsylvania,26129,Ipsos/Reuters,2016-09-16,2016-10-06,Likely Voters,890,Internet,Nonpartisan,NA,McMullin,NA
Pennsylvania,25951,Monmouth University,2016-09-30,2016-10-03,Likely Voters,402,Live Phone,Nonpartisan,NA,Trump,40
Pennsylvania,25951,Monmouth University,2016-09-30,2016-10-03,Likely Voters,402,Live Phone,Nonpartisan,NA,Clinton,50
Pennsylvania,25951,Monmouth University,2016-09-30,2016-10-03,Likely Voters,402,Live Phone,Nonpartisan,NA,Other,3
Pennsylvania,25951,Monmouth University,2016-09-30,2016-10-03,Likely Voters,402,Live Phone,Nonpartisan,NA,Undecided,2
Pennsylvania,25951,Monmouth University,2016-09-30,2016-10-03,Likely Voters,402,Live Phone,Nonpartisan,NA,Johnson,5
Pennsylvania,25951,Monmouth University,2016-09-30,2016-10-03,Likely Voters,402,Live Phone,Nonpartisan,NA,McMullin,NA
Pennsylvania,25896,Franklin and Marshall College,2016-09-28,2016-10-02,Registered Voters,813,Live Phone/Online,Nonpartisan,NA,Trump,36
Pennsylvania,25896,Franklin and Marshall College,2016-09-28,2016-10-02,Registered Voters,813,Live Phone/Online,Nonpartisan,NA,Clinton,48
Pennsylvania,25896,Franklin and Marshall College,2016-09-28,2016-10-02,Registered Voters,813,Live Phone/Online,Nonpartisan,NA,Other,9
Pennsylvania,25896,Franklin and Marshall College,2016-09-28,2016-10-02,Registered Voters,813,Live Phone/Online,Nonpartisan,NA,Undecided,7
Pennsylvania,25896,Franklin and Marshall College,2016-09-28,2016-10-02,Registered Voters,813,Live Phone/Online,Nonpartisan,NA,Johnson,NA
Pennsylvania,25896,Franklin and Marshall College,2016-09-28,2016-10-02,Registered Voters,813,Live Phone/Online,Nonpartisan,NA,McMullin,NA
Pennsylvania,25845,Quinnipiac,2016-09-27,2016-10-02,Likely Voters,535,Live Phone,Nonpartisan,NA,Trump,41
Pennsylvania,25845,Quinnipiac,2016-09-27,2016-10-02,Likely Voters,535,Live Phone,Nonpartisan,NA,Clinton,45
Pennsylvania,25845,Quinnipiac,2016-09-27,2016-10-02,Likely Voters,535,Live Phone,Nonpartisan,NA,Other,3
Pennsylvania,25845,Quinnipiac,2016-09-27,2016-10-02,Likely Voters,535,Live Phone,Nonpartisan,NA,Undecided,6
Pennsylvania,25845,Quinnipiac,2016-09-27,2016-10-02,Likely Voters,535,Live Phone,Nonpartisan,NA,Johnson,5
Pennsylvania,25845,Quinnipiac,2016-09-27,2016-10-02,Likely Voters,535,Live Phone,Nonpartisan,NA,McMullin,NA
Pennsylvania,25798,PPP (D-Vote Vets Action Fund),2016-09-27,2016-09-28,Likely Voters,886,IVR/Online,Pollster,Dem,Trump,39
Pennsylvania,25798,PPP (D-Vote Vets Action Fund),2016-09-27,2016-09-28,Likely Voters,886,IVR/Online,Pollster,Dem,Clinton,45
Pennsylvania,25798,PPP (D-Vote Vets Action Fund),2016-09-27,2016-09-28,Likely Voters,886,IVR/Online,Pollster,Dem,Other,2
Pennsylvania,25798,PPP (D-Vote Vets Action Fund),2016-09-27,2016-09-28,Likely Voters,886,IVR/Online,Pollster,Dem,Undecided,8
Pennsylvania,25798,PPP (D-Vote Vets Action Fund),2016-09-27,2016-09-28,Likely Voters,886,IVR/Online,Pollster,Dem,Johnson,6
Pennsylvania,25798,PPP (D-Vote Vets Action Fund),2016-09-27,2016-09-28,Likely Voters,886,IVR/Online,Pollster,Dem,McMullin,NA
Pennsylvania,25652,CNN,2016-09-20,2016-09-25,Likely Voters,771,Live Phone,Nonpartisan,NA,Trump,44
Pennsylvania,25652,CNN,2016-09-20,2016-09-25,Likely Voters,771,Live Phone,Nonpartisan,NA,Clinton,45
Pennsylvania,25652,CNN,2016-09-20,2016-09-25,Likely Voters,771,Live Phone,Nonpartisan,NA,Other,3
Pennsylvania,25652,CNN,2016-09-20,2016-09-25,Likely Voters,771,Live Phone,Nonpartisan,NA,Undecided,1
Pennsylvania,25652,CNN,2016-09-20,2016-09-25,Likely Voters,771,Live Phone,Nonpartisan,NA,Johnson,6
Pennsylvania,25652,CNN,2016-09-20,2016-09-25,Likely Voters,771,Live Phone,Nonpartisan,NA,McMullin,NA
Pennsylvania,25642,Muhlenberg/Morning Call,2016-09-19,2016-09-23,Likely Voters,486,Live Phone,Nonpartisan,NA,Trump,41
Pennsylvania,25642,Muhlenberg/Morning Call,2016-09-19,2016-09-23,Likely Voters,486,Live Phone,Nonpartisan,NA,Clinton,44
Pennsylvania,25642,Muhlenberg/Morning Call,2016-09-19,2016-09-23,Likely Voters,486,Live Phone,Nonpartisan,NA,Other,11
Pennsylvania,25642,Muhlenberg/Morning Call,2016-09-19,2016-09-23,Likely Voters,486,Live Phone,Nonpartisan,NA,Undecided,4
Pennsylvania,25642,Muhlenberg/Morning Call,2016-09-19,2016-09-23,Likely Voters,486,Live Phone,Nonpartisan,NA,Johnson,NA
Pennsylvania,25642,Muhlenberg/Morning Call,2016-09-19,2016-09-23,Likely Voters,486,Live Phone,Nonpartisan,NA,McMullin,NA
Pennsylvania,25723,Mercyhurst University,2016-09-12,2016-09-23,Registered Voters,420,Live Phone,Nonpartisan,NA,Trump,41
Pennsylvania,25723,Mercyhurst University,2016-09-12,2016-09-23,Registered Voters,420,Live Phone,Nonpartisan,NA,Clinton,42
Pennsylvania,25723,Mercyhurst University,2016-09-12,2016-09-23,Registered Voters,420,Live Phone,Nonpartisan,NA,Other,3
Pennsylvania,25723,Mercyhurst University,2016-09-12,2016-09-23,Registered Voters,420,Live Phone,Nonpartisan,NA,Undecided,11
Pennsylvania,25723,Mercyhurst University,2016-09-12,2016-09-23,Registered Voters,420,Live Phone,Nonpartisan,NA,Johnson,4
Pennsylvania,25723,Mercyhurst University,2016-09-12,2016-09-23,Registered Voters,420,Live Phone,Nonpartisan,NA,McMullin,NA
Pennsylvania,25640,GQR (D-Democracy Corps/WVWV),2016-09-10,2016-09-19,Likely Voters,400,Live Phone,Sponsor,Dem,Trump,38
Pennsylvania,25640,GQR (D-Democracy Corps/WVWV),2016-09-10,2016-09-19,Likely Voters,400,Live Phone,Sponsor,Dem,Clinton,46
Pennsylvania,25640,GQR (D-Democracy Corps/WVWV),2016-09-10,2016-09-19,Likely Voters,400,Live Phone,Sponsor,Dem,Other,3
Pennsylvania,25640,GQR (D-Democracy Corps/WVWV),2016-09-10,2016-09-19,Likely Voters,400,Live Phone,Sponsor,Dem,Undecided,4
Pennsylvania,25640,GQR (D-Democracy Corps/WVWV),2016-09-10,2016-09-19,Likely Voters,400,Live Phone,Sponsor,Dem,Johnson,8
Pennsylvania,25640,GQR (D-Democracy Corps/WVWV),2016-09-10,2016-09-19,Likely Voters,400,Live Phone,Sponsor,Dem,McMullin,NA
Pennsylvania,25518,Muhlenberg/Morning Call,2016-09-12,2016-09-16,Likely Voters,405,Live Phone,Nonpartisan,NA,Trump,38
Pennsylvania,25518,Muhlenberg/Morning Call,2016-09-12,2016-09-16,Likely Voters,405,Live Phone,Nonpartisan,NA,Clinton,47
Pennsylvania,25518,Muhlenberg/Morning Call,2016-09-12,2016-09-16,Likely Voters,405,Live Phone,Nonpartisan,NA,Other,11
Pennsylvania,25518,Muhlenberg/Morning Call,2016-09-12,2016-09-16,Likely Voters,405,Live Phone,Nonpartisan,NA,Undecided,4
Pennsylvania,25518,Muhlenberg/Morning Call,2016-09-12,2016-09-16,Likely Voters,405,Live Phone,Nonpartisan,NA,Johnson,NA
Pennsylvania,25518,Muhlenberg/Morning Call,2016-09-12,2016-09-16,Likely Voters,405,Live Phone,Nonpartisan,NA,McMullin,NA
Pennsylvania,25568,Ipsos/Reuters,2016-08-26,2016-09-15,Likely Voters,776,Internet,Nonpartisan,NA,Trump,44
Pennsylvania,25568,Ipsos/Reuters,2016-08-26,2016-09-15,Likely Voters,776,Internet,Nonpartisan,NA,Clinton,46
Pennsylvania,25568,Ipsos/Reuters,2016-08-26,2016-09-15,Likely Voters,776,Internet,Nonpartisan,NA,Other,NA
Pennsylvania,25568,Ipsos/Reuters,2016-08-26,2016-09-15,Likely Voters,776,Internet,Nonpartisan,NA,Undecided,10
Pennsylvania,25568,Ipsos/Reuters,2016-08-26,2016-09-15,Likely Voters,776,Internet,Nonpartisan,NA,Johnson,NA
Pennsylvania,25568,Ipsos/Reuters,2016-08-26,2016-09-15,Likely Voters,776,Internet,Nonpartisan,NA,McMullin,NA
Pennsylvania,25429,Quinnipiac,2016-08-29,2016-09-07,Likely Voters,778,Live Phone,Nonpartisan,NA,Trump,43
Pennsylvania,25429,Quinnipiac,2016-08-29,2016-09-07,Likely Voters,778,Live Phone,Nonpartisan,NA,Clinton,48
Pennsylvania,25429,Quinnipiac,2016-08-29,2016-09-07,Likely Voters,778,Live Phone,Nonpartisan,NA,Other,3
Pennsylvania,25429,Quinnipiac,2016-08-29,2016-09-07,Likely Voters,778,Live Phone,Nonpartisan,NA,Undecided,5
Pennsylvania,25429,Quinnipiac,2016-08-29,2016-09-07,Likely Voters,778,Live Phone,Nonpartisan,NA,Johnson,NA
Pennsylvania,25429,Quinnipiac,2016-08-29,2016-09-07,Likely Voters,778,Live Phone,Nonpartisan,NA,McMullin,NA
Pennsylvania,25337,CBS/YouGov,2016-08-30,2016-09-02,Likely Voters,1091,Internet,Nonpartisan,NA,Trump,37
Pennsylvania,25337,CBS/YouGov,2016-08-30,2016-09-02,Likely Voters,1091,Internet,Nonpartisan,NA,Clinton,45
Pennsylvania,25337,CBS/YouGov,2016-08-30,2016-09-02,Likely Voters,1091,Internet,Nonpartisan,NA,Other,5
Pennsylvania,25337,CBS/YouGov,2016-08-30,2016-09-02,Likely Voters,1091,Internet,Nonpartisan,NA,Undecided,6
Pennsylvania,25337,CBS/YouGov,2016-08-30,2016-09-02,Likely Voters,1091,Internet,Nonpartisan,NA,Johnson,6
Pennsylvania,25337,CBS/YouGov,2016-08-30,2016-09-02,Likely Voters,1091,Internet,Nonpartisan,NA,McMullin,NA
Pennsylvania,25387,WashPost/SurveyMonkey,2016-08-09,2016-09-01,Registered Voters,2861,Internet,Nonpartisan,NA,Trump,43
Pennsylvania,25387,WashPost/SurveyMonkey,2016-08-09,2016-09-01,Registered Voters,2861,Internet,Nonpartisan,NA,Clinton,47
Pennsylvania,25387,WashPost/SurveyMonkey,2016-08-09,2016-09-01,Registered Voters,2861,Internet,Nonpartisan,NA,Other,NA
Pennsylvania,25387,WashPost/SurveyMonkey,2016-08-09,2016-09-01,Registered Voters,2861,Internet,Nonpartisan,NA,Undecided,10
Pennsylvania,25387,WashPost/SurveyMonkey,2016-08-09,2016-09-01,Registered Voters,2861,Internet,Nonpartisan,NA,Johnson,NA
Pennsylvania,25387,WashPost/SurveyMonkey,2016-08-09,2016-09-01,Registered Voters,2861,Internet,Nonpartisan,NA,McMullin,NA
Pennsylvania,25414,PPP (D- Constitutional Responsibility Project),2016-08-30,2016-08-31,Likely Voters,814,IVR/Online,Sponsor,Dem,Trump,42
Pennsylvania,25414,PPP (D- Constitutional Responsibility Project),2016-08-30,2016-08-31,Likely Voters,814,IVR/Online,Sponsor,Dem,Clinton,47
Pennsylvania,25414,PPP (D- Constitutional Responsibility Project),2016-08-30,2016-08-31,Likely Voters,814,IVR/Online,Sponsor,Dem,Other,NA
Pennsylvania,25414,PPP (D- Constitutional Responsibility Project),2016-08-30,2016-08-31,Likely Voters,814,IVR/Online,Sponsor,Dem,Undecided,11
Pennsylvania,25414,PPP (D- Constitutional Responsibility Project),2016-08-30,2016-08-31,Likely Voters,814,IVR/Online,Sponsor,Dem,Johnson,NA
Pennsylvania,25414,PPP (D- Constitutional Responsibility Project),2016-08-30,2016-08-31,Likely Voters,814,IVR/Online,Sponsor,Dem,McMullin,NA
Pennsylvania,25294,Monmouth University,2016-08-26,2016-08-29,Likely Voters,402,Live Phone,Nonpartisan,NA,Trump,40
Pennsylvania,25294,Monmouth University,2016-08-26,2016-08-29,Likely Voters,402,Live Phone,Nonpartisan,NA,Clinton,48
Pennsylvania,25294,Monmouth University,2016-08-26,2016-08-29,Likely Voters,402,Live Phone,Nonpartisan,NA,Other,2
Pennsylvania,25294,Monmouth University,2016-08-26,2016-08-29,Likely Voters,402,Live Phone,Nonpartisan,NA,Undecided,4
Pennsylvania,25294,Monmouth University,2016-08-26,2016-08-29,Likely Voters,402,Live Phone,Nonpartisan,NA,Johnson,6
Pennsylvania,25294,Monmouth University,2016-08-26,2016-08-29,Likely Voters,402,Live Phone,Nonpartisan,NA,McMullin,NA
Pennsylvania,25308,Franklin and Marshall College,2016-08-25,2016-08-29,Likely Voters,496,Live Phone/Online,Nonpartisan,NA,Trump,40
Pennsylvania,25308,Franklin and Marshall College,2016-08-25,2016-08-29,Likely Voters,496,Live Phone/Online,Nonpartisan,NA,Clinton,47
Pennsylvania,25308,Franklin and Marshall College,2016-08-25,2016-08-29,Likely Voters,496,Live Phone/Online,Nonpartisan,NA,Other,6
Pennsylvania,25308,Franklin and Marshall College,2016-08-25,2016-08-29,Likely Voters,496,Live Phone/Online,Nonpartisan,NA,Undecided,7
Pennsylvania,25308,Franklin and Marshall College,2016-08-25,2016-08-29,Likely Voters,496,Live Phone/Online,Nonpartisan,NA,Johnson,NA
Pennsylvania,25308,Franklin and Marshall College,2016-08-25,2016-08-29,Likely Voters,496,Live Phone/Online,Nonpartisan,NA,McMullin,NA
Pennsylvania,25313,PPP (D-NELP),2016-08-26,2016-08-27,Likely Voters,1194,IVR/Online,Sponsor,Dem,Trump,43
Pennsylvania,25313,PPP (D-NELP),2016-08-26,2016-08-27,Likely Voters,1194,IVR/Online,Sponsor,Dem,Clinton,48
Pennsylvania,25313,PPP (D-NELP),2016-08-26,2016-08-27,Likely Voters,1194,IVR/Online,Sponsor,Dem,Other,NA
Pennsylvania,25313,PPP (D-NELP),2016-08-26,2016-08-27,Likely Voters,1194,IVR/Online,Sponsor,Dem,Undecided,9
Pennsylvania,25313,PPP (D-NELP),2016-08-26,2016-08-27,Likely Voters,1194,IVR/Online,Sponsor,Dem,Johnson,NA
Pennsylvania,25313,PPP (D-NELP),2016-08-26,2016-08-27,Likely Voters,1194,IVR/Online,Sponsor,Dem,McMullin,NA
Pennsylvania,25106,NBC/WSJ/Marist,2016-08-03,2016-08-07,Registered Voters,834,Live Phone,Nonpartisan,NA,Trump,37
Pennsylvania,25106,NBC/WSJ/Marist,2016-08-03,2016-08-07,Registered Voters,834,Live Phone,Nonpartisan,NA,Clinton,48
Pennsylvania,25106,NBC/WSJ/Marist,2016-08-03,2016-08-07,Registered Voters,834,Live Phone,Nonpartisan,NA,Other,9
Pennsylvania,25106,NBC/WSJ/Marist,2016-08-03,2016-08-07,Registered Voters,834,Live Phone,Nonpartisan,NA,Undecided,6
Pennsylvania,25106,NBC/WSJ/Marist,2016-08-03,2016-08-07,Registered Voters,834,Live Phone,Nonpartisan,NA,Johnson,NA
Pennsylvania,25106,NBC/WSJ/Marist,2016-08-03,2016-08-07,Registered Voters,834,Live Phone,Nonpartisan,NA,McMullin,NA
Pennsylvania,25103,Quinnipiac,2016-07-30,2016-08-07,Likely Voters,815,Live Phone,Nonpartisan,NA,Trump,42
Pennsylvania,25103,Quinnipiac,2016-07-30,2016-08-07,Likely Voters,815,Live Phone,Nonpartisan,NA,Clinton,52
Pennsylvania,25103,Quinnipiac,2016-07-30,2016-08-07,Likely Voters,815,Live Phone,Nonpartisan,NA,Other,1
Pennsylvania,25103,Quinnipiac,2016-07-30,2016-08-07,Likely Voters,815,Live Phone,Nonpartisan,NA,Undecided,5
Pennsylvania,25103,Quinnipiac,2016-07-30,2016-08-07,Likely Voters,815,Live Phone,Nonpartisan,NA,Johnson,NA
Pennsylvania,25103,Quinnipiac,2016-07-30,2016-08-07,Likely Voters,815,Live Phone,Nonpartisan,NA,McMullin,NA
Pennsylvania,25093,Susquehanna (R)/ABC27 News,2016-07-31,2016-08-04,Likely Voters,772,IVR/Live Phone,Pollster,Rep,Trump,37
Pennsylvania,25093,Susquehanna (R)/ABC27 News,2016-07-31,2016-08-04,Likely Voters,772,IVR/Live Phone,Pollster,Rep,Clinton,47
Pennsylvania,25093,Susquehanna (R)/ABC27 News,2016-07-31,2016-08-04,Likely Voters,772,IVR/Live Phone,Pollster,Rep,Other,8
Pennsylvania,25093,Susquehanna (R)/ABC27 News,2016-07-31,2016-08-04,Likely Voters,772,IVR/Live Phone,Pollster,Rep,Undecided,8
Pennsylvania,25093,Susquehanna (R)/ABC27 News,2016-07-31,2016-08-04,Likely Voters,772,IVR/Live Phone,Pollster,Rep,Johnson,NA
Pennsylvania,25093,Susquehanna (R)/ABC27 News,2016-07-31,2016-08-04,Likely Voters,772,IVR/Live Phone,Pollster,Rep,McMullin,NA
Pennsylvania,25058,Franklin and Marshall College,2016-07-29,2016-08-01,Likely Voters,389,Live Phone/Online,Nonpartisan,NA,Trump,38
Pennsylvania,25058,Franklin and Marshall College,2016-07-29,2016-08-01,Likely Voters,389,Live Phone/Online,Nonpartisan,NA,Clinton,49
Pennsylvania,25058,Franklin and Marshall College,2016-07-29,2016-08-01,Likely Voters,389,Live Phone/Online,Nonpartisan,NA,Other,6
Pennsylvania,25058,Franklin and Marshall College,2016-07-29,2016-08-01,Likely Voters,389,Live Phone/Online,Nonpartisan,NA,Undecided,8
Pennsylvania,25058,Franklin and Marshall College,2016-07-29,2016-08-01,Likely Voters,389,Live Phone/Online,Nonpartisan,NA,Johnson,NA
Pennsylvania,25058,Franklin and Marshall College,2016-07-29,2016-08-01,Likely Voters,389,Live Phone/Online,Nonpartisan,NA,McMullin,NA
Pennsylvania,25034,PPP (D),2016-07-29,2016-07-31,Likely Voters,1505,IVR/Online,Pollster,Dem,Trump,42
Pennsylvania,25034,PPP (D),2016-07-29,2016-07-31,Likely Voters,1505,IVR/Online,Pollster,Dem,Clinton,45
Pennsylvania,25034,PPP (D),2016-07-29,2016-07-31,Likely Voters,1505,IVR/Online,Pollster,Dem,Other,2
Pennsylvania,25034,PPP (D),2016-07-29,2016-07-31,Likely Voters,1505,IVR/Online,Pollster,Dem,Undecided,8
Pennsylvania,25034,PPP (D),2016-07-29,2016-07-31,Likely Voters,1505,IVR/Online,Pollster,Dem,Johnson,4
Pennsylvania,25034,PPP (D),2016-07-29,2016-07-31,Likely Voters,1505,IVR/Online,Pollster,Dem,McMullin,NA
Pennsylvania,24983,Suffolk,2016-07-25,2016-07-27,Likely Voters,500,Live Phone,Nonpartisan,NA,Trump,41
Pennsylvania,24983,Suffolk,2016-07-25,2016-07-27,Likely Voters,500,Live Phone,Nonpartisan,NA,Clinton,50
Pennsylvania,24983,Suffolk,2016-07-25,2016-07-27,Likely Voters,500,Live Phone,Nonpartisan,NA,Other,NA
Pennsylvania,24983,Suffolk,2016-07-25,2016-07-27,Likely Voters,500,Live Phone,Nonpartisan,NA,Undecided,9
Pennsylvania,24983,Suffolk,2016-07-25,2016-07-27,Likely Voters,500,Live Phone,Nonpartisan,NA,Johnson,NA
Pennsylvania,24983,Suffolk,2016-07-25,2016-07-27,Likely Voters,500,Live Phone,Nonpartisan,NA,McMullin,NA
Pennsylvania,24871,Quinnipiac,2016-06-30,2016-07-11,Registered Voters,982,Live Phone,Nonpartisan,NA,Trump,43
Pennsylvania,24871,Quinnipiac,2016-06-30,2016-07-11,Registered Voters,982,Live Phone,Nonpartisan,NA,Clinton,41
Pennsylvania,24871,Quinnipiac,2016-06-30,2016-07-11,Registered Voters,982,Live Phone,Nonpartisan,NA,Other,4
Pennsylvania,24871,Quinnipiac,2016-06-30,2016-07-11,Registered Voters,982,Live Phone,Nonpartisan,NA,Undecided,13
Pennsylvania,24871,Quinnipiac,2016-06-30,2016-07-11,Registered Voters,982,Live Phone,Nonpartisan,NA,Johnson,NA
Pennsylvania,24871,Quinnipiac,2016-06-30,2016-07-11,Registered Voters,982,Live Phone,Nonpartisan,NA,McMullin,NA
Pennsylvania,24878,NBC/WSJ/Marist,2016-07-05,2016-07-10,Registered Voters,829,Live Phone,Nonpartisan,NA,Trump,36
Pennsylvania,24878,NBC/WSJ/Marist,2016-07-05,2016-07-10,Registered Voters,829,Live Phone,Nonpartisan,NA,Clinton,45
Pennsylvania,24878,NBC/WSJ/Marist,2016-07-05,2016-07-10,Registered Voters,829,Live Phone,Nonpartisan,NA,Other,13
Pennsylvania,24878,NBC/WSJ/Marist,2016-07-05,2016-07-10,Registered Voters,829,Live Phone,Nonpartisan,NA,Undecided,6
Pennsylvania,24878,NBC/WSJ/Marist,2016-07-05,2016-07-10,Registered Voters,829,Live Phone,Nonpartisan,NA,Johnson,NA
Pennsylvania,24878,NBC/WSJ/Marist,2016-07-05,2016-07-10,Registered Voters,829,Live Phone,Nonpartisan,NA,McMullin,NA
Pennsylvania,24941,Gravis Marketing/OANN,2016-06-27,2016-06-28,Registered Voters,1958,Automated Phone,Nonpartisan,NA,Trump,47
Pennsylvania,24941,Gravis Marketing/OANN,2016-06-27,2016-06-28,Registered Voters,1958,Automated Phone,Nonpartisan,NA,Clinton,48
Pennsylvania,24941,Gravis Marketing/OANN,2016-06-27,2016-06-28,Registered Voters,1958,Automated Phone,Nonpartisan,NA,Other,5
Pennsylvania,24941,Gravis Marketing/OANN,2016-06-27,2016-06-28,Registered Voters,1958,Automated Phone,Nonpartisan,NA,Undecided,NA
Pennsylvania,24941,Gravis Marketing/OANN,2016-06-27,2016-06-28,Registered Voters,1958,Automated Phone,Nonpartisan,NA,Johnson,NA
Pennsylvania,24941,Gravis Marketing/OANN,2016-06-27,2016-06-28,Registered Voters,1958,Automated Phone,Nonpartisan,NA,McMullin,NA
Pennsylvania,24789,PPP (D-Americans United for Change/Constitutional Responsibility Project),2016-06-22,2016-06-23,Likely Voters,980,IVR/Online,Sponsor,Dem,Trump,42
Pennsylvania,24789,PPP (D-Americans United for Change/Constitutional Responsibility Project),2016-06-22,2016-06-23,Likely Voters,980,IVR/Online,Sponsor,Dem,Clinton,46
Pennsylvania,24789,PPP (D-Americans United for Change/Constitutional Responsibility Project),2016-06-22,2016-06-23,Likely Voters,980,IVR/Online,Sponsor,Dem,Other,NA
Pennsylvania,24789,PPP (D-Americans United for Change/Constitutional Responsibility Project),2016-06-22,2016-06-23,Likely Voters,980,IVR/Online,Sponsor,Dem,Undecided,11
Pennsylvania,24789,PPP (D-Americans United for Change/Constitutional Responsibility Project),2016-06-22,2016-06-23,Likely Voters,980,IVR/Online,Sponsor,Dem,Johnson,NA
Pennsylvania,24789,PPP (D-Americans United for Change/Constitutional Responsibility Project),2016-06-22,2016-06-23,Likely Voters,980,IVR/Online,Sponsor,Dem,McMullin,NA
Pennsylvania,24848,GQR (D-Democracy Corps/Women's Voices Women Vote),2016-06-11,2016-06-20,Likely Voters,300,Live Phone,Sponsor,Dem,Trump,39
Pennsylvania,24848,GQR (D-Democracy Corps/Women's Voices Women Vote),2016-06-11,2016-06-20,Likely Voters,300,Live Phone,Sponsor,Dem,Clinton,49
Pennsylvania,24848,GQR (D-Democracy Corps/Women's Voices Women Vote),2016-06-11,2016-06-20,Likely Voters,300,Live Phone,Sponsor,Dem,Other,8
Pennsylvania,24848,GQR (D-Democracy Corps/Women's Voices Women Vote),2016-06-11,2016-06-20,Likely Voters,300,Live Phone,Sponsor,Dem,Undecided,5
Pennsylvania,24848,GQR (D-Democracy Corps/Women's Voices Women Vote),2016-06-11,2016-06-20,Likely Voters,300,Live Phone,Sponsor,Dem,Johnson,NA
Pennsylvania,24848,GQR (D-Democracy Corps/Women's Voices Women Vote),2016-06-11,2016-06-20,Likely Voters,300,Live Phone,Sponsor,Dem,McMullin,NA
Pennsylvania,24722,Quinnipiac,2016-06-08,2016-06-19,Registered Voters,950,Live Phone,Nonpartisan,NA,Trump,41
Pennsylvania,24722,Quinnipiac,2016-06-08,2016-06-19,Registered Voters,950,Live Phone,Nonpartisan,NA,Clinton,42
Pennsylvania,24722,Quinnipiac,2016-06-08,2016-06-19,Registered Voters,950,Live Phone,Nonpartisan,NA,Other,3
Pennsylvania,24722,Quinnipiac,2016-06-08,2016-06-19,Registered Voters,950,Live Phone,Nonpartisan,NA,Undecided,14
Pennsylvania,24722,Quinnipiac,2016-06-08,2016-06-19,Registered Voters,950,Live Phone,Nonpartisan,NA,Johnson,NA
Pennsylvania,24722,Quinnipiac,2016-06-08,2016-06-19,Registered Voters,950,Live Phone,Nonpartisan,NA,McMullin,NA
Pennsylvania,24641,PPP (D),2016-06-03,2016-06-05,Likely Voters,1106,IVR/Online,Pollster,Dem,Trump,40
Pennsylvania,24641,PPP (D),2016-06-03,2016-06-05,Likely Voters,1106,IVR/Online,Pollster,Dem,Clinton,41
Pennsylvania,24641,PPP (D),2016-06-03,2016-06-05,Likely Voters,1106,IVR/Online,Pollster,Dem,Other,3
Pennsylvania,24641,PPP (D),2016-06-03,2016-06-05,Likely Voters,1106,IVR/Online,Pollster,Dem,Undecided,11
Pennsylvania,24641,PPP (D),2016-06-03,2016-06-05,Likely Voters,1106,IVR/Online,Pollster,Dem,Johnson,6
Pennsylvania,24641,PPP (D),2016-06-03,2016-06-05,Likely Voters,1106,IVR/Online,Pollster,Dem,McMullin,NA
Pennsylvania,24465,Quinnipiac,2016-04-27,2016-05-08,Registered Voters,1077,Live Phone,Nonpartisan,NA,Trump,42
Pennsylvania,24465,Quinnipiac,2016-04-27,2016-05-08,Registered Voters,1077,Live Phone,Nonpartisan,NA,Clinton,43
Pennsylvania,24465,Quinnipiac,2016-04-27,2016-05-08,Registered Voters,1077,Live Phone,Nonpartisan,NA,Other,2
Pennsylvania,24465,Quinnipiac,2016-04-27,2016-05-08,Registered Voters,1077,Live Phone,Nonpartisan,NA,Undecided,12
Pennsylvania,24465,Quinnipiac,2016-04-27,2016-05-08,Registered Voters,1077,Live Phone,Nonpartisan,NA,Johnson,NA
Pennsylvania,24465,Quinnipiac,2016-04-27,2016-05-08,Registered Voters,1077,Live Phone,Nonpartisan,NA,McMullin,NA
Pennsylvania,24335,NBC/WSJ/Marist,2016-04-18,2016-04-20,Registered Voters,2606,Live Phone,Nonpartisan,NA,Trump,39
Pennsylvania,24335,NBC/WSJ/Marist,2016-04-18,2016-04-20,Registered Voters,2606,Live Phone,Nonpartisan,NA,Clinton,54
Pennsylvania,24335,NBC/WSJ/Marist,2016-04-18,2016-04-20,Registered Voters,2606,Live Phone,Nonpartisan,NA,Other,NA
Pennsylvania,24335,NBC/WSJ/Marist,2016-04-18,2016-04-20,Registered Voters,2606,Live Phone,Nonpartisan,NA,Undecided,7
Pennsylvania,24335,NBC/WSJ/Marist,2016-04-18,2016-04-20,Registered Voters,2606,Live Phone,Nonpartisan,NA,Johnson,NA
Pennsylvania,24335,NBC/WSJ/Marist,2016-04-18,2016-04-20,Registered Voters,2606,Live Phone,Nonpartisan,NA,McMullin,NA
Pennsylvania,24240,Fox News,2016-04-04,2016-04-07,Likely Voters,1607,Live Phone,Nonpartisan,NA,Trump,44
Pennsylvania,24240,Fox News,2016-04-04,2016-04-07,Likely Voters,1607,Live Phone,Nonpartisan,NA,Clinton,44
Pennsylvania,24240,Fox News,2016-04-04,2016-04-07,Likely Voters,1607,Live Phone,Nonpartisan,NA,Other,2
Pennsylvania,24240,Fox News,2016-04-04,2016-04-07,Likely Voters,1607,Live Phone,Nonpartisan,NA,Undecided,9
Pennsylvania,24240,Fox News,2016-04-04,2016-04-07,Likely Voters,1607,Live Phone,Nonpartisan,NA,Johnson,NA
Pennsylvania,24240,Fox News,2016-04-04,2016-04-07,Likely Voters,1607,Live Phone,Nonpartisan,NA,McMullin,NA
Pennsylvania,24216,Quinnipiac,2016-03-30,2016-04-04,Likely Voters,1737,Live Phone,Nonpartisan,NA,Trump,42
Pennsylvania,24216,Quinnipiac,2016-03-30,2016-04-04,Likely Voters,1737,Live Phone,Nonpartisan,NA,Clinton,45
Pennsylvania,24216,Quinnipiac,2016-03-30,2016-04-04,Likely Voters,1737,Live Phone,Nonpartisan,NA,Other,3
Pennsylvania,24216,Quinnipiac,2016-03-30,2016-04-04,Likely Voters,1737,Live Phone,Nonpartisan,NA,Undecided,10
Pennsylvania,24216,Quinnipiac,2016-03-30,2016-04-04,Likely Voters,1737,Live Phone,Nonpartisan,NA,Johnson,NA
Pennsylvania,24216,Quinnipiac,2016-03-30,2016-04-04,Likely Voters,1737,Live Phone,Nonpartisan,NA,McMullin,NA
Pennsylvania,24143,Franklin and Marshall College,2016-03-14,2016-03-20,Registered Voters,828,Live Phone/Online,Nonpartisan,NA,Trump,33
Pennsylvania,24143,Franklin and Marshall College,2016-03-14,2016-03-20,Registered Voters,828,Live Phone/Online,Nonpartisan,NA,Clinton,46
Pennsylvania,24143,Franklin and Marshall College,2016-03-14,2016-03-20,Registered Voters,828,Live Phone/Online,Nonpartisan,NA,Other,11
Pennsylvania,24143,Franklin and Marshall College,2016-03-14,2016-03-20,Registered Voters,828,Live Phone/Online,Nonpartisan,NA,Undecided,10
Pennsylvania,24143,Franklin and Marshall College,2016-03-14,2016-03-20,Registered Voters,828,Live Phone/Online,Nonpartisan,NA,Johnson,NA
Pennsylvania,24143,Franklin and Marshall College,2016-03-14,2016-03-20,Registered Voters,828,Live Phone/Online,Nonpartisan,NA,McMullin,NA
Pennsylvania,24092,Mercyhurst University,2016-03-01,2016-03-11,Registered Voters,421,Live Phone,Nonpartisan,NA,Trump,35
Pennsylvania,24092,Mercyhurst University,2016-03-01,2016-03-11,Registered Voters,421,Live Phone,Nonpartisan,NA,Clinton,43
Pennsylvania,24092,Mercyhurst University,2016-03-01,2016-03-11,Registered Voters,421,Live Phone,Nonpartisan,NA,Other,4
Pennsylvania,24092,Mercyhurst University,2016-03-01,2016-03-11,Registered Voters,421,Live Phone,Nonpartisan,NA,Undecided,19
Pennsylvania,24092,Mercyhurst University,2016-03-01,2016-03-11,Registered Voters,421,Live Phone,Nonpartisan,NA,Johnson,NA
Pennsylvania,24092,Mercyhurst University,2016-03-01,2016-03-11,Registered Voters,421,Live Phone,Nonpartisan,NA,McMullin,NA
Pennsylvania,24028,Harper (R),2016-03-01,2016-03-02,Likely Voters,662,Automated Phone,Pollster,Rep,Trump,40
Pennsylvania,24028,Harper (R),2016-03-01,2016-03-02,Likely Voters,662,Automated Phone,Pollster,Rep,Clinton,45
Pennsylvania,24028,Harper (R),2016-03-01,2016-03-02,Likely Voters,662,Automated Phone,Pollster,Rep,Other,NA
Pennsylvania,24028,Harper (R),2016-03-01,2016-03-02,Likely Voters,662,Automated Phone,Pollster,Rep,Undecided,15
Pennsylvania,24028,Harper (R),2016-03-01,2016-03-02,Likely Voters,662,Automated Phone,Pollster,Rep,Johnson,NA
Pennsylvania,24028,Harper (R),2016-03-01,2016-03-02,Likely Voters,662,Automated Phone,Pollster,Rep,McMullin,NA
Pennsylvania,22927,PPP (D),2015-10-08,2015-10-11,Likely Voters,1012,IVR/Online,Pollster,Dem,Trump,45
Pennsylvania,22927,PPP (D),2015-10-08,2015-10-11,Likely Voters,1012,IVR/Online,Pollster,Dem,Clinton,43
Pennsylvania,22927,PPP (D),2015-10-08,2015-10-11,Likely Voters,1012,IVR/Online,Pollster,Dem,Other,NA
Pennsylvania,22927,PPP (D),2015-10-08,2015-10-11,Likely Voters,1012,IVR/Online,Pollster,Dem,Undecided,13
Pennsylvania,22927,PPP (D),2015-10-08,2015-10-11,Likely Voters,1012,IVR/Online,Pollster,Dem,Johnson,NA
Pennsylvania,22927,PPP (D),2015-10-08,2015-10-11,Likely Voters,1012,IVR/Online,Pollster,Dem,McMullin,NA
Pennsylvania,22862,Quinnipiac,2015-09-25,2015-10-05,Registered Voters,1049,Live Phone,Nonpartisan,NA,Trump,42
Pennsylvania,22862,Quinnipiac,2015-09-25,2015-10-05,Registered Voters,1049,Live Phone,Nonpartisan,NA,Clinton,44
Pennsylvania,22862,Quinnipiac,2015-09-25,2015-10-05,Registered Voters,1049,Live Phone,Nonpartisan,NA,Other,3
Pennsylvania,22862,Quinnipiac,2015-09-25,2015-10-05,Registered Voters,1049,Live Phone,Nonpartisan,NA,Undecided,10
Pennsylvania,22862,Quinnipiac,2015-09-25,2015-10-05,Registered Voters,1049,Live Phone,Nonpartisan,NA,Johnson,NA
Pennsylvania,22862,Quinnipiac,2015-09-25,2015-10-05,Registered Voters,1049,Live Phone,Nonpartisan,NA,McMullin,NA
Pennsylvania,22584,Quinnipiac,2015-08-07,2015-08-18,Registered Voters,1085,Live Phone,Nonpartisan,NA,Trump,40
Pennsylvania,22584,Quinnipiac,2015-08-07,2015-08-18,Registered Voters,1085,Live Phone,Nonpartisan,NA,Clinton,45
Pennsylvania,22584,Quinnipiac,2015-08-07,2015-08-18,Registered Voters,1085,Live Phone,Nonpartisan,NA,Other,4
Pennsylvania,22584,Quinnipiac,2015-08-07,2015-08-18,Registered Voters,1085,Live Phone,Nonpartisan,NA,Undecided,12
Pennsylvania,22584,Quinnipiac,2015-08-07,2015-08-18,Registered Voters,1085,Live Phone,Nonpartisan,NA,Johnson,NA
Pennsylvania,22584,Quinnipiac,2015-08-07,2015-08-18,Registered Voters,1085,Live Phone,Nonpartisan,NA,McMullin,NA
New York,26807,SurveyMonkey,2016-11-01,2016-11-07,Likely Voters,2208,Internet,Nonpartisan,NA,Trump,32
New York,26807,SurveyMonkey,2016-11-01,2016-11-07,Likely Voters,2208,Internet,Nonpartisan,NA,Clinton,57
New York,26807,SurveyMonkey,2016-11-01,2016-11-07,Likely Voters,2208,Internet,Nonpartisan,NA,Other,9
New York,26807,SurveyMonkey,2016-11-01,2016-11-07,Likely Voters,2208,Internet,Nonpartisan,NA,Undecided,2
New York,26807,SurveyMonkey,2016-11-01,2016-11-07,Likely Voters,2208,Internet,Nonpartisan,NA,Johnson,NA
New York,26807,SurveyMonkey,2016-11-01,2016-11-07,Likely Voters,2208,Internet,Nonpartisan,NA,McMullin,NA
New York,26793,UPI/CVOTER,2016-10-30,2016-11-06,Likely Voters,458,Internet,Nonpartisan,NA,Trump,38
New York,26793,UPI/CVOTER,2016-10-30,2016-11-06,Likely Voters,458,Internet,Nonpartisan,NA,Clinton,59
New York,26793,UPI/CVOTER,2016-10-30,2016-11-06,Likely Voters,458,Internet,Nonpartisan,NA,Other,4
New York,26793,UPI/CVOTER,2016-10-30,2016-11-06,Likely Voters,458,Internet,Nonpartisan,NA,Undecided,NA
New York,26793,UPI/CVOTER,2016-10-30,2016-11-06,Likely Voters,458,Internet,Nonpartisan,NA,Johnson,NA
New York,26793,UPI/CVOTER,2016-10-30,2016-11-06,Likely Voters,458,Internet,Nonpartisan,NA,McMullin,NA
New York,26806,Ipsos/Reuters,2016-10-17,2016-11-06,Likely Voters,1383,Internet,Nonpartisan,NA,Trump,33
New York,26806,Ipsos/Reuters,2016-10-17,2016-11-06,Likely Voters,1383,Internet,Nonpartisan,NA,Clinton,51
New York,26806,Ipsos/Reuters,2016-10-17,2016-11-06,Likely Voters,1383,Internet,Nonpartisan,NA,Other,NA
New York,26806,Ipsos/Reuters,2016-10-17,2016-11-06,Likely Voters,1383,Internet,Nonpartisan,NA,Undecided,16
New York,26806,Ipsos/Reuters,2016-10-17,2016-11-06,Likely Voters,1383,Internet,Nonpartisan,NA,Johnson,NA
New York,26806,Ipsos/Reuters,2016-10-17,2016-11-06,Likely Voters,1383,Internet,Nonpartisan,NA,McMullin,NA
New York,26748,Siena,2016-11-03,2016-11-04,Likely Voters,617,Live Phone,Nonpartisan,NA,Trump,34
New York,26748,Siena,2016-11-03,2016-11-04,Likely Voters,617,Live Phone,Nonpartisan,NA,Clinton,51
New York,26748,Siena,2016-11-03,2016-11-04,Likely Voters,617,Live Phone,Nonpartisan,NA,Other,8
New York,26748,Siena,2016-11-03,2016-11-04,Likely Voters,617,Live Phone,Nonpartisan,NA,Undecided,7
New York,26748,Siena,2016-11-03,2016-11-04,Likely Voters,617,Live Phone,Nonpartisan,NA,Johnson,NA
New York,26748,Siena,2016-11-03,2016-11-04,Likely Voters,617,Live Phone,Nonpartisan,NA,McMullin,NA
New York,26596,SurveyMonkey,2016-10-25,2016-10-31,Likely Voters,1734,Internet,Nonpartisan,NA,Trump,33
New York,26596,SurveyMonkey,2016-10-25,2016-10-31,Likely Voters,1734,Internet,Nonpartisan,NA,Clinton,56
New York,26596,SurveyMonkey,2016-10-25,2016-10-31,Likely Voters,1734,Internet,Nonpartisan,NA,Other,10
New York,26596,SurveyMonkey,2016-10-25,2016-10-31,Likely Voters,1734,Internet,Nonpartisan,NA,Undecided,1
New York,26596,SurveyMonkey,2016-10-25,2016-10-31,Likely Voters,1734,Internet,Nonpartisan,NA,Johnson,NA
New York,26596,SurveyMonkey,2016-10-25,2016-10-31,Likely Voters,1734,Internet,Nonpartisan,NA,McMullin,NA
New York,26592,UPI/CVOTER,2016-10-23,2016-10-29,Likely Voters,403,Internet,Nonpartisan,NA,Trump,38
New York,26592,UPI/CVOTER,2016-10-23,2016-10-29,Likely Voters,403,Internet,Nonpartisan,NA,Clinton,58
New York,26592,UPI/CVOTER,2016-10-23,2016-10-29,Likely Voters,403,Internet,Nonpartisan,NA,Other,4
New York,26592,UPI/CVOTER,2016-10-23,2016-10-29,Likely Voters,403,Internet,Nonpartisan,NA,Undecided,NA
New York,26592,UPI/CVOTER,2016-10-23,2016-10-29,Likely Voters,403,Internet,Nonpartisan,NA,Johnson,NA
New York,26592,UPI/CVOTER,2016-10-23,2016-10-29,Likely Voters,403,Internet,Nonpartisan,NA,McMullin,NA
New York,26441,SurveyMonkey,2016-10-18,2016-10-24,Likely Voters,1169,Internet,Nonpartisan,NA,Trump,31
New York,26441,SurveyMonkey,2016-10-18,2016-10-24,Likely Voters,1169,Internet,Nonpartisan,NA,Clinton,58
New York,26441,SurveyMonkey,2016-10-18,2016-10-24,Likely Voters,1169,Internet,Nonpartisan,NA,Other,9
New York,26441,SurveyMonkey,2016-10-18,2016-10-24,Likely Voters,1169,Internet,Nonpartisan,NA,Undecided,2
New York,26441,SurveyMonkey,2016-10-18,2016-10-24,Likely Voters,1169,Internet,Nonpartisan,NA,Johnson,NA
New York,26441,SurveyMonkey,2016-10-18,2016-10-24,Likely Voters,1169,Internet,Nonpartisan,NA,McMullin,NA
New York,26262,Siena,2016-10-13,2016-10-17,Likely Voters,611,Live Phone,Nonpartisan,NA,Trump,30
New York,26262,Siena,2016-10-13,2016-10-17,Likely Voters,611,Live Phone,Nonpartisan,NA,Clinton,54
New York,26262,Siena,2016-10-13,2016-10-17,Likely Voters,611,Live Phone,Nonpartisan,NA,Other,10
New York,26262,Siena,2016-10-13,2016-10-17,Likely Voters,611,Live Phone,Nonpartisan,NA,Undecided,6
New York,26262,Siena,2016-10-13,2016-10-17,Likely Voters,611,Live Phone,Nonpartisan,NA,Johnson,NA
New York,26262,Siena,2016-10-13,2016-10-17,Likely Voters,611,Live Phone,Nonpartisan,NA,McMullin,NA
New York,26344,Ipsos/Reuters,2016-09-23,2016-10-13,Likely Voters,986,Internet,Nonpartisan,NA,Trump,27
New York,26344,Ipsos/Reuters,2016-09-23,2016-10-13,Likely Voters,986,Internet,Nonpartisan,NA,Clinton,53
New York,26344,Ipsos/Reuters,2016-09-23,2016-10-13,Likely Voters,986,Internet,Nonpartisan,NA,Other,NA
New York,26344,Ipsos/Reuters,2016-09-23,2016-10-13,Likely Voters,986,Internet,Nonpartisan,NA,Undecided,20
New York,26344,Ipsos/Reuters,2016-09-23,2016-10-13,Likely Voters,986,Internet,Nonpartisan,NA,Johnson,NA
New York,26344,Ipsos/Reuters,2016-09-23,2016-10-13,Likely Voters,986,Internet,Nonpartisan,NA,McMullin,NA
New York,26124,Ipsos/Reuters,2016-09-16,2016-10-06,Likely Voters,1437,Internet,Nonpartisan,NA,Trump,31
New York,26124,Ipsos/Reuters,2016-09-16,2016-10-06,Likely Voters,1437,Internet,Nonpartisan,NA,Clinton,55
New York,26124,Ipsos/Reuters,2016-09-16,2016-10-06,Likely Voters,1437,Internet,Nonpartisan,NA,Other,NA
New York,26124,Ipsos/Reuters,2016-09-16,2016-10-06,Likely Voters,1437,Internet,Nonpartisan,NA,Undecided,14
New York,26124,Ipsos/Reuters,2016-09-16,2016-10-06,Likely Voters,1437,Internet,Nonpartisan,NA,Johnson,NA
New York,26124,Ipsos/Reuters,2016-09-16,2016-10-06,Likely Voters,1437,Internet,Nonpartisan,NA,McMullin,NA
New York,25720,NBC/WSJ/Marist,2016-09-21,2016-09-23,Likely Voters,676,Live Phone,Nonpartisan,NA,Trump,33
New York,25720,NBC/WSJ/Marist,2016-09-21,2016-09-23,Likely Voters,676,Live Phone,Nonpartisan,NA,Clinton,57
New York,25720,NBC/WSJ/Marist,2016-09-21,2016-09-23,Likely Voters,676,Live Phone,Nonpartisan,NA,Other,8
New York,25720,NBC/WSJ/Marist,2016-09-21,2016-09-23,Likely Voters,676,Live Phone,Nonpartisan,NA,Undecided,2
New York,25720,NBC/WSJ/Marist,2016-09-21,2016-09-23,Likely Voters,676,Live Phone,Nonpartisan,NA,Johnson,NA
New York,25720,NBC/WSJ/Marist,2016-09-21,2016-09-23,Likely Voters,676,Live Phone,Nonpartisan,NA,McMullin,NA
New York,25534,Siena,2016-09-11,2016-09-15,Likely Voters,600,Live Phone,Nonpartisan,NA,Trump,30
New York,25534,Siena,2016-09-11,2016-09-15,Likely Voters,600,Live Phone,Nonpartisan,NA,Clinton,51
New York,25534,Siena,2016-09-11,2016-09-15,Likely Voters,600,Live Phone,Nonpartisan,NA,Other,12
New York,25534,Siena,2016-09-11,2016-09-15,Likely Voters,600,Live Phone,Nonpartisan,NA,Undecided,7
New York,25534,Siena,2016-09-11,2016-09-15,Likely Voters,600,Live Phone,Nonpartisan,NA,Johnson,NA
New York,25534,Siena,2016-09-11,2016-09-15,Likely Voters,600,Live Phone,Nonpartisan,NA,McMullin,NA
New York,25562,Ipsos/Reuters,2016-08-26,2016-09-15,Likely Voters,1089,Internet,Nonpartisan,NA,Trump,30
New York,25562,Ipsos/Reuters,2016-08-26,2016-09-15,Likely Voters,1089,Internet,Nonpartisan,NA,Clinton,53
New York,25562,Ipsos/Reuters,2016-08-26,2016-09-15,Likely Voters,1089,Internet,Nonpartisan,NA,Other,NA
New York,25562,Ipsos/Reuters,2016-08-26,2016-09-15,Likely Voters,1089,Internet,Nonpartisan,NA,Undecided,17
New York,25562,Ipsos/Reuters,2016-08-26,2016-09-15,Likely Voters,1089,Internet,Nonpartisan,NA,Johnson,NA
New York,25562,Ipsos/Reuters,2016-08-26,2016-09-15,Likely Voters,1089,Internet,Nonpartisan,NA,McMullin,NA
New York,25382,WashPost/SurveyMonkey,2016-08-09,2016-09-01,Registered Voters,1405,Internet,Nonpartisan,NA,Trump,35
New York,25382,WashPost/SurveyMonkey,2016-08-09,2016-09-01,Registered Voters,1405,Internet,Nonpartisan,NA,Clinton,57
New York,25382,WashPost/SurveyMonkey,2016-08-09,2016-09-01,Registered Voters,1405,Internet,Nonpartisan,NA,Other,NA
New York,25382,WashPost/SurveyMonkey,2016-08-09,2016-09-01,Registered Voters,1405,Internet,Nonpartisan,NA,Undecided,9
New York,25382,WashPost/SurveyMonkey,2016-08-09,2016-09-01,Registered Voters,1405,Internet,Nonpartisan,NA,Johnson,NA
New York,25382,WashPost/SurveyMonkey,2016-08-09,2016-09-01,Registered Voters,1405,Internet,Nonpartisan,NA,McMullin,NA
New York,25159,Siena,2016-08-07,2016-08-10,Registered Voters,717,Live Phone,Nonpartisan,NA,Trump,27
New York,25159,Siena,2016-08-07,2016-08-10,Registered Voters,717,Live Phone,Nonpartisan,NA,Clinton,57
New York,25159,Siena,2016-08-07,2016-08-10,Registered Voters,717,Live Phone,Nonpartisan,NA,Other,3
New York,25159,Siena,2016-08-07,2016-08-10,Registered Voters,717,Live Phone,Nonpartisan,NA,Undecided,13
New York,25159,Siena,2016-08-07,2016-08-10,Registered Voters,717,Live Phone,Nonpartisan,NA,Johnson,NA
New York,25159,Siena,2016-08-07,2016-08-10,Registered Voters,717,Live Phone,Nonpartisan,NA,McMullin,NA
New York,25133,Gravis Marketing,2016-08-04,2016-08-08,Registered Voters,1717,IVR/Online,Nonpartisan,NA,Trump,36
New York,25133,Gravis Marketing,2016-08-04,2016-08-08,Registered Voters,1717,IVR/Online,Nonpartisan,NA,Clinton,53
New York,25133,Gravis Marketing,2016-08-04,2016-08-08,Registered Voters,1717,IVR/Online,Nonpartisan,NA,Other,10
New York,25133,Gravis Marketing,2016-08-04,2016-08-08,Registered Voters,1717,IVR/Online,Nonpartisan,NA,Undecided,NA
New York,25133,Gravis Marketing,2016-08-04,2016-08-08,Registered Voters,1717,IVR/Online,Nonpartisan,NA,Johnson,NA
New York,25133,Gravis Marketing,2016-08-04,2016-08-08,Registered Voters,1717,IVR/Online,Nonpartisan,NA,McMullin,NA
New York,24930,Quinnipiac,2016-07-13,2016-07-17,Registered Voters,1104,Live Phone,Nonpartisan,NA,Trump,35
New York,24930,Quinnipiac,2016-07-13,2016-07-17,Registered Voters,1104,Live Phone,Nonpartisan,NA,Clinton,47
New York,24930,Quinnipiac,2016-07-13,2016-07-17,Registered Voters,1104,Live Phone,Nonpartisan,NA,Other,3
New York,24930,Quinnipiac,2016-07-13,2016-07-17,Registered Voters,1104,Live Phone,Nonpartisan,NA,Undecided,14
New York,24930,Quinnipiac,2016-07-13,2016-07-17,Registered Voters,1104,Live Phone,Nonpartisan,NA,Johnson,NA
New York,24930,Quinnipiac,2016-07-13,2016-07-17,Registered Voters,1104,Live Phone,Nonpartisan,NA,McMullin,NA
New York,24809,Siena,2016-06-22,2016-06-28,Registered Voters,803,Live Phone,Nonpartisan,NA,Trump,31
New York,24809,Siena,2016-06-22,2016-06-28,Registered Voters,803,Live Phone,Nonpartisan,NA,Clinton,54
New York,24809,Siena,2016-06-22,2016-06-28,Registered Voters,803,Live Phone,Nonpartisan,NA,Other,NA
New York,24809,Siena,2016-06-22,2016-06-28,Registered Voters,803,Live Phone,Nonpartisan,NA,Undecided,16
New York,24809,Siena,2016-06-22,2016-06-28,Registered Voters,803,Live Phone,Nonpartisan,NA,Johnson,NA
New York,24809,Siena,2016-06-22,2016-06-28,Registered Voters,803,Live Phone,Nonpartisan,NA,McMullin,NA
New York,24585,Siena,2016-05-22,2016-05-26,Registered Voters,825,Live Phone,Nonpartisan,NA,Trump,31
New York,24585,Siena,2016-05-22,2016-05-26,Registered Voters,825,Live Phone,Nonpartisan,NA,Clinton,52
New York,24585,Siena,2016-05-22,2016-05-26,Registered Voters,825,Live Phone,Nonpartisan,NA,Other,NA
New York,24585,Siena,2016-05-22,2016-05-26,Registered Voters,825,Live Phone,Nonpartisan,NA,Undecided,17
New York,24585,Siena,2016-05-22,2016-05-26,Registered Voters,825,Live Phone,Nonpartisan,NA,Johnson,NA
New York,24585,Siena,2016-05-22,2016-05-26,Registered Voters,825,Live Phone,Nonpartisan,NA,McMullin,NA
New York,24430,Siena,2016-04-24,2016-04-27,Registered Voters,802,Live Phone,Nonpartisan,NA,Trump,30
New York,24430,Siena,2016-04-24,2016-04-27,Registered Voters,802,Live Phone,Nonpartisan,NA,Clinton,56
New York,24430,Siena,2016-04-24,2016-04-27,Registered Voters,802,Live Phone,Nonpartisan,NA,Other,NA
New York,24430,Siena,2016-04-24,2016-04-27,Registered Voters,802,Live Phone,Nonpartisan,NA,Undecided,15
New York,24430,Siena,2016-04-24,2016-04-27,Registered Voters,802,Live Phone,Nonpartisan,NA,Johnson,NA
New York,24430,Siena,2016-04-24,2016-04-27,Registered Voters,802,Live Phone,Nonpartisan,NA,McMullin,NA
New York,24294,Emerson College Polling Society,2016-04-15,2016-04-17,Likely Voters,1047,Automated Phone,Nonpartisan,NA,Trump,36
New York,24294,Emerson College Polling Society,2016-04-15,2016-04-17,Likely Voters,1047,Automated Phone,Nonpartisan,NA,Clinton,55
New York,24294,Emerson College Polling Society,2016-04-15,2016-04-17,Likely Voters,1047,Automated Phone,Nonpartisan,NA,Other,NA
New York,24294,Emerson College Polling Society,2016-04-15,2016-04-17,Likely Voters,1047,Automated Phone,Nonpartisan,NA,Undecided,9
New York,24294,Emerson College Polling Society,2016-04-15,2016-04-17,Likely Voters,1047,Automated Phone,Nonpartisan,NA,Johnson,NA
New York,24294,Emerson College Polling Society,2016-04-15,2016-04-17,Likely Voters,1047,Automated Phone,Nonpartisan,NA,McMullin,NA
New York,24259,PPP (D),2016-04-07,2016-04-10,Likely Voters,1403,IVR/Online,Pollster,Dem,Trump,35
New York,24259,PPP (D),2016-04-07,2016-04-10,Likely Voters,1403,IVR/Online,Pollster,Dem,Clinton,55
New York,24259,PPP (D),2016-04-07,2016-04-10,Likely Voters,1403,IVR/Online,Pollster,Dem,Other,NA
New York,24259,PPP (D),2016-04-07,2016-04-10,Likely Voters,1403,IVR/Online,Pollster,Dem,Undecided,10
New York,24259,PPP (D),2016-04-07,2016-04-10,Likely Voters,1403,IVR/Online,Pollster,Dem,Johnson,NA
New York,24259,PPP (D),2016-04-07,2016-04-10,Likely Voters,1403,IVR/Online,Pollster,Dem,McMullin,NA
New York,24249,NBC/WSJ/Marist,2016-04-06,2016-04-10,Registered Voters,1987,Live Phone,Nonpartisan,NA,Trump,32
New York,24249,NBC/WSJ/Marist,2016-04-06,2016-04-10,Registered Voters,1987,Live Phone,Nonpartisan,NA,Clinton,61
New York,24249,NBC/WSJ/Marist,2016-04-06,2016-04-10,Registered Voters,1987,Live Phone,Nonpartisan,NA,Other,NA
New York,24249,NBC/WSJ/Marist,2016-04-06,2016-04-10,Registered Voters,1987,Live Phone,Nonpartisan,NA,Undecided,7
New York,24249,NBC/WSJ/Marist,2016-04-06,2016-04-10,Registered Voters,1987,Live Phone,Nonpartisan,NA,Johnson,NA
New York,24249,NBC/WSJ/Marist,2016-04-06,2016-04-10,Registered Voters,1987,Live Phone,Nonpartisan,NA,McMullin,NA
New York,24253,Baruch College/New York 1,2016-04-05,2016-04-10,Registered Voters,1306,Live Phone,Nonpartisan,NA,Trump,35
New York,24253,Baruch College/New York 1,2016-04-05,2016-04-10,Registered Voters,1306,Live Phone,Nonpartisan,NA,Clinton,51
New York,24253,Baruch College/New York 1,2016-04-05,2016-04-10,Registered Voters,1306,Live Phone,Nonpartisan,NA,Other,NA
New York,24253,Baruch College/New York 1,2016-04-05,2016-04-10,Registered Voters,1306,Live Phone,Nonpartisan,NA,Undecided,14
New York,24253,Baruch College/New York 1,2016-04-05,2016-04-10,Registered Voters,1306,Live Phone,Nonpartisan,NA,Johnson,NA
New York,24253,Baruch College/New York 1,2016-04-05,2016-04-10,Registered Voters,1306,Live Phone,Nonpartisan,NA,McMullin,NA
New York,24235,Emerson College Polling Society,2016-04-06,2016-04-07,Likely Voters,864,Automated Phone,Nonpartisan,NA,Trump,36
New York,24235,Emerson College Polling Society,2016-04-06,2016-04-07,Likely Voters,864,Automated Phone,Nonpartisan,NA,Clinton,54
New York,24235,Emerson College Polling Society,2016-04-06,2016-04-07,Likely Voters,864,Automated Phone,Nonpartisan,NA,Other,NA
New York,24235,Emerson College Polling Society,2016-04-06,2016-04-07,Likely Voters,864,Automated Phone,Nonpartisan,NA,Undecided,10
New York,24235,Emerson College Polling Society,2016-04-06,2016-04-07,Likely Voters,864,Automated Phone,Nonpartisan,NA,Johnson,NA
New York,24235,Emerson College Polling Society,2016-04-06,2016-04-07,Likely Voters,864,Automated Phone,Nonpartisan,NA,McMullin,NA
New York,24239,Fox News,2016-04-04,2016-04-07,Likely Voters,1403,Live Phone,Nonpartisan,NA,Trump,37
New York,24239,Fox News,2016-04-04,2016-04-07,Likely Voters,1403,Live Phone,Nonpartisan,NA,Clinton,53
New York,24239,Fox News,2016-04-04,2016-04-07,Likely Voters,1403,Live Phone,Nonpartisan,NA,Other,2
New York,24239,Fox News,2016-04-04,2016-04-07,Likely Voters,1403,Live Phone,Nonpartisan,NA,Undecided,8
New York,24239,Fox News,2016-04-04,2016-04-07,Likely Voters,1403,Live Phone,Nonpartisan,NA,Johnson,NA
New York,24239,Fox News,2016-04-04,2016-04-07,Likely Voters,1403,Live Phone,Nonpartisan,NA,McMullin,NA
New York,24174,Quinnipiac,2016-03-22,2016-03-29,Registered Voters,1667,Live Phone,Nonpartisan,NA,Trump,33
New York,24174,Quinnipiac,2016-03-22,2016-03-29,Registered Voters,1667,Live Phone,Nonpartisan,NA,Clinton,53
New York,24174,Quinnipiac,2016-03-22,2016-03-29,Registered Voters,1667,Live Phone,Nonpartisan,NA,Other,2
New York,24174,Quinnipiac,2016-03-22,2016-03-29,Registered Voters,1667,Live Phone,Nonpartisan,NA,Undecided,11
New York,24174,Quinnipiac,2016-03-22,2016-03-29,Registered Voters,1667,Live Phone,Nonpartisan,NA,Johnson,NA
New York,24174,Quinnipiac,2016-03-22,2016-03-29,Registered Voters,1667,Live Phone,Nonpartisan,NA,McMullin,NA
New York,24106,Emerson College Polling Society,2016-03-14,2016-03-16,Likely Voters,768,Automated Phone,Nonpartisan,NA,Trump,36
New York,24106,Emerson College Polling Society,2016-03-14,2016-03-16,Likely Voters,768,Automated Phone,Nonpartisan,NA,Clinton,55
New York,24106,Emerson College Polling Society,2016-03-14,2016-03-16,Likely Voters,768,Automated Phone,Nonpartisan,NA,Other,NA
New York,24106,Emerson College Polling Society,2016-03-14,2016-03-16,Likely Voters,768,Automated Phone,Nonpartisan,NA,Undecided,10
New York,24106,Emerson College Polling Society,2016-03-14,2016-03-16,Likely Voters,768,Automated Phone,Nonpartisan,NA,Johnson,NA
New York,24106,Emerson College Polling Society,2016-03-14,2016-03-16,Likely Voters,768,Automated Phone,Nonpartisan,NA,McMullin,NA
New York,23997,Siena,2016-02-28,2016-03-03,Registered Voters,800,Live Phone,Nonpartisan,NA,Trump,34
New York,23997,Siena,2016-02-28,2016-03-03,Registered Voters,800,Live Phone,Nonpartisan,NA,Clinton,57
New York,23997,Siena,2016-02-28,2016-03-03,Registered Voters,800,Live Phone,Nonpartisan,NA,Other,NA
New York,23997,Siena,2016-02-28,2016-03-03,Registered Voters,800,Live Phone,Nonpartisan,NA,Undecided,10
New York,23997,Siena,2016-02-28,2016-03-03,Registered Voters,800,Live Phone,Nonpartisan,NA,Johnson,NA
New York,23997,Siena,2016-02-28,2016-03-03,Registered Voters,800,Live Phone,Nonpartisan,NA,McMullin,NA
New York,23712,Siena,2016-01-31,2016-02-03,Registered Voters,930,Live Phone,Nonpartisan,NA,Trump,32
New York,23712,Siena,2016-01-31,2016-02-03,Registered Voters,930,Live Phone,Nonpartisan,NA,Clinton,57
New York,23712,Siena,2016-01-31,2016-02-03,Registered Voters,930,Live Phone,Nonpartisan,NA,Other,NA
New York,23712,Siena,2016-01-31,2016-02-03,Registered Voters,930,Live Phone,Nonpartisan,NA,Undecided,11
New York,23712,Siena,2016-01-31,2016-02-03,Registered Voters,930,Live Phone,Nonpartisan,NA,Johnson,NA
New York,23712,Siena,2016-01-31,2016-02-03,Registered Voters,930,Live Phone,Nonpartisan,NA,McMullin,NA
New Hampshire,26807,SurveyMonkey,2016-11-01,2016-11-07,Likely Voters,696,Internet,Nonpartisan,NA,Trump,38
New Hampshire,26807,SurveyMonkey,2016-11-01,2016-11-07,Likely Voters,696,Internet,Nonpartisan,NA,Clinton,47
New Hampshire,26807,SurveyMonkey,2016-11-01,2016-11-07,Likely Voters,696,Internet,Nonpartisan,NA,Other,2
New Hampshire,26807,SurveyMonkey,2016-11-01,2016-11-07,Likely Voters,696,Internet,Nonpartisan,NA,Undecided,3
New Hampshire,26807,SurveyMonkey,2016-11-01,2016-11-07,Likely Voters,696,Internet,Nonpartisan,NA,Johnson,10
New Hampshire,26807,SurveyMonkey,2016-11-01,2016-11-07,Likely Voters,696,Internet,Nonpartisan,NA,McMullin,NA
New Hampshire,26768,UNH/WMUR,2016-11-03,2016-11-06,Likely Voters,692,Live Phone,Nonpartisan,NA,Trump,38
New Hampshire,26768,UNH/WMUR,2016-11-03,2016-11-06,Likely Voters,692,Live Phone,Nonpartisan,NA,Clinton,49
New Hampshire,26768,UNH/WMUR,2016-11-03,2016-11-06,Likely Voters,692,Live Phone,Nonpartisan,NA,Other,3
New Hampshire,26768,UNH/WMUR,2016-11-03,2016-11-06,Likely Voters,692,Live Phone,Nonpartisan,NA,Undecided,4
New Hampshire,26768,UNH/WMUR,2016-11-03,2016-11-06,Likely Voters,692,Live Phone,Nonpartisan,NA,Johnson,6
New Hampshire,26768,UNH/WMUR,2016-11-03,2016-11-06,Likely Voters,692,Live Phone,Nonpartisan,NA,McMullin,NA
New Hampshire,26793,UPI/CVOTER,2016-10-30,2016-11-06,Likely Voters,310,Internet,Nonpartisan,NA,Trump,43
New Hampshire,26793,UPI/CVOTER,2016-10-30,2016-11-06,Likely Voters,310,Internet,Nonpartisan,NA,Clinton,49
New Hampshire,26793,UPI/CVOTER,2016-10-30,2016-11-06,Likely Voters,310,Internet,Nonpartisan,NA,Other,8
New Hampshire,26793,UPI/CVOTER,2016-10-30,2016-11-06,Likely Voters,310,Internet,Nonpartisan,NA,Undecided,NA
New Hampshire,26793,UPI/CVOTER,2016-10-30,2016-11-06,Likely Voters,310,Internet,Nonpartisan,NA,Johnson,NA
New Hampshire,26793,UPI/CVOTER,2016-10-30,2016-11-06,Likely Voters,310,Internet,Nonpartisan,NA,McMullin,NA
New Hampshire,26806,Ipsos/Reuters,2016-10-17,2016-11-06,Likely Voters,316,Internet,Nonpartisan,NA,Trump,42
New Hampshire,26806,Ipsos/Reuters,2016-10-17,2016-11-06,Likely Voters,316,Internet,Nonpartisan,NA,Clinton,44
New Hampshire,26806,Ipsos/Reuters,2016-10-17,2016-11-06,Likely Voters,316,Internet,Nonpartisan,NA,Other,NA
New Hampshire,26806,Ipsos/Reuters,2016-10-17,2016-11-06,Likely Voters,316,Internet,Nonpartisan,NA,Undecided,14
New Hampshire,26806,Ipsos/Reuters,2016-10-17,2016-11-06,Likely Voters,316,Internet,Nonpartisan,NA,Johnson,NA
New Hampshire,26806,Ipsos/Reuters,2016-10-17,2016-11-06,Likely Voters,316,Internet,Nonpartisan,NA,McMullin,NA
New Hampshire,26708,Gravis Marketing/Breitbart,2016-11-01,2016-11-02,Registered Voters,1001,IVR/Online,Nonpartisan,NA,Trump,43
New Hampshire,26708,Gravis Marketing/Breitbart,2016-11-01,2016-11-02,Registered Voters,1001,IVR/Online,Nonpartisan,NA,Clinton,41
New Hampshire,26708,Gravis Marketing/Breitbart,2016-11-01,2016-11-02,Registered Voters,1001,IVR/Online,Nonpartisan,NA,Other,5
New Hampshire,26708,Gravis Marketing/Breitbart,2016-11-01,2016-11-02,Registered Voters,1001,IVR/Online,Nonpartisan,NA,Undecided,3
New Hampshire,26708,Gravis Marketing/Breitbart,2016-11-01,2016-11-02,Registered Voters,1001,IVR/Online,Nonpartisan,NA,Johnson,7
New Hampshire,26708,Gravis Marketing/Breitbart,2016-11-01,2016-11-02,Registered Voters,1001,IVR/Online,Nonpartisan,NA,McMullin,NA
New Hampshire,26676,Suffolk/Boston Globe,2016-10-31,2016-11-02,Likely Voters,500,Live Phone,Nonpartisan,NA,Trump,42
New Hampshire,26676,Suffolk/Boston Globe,2016-10-31,2016-11-02,Likely Voters,500,Live Phone,Nonpartisan,NA,Clinton,42
New Hampshire,26676,Suffolk/Boston Globe,2016-10-31,2016-11-02,Likely Voters,500,Live Phone,Nonpartisan,NA,Other,2
New Hampshire,26676,Suffolk/Boston Globe,2016-10-31,2016-11-02,Likely Voters,500,Live Phone,Nonpartisan,NA,Undecided,9
New Hampshire,26676,Suffolk/Boston Globe,2016-10-31,2016-11-02,Likely Voters,500,Live Phone,Nonpartisan,NA,Johnson,5
New Hampshire,26676,Suffolk/Boston Globe,2016-10-31,2016-11-02,Likely Voters,500,Live Phone,Nonpartisan,NA,McMullin,NA
New Hampshire,26663,ARG,2016-10-31,2016-11-02,Likely Voters,600,Live Phone,Nonpartisan,NA,Trump,48
New Hampshire,26663,ARG,2016-10-31,2016-11-02,Likely Voters,600,Live Phone,Nonpartisan,NA,Clinton,43
New Hampshire,26663,ARG,2016-10-31,2016-11-02,Likely Voters,600,Live Phone,Nonpartisan,NA,Other,1
New Hampshire,26663,ARG,2016-10-31,2016-11-02,Likely Voters,600,Live Phone,Nonpartisan,NA,Undecided,4
New Hampshire,26663,ARG,2016-10-31,2016-11-02,Likely Voters,600,Live Phone,Nonpartisan,NA,Johnson,4
New Hampshire,26663,ARG,2016-10-31,2016-11-02,Likely Voters,600,Live Phone,Nonpartisan,NA,McMullin,NA
New Hampshire,26688,UMass Lowell/7 News,2016-10-28,2016-11-02,Likely Voters,695,Live Phone,Nonpartisan,NA,Trump,44
New Hampshire,26688,UMass Lowell/7 News,2016-10-28,2016-11-02,Likely Voters,695,Live Phone,Nonpartisan,NA,Clinton,44
New Hampshire,26688,UMass Lowell/7 News,2016-10-28,2016-11-02,Likely Voters,695,Live Phone,Nonpartisan,NA,Other,3
New Hampshire,26688,UMass Lowell/7 News,2016-10-28,2016-11-02,Likely Voters,695,Live Phone,Nonpartisan,NA,Undecided,4
New Hampshire,26688,UMass Lowell/7 News,2016-10-28,2016-11-02,Likely Voters,695,Live Phone,Nonpartisan,NA,Johnson,5
New Hampshire,26688,UMass Lowell/7 News,2016-10-28,2016-11-02,Likely Voters,695,Live Phone,Nonpartisan,NA,McMullin,NA
New Hampshire,26704,PPP (D-Center for American Progress Action Fund),2016-10-31,2016-11-01,Likely Voters,781,IVR/Online,Sponsor,Dem,Trump,43
New Hampshire,26704,PPP (D-Center for American Progress Action Fund),2016-10-31,2016-11-01,Likely Voters,781,IVR/Online,Sponsor,Dem,Clinton,48
New Hampshire,26704,PPP (D-Center for American Progress Action Fund),2016-10-31,2016-11-01,Likely Voters,781,IVR/Online,Sponsor,Dem,Other,NA
New Hampshire,26704,PPP (D-Center for American Progress Action Fund),2016-10-31,2016-11-01,Likely Voters,781,IVR/Online,Sponsor,Dem,Undecided,9
New Hampshire,26704,PPP (D-Center for American Progress Action Fund),2016-10-31,2016-11-01,Likely Voters,781,IVR/Online,Sponsor,Dem,Johnson,NA
New Hampshire,26704,PPP (D-Center for American Progress Action Fund),2016-10-31,2016-11-01,Likely Voters,781,IVR/Online,Sponsor,Dem,McMullin,NA
New Hampshire,26646,MassINC/WBUR,2016-10-29,2016-11-01,Likely Voters,500,Live Phone,Nonpartisan,NA,Trump,40
New Hampshire,26646,MassINC/WBUR,2016-10-29,2016-11-01,Likely Voters,500,Live Phone,Nonpartisan,NA,Clinton,39
New Hampshire,26646,MassINC/WBUR,2016-10-29,2016-11-01,Likely Voters,500,Live Phone,Nonpartisan,NA,Other,3
New Hampshire,26646,MassINC/WBUR,2016-10-29,2016-11-01,Likely Voters,500,Live Phone,Nonpartisan,NA,Undecided,7
New Hampshire,26646,MassINC/WBUR,2016-10-29,2016-11-01,Likely Voters,500,Live Phone,Nonpartisan,NA,Johnson,10
New Hampshire,26646,MassINC/WBUR,2016-10-29,2016-11-01,Likely Voters,500,Live Phone,Nonpartisan,NA,McMullin,NA
New Hampshire,26596,SurveyMonkey,2016-10-25,2016-10-31,Likely Voters,659,Internet,Nonpartisan,NA,Trump,35
New Hampshire,26596,SurveyMonkey,2016-10-25,2016-10-31,Likely Voters,659,Internet,Nonpartisan,NA,Clinton,48
New Hampshire,26596,SurveyMonkey,2016-10-25,2016-10-31,Likely Voters,659,Internet,Nonpartisan,NA,Other,3
New Hampshire,26596,SurveyMonkey,2016-10-25,2016-10-31,Likely Voters,659,Internet,Nonpartisan,NA,Undecided,3
New Hampshire,26596,SurveyMonkey,2016-10-25,2016-10-31,Likely Voters,659,Internet,Nonpartisan,NA,Johnson,10
New Hampshire,26596,SurveyMonkey,2016-10-25,2016-10-31,Likely Voters,659,Internet,Nonpartisan,NA,McMullin,NA
New Hampshire,26586,UNH/WMUR,2016-10-26,2016-10-30,Likely Voters,618,Live Phone,Nonpartisan,NA,Trump,39
New Hampshire,26586,UNH/WMUR,2016-10-26,2016-10-30,Likely Voters,618,Live Phone,Nonpartisan,NA,Clinton,46
New Hampshire,26586,UNH/WMUR,2016-10-26,2016-10-30,Likely Voters,618,Live Phone,Nonpartisan,NA,Other,4
New Hampshire,26586,UNH/WMUR,2016-10-26,2016-10-30,Likely Voters,618,Live Phone,Nonpartisan,NA,Undecided,5
New Hampshire,26586,UNH/WMUR,2016-10-26,2016-10-30,Likely Voters,618,Live Phone,Nonpartisan,NA,Johnson,6
New Hampshire,26586,UNH/WMUR,2016-10-26,2016-10-30,Likely Voters,618,Live Phone,Nonpartisan,NA,McMullin,NA
New Hampshire,26592,UPI/CVOTER,2016-10-23,2016-10-29,Likely Voters,307,Internet,Nonpartisan,NA,Trump,47
New Hampshire,26592,UPI/CVOTER,2016-10-23,2016-10-29,Likely Voters,307,Internet,Nonpartisan,NA,Clinton,50
New Hampshire,26592,UPI/CVOTER,2016-10-23,2016-10-29,Likely Voters,307,Internet,Nonpartisan,NA,Other,4
New Hampshire,26592,UPI/CVOTER,2016-10-23,2016-10-29,Likely Voters,307,Internet,Nonpartisan,NA,Undecided,NA
New Hampshire,26592,UPI/CVOTER,2016-10-23,2016-10-29,Likely Voters,307,Internet,Nonpartisan,NA,Johnson,NA
New Hampshire,26592,UPI/CVOTER,2016-10-23,2016-10-29,Likely Voters,307,Internet,Nonpartisan,NA,McMullin,NA
New Hampshire,26447,Monmouth University,2016-10-22,2016-10-25,Likely Voters,401,Live Phone,Nonpartisan,NA,Trump,42
New Hampshire,26447,Monmouth University,2016-10-22,2016-10-25,Likely Voters,401,Live Phone,Nonpartisan,NA,Clinton,46
New Hampshire,26447,Monmouth University,2016-10-22,2016-10-25,Likely Voters,401,Live Phone,Nonpartisan,NA,Other,2
New Hampshire,26447,Monmouth University,2016-10-22,2016-10-25,Likely Voters,401,Live Phone,Nonpartisan,NA,Undecided,4
New Hampshire,26447,Monmouth University,2016-10-22,2016-10-25,Likely Voters,401,Live Phone,Nonpartisan,NA,Johnson,7
New Hampshire,26447,Monmouth University,2016-10-22,2016-10-25,Likely Voters,401,Live Phone,Nonpartisan,NA,McMullin,NA
New Hampshire,26485,NBC/WSJ/Marist,2016-10-20,2016-10-24,Likely Voters,768,Live Phone,Nonpartisan,NA,Trump,39
New Hampshire,26485,NBC/WSJ/Marist,2016-10-20,2016-10-24,Likely Voters,768,Live Phone,Nonpartisan,NA,Clinton,47
New Hampshire,26485,NBC/WSJ/Marist,2016-10-20,2016-10-24,Likely Voters,768,Live Phone,Nonpartisan,NA,Other,12
New Hampshire,26485,NBC/WSJ/Marist,2016-10-20,2016-10-24,Likely Voters,768,Live Phone,Nonpartisan,NA,Undecided,2
New Hampshire,26485,NBC/WSJ/Marist,2016-10-20,2016-10-24,Likely Voters,768,Live Phone,Nonpartisan,NA,Johnson,NA
New Hampshire,26485,NBC/WSJ/Marist,2016-10-20,2016-10-24,Likely Voters,768,Live Phone,Nonpartisan,NA,McMullin,NA
New Hampshire,26441,SurveyMonkey,2016-10-18,2016-10-24,Likely Voters,779,Internet,Nonpartisan,NA,Trump,37
New Hampshire,26441,SurveyMonkey,2016-10-18,2016-10-24,Likely Voters,779,Internet,Nonpartisan,NA,Clinton,49
New Hampshire,26441,SurveyMonkey,2016-10-18,2016-10-24,Likely Voters,779,Internet,Nonpartisan,NA,Other,2
New Hampshire,26441,SurveyMonkey,2016-10-18,2016-10-24,Likely Voters,779,Internet,Nonpartisan,NA,Undecided,2
New Hampshire,26441,SurveyMonkey,2016-10-18,2016-10-24,Likely Voters,779,Internet,Nonpartisan,NA,Johnson,10
New Hampshire,26441,SurveyMonkey,2016-10-18,2016-10-24,Likely Voters,779,Internet,Nonpartisan,NA,McMullin,NA
New Hampshire,26495,UMass Amherst/WBZ-TV/YouGov,2016-10-17,2016-10-21,Likely Voters,772,Internet,Nonpartisan,NA,Trump,38
New Hampshire,26495,UMass Amherst/WBZ-TV/YouGov,2016-10-17,2016-10-21,Likely Voters,772,Internet,Nonpartisan,NA,Clinton,43
New Hampshire,26495,UMass Amherst/WBZ-TV/YouGov,2016-10-17,2016-10-21,Likely Voters,772,Internet,Nonpartisan,NA,Other,8
New Hampshire,26495,UMass Amherst/WBZ-TV/YouGov,2016-10-17,2016-10-21,Likely Voters,772,Internet,Nonpartisan,NA,Undecided,4
New Hampshire,26495,UMass Amherst/WBZ-TV/YouGov,2016-10-17,2016-10-21,Likely Voters,772,Internet,Nonpartisan,NA,Johnson,8
New Hampshire,26495,UMass Amherst/WBZ-TV/YouGov,2016-10-17,2016-10-21,Likely Voters,772,Internet,Nonpartisan,NA,McMullin,NA
New Hampshire,26281,UNH/WMUR,2016-10-11,2016-10-17,Likely Voters,755,Live Phone,Nonpartisan,NA,Trump,34
New Hampshire,26281,UNH/WMUR,2016-10-11,2016-10-17,Likely Voters,755,Live Phone,Nonpartisan,NA,Clinton,49
New Hampshire,26281,UNH/WMUR,2016-10-11,2016-10-17,Likely Voters,755,Live Phone,Nonpartisan,NA,Other,7
New Hampshire,26281,UNH/WMUR,2016-10-11,2016-10-17,Likely Voters,755,Live Phone,Nonpartisan,NA,Undecided,3
New Hampshire,26281,UNH/WMUR,2016-10-11,2016-10-17,Likely Voters,755,Live Phone,Nonpartisan,NA,Johnson,8
New Hampshire,26281,UNH/WMUR,2016-10-11,2016-10-17,Likely Voters,755,Live Phone,Nonpartisan,NA,McMullin,NA
New Hampshire,26249,WashPost/SurveyMonkey,2016-10-08,2016-10-16,Likely Voters,569,Internet,Nonpartisan,NA,Trump,43
New Hampshire,26249,WashPost/SurveyMonkey,2016-10-08,2016-10-16,Likely Voters,569,Internet,Nonpartisan,NA,Clinton,50
New Hampshire,26249,WashPost/SurveyMonkey,2016-10-08,2016-10-16,Likely Voters,569,Internet,Nonpartisan,NA,Other,NA
New Hampshire,26249,WashPost/SurveyMonkey,2016-10-08,2016-10-16,Likely Voters,569,Internet,Nonpartisan,NA,Undecided,8
New Hampshire,26249,WashPost/SurveyMonkey,2016-10-08,2016-10-16,Likely Voters,569,Internet,Nonpartisan,NA,Johnson,NA
New Hampshire,26249,WashPost/SurveyMonkey,2016-10-08,2016-10-16,Likely Voters,569,Internet,Nonpartisan,NA,McMullin,NA
New Hampshire,26344,Ipsos/Reuters,2016-09-23,2016-10-13,Likely Voters,282,Internet,Nonpartisan,NA,Trump,42
New Hampshire,26344,Ipsos/Reuters,2016-09-23,2016-10-13,Likely Voters,282,Internet,Nonpartisan,NA,Clinton,46
New Hampshire,26344,Ipsos/Reuters,2016-09-23,2016-10-13,Likely Voters,282,Internet,Nonpartisan,NA,Other,NA
New Hampshire,26344,Ipsos/Reuters,2016-09-23,2016-10-13,Likely Voters,282,Internet,Nonpartisan,NA,Undecided,12
New Hampshire,26344,Ipsos/Reuters,2016-09-23,2016-10-13,Likely Voters,282,Internet,Nonpartisan,NA,Johnson,NA
New Hampshire,26344,Ipsos/Reuters,2016-09-23,2016-10-13,Likely Voters,282,Internet,Nonpartisan,NA,McMullin,NA
New Hampshire,26171,MassINC/WBUR,2016-10-10,2016-10-12,Likely Voters,501,Live Phone,Nonpartisan,NA,Trump,38
New Hampshire,26171,MassINC/WBUR,2016-10-10,2016-10-12,Likely Voters,501,Live Phone,Nonpartisan,NA,Clinton,41
New Hampshire,26171,MassINC/WBUR,2016-10-10,2016-10-12,Likely Voters,501,Live Phone,Nonpartisan,NA,Other,3
New Hampshire,26171,MassINC/WBUR,2016-10-10,2016-10-12,Likely Voters,501,Live Phone,Nonpartisan,NA,Undecided,7
New Hampshire,26171,MassINC/WBUR,2016-10-10,2016-10-12,Likely Voters,501,Live Phone,Nonpartisan,NA,Johnson,11
New Hampshire,26171,MassINC/WBUR,2016-10-10,2016-10-12,Likely Voters,501,Live Phone,Nonpartisan,NA,McMullin,NA
New Hampshire,26169,UMass Lowell/7 News,2016-10-07,2016-10-11,Likely Voters,517,Live Phone,Nonpartisan,NA,Trump,39
New Hampshire,26169,UMass Lowell/7 News,2016-10-07,2016-10-11,Likely Voters,517,Live Phone,Nonpartisan,NA,Clinton,45
New Hampshire,26169,UMass Lowell/7 News,2016-10-07,2016-10-11,Likely Voters,517,Live Phone,Nonpartisan,NA,Other,4
New Hampshire,26169,UMass Lowell/7 News,2016-10-07,2016-10-11,Likely Voters,517,Live Phone,Nonpartisan,NA,Undecided,4
New Hampshire,26169,UMass Lowell/7 News,2016-10-07,2016-10-11,Likely Voters,517,Live Phone,Nonpartisan,NA,Johnson,9
New Hampshire,26169,UMass Lowell/7 News,2016-10-07,2016-10-11,Likely Voters,517,Live Phone,Nonpartisan,NA,McMullin,NA
New Hampshire,26121,Ipsos/Reuters,2016-09-16,2016-10-06,Likely Voters,293,Internet,Nonpartisan,NA,Trump,40
New Hampshire,26121,Ipsos/Reuters,2016-09-16,2016-10-06,Likely Voters,293,Internet,Nonpartisan,NA,Clinton,49
New Hampshire,26121,Ipsos/Reuters,2016-09-16,2016-10-06,Likely Voters,293,Internet,Nonpartisan,NA,Other,NA
New Hampshire,26121,Ipsos/Reuters,2016-09-16,2016-10-06,Likely Voters,293,Internet,Nonpartisan,NA,Undecided,11
New Hampshire,26121,Ipsos/Reuters,2016-09-16,2016-10-06,Likely Voters,293,Internet,Nonpartisan,NA,Johnson,NA
New Hampshire,26121,Ipsos/Reuters,2016-09-16,2016-10-06,Likely Voters,293,Internet,Nonpartisan,NA,McMullin,NA
New Hampshire,25983,Suffolk/Boston Globe,2016-10-03,2016-10-05,Likely Voters,500,Live Phone,Nonpartisan,NA,Trump,42
New Hampshire,25983,Suffolk/Boston Globe,2016-10-03,2016-10-05,Likely Voters,500,Live Phone,Nonpartisan,NA,Clinton,44
New Hampshire,25983,Suffolk/Boston Globe,2016-10-03,2016-10-05,Likely Voters,500,Live Phone,Nonpartisan,NA,Other,1
New Hampshire,25983,Suffolk/Boston Globe,2016-10-03,2016-10-05,Likely Voters,500,Live Phone,Nonpartisan,NA,Undecided,8
New Hampshire,25983,Suffolk/Boston Globe,2016-10-03,2016-10-05,Likely Voters,500,Live Phone,Nonpartisan,NA,Johnson,5
New Hampshire,25983,Suffolk/Boston Globe,2016-10-03,2016-10-05,Likely Voters,500,Live Phone,Nonpartisan,NA,McMullin,NA
New Hampshire,26155,GQR (Save the Children Action Network),2016-09-29,2016-10-02,Likely Voters,500,Live Phone,Pollster,Dem,Trump,38
New Hampshire,26155,GQR (Save the Children Action Network),2016-09-29,2016-10-02,Likely Voters,500,Live Phone,Pollster,Dem,Clinton,46
New Hampshire,26155,GQR (Save the Children Action Network),2016-09-29,2016-10-02,Likely Voters,500,Live Phone,Pollster,Dem,Other,3
New Hampshire,26155,GQR (Save the Children Action Network),2016-09-29,2016-10-02,Likely Voters,500,Live Phone,Pollster,Dem,Undecided,6
New Hampshire,26155,GQR (Save the Children Action Network),2016-09-29,2016-10-02,Likely Voters,500,Live Phone,Pollster,Dem,Johnson,7
New Hampshire,26155,GQR (Save the Children Action Network),2016-09-29,2016-10-02,Likely Voters,500,Live Phone,Pollster,Dem,McMullin,NA
New Hampshire,25810,MassINC/WBUR,2016-09-27,2016-09-29,Likely Voters,502,Live Phone,Nonpartisan,NA,Trump,35
New Hampshire,25810,MassINC/WBUR,2016-09-27,2016-09-29,Likely Voters,502,Live Phone,Nonpartisan,NA,Clinton,42
New Hampshire,25810,MassINC/WBUR,2016-09-27,2016-09-29,Likely Voters,502,Live Phone,Nonpartisan,NA,Other,4
New Hampshire,25810,MassINC/WBUR,2016-09-27,2016-09-29,Likely Voters,502,Live Phone,Nonpartisan,NA,Undecided,6
New Hampshire,25810,MassINC/WBUR,2016-09-27,2016-09-29,Likely Voters,502,Live Phone,Nonpartisan,NA,Johnson,13
New Hampshire,25810,MassINC/WBUR,2016-09-27,2016-09-29,Likely Voters,502,Live Phone,Nonpartisan,NA,McMullin,NA
New Hampshire,25820,GBA Strategies (D-End Citizens United),2016-09-25,2016-09-27,Likely Voters,600,Live Phone,Sponsor,Dem,Trump,37
New Hampshire,25820,GBA Strategies (D-End Citizens United),2016-09-25,2016-09-27,Likely Voters,600,Live Phone,Sponsor,Dem,Clinton,43
New Hampshire,25820,GBA Strategies (D-End Citizens United),2016-09-25,2016-09-27,Likely Voters,600,Live Phone,Sponsor,Dem,Other,5
New Hampshire,25820,GBA Strategies (D-End Citizens United),2016-09-25,2016-09-27,Likely Voters,600,Live Phone,Sponsor,Dem,Undecided,4
New Hampshire,25820,GBA Strategies (D-End Citizens United),2016-09-25,2016-09-27,Likely Voters,600,Live Phone,Sponsor,Dem,Johnson,11
New Hampshire,25820,GBA Strategies (D-End Citizens United),2016-09-25,2016-09-27,Likely Voters,600,Live Phone,Sponsor,Dem,McMullin,NA
New Hampshire,25745,ARG,2016-09-20,2016-09-25,Registered Voters,522,Live Phone,Nonpartisan,NA,Trump,42
New Hampshire,25745,ARG,2016-09-20,2016-09-25,Registered Voters,522,Live Phone,Nonpartisan,NA,Clinton,46
New Hampshire,25745,ARG,2016-09-20,2016-09-25,Registered Voters,522,Live Phone,Nonpartisan,NA,Other,1
New Hampshire,25745,ARG,2016-09-20,2016-09-25,Registered Voters,522,Live Phone,Nonpartisan,NA,Undecided,5
New Hampshire,25745,ARG,2016-09-20,2016-09-25,Registered Voters,522,Live Phone,Nonpartisan,NA,Johnson,6
New Hampshire,25745,ARG,2016-09-20,2016-09-25,Registered Voters,522,Live Phone,Nonpartisan,NA,McMullin,NA
New Hampshire,25596,Monmouth University,2016-09-17,2016-09-20,Likely Voters,400,Live Phone,Nonpartisan,NA,Trump,38
New Hampshire,25596,Monmouth University,2016-09-17,2016-09-20,Likely Voters,400,Live Phone,Nonpartisan,NA,Clinton,47
New Hampshire,25596,Monmouth University,2016-09-17,2016-09-20,Likely Voters,400,Live Phone,Nonpartisan,NA,Other,2
New Hampshire,25596,Monmouth University,2016-09-17,2016-09-20,Likely Voters,400,Live Phone,Nonpartisan,NA,Undecided,3
New Hampshire,25596,Monmouth University,2016-09-17,2016-09-20,Likely Voters,400,Live Phone,Nonpartisan,NA,Johnson,10
New Hampshire,25596,Monmouth University,2016-09-17,2016-09-20,Likely Voters,400,Live Phone,Nonpartisan,NA,McMullin,NA
New Hampshire,25560,Ipsos/Reuters,2016-08-26,2016-09-15,Likely Voters,269,Internet,Nonpartisan,NA,Trump,39
New Hampshire,25560,Ipsos/Reuters,2016-08-26,2016-09-15,Likely Voters,269,Internet,Nonpartisan,NA,Clinton,48
New Hampshire,25560,Ipsos/Reuters,2016-08-26,2016-09-15,Likely Voters,269,Internet,Nonpartisan,NA,Other,NA
New Hampshire,25560,Ipsos/Reuters,2016-08-26,2016-09-15,Likely Voters,269,Internet,Nonpartisan,NA,Undecided,13
New Hampshire,25560,Ipsos/Reuters,2016-08-26,2016-09-15,Likely Voters,269,Internet,Nonpartisan,NA,Johnson,NA
New Hampshire,25560,Ipsos/Reuters,2016-08-26,2016-09-15,Likely Voters,269,Internet,Nonpartisan,NA,McMullin,NA
New Hampshire,25442,NBC/WSJ/Marist,2016-09-06,2016-09-08,Likely Voters,737,Live Phone,Nonpartisan,NA,Trump,41
New Hampshire,25442,NBC/WSJ/Marist,2016-09-06,2016-09-08,Likely Voters,737,Live Phone,Nonpartisan,NA,Clinton,42
New Hampshire,25442,NBC/WSJ/Marist,2016-09-06,2016-09-08,Likely Voters,737,Live Phone,Nonpartisan,NA,Other,13
New Hampshire,25442,NBC/WSJ/Marist,2016-09-06,2016-09-08,Likely Voters,737,Live Phone,Nonpartisan,NA,Undecided,3
New Hampshire,25442,NBC/WSJ/Marist,2016-09-06,2016-09-08,Likely Voters,737,Live Phone,Nonpartisan,NA,Johnson,NA
New Hampshire,25442,NBC/WSJ/Marist,2016-09-06,2016-09-08,Likely Voters,737,Live Phone,Nonpartisan,NA,McMullin,NA
New Hampshire,25379,WashPost/SurveyMonkey,2016-08-09,2016-09-01,Registered Voters,1218,Internet,Nonpartisan,NA,Trump,40
New Hampshire,25379,WashPost/SurveyMonkey,2016-08-09,2016-09-01,Registered Voters,1218,Internet,Nonpartisan,NA,Clinton,49
New Hampshire,25379,WashPost/SurveyMonkey,2016-08-09,2016-09-01,Registered Voters,1218,Internet,Nonpartisan,NA,Other,NA
New Hampshire,25379,WashPost/SurveyMonkey,2016-08-09,2016-09-01,Registered Voters,1218,Internet,Nonpartisan,NA,Undecided,11
New Hampshire,25379,WashPost/SurveyMonkey,2016-08-09,2016-09-01,Registered Voters,1218,Internet,Nonpartisan,NA,Johnson,NA
New Hampshire,25379,WashPost/SurveyMonkey,2016-08-09,2016-09-01,Registered Voters,1218,Internet,Nonpartisan,NA,McMullin,NA
New Hampshire,25413,PPP (D- Constitutional Responsibility Project),2016-08-30,2016-08-31,Likely Voters,585,IVR/Online,Sponsor,Dem,Trump,41
New Hampshire,25413,PPP (D- Constitutional Responsibility Project),2016-08-30,2016-08-31,Likely Voters,585,IVR/Online,Sponsor,Dem,Clinton,46
New Hampshire,25413,PPP (D- Constitutional Responsibility Project),2016-08-30,2016-08-31,Likely Voters,585,IVR/Online,Sponsor,Dem,Other,NA
New Hampshire,25413,PPP (D- Constitutional Responsibility Project),2016-08-30,2016-08-31,Likely Voters,585,IVR/Online,Sponsor,Dem,Undecided,13
New Hampshire,25413,PPP (D- Constitutional Responsibility Project),2016-08-30,2016-08-31,Likely Voters,585,IVR/Online,Sponsor,Dem,Johnson,NA
New Hampshire,25413,PPP (D- Constitutional Responsibility Project),2016-08-30,2016-08-31,Likely Voters,585,IVR/Online,Sponsor,Dem,McMullin,NA
New Hampshire,25317,PPP (D-NELP),2016-08-26,2016-08-28,Likely Voters,977,IVR/Online,Sponsor,Dem,Trump,40
New Hampshire,25317,PPP (D-NELP),2016-08-26,2016-08-28,Likely Voters,977,IVR/Online,Sponsor,Dem,Clinton,46
New Hampshire,25317,PPP (D-NELP),2016-08-26,2016-08-28,Likely Voters,977,IVR/Online,Sponsor,Dem,Other,NA
New Hampshire,25317,PPP (D-NELP),2016-08-26,2016-08-28,Likely Voters,977,IVR/Online,Sponsor,Dem,Undecided,14
New Hampshire,25317,PPP (D-NELP),2016-08-26,2016-08-28,Likely Voters,977,IVR/Online,Sponsor,Dem,Johnson,NA
New Hampshire,25317,PPP (D-NELP),2016-08-26,2016-08-28,Likely Voters,977,IVR/Online,Sponsor,Dem,McMullin,NA
New Hampshire,25422,UNH/WMUR,2016-08-20,2016-08-28,Likely Voters,433,Live Phone,Nonpartisan,NA,Trump,36
New Hampshire,25422,UNH/WMUR,2016-08-20,2016-08-28,Likely Voters,433,Live Phone,Nonpartisan,NA,Clinton,45
New Hampshire,25422,UNH/WMUR,2016-08-20,2016-08-28,Likely Voters,433,Live Phone,Nonpartisan,NA,Other,14
New Hampshire,25422,UNH/WMUR,2016-08-20,2016-08-28,Likely Voters,433,Live Phone,Nonpartisan,NA,Undecided,5
New Hampshire,25422,UNH/WMUR,2016-08-20,2016-08-28,Likely Voters,433,Live Phone,Nonpartisan,NA,Johnson,NA
New Hampshire,25422,UNH/WMUR,2016-08-20,2016-08-28,Likely Voters,433,Live Phone,Nonpartisan,NA,McMullin,NA
New Hampshire,25158,CBS/YouGov,2016-08-10,2016-08-12,Likely Voters,990,Internet,Nonpartisan,NA,Trump,36
New Hampshire,25158,CBS/YouGov,2016-08-10,2016-08-12,Likely Voters,990,Internet,Nonpartisan,NA,Clinton,45
New Hampshire,25158,CBS/YouGov,2016-08-10,2016-08-12,Likely Voters,990,Internet,Nonpartisan,NA,Other,6
New Hampshire,25158,CBS/YouGov,2016-08-10,2016-08-12,Likely Voters,990,Internet,Nonpartisan,NA,Undecided,7
New Hampshire,25158,CBS/YouGov,2016-08-10,2016-08-12,Likely Voters,990,Internet,Nonpartisan,NA,Johnson,5
New Hampshire,25158,CBS/YouGov,2016-08-10,2016-08-12,Likely Voters,990,Internet,Nonpartisan,NA,McMullin,NA
New Hampshire,25123,Vox Populi (R-ESA Fund),2016-08-07,2016-08-08,Registered Voters,820,IVR/Online,Sponsor,Rep,Trump,31
New Hampshire,25123,Vox Populi (R-ESA Fund),2016-08-07,2016-08-08,Registered Voters,820,IVR/Online,Sponsor,Rep,Clinton,41
New Hampshire,25123,Vox Populi (R-ESA Fund),2016-08-07,2016-08-08,Registered Voters,820,IVR/Online,Sponsor,Rep,Other,3
New Hampshire,25123,Vox Populi (R-ESA Fund),2016-08-07,2016-08-08,Registered Voters,820,IVR/Online,Sponsor,Rep,Undecided,13
New Hampshire,25123,Vox Populi (R-ESA Fund),2016-08-07,2016-08-08,Registered Voters,820,IVR/Online,Sponsor,Rep,Johnson,11
New Hampshire,25123,Vox Populi (R-ESA Fund),2016-08-07,2016-08-08,Registered Voters,820,IVR/Online,Sponsor,Rep,McMullin,NA
New Hampshire,25055,MassINC/WBUR,2016-07-29,2016-08-01,Likely Voters,609,Live Phone,Nonpartisan,NA,Trump,32
New Hampshire,25055,MassINC/WBUR,2016-07-29,2016-08-01,Likely Voters,609,Live Phone,Nonpartisan,NA,Clinton,47
New Hampshire,25055,MassINC/WBUR,2016-07-29,2016-08-01,Likely Voters,609,Live Phone,Nonpartisan,NA,Other,3
New Hampshire,25055,MassINC/WBUR,2016-07-29,2016-08-01,Likely Voters,609,Live Phone,Nonpartisan,NA,Undecided,9
New Hampshire,25055,MassINC/WBUR,2016-07-29,2016-08-01,Likely Voters,609,Live Phone,Nonpartisan,NA,Johnson,8
New Hampshire,25055,MassINC/WBUR,2016-07-29,2016-08-01,Likely Voters,609,Live Phone,Nonpartisan,NA,McMullin,NA
New Hampshire,24989,InsideSources/NH Journal,2016-07-19,2016-07-21,Registered Voters,1166,IVR/Live Phone,Nonpartisan,NA,Trump,48
New Hampshire,24989,InsideSources/NH Journal,2016-07-19,2016-07-21,Registered Voters,1166,IVR/Live Phone,Nonpartisan,NA,Clinton,39
New Hampshire,24989,InsideSources/NH Journal,2016-07-19,2016-07-21,Registered Voters,1166,IVR/Live Phone,Nonpartisan,NA,Other,NA
New Hampshire,24989,InsideSources/NH Journal,2016-07-19,2016-07-21,Registered Voters,1166,IVR/Live Phone,Nonpartisan,NA,Undecided,14
New Hampshire,24989,InsideSources/NH Journal,2016-07-19,2016-07-21,Registered Voters,1166,IVR/Live Phone,Nonpartisan,NA,Johnson,NA
New Hampshire,24989,InsideSources/NH Journal,2016-07-19,2016-07-21,Registered Voters,1166,IVR/Live Phone,Nonpartisan,NA,McMullin,NA
New Hampshire,24992,UNH/WMUR,2016-07-09,2016-07-18,Adults,532,Live Phone,Nonpartisan,NA,Trump,37
New Hampshire,24992,UNH/WMUR,2016-07-09,2016-07-18,Adults,532,Live Phone,Nonpartisan,NA,Clinton,39
New Hampshire,24992,UNH/WMUR,2016-07-09,2016-07-18,Adults,532,Live Phone,Nonpartisan,NA,Other,18
New Hampshire,24992,UNH/WMUR,2016-07-09,2016-07-18,Adults,532,Live Phone,Nonpartisan,NA,Undecided,6
New Hampshire,24992,UNH/WMUR,2016-07-09,2016-07-18,Adults,532,Live Phone,Nonpartisan,NA,Johnson,NA
New Hampshire,24992,UNH/WMUR,2016-07-09,2016-07-18,Adults,532,Live Phone,Nonpartisan,NA,McMullin,NA
New Hampshire,24796,ARG,2016-06-24,2016-06-28,Registered Voters,533,Live Phone,Nonpartisan,NA,Trump,42
New Hampshire,24796,ARG,2016-06-24,2016-06-28,Registered Voters,533,Live Phone,Nonpartisan,NA,Clinton,47
New Hampshire,24796,ARG,2016-06-24,2016-06-28,Registered Voters,533,Live Phone,Nonpartisan,NA,Other,4
New Hampshire,24796,ARG,2016-06-24,2016-06-28,Registered Voters,533,Live Phone,Nonpartisan,NA,Undecided,7
New Hampshire,24796,ARG,2016-06-24,2016-06-28,Registered Voters,533,Live Phone,Nonpartisan,NA,Johnson,NA
New Hampshire,24796,ARG,2016-06-24,2016-06-28,Registered Voters,533,Live Phone,Nonpartisan,NA,McMullin,NA
New Hampshire,24787,PPP (D-Americans United for Change/Constitutional Responsibility Project),2016-06-22,2016-06-23,Likely Voters,578,IVR/Online,Sponsor,Dem,Trump,39
New Hampshire,24787,PPP (D-Americans United for Change/Constitutional Responsibility Project),2016-06-22,2016-06-23,Likely Voters,578,IVR/Online,Sponsor,Dem,Clinton,43
New Hampshire,24787,PPP (D-Americans United for Change/Constitutional Responsibility Project),2016-06-22,2016-06-23,Likely Voters,578,IVR/Online,Sponsor,Dem,Other,NA
New Hampshire,24787,PPP (D-Americans United for Change/Constitutional Responsibility Project),2016-06-22,2016-06-23,Likely Voters,578,IVR/Online,Sponsor,Dem,Undecided,18
New Hampshire,24787,PPP (D-Americans United for Change/Constitutional Responsibility Project),2016-06-22,2016-06-23,Likely Voters,578,IVR/Online,Sponsor,Dem,Johnson,NA
New Hampshire,24787,PPP (D-Americans United for Change/Constitutional Responsibility Project),2016-06-22,2016-06-23,Likely Voters,578,IVR/Online,Sponsor,Dem,McMullin,NA
New Hampshire,24845,GQR (D-Democracy Corps/Women's Voices Women Vote),2016-06-11,2016-06-20,Likely Voters,300,Live Phone,Sponsor,Dem,Trump,43
New Hampshire,24845,GQR (D-Democracy Corps/Women's Voices Women Vote),2016-06-11,2016-06-20,Likely Voters,300,Live Phone,Sponsor,Dem,Clinton,44
New Hampshire,24845,GQR (D-Democracy Corps/Women's Voices Women Vote),2016-06-11,2016-06-20,Likely Voters,300,Live Phone,Sponsor,Dem,Other,9
New Hampshire,24845,GQR (D-Democracy Corps/Women's Voices Women Vote),2016-06-11,2016-06-20,Likely Voters,300,Live Phone,Sponsor,Dem,Undecided,3
New Hampshire,24845,GQR (D-Democracy Corps/Women's Voices Women Vote),2016-06-11,2016-06-20,Likely Voters,300,Live Phone,Sponsor,Dem,Johnson,NA
New Hampshire,24845,GQR (D-Democracy Corps/Women's Voices Women Vote),2016-06-11,2016-06-20,Likely Voters,300,Live Phone,Sponsor,Dem,McMullin,NA
New Hampshire,24570,Franklin Pierce/RKM/Boston Herald,2016-05-25,2016-05-28,Likely Voters,405,Live Phone,Nonpartisan,NA,Trump,44
New Hampshire,24570,Franklin Pierce/RKM/Boston Herald,2016-05-25,2016-05-28,Likely Voters,405,Live Phone,Nonpartisan,NA,Clinton,44
New Hampshire,24570,Franklin Pierce/RKM/Boston Herald,2016-05-25,2016-05-28,Likely Voters,405,Live Phone,Nonpartisan,NA,Other,NA
New Hampshire,24570,Franklin Pierce/RKM/Boston Herald,2016-05-25,2016-05-28,Likely Voters,405,Live Phone,Nonpartisan,NA,Undecided,12
New Hampshire,24570,Franklin Pierce/RKM/Boston Herald,2016-05-25,2016-05-28,Likely Voters,405,Live Phone,Nonpartisan,NA,Johnson,NA
New Hampshire,24570,Franklin Pierce/RKM/Boston Herald,2016-05-25,2016-05-28,Likely Voters,405,Live Phone,Nonpartisan,NA,McMullin,NA
New Hampshire,24505,MassINC/WBUR,2016-05-12,2016-05-15,Likely Voters,501,Live Phone,Nonpartisan,NA,Trump,42
New Hampshire,24505,MassINC/WBUR,2016-05-12,2016-05-15,Likely Voters,501,Live Phone,Nonpartisan,NA,Clinton,44
New Hampshire,24505,MassINC/WBUR,2016-05-12,2016-05-15,Likely Voters,501,Live Phone,Nonpartisan,NA,Other,7
New Hampshire,24505,MassINC/WBUR,2016-05-12,2016-05-15,Likely Voters,501,Live Phone,Nonpartisan,NA,Undecided,7
New Hampshire,24505,MassINC/WBUR,2016-05-12,2016-05-15,Likely Voters,501,Live Phone,Nonpartisan,NA,Johnson,NA
New Hampshire,24505,MassINC/WBUR,2016-05-12,2016-05-15,Likely Voters,501,Live Phone,Nonpartisan,NA,McMullin,NA
New Hampshire,24951,UNH/WMUR,2016-04-07,2016-04-17,Likely Voters,533,Live Phone,Nonpartisan,NA,Trump,31
New Hampshire,24951,UNH/WMUR,2016-04-07,2016-04-17,Likely Voters,533,Live Phone,Nonpartisan,NA,Clinton,50
New Hampshire,24951,UNH/WMUR,2016-04-07,2016-04-17,Likely Voters,533,Live Phone,Nonpartisan,NA,Other,15
New Hampshire,24951,UNH/WMUR,2016-04-07,2016-04-17,Likely Voters,533,Live Phone,Nonpartisan,NA,Undecided,4
New Hampshire,24951,UNH/WMUR,2016-04-07,2016-04-17,Likely Voters,533,Live Phone,Nonpartisan,NA,Johnson,NA
New Hampshire,24951,UNH/WMUR,2016-04-07,2016-04-17,Likely Voters,533,Live Phone,Nonpartisan,NA,McMullin,NA
New Hampshire,24458,Dartmouth,2016-04-11,2016-04-16,Registered Voters,362,Live Phone,Nonpartisan,NA,Trump,29
New Hampshire,24458,Dartmouth,2016-04-11,2016-04-16,Registered Voters,362,Live Phone,Nonpartisan,NA,Clinton,34
New Hampshire,24458,Dartmouth,2016-04-11,2016-04-16,Registered Voters,362,Live Phone,Nonpartisan,NA,Other,NA
New Hampshire,24458,Dartmouth,2016-04-11,2016-04-16,Registered Voters,362,Live Phone,Nonpartisan,NA,Undecided,37
New Hampshire,24458,Dartmouth,2016-04-11,2016-04-16,Registered Voters,362,Live Phone,Nonpartisan,NA,Johnson,NA
New Hampshire,24458,Dartmouth,2016-04-11,2016-04-16,Registered Voters,362,Live Phone,Nonpartisan,NA,McMullin,NA
New Hampshire,23977,UNH/WMUR,2016-02-20,2016-02-28,Likely Voters,628,Live Phone,Nonpartisan,NA,Trump,39
New Hampshire,23977,UNH/WMUR,2016-02-20,2016-02-28,Likely Voters,628,Live Phone,Nonpartisan,NA,Clinton,47
New Hampshire,23977,UNH/WMUR,2016-02-20,2016-02-28,Likely Voters,628,Live Phone,Nonpartisan,NA,Other,10
New Hampshire,23977,UNH/WMUR,2016-02-20,2016-02-28,Likely Voters,628,Live Phone,Nonpartisan,NA,Undecided,4
New Hampshire,23977,UNH/WMUR,2016-02-20,2016-02-28,Likely Voters,628,Live Phone,Nonpartisan,NA,Johnson,NA
New Hampshire,23977,UNH/WMUR,2016-02-20,2016-02-28,Likely Voters,628,Live Phone,Nonpartisan,NA,McMullin,NA
New Hampshire,23709,UMass Lowell/7 News,2016-02-05,2016-02-07,Registered Voters,1411,Live Phone,Nonpartisan,NA,Trump,40
New Hampshire,23709,UMass Lowell/7 News,2016-02-05,2016-02-07,Registered Voters,1411,Live Phone,Nonpartisan,NA,Clinton,45
New Hampshire,23709,UMass Lowell/7 News,2016-02-05,2016-02-07,Registered Voters,1411,Live Phone,Nonpartisan,NA,Other,NA
New Hampshire,23709,UMass Lowell/7 News,2016-02-05,2016-02-07,Registered Voters,1411,Live Phone,Nonpartisan,NA,Undecided,15
New Hampshire,23709,UMass Lowell/7 News,2016-02-05,2016-02-07,Registered Voters,1411,Live Phone,Nonpartisan,NA,Johnson,NA
New Hampshire,23709,UMass Lowell/7 News,2016-02-05,2016-02-07,Registered Voters,1411,Live Phone,Nonpartisan,NA,McMullin,NA
New Hampshire,23538,CNN/UNH/WMUR,2016-01-13,2016-01-18,Likely Voters,885,Live Phone,Nonpartisan,NA,Trump,39
New Hampshire,23538,CNN/UNH/WMUR,2016-01-13,2016-01-18,Likely Voters,885,Live Phone,Nonpartisan,NA,Clinton,48
New Hampshire,23538,CNN/UNH/WMUR,2016-01-13,2016-01-18,Likely Voters,885,Live Phone,Nonpartisan,NA,Other,10
New Hampshire,23538,CNN/UNH/WMUR,2016-01-13,2016-01-18,Likely Voters,885,Live Phone,Nonpartisan,NA,Undecided,3
New Hampshire,23538,CNN/UNH/WMUR,2016-01-13,2016-01-18,Likely Voters,885,Live Phone,Nonpartisan,NA,Johnson,NA
New Hampshire,23538,CNN/UNH/WMUR,2016-01-13,2016-01-18,Likely Voters,885,Live Phone,Nonpartisan,NA,McMullin,NA
New Hampshire,23464,NBC/WSJ/Marist,2016-01-02,2016-01-07,Registered Voters,957,Live Phone,Nonpartisan,NA,Trump,44
New Hampshire,23464,NBC/WSJ/Marist,2016-01-02,2016-01-07,Registered Voters,957,Live Phone,Nonpartisan,NA,Clinton,45
New Hampshire,23464,NBC/WSJ/Marist,2016-01-02,2016-01-07,Registered Voters,957,Live Phone,Nonpartisan,NA,Other,NA
New Hampshire,23464,NBC/WSJ/Marist,2016-01-02,2016-01-07,Registered Voters,957,Live Phone,Nonpartisan,NA,Undecided,11
New Hampshire,23464,NBC/WSJ/Marist,2016-01-02,2016-01-07,Registered Voters,957,Live Phone,Nonpartisan,NA,Johnson,NA
New Hampshire,23464,NBC/WSJ/Marist,2016-01-02,2016-01-07,Registered Voters,957,Live Phone,Nonpartisan,NA,McMullin,NA
New Hampshire,23453,PPP (D),2016-01-04,2016-01-06,Likely Voters,1036,IVR/Online,Pollster,Dem,Trump,36
New Hampshire,23453,PPP (D),2016-01-04,2016-01-06,Likely Voters,1036,IVR/Online,Pollster,Dem,Clinton,50
New Hampshire,23453,PPP (D),2016-01-04,2016-01-06,Likely Voters,1036,IVR/Online,Pollster,Dem,Other,NA
New Hampshire,23453,PPP (D),2016-01-04,2016-01-06,Likely Voters,1036,IVR/Online,Pollster,Dem,Undecided,14
New Hampshire,23453,PPP (D),2016-01-04,2016-01-06,Likely Voters,1036,IVR/Online,Pollster,Dem,Johnson,NA
New Hampshire,23453,PPP (D),2016-01-04,2016-01-06,Likely Voters,1036,IVR/Online,Pollster,Dem,McMullin,NA
New Hampshire,23268,PPP (D),2015-11-30,2015-12-02,Likely Voters,990,IVR/Online,Pollster,Dem,Trump,41
New Hampshire,23268,PPP (D),2015-11-30,2015-12-02,Likely Voters,990,IVR/Online,Pollster,Dem,Clinton,47
New Hampshire,23268,PPP (D),2015-11-30,2015-12-02,Likely Voters,990,IVR/Online,Pollster,Dem,Other,NA
New Hampshire,23268,PPP (D),2015-11-30,2015-12-02,Likely Voters,990,IVR/Online,Pollster,Dem,Undecided,12
New Hampshire,23268,PPP (D),2015-11-30,2015-12-02,Likely Voters,990,IVR/Online,Pollster,Dem,Johnson,NA
New Hampshire,23268,PPP (D),2015-11-30,2015-12-02,Likely Voters,990,IVR/Online,Pollster,Dem,McMullin,NA
New Hampshire,23176,FOX,2015-11-15,2015-11-17,Registered Voters,804,Live Phone,Nonpartisan,NA,Trump,40
New Hampshire,23176,FOX,2015-11-15,2015-11-17,Registered Voters,804,Live Phone,Nonpartisan,NA,Clinton,47
New Hampshire,23176,FOX,2015-11-15,2015-11-17,Registered Voters,804,Live Phone,Nonpartisan,NA,Other,2
New Hampshire,23176,FOX,2015-11-15,2015-11-17,Registered Voters,804,Live Phone,Nonpartisan,NA,Undecided,10
New Hampshire,23176,FOX,2015-11-15,2015-11-17,Registered Voters,804,Live Phone,Nonpartisan,NA,Johnson,NA
New Hampshire,23176,FOX,2015-11-15,2015-11-17,Registered Voters,804,Live Phone,Nonpartisan,NA,McMullin,NA
New Hampshire,23185,Morning Consult/Campaign for Sustainable Rx Pricing,2015-11-06,2015-11-16,Registered Voters,530,Live Phone/Online,Nonpartisan,NA,Trump,38
New Hampshire,23185,Morning Consult/Campaign for Sustainable Rx Pricing,2015-11-06,2015-11-16,Registered Voters,530,Live Phone/Online,Nonpartisan,NA,Clinton,45
New Hampshire,23185,Morning Consult/Campaign for Sustainable Rx Pricing,2015-11-06,2015-11-16,Registered Voters,530,Live Phone/Online,Nonpartisan,NA,Other,NA
New Hampshire,23185,Morning Consult/Campaign for Sustainable Rx Pricing,2015-11-06,2015-11-16,Registered Voters,530,Live Phone/Online,Nonpartisan,NA,Undecided,17
New Hampshire,23185,Morning Consult/Campaign for Sustainable Rx Pricing,2015-11-06,2015-11-16,Registered Voters,530,Live Phone/Online,Nonpartisan,NA,Johnson,NA
New Hampshire,23185,Morning Consult/Campaign for Sustainable Rx Pricing,2015-11-06,2015-11-16,Registered Voters,530,Live Phone/Online,Nonpartisan,NA,McMullin,NA
New Hampshire,22959,PPP (D),2015-10-16,2015-10-18,Likely Voters,880,IVR/Online,Pollster,Dem,Trump,41
New Hampshire,22959,PPP (D),2015-10-16,2015-10-18,Likely Voters,880,IVR/Online,Pollster,Dem,Clinton,47
New Hampshire,22959,PPP (D),2015-10-16,2015-10-18,Likely Voters,880,IVR/Online,Pollster,Dem,Other,NA
New Hampshire,22959,PPP (D),2015-10-16,2015-10-18,Likely Voters,880,IVR/Online,Pollster,Dem,Undecided,12
New Hampshire,22959,PPP (D),2015-10-16,2015-10-18,Likely Voters,880,IVR/Online,Pollster,Dem,Johnson,NA
New Hampshire,22959,PPP (D),2015-10-16,2015-10-18,Likely Voters,880,IVR/Online,Pollster,Dem,McMullin,NA
New Hampshire,22842,NBC/WSJ/Marist,2015-09-23,2015-09-30,Registered Voters,1044,Live Phone,Nonpartisan,NA,Trump,45
New Hampshire,22842,NBC/WSJ/Marist,2015-09-23,2015-09-30,Registered Voters,1044,Live Phone,Nonpartisan,NA,Clinton,48
New Hampshire,22842,NBC/WSJ/Marist,2015-09-23,2015-09-30,Registered Voters,1044,Live Phone,Nonpartisan,NA,Other,NA
New Hampshire,22842,NBC/WSJ/Marist,2015-09-23,2015-09-30,Registered Voters,1044,Live Phone,Nonpartisan,NA,Undecided,8
New Hampshire,22842,NBC/WSJ/Marist,2015-09-23,2015-09-30,Registered Voters,1044,Live Phone,Nonpartisan,NA,Johnson,NA
New Hampshire,22842,NBC/WSJ/Marist,2015-09-23,2015-09-30,Registered Voters,1044,Live Phone,Nonpartisan,NA,McMullin,NA
New Hampshire,22807,CNN/UNH/WMUR,2015-09-17,2015-09-23,Likely Voters,743,Live Phone,Nonpartisan,NA,Trump,42
New Hampshire,22807,CNN/UNH/WMUR,2015-09-17,2015-09-23,Likely Voters,743,Live Phone,Nonpartisan,NA,Clinton,50
New Hampshire,22807,CNN/UNH/WMUR,2015-09-17,2015-09-23,Likely Voters,743,Live Phone,Nonpartisan,NA,Other,3
New Hampshire,22807,CNN/UNH/WMUR,2015-09-17,2015-09-23,Likely Voters,743,Live Phone,Nonpartisan,NA,Undecided,5
New Hampshire,22807,CNN/UNH/WMUR,2015-09-17,2015-09-23,Likely Voters,743,Live Phone,Nonpartisan,NA,Johnson,NA
New Hampshire,22807,CNN/UNH/WMUR,2015-09-17,2015-09-23,Likely Voters,743,Live Phone,Nonpartisan,NA,McMullin,NA
New Hampshire,22685,NBC/Marist,2015-08-26,2015-09-02,Registered Voters,910,Live Phone,Nonpartisan,NA,Trump,45
New Hampshire,22685,NBC/Marist,2015-08-26,2015-09-02,Registered Voters,910,Live Phone,Nonpartisan,NA,Clinton,46
New Hampshire,22685,NBC/Marist,2015-08-26,2015-09-02,Registered Voters,910,Live Phone,Nonpartisan,NA,Other,NA
New Hampshire,22685,NBC/Marist,2015-08-26,2015-09-02,Registered Voters,910,Live Phone,Nonpartisan,NA,Undecided,8
New Hampshire,22685,NBC/Marist,2015-08-26,2015-09-02,Registered Voters,910,Live Phone,Nonpartisan,NA,Johnson,NA
New Hampshire,22685,NBC/Marist,2015-08-26,2015-09-02,Registered Voters,910,Live Phone,Nonpartisan,NA,McMullin,NA
New Hampshire,22612,PPP (D),2015-08-21,2015-08-24,Likely Voters,841,IVR/Online,Pollster,Dem,Trump,44
New Hampshire,22612,PPP (D),2015-08-21,2015-08-24,Likely Voters,841,IVR/Online,Pollster,Dem,Clinton,46
New Hampshire,22612,PPP (D),2015-08-21,2015-08-24,Likely Voters,841,IVR/Online,Pollster,Dem,Other,NA
New Hampshire,22612,PPP (D),2015-08-21,2015-08-24,Likely Voters,841,IVR/Online,Pollster,Dem,Undecided,10
New Hampshire,22612,PPP (D),2015-08-21,2015-08-24,Likely Voters,841,IVR/Online,Pollster,Dem,Johnson,NA
New Hampshire,22612,PPP (D),2015-08-21,2015-08-24,Likely Voters,841,IVR/Online,Pollster,Dem,McMullin,NA
New Hampshire,22500,UNH/WMUR,2015-07-22,2015-07-30,Likely Voters,652,Live Phone,Nonpartisan,NA,Trump,40
New Hampshire,22500,UNH/WMUR,2015-07-22,2015-07-30,Likely Voters,652,Live Phone,Nonpartisan,NA,Clinton,50
New Hampshire,22500,UNH/WMUR,2015-07-22,2015-07-30,Likely Voters,652,Live Phone,Nonpartisan,NA,Other,2
New Hampshire,22500,UNH/WMUR,2015-07-22,2015-07-30,Likely Voters,652,Live Phone,Nonpartisan,NA,Undecided,7
New Hampshire,22500,UNH/WMUR,2015-07-22,2015-07-30,Likely Voters,652,Live Phone,Nonpartisan,NA,Johnson,NA
New Hampshire,22500,UNH/WMUR,2015-07-22,2015-07-30,Likely Voters,652,Live Phone,Nonpartisan,NA,McMullin,NA
California,26807,SurveyMonkey,2016-11-01,2016-11-07,Likely Voters,2712,Internet,Nonpartisan,NA,Trump,31
California,26807,SurveyMonkey,2016-11-01,2016-11-07,Likely Voters,2712,Internet,Nonpartisan,NA,Clinton,56
California,26807,SurveyMonkey,2016-11-01,2016-11-07,Likely Voters,2712,Internet,Nonpartisan,NA,Other,11
California,26807,SurveyMonkey,2016-11-01,2016-11-07,Likely Voters,2712,Internet,Nonpartisan,NA,Undecided,2
California,26807,SurveyMonkey,2016-11-01,2016-11-07,Likely Voters,2712,Internet,Nonpartisan,NA,Johnson,NA
California,26807,SurveyMonkey,2016-11-01,2016-11-07,Likely Voters,2712,Internet,Nonpartisan,NA,McMullin,NA
California,26815,Insights West,2016-11-04,2016-11-06,Likely Voters,401,Internet,Nonpartisan,NA,Trump,32
California,26815,Insights West,2016-11-04,2016-11-06,Likely Voters,401,Internet,Nonpartisan,NA,Clinton,54
California,26815,Insights West,2016-11-04,2016-11-06,Likely Voters,401,Internet,Nonpartisan,NA,Other,7
California,26815,Insights West,2016-11-04,2016-11-06,Likely Voters,401,Internet,Nonpartisan,NA,Undecided,7
California,26815,Insights West,2016-11-04,2016-11-06,Likely Voters,401,Internet,Nonpartisan,NA,Johnson,NA
California,26815,Insights West,2016-11-04,2016-11-06,Likely Voters,401,Internet,Nonpartisan,NA,McMullin,NA
California,26793,UPI/CVOTER,2016-10-30,2016-11-06,Likely Voters,507,Internet,Nonpartisan,NA,Trump,37
California,26793,UPI/CVOTER,2016-10-30,2016-11-06,Likely Voters,507,Internet,Nonpartisan,NA,Clinton,58
California,26793,UPI/CVOTER,2016-10-30,2016-11-06,Likely Voters,507,Internet,Nonpartisan,NA,Other,5
California,26793,UPI/CVOTER,2016-10-30,2016-11-06,Likely Voters,507,Internet,Nonpartisan,NA,Undecided,NA
California,26793,UPI/CVOTER,2016-10-30,2016-11-06,Likely Voters,507,Internet,Nonpartisan,NA,Johnson,NA
California,26793,UPI/CVOTER,2016-10-30,2016-11-06,Likely Voters,507,Internet,Nonpartisan,NA,McMullin,NA
California,26806,Ipsos/Reuters,2016-10-17,2016-11-06,Likely Voters,1393,Internet,Nonpartisan,NA,Trump,32
California,26806,Ipsos/Reuters,2016-10-17,2016-11-06,Likely Voters,1393,Internet,Nonpartisan,NA,Clinton,59
California,26806,Ipsos/Reuters,2016-10-17,2016-11-06,Likely Voters,1393,Internet,Nonpartisan,NA,Other,NA
California,26806,Ipsos/Reuters,2016-10-17,2016-11-06,Likely Voters,1393,Internet,Nonpartisan,NA,Undecided,9
California,26806,Ipsos/Reuters,2016-10-17,2016-11-06,Likely Voters,1393,Internet,Nonpartisan,NA,Johnson,NA
California,26806,Ipsos/Reuters,2016-10-17,2016-11-06,Likely Voters,1393,Internet,Nonpartisan,NA,McMullin,NA
California,26606,SurveyUSA/KABC/SCNG,2016-10-28,2016-10-31,Likely Voters,747,IVR/Online,Nonpartisan,NA,Trump,35
California,26606,SurveyUSA/KABC/SCNG,2016-10-28,2016-10-31,Likely Voters,747,IVR/Online,Nonpartisan,NA,Clinton,56
California,26606,SurveyUSA/KABC/SCNG,2016-10-28,2016-10-31,Likely Voters,747,IVR/Online,Nonpartisan,NA,Other,5
California,26606,SurveyUSA/KABC/SCNG,2016-10-28,2016-10-31,Likely Voters,747,IVR/Online,Nonpartisan,NA,Undecided,4
California,26606,SurveyUSA/KABC/SCNG,2016-10-28,2016-10-31,Likely Voters,747,IVR/Online,Nonpartisan,NA,Johnson,NA
California,26606,SurveyUSA/KABC/SCNG,2016-10-28,2016-10-31,Likely Voters,747,IVR/Online,Nonpartisan,NA,McMullin,NA
California,26655,Field/UC Berkeley/YouGov,2016-10-25,2016-10-31,Likely Voters,1498,Internet,Nonpartisan,NA,Trump,33
California,26655,Field/UC Berkeley/YouGov,2016-10-25,2016-10-31,Likely Voters,1498,Internet,Nonpartisan,NA,Clinton,53
California,26655,Field/UC Berkeley/YouGov,2016-10-25,2016-10-31,Likely Voters,1498,Internet,Nonpartisan,NA,Other,7
California,26655,Field/UC Berkeley/YouGov,2016-10-25,2016-10-31,Likely Voters,1498,Internet,Nonpartisan,NA,Undecided,7
California,26655,Field/UC Berkeley/YouGov,2016-10-25,2016-10-31,Likely Voters,1498,Internet,Nonpartisan,NA,Johnson,NA
California,26655,Field/UC Berkeley/YouGov,2016-10-25,2016-10-31,Likely Voters,1498,Internet,Nonpartisan,NA,McMullin,NA
California,26596,SurveyMonkey,2016-10-25,2016-10-31,Likely Voters,2505,Internet,Nonpartisan,NA,Trump,30
California,26596,SurveyMonkey,2016-10-25,2016-10-31,Likely Voters,2505,Internet,Nonpartisan,NA,Clinton,55
California,26596,SurveyMonkey,2016-10-25,2016-10-31,Likely Voters,2505,Internet,Nonpartisan,NA,Other,12
California,26596,SurveyMonkey,2016-10-25,2016-10-31,Likely Voters,2505,Internet,Nonpartisan,NA,Undecided,3
California,26596,SurveyMonkey,2016-10-25,2016-10-31,Likely Voters,2505,Internet,Nonpartisan,NA,Johnson,NA
California,26596,SurveyMonkey,2016-10-25,2016-10-31,Likely Voters,2505,Internet,Nonpartisan,NA,McMullin,NA
California,26726,USC/LA Times,2016-10-22,2016-10-30,Likely Voters,1365,Live Phone,Nonpartisan,NA,Trump,30
California,26726,USC/LA Times,2016-10-22,2016-10-30,Likely Voters,1365,Live Phone,Nonpartisan,NA,Clinton,54
California,26726,USC/LA Times,2016-10-22,2016-10-30,Likely Voters,1365,Live Phone,Nonpartisan,NA,Other,8
California,26726,USC/LA Times,2016-10-22,2016-10-30,Likely Voters,1365,Live Phone,Nonpartisan,NA,Undecided,7
California,26726,USC/LA Times,2016-10-22,2016-10-30,Likely Voters,1365,Live Phone,Nonpartisan,NA,Johnson,NA
California,26726,USC/LA Times,2016-10-22,2016-10-30,Likely Voters,1365,Live Phone,Nonpartisan,NA,McMullin,NA
California,26592,UPI/CVOTER,2016-10-23,2016-10-29,Likely Voters,481,Internet,Nonpartisan,NA,Trump,38
California,26592,UPI/CVOTER,2016-10-23,2016-10-29,Likely Voters,481,Internet,Nonpartisan,NA,Clinton,58
California,26592,UPI/CVOTER,2016-10-23,2016-10-29,Likely Voters,481,Internet,Nonpartisan,NA,Other,4
California,26592,UPI/CVOTER,2016-10-23,2016-10-29,Likely Voters,481,Internet,Nonpartisan,NA,Undecided,NA
California,26592,UPI/CVOTER,2016-10-23,2016-10-29,Likely Voters,481,Internet,Nonpartisan,NA,Johnson,NA
California,26592,UPI/CVOTER,2016-10-23,2016-10-29,Likely Voters,481,Internet,Nonpartisan,NA,McMullin,NA
California,26441,SurveyMonkey,2016-10-18,2016-10-24,Likely Voters,1923,Internet,Nonpartisan,NA,Trump,31
California,26441,SurveyMonkey,2016-10-18,2016-10-24,Likely Voters,1923,Internet,Nonpartisan,NA,Clinton,54
California,26441,SurveyMonkey,2016-10-18,2016-10-24,Likely Voters,1923,Internet,Nonpartisan,NA,Other,13
California,26441,SurveyMonkey,2016-10-18,2016-10-24,Likely Voters,1923,Internet,Nonpartisan,NA,Undecided,2
California,26441,SurveyMonkey,2016-10-18,2016-10-24,Likely Voters,1923,Internet,Nonpartisan,NA,Johnson,NA
California,26441,SurveyMonkey,2016-10-18,2016-10-24,Likely Voters,1923,Internet,Nonpartisan,NA,McMullin,NA
California,26498,PPIC,2016-10-14,2016-10-23,Likely Voters,1012,Live Phone,Nonpartisan,NA,Trump,28
California,26498,PPIC,2016-10-14,2016-10-23,Likely Voters,1012,Live Phone,Nonpartisan,NA,Clinton,54
California,26498,PPIC,2016-10-14,2016-10-23,Likely Voters,1012,Live Phone,Nonpartisan,NA,Other,12
California,26498,PPIC,2016-10-14,2016-10-23,Likely Voters,1012,Live Phone,Nonpartisan,NA,Undecided,5
California,26498,PPIC,2016-10-14,2016-10-23,Likely Voters,1012,Live Phone,Nonpartisan,NA,Johnson,NA
California,26498,PPIC,2016-10-14,2016-10-23,Likely Voters,1012,Live Phone,Nonpartisan,NA,McMullin,NA
California,26224,SurveyUSA/KABC/SCNG,2016-10-13,2016-10-15,Likely Voters,725,IVR/Online,Nonpartisan,NA,Trump,30
California,26224,SurveyUSA/KABC/SCNG,2016-10-13,2016-10-15,Likely Voters,725,IVR/Online,Nonpartisan,NA,Clinton,56
California,26224,SurveyUSA/KABC/SCNG,2016-10-13,2016-10-15,Likely Voters,725,IVR/Online,Nonpartisan,NA,Other,6
California,26224,SurveyUSA/KABC/SCNG,2016-10-13,2016-10-15,Likely Voters,725,IVR/Online,Nonpartisan,NA,Undecided,7
California,26224,SurveyUSA/KABC/SCNG,2016-10-13,2016-10-15,Likely Voters,725,IVR/Online,Nonpartisan,NA,Johnson,NA
California,26224,SurveyUSA/KABC/SCNG,2016-10-13,2016-10-15,Likely Voters,725,IVR/Online,Nonpartisan,NA,McMullin,NA
California,26535,Sacramento State,2016-10-07,2016-10-13,Likely Voters,622,Internet,Nonpartisan,NA,Trump,25
California,26535,Sacramento State,2016-10-07,2016-10-13,Likely Voters,622,Internet,Nonpartisan,NA,Clinton,61
California,26535,Sacramento State,2016-10-07,2016-10-13,Likely Voters,622,Internet,Nonpartisan,NA,Other,7
California,26535,Sacramento State,2016-10-07,2016-10-13,Likely Voters,622,Internet,Nonpartisan,NA,Undecided,8
California,26535,Sacramento State,2016-10-07,2016-10-13,Likely Voters,622,Internet,Nonpartisan,NA,Johnson,NA
California,26535,Sacramento State,2016-10-07,2016-10-13,Likely Voters,622,Internet,Nonpartisan,NA,McMullin,NA
California,26344,Ipsos/Reuters,2016-09-23,2016-10-13,Likely Voters,1196,Internet,Nonpartisan,NA,Trump,22
California,26344,Ipsos/Reuters,2016-09-23,2016-10-13,Likely Voters,1196,Internet,Nonpartisan,NA,Clinton,66
California,26344,Ipsos/Reuters,2016-09-23,2016-10-13,Likely Voters,1196,Internet,Nonpartisan,NA,Other,NA
California,26344,Ipsos/Reuters,2016-09-23,2016-10-13,Likely Voters,1196,Internet,Nonpartisan,NA,Undecided,12
California,26344,Ipsos/Reuters,2016-09-23,2016-10-13,Likely Voters,1196,Internet,Nonpartisan,NA,Johnson,NA
California,26344,Ipsos/Reuters,2016-09-23,2016-10-13,Likely Voters,1196,Internet,Nonpartisan,NA,McMullin,NA
California,26100,Ipsos/Reuters,2016-09-16,2016-10-06,Likely Voters,1885,Internet,Nonpartisan,NA,Trump,28
California,26100,Ipsos/Reuters,2016-09-16,2016-10-06,Likely Voters,1885,Internet,Nonpartisan,NA,Clinton,61
California,26100,Ipsos/Reuters,2016-09-16,2016-10-06,Likely Voters,1885,Internet,Nonpartisan,NA,Other,NA
California,26100,Ipsos/Reuters,2016-09-16,2016-10-06,Likely Voters,1885,Internet,Nonpartisan,NA,Undecided,11
California,26100,Ipsos/Reuters,2016-09-16,2016-10-06,Likely Voters,1885,Internet,Nonpartisan,NA,Johnson,NA
California,26100,Ipsos/Reuters,2016-09-16,2016-10-06,Likely Voters,1885,Internet,Nonpartisan,NA,McMullin,NA
California,25809,SurveyUSA/KABC/SCNG,2016-09-27,2016-09-28,Likely Voters,732,IVR/Online,Nonpartisan,NA,Trump,33
California,25809,SurveyUSA/KABC/SCNG,2016-09-27,2016-09-28,Likely Voters,732,IVR/Online,Nonpartisan,NA,Clinton,59
California,25809,SurveyUSA/KABC/SCNG,2016-09-27,2016-09-28,Likely Voters,732,IVR/Online,Nonpartisan,NA,Other,5
California,25809,SurveyUSA/KABC/SCNG,2016-09-27,2016-09-28,Likely Voters,732,IVR/Online,Nonpartisan,NA,Undecided,3
California,25809,SurveyUSA/KABC/SCNG,2016-09-27,2016-09-28,Likely Voters,732,IVR/Online,Nonpartisan,NA,Johnson,NA
California,25809,SurveyUSA/KABC/SCNG,2016-09-27,2016-09-28,Likely Voters,732,IVR/Online,Nonpartisan,NA,McMullin,NA
California,25632,PPIC,2016-09-09,2016-09-18,Likely Voters,1045,Live Phone,Nonpartisan,NA,Trump,31
California,25632,PPIC,2016-09-09,2016-09-18,Likely Voters,1045,Live Phone,Nonpartisan,NA,Clinton,47
California,25632,PPIC,2016-09-09,2016-09-18,Likely Voters,1045,Live Phone,Nonpartisan,NA,Other,17
California,25632,PPIC,2016-09-09,2016-09-18,Likely Voters,1045,Live Phone,Nonpartisan,NA,Undecided,6
California,25632,PPIC,2016-09-09,2016-09-18,Likely Voters,1045,Live Phone,Nonpartisan,NA,Johnson,NA
California,25632,PPIC,2016-09-09,2016-09-18,Likely Voters,1045,Live Phone,Nonpartisan,NA,McMullin,NA
California,25540,Ipsos/Reuters,2016-08-26,2016-09-15,Likely Voters,1189,Internet,Nonpartisan,NA,Trump,24
California,25540,Ipsos/Reuters,2016-08-26,2016-09-15,Likely Voters,1189,Internet,Nonpartisan,NA,Clinton,63
California,25540,Ipsos/Reuters,2016-08-26,2016-09-15,Likely Voters,1189,Internet,Nonpartisan,NA,Other,NA
California,25540,Ipsos/Reuters,2016-08-26,2016-09-15,Likely Voters,1189,Internet,Nonpartisan,NA,Undecided,13
California,25540,Ipsos/Reuters,2016-08-26,2016-09-15,Likely Voters,1189,Internet,Nonpartisan,NA,Johnson,NA
California,25540,Ipsos/Reuters,2016-08-26,2016-09-15,Likely Voters,1189,Internet,Nonpartisan,NA,McMullin,NA
California,25629,Insights West,2016-09-12,2016-09-14,Likely Voters,515,Internet,Nonpartisan,NA,Trump,30
California,25629,Insights West,2016-09-12,2016-09-14,Likely Voters,515,Internet,Nonpartisan,NA,Clinton,57
California,25629,Insights West,2016-09-12,2016-09-14,Likely Voters,515,Internet,Nonpartisan,NA,Other,4
California,25629,Insights West,2016-09-12,2016-09-14,Likely Voters,515,Internet,Nonpartisan,NA,Undecided,9
California,25629,Insights West,2016-09-12,2016-09-14,Likely Voters,515,Internet,Nonpartisan,NA,Johnson,NA
California,25629,Insights West,2016-09-12,2016-09-14,Likely Voters,515,Internet,Nonpartisan,NA,McMullin,NA
California,25577,Field/UC Berkeley/YouGov,2016-09-07,2016-09-13,Likely Voters,1426,Internet,Nonpartisan,NA,Trump,33
California,25577,Field/UC Berkeley/YouGov,2016-09-07,2016-09-13,Likely Voters,1426,Internet,Nonpartisan,NA,Clinton,50
California,25577,Field/UC Berkeley/YouGov,2016-09-07,2016-09-13,Likely Voters,1426,Internet,Nonpartisan,NA,Other,11
California,25577,Field/UC Berkeley/YouGov,2016-09-07,2016-09-13,Likely Voters,1426,Internet,Nonpartisan,NA,Undecided,6
California,25577,Field/UC Berkeley/YouGov,2016-09-07,2016-09-13,Likely Voters,1426,Internet,Nonpartisan,NA,Johnson,NA
California,25577,Field/UC Berkeley/YouGov,2016-09-07,2016-09-13,Likely Voters,1426,Internet,Nonpartisan,NA,McMullin,NA
California,25467,SurveyUSA/KABC/SCNG,2016-09-08,2016-09-11,Likely Voters,678,IVR/Online,Nonpartisan,NA,Trump,32
California,25467,SurveyUSA/KABC/SCNG,2016-09-08,2016-09-11,Likely Voters,678,IVR/Online,Nonpartisan,NA,Clinton,57
California,25467,SurveyUSA/KABC/SCNG,2016-09-08,2016-09-11,Likely Voters,678,IVR/Online,Nonpartisan,NA,Other,4
California,25467,SurveyUSA/KABC/SCNG,2016-09-08,2016-09-11,Likely Voters,678,IVR/Online,Nonpartisan,NA,Undecided,7
California,25467,SurveyUSA/KABC/SCNG,2016-09-08,2016-09-11,Likely Voters,678,IVR/Online,Nonpartisan,NA,Johnson,NA
California,25467,SurveyUSA/KABC/SCNG,2016-09-08,2016-09-11,Likely Voters,678,IVR/Online,Nonpartisan,NA,McMullin,NA
California,25472,SurveyMonkey/LA Times,2016-09-01,2016-09-08,Registered Voters,4212,Internet,Nonpartisan,NA,Trump,33
California,25472,SurveyMonkey/LA Times,2016-09-01,2016-09-08,Registered Voters,4212,Internet,Nonpartisan,NA,Clinton,58
California,25472,SurveyMonkey/LA Times,2016-09-01,2016-09-08,Registered Voters,4212,Internet,Nonpartisan,NA,Other,NA
California,25472,SurveyMonkey/LA Times,2016-09-01,2016-09-08,Registered Voters,4212,Internet,Nonpartisan,NA,Undecided,9
California,25472,SurveyMonkey/LA Times,2016-09-01,2016-09-08,Registered Voters,4212,Internet,Nonpartisan,NA,Johnson,NA
California,25472,SurveyMonkey/LA Times,2016-09-01,2016-09-08,Registered Voters,4212,Internet,Nonpartisan,NA,McMullin,NA
California,25359,WashPost/SurveyMonkey,2016-08-09,2016-09-01,Registered Voters,2574,Internet,Nonpartisan,NA,Trump,33
California,25359,WashPost/SurveyMonkey,2016-08-09,2016-09-01,Registered Voters,2574,Internet,Nonpartisan,NA,Clinton,57
California,25359,WashPost/SurveyMonkey,2016-08-09,2016-09-01,Registered Voters,2574,Internet,Nonpartisan,NA,Other,NA
California,25359,WashPost/SurveyMonkey,2016-08-09,2016-09-01,Registered Voters,2574,Internet,Nonpartisan,NA,Undecided,9
California,25359,WashPost/SurveyMonkey,2016-08-09,2016-09-01,Registered Voters,2574,Internet,Nonpartisan,NA,Johnson,NA
California,25359,WashPost/SurveyMonkey,2016-08-09,2016-09-01,Registered Voters,2574,Internet,Nonpartisan,NA,McMullin,NA
California,24984,PPIC,2016-07-10,2016-07-19,Likely Voters,1056,Live Phone,Nonpartisan,NA,Trump,30
California,24984,PPIC,2016-07-10,2016-07-19,Likely Voters,1056,Live Phone,Nonpartisan,NA,Clinton,46
California,24984,PPIC,2016-07-10,2016-07-19,Likely Voters,1056,Live Phone,Nonpartisan,NA,Other,15
California,24984,PPIC,2016-07-10,2016-07-19,Likely Voters,1056,Live Phone,Nonpartisan,NA,Undecided,9
California,24984,PPIC,2016-07-10,2016-07-19,Likely Voters,1056,Live Phone,Nonpartisan,NA,Johnson,NA
California,24984,PPIC,2016-07-10,2016-07-19,Likely Voters,1056,Live Phone,Nonpartisan,NA,McMullin,NA
California,24831,Field,2016-06-08,2016-07-02,Likely Voters,956,Live Phone,Nonpartisan,NA,Trump,28
California,24831,Field,2016-06-08,2016-07-02,Likely Voters,956,Live Phone,Nonpartisan,NA,Clinton,58
California,24831,Field,2016-06-08,2016-07-02,Likely Voters,956,Live Phone,Nonpartisan,NA,Other,NA
California,24831,Field,2016-06-08,2016-07-02,Likely Voters,956,Live Phone,Nonpartisan,NA,Undecided,14
California,24831,Field,2016-06-08,2016-07-02,Likely Voters,956,Live Phone,Nonpartisan,NA,Johnson,NA
California,24831,Field,2016-06-08,2016-07-02,Likely Voters,956,Live Phone,Nonpartisan,NA,McMullin,NA
California,24674,SurveyMonkey/USC/LA Times,2016-06-09,2016-06-10,Likely Voters,1264,Live Phone,Nonpartisan,NA,Trump,28
California,24674,SurveyMonkey/USC/LA Times,2016-06-09,2016-06-10,Likely Voters,1264,Live Phone,Nonpartisan,NA,Clinton,54
California,24674,SurveyMonkey/USC/LA Times,2016-06-09,2016-06-10,Likely Voters,1264,Live Phone,Nonpartisan,NA,Other,12
California,24674,SurveyMonkey/USC/LA Times,2016-06-09,2016-06-10,Likely Voters,1264,Live Phone,Nonpartisan,NA,Undecided,6
California,24674,SurveyMonkey/USC/LA Times,2016-06-09,2016-06-10,Likely Voters,1264,Live Phone,Nonpartisan,NA,Johnson,NA
California,24674,SurveyMonkey/USC/LA Times,2016-06-09,2016-06-10,Likely Voters,1264,Live Phone,Nonpartisan,NA,McMullin,NA
California,24612,CBS/YouGov,2016-05-31,2016-06-03,Likely Voters,1187,Internet,Nonpartisan,NA,Trump,33
California,24612,CBS/YouGov,2016-05-31,2016-06-03,Likely Voters,1187,Internet,Nonpartisan,NA,Clinton,48
California,24612,CBS/YouGov,2016-05-31,2016-06-03,Likely Voters,1187,Internet,Nonpartisan,NA,Other,12
California,24612,CBS/YouGov,2016-05-31,2016-06-03,Likely Voters,1187,Internet,Nonpartisan,NA,Undecided,7
California,24612,CBS/YouGov,2016-05-31,2016-06-03,Likely Voters,1187,Internet,Nonpartisan,NA,Johnson,NA
California,24612,CBS/YouGov,2016-05-31,2016-06-03,Likely Voters,1187,Internet,Nonpartisan,NA,McMullin,NA
California,24593,NBC/WSJ/Marist,2016-05-29,2016-05-31,Registered Voters,1833,Live Phone,Nonpartisan,NA,Trump,31
California,24593,NBC/WSJ/Marist,2016-05-29,2016-05-31,Registered Voters,1833,Live Phone,Nonpartisan,NA,Clinton,55
California,24593,NBC/WSJ/Marist,2016-05-29,2016-05-31,Registered Voters,1833,Live Phone,Nonpartisan,NA,Other,8
California,24593,NBC/WSJ/Marist,2016-05-29,2016-05-31,Registered Voters,1833,Live Phone,Nonpartisan,NA,Undecided,6
California,24593,NBC/WSJ/Marist,2016-05-29,2016-05-31,Registered Voters,1833,Live Phone,Nonpartisan,NA,Johnson,NA
California,24593,NBC/WSJ/Marist,2016-05-29,2016-05-31,Registered Voters,1833,Live Phone,Nonpartisan,NA,McMullin,NA
California,24594,Field,2016-05-26,2016-05-31,Likely Voters,1002,Live Phone,Nonpartisan,NA,Trump,34
California,24594,Field,2016-05-26,2016-05-31,Likely Voters,1002,Live Phone,Nonpartisan,NA,Clinton,53
California,24594,Field,2016-05-26,2016-05-31,Likely Voters,1002,Live Phone,Nonpartisan,NA,Other,NA
California,24594,Field,2016-05-26,2016-05-31,Likely Voters,1002,Live Phone,Nonpartisan,NA,Undecided,13
California,24594,Field,2016-05-26,2016-05-31,Likely Voters,1002,Live Phone,Nonpartisan,NA,Johnson,NA
California,24594,Field,2016-05-26,2016-05-31,Likely Voters,1002,Live Phone,Nonpartisan,NA,McMullin,NA
California,24603,USC/LA Times,2016-05-19,2016-05-31,Likely Voters,1150,Live Phone,Nonpartisan,NA,Trump,33
California,24603,USC/LA Times,2016-05-19,2016-05-31,Likely Voters,1150,Live Phone,Nonpartisan,NA,Clinton,54
California,24603,USC/LA Times,2016-05-19,2016-05-31,Likely Voters,1150,Live Phone,Nonpartisan,NA,Other,4
California,24603,USC/LA Times,2016-05-19,2016-05-31,Likely Voters,1150,Live Phone,Nonpartisan,NA,Undecided,10
California,24603,USC/LA Times,2016-05-19,2016-05-31,Likely Voters,1150,Live Phone,Nonpartisan,NA,Johnson,NA
California,24603,USC/LA Times,2016-05-19,2016-05-31,Likely Voters,1150,Live Phone,Nonpartisan,NA,McMullin,NA
California,24538,SurveyUSA/KABC/SCNG,2016-05-19,2016-05-22,Likely Voters,1383,IVR/Online,Nonpartisan,NA,Trump,38
California,24538,SurveyUSA/KABC/SCNG,2016-05-19,2016-05-22,Likely Voters,1383,IVR/Online,Nonpartisan,NA,Clinton,52
California,24538,SurveyUSA/KABC/SCNG,2016-05-19,2016-05-22,Likely Voters,1383,IVR/Online,Nonpartisan,NA,Other,NA
California,24538,SurveyUSA/KABC/SCNG,2016-05-19,2016-05-22,Likely Voters,1383,IVR/Online,Nonpartisan,NA,Undecided,10
California,24538,SurveyUSA/KABC/SCNG,2016-05-19,2016-05-22,Likely Voters,1383,IVR/Online,Nonpartisan,NA,Johnson,NA
California,24538,SurveyUSA/KABC/SCNG,2016-05-19,2016-05-22,Likely Voters,1383,IVR/Online,Nonpartisan,NA,McMullin,NA
California,24558,PPIC,2016-05-13,2016-05-22,Likely Voters,996,Live Phone,Nonpartisan,NA,Trump,39
California,24558,PPIC,2016-05-13,2016-05-22,Likely Voters,996,Live Phone,Nonpartisan,NA,Clinton,49
California,24558,PPIC,2016-05-13,2016-05-22,Likely Voters,996,Live Phone,Nonpartisan,NA,Other,7
California,24558,PPIC,2016-05-13,2016-05-22,Likely Voters,996,Live Phone,Nonpartisan,NA,Undecided,4
California,24558,PPIC,2016-05-13,2016-05-22,Likely Voters,996,Live Phone,Nonpartisan,NA,Johnson,NA
California,24558,PPIC,2016-05-13,2016-05-22,Likely Voters,996,Live Phone,Nonpartisan,NA,McMullin,NA
California,24574,YouGov/Hoover Institution,2016-05-04,2016-05-16,Likely Voters,1196,Internet,Nonpartisan,NA,Trump,33
California,24574,YouGov/Hoover Institution,2016-05-04,2016-05-16,Likely Voters,1196,Internet,Nonpartisan,NA,Clinton,45
California,24574,YouGov/Hoover Institution,2016-05-04,2016-05-16,Likely Voters,1196,Internet,Nonpartisan,NA,Other,12
California,24574,YouGov/Hoover Institution,2016-05-04,2016-05-16,Likely Voters,1196,Internet,Nonpartisan,NA,Undecided,10
California,24574,YouGov/Hoover Institution,2016-05-04,2016-05-16,Likely Voters,1196,Internet,Nonpartisan,NA,Johnson,NA
California,24574,YouGov/Hoover Institution,2016-05-04,2016-05-16,Likely Voters,1196,Internet,Nonpartisan,NA,McMullin,NA
California,24427,SurveyUSA/KABC/SCNG,2016-04-27,2016-04-30,Likely Voters,1683,IVR/Online,Nonpartisan,NA,Trump,34
California,24427,SurveyUSA/KABC/SCNG,2016-04-27,2016-04-30,Likely Voters,1683,IVR/Online,Nonpartisan,NA,Clinton,56
California,24427,SurveyUSA/KABC/SCNG,2016-04-27,2016-04-30,Likely Voters,1683,IVR/Online,Nonpartisan,NA,Other,NA
California,24427,SurveyUSA/KABC/SCNG,2016-04-27,2016-04-30,Likely Voters,1683,IVR/Online,Nonpartisan,NA,Undecided,10
California,24427,SurveyUSA/KABC/SCNG,2016-04-27,2016-04-30,Likely Voters,1683,IVR/Online,Nonpartisan,NA,Johnson,NA
California,24427,SurveyUSA/KABC/SCNG,2016-04-27,2016-04-30,Likely Voters,1683,IVR/Online,Nonpartisan,NA,McMullin,NA
California,24222,Field,2016-03-24,2016-04-04,Registered Voters,1400,Live Phone,Nonpartisan,NA,Trump,31
California,24222,Field,2016-03-24,2016-04-04,Registered Voters,1400,Live Phone,Nonpartisan,NA,Clinton,59
California,24222,Field,2016-03-24,2016-04-04,Registered Voters,1400,Live Phone,Nonpartisan,NA,Other,NA
California,24222,Field,2016-03-24,2016-04-04,Registered Voters,1400,Live Phone,Nonpartisan,NA,Undecided,10
California,24222,Field,2016-03-24,2016-04-04,Registered Voters,1400,Live Phone,Nonpartisan,NA,Johnson,NA
California,24222,Field,2016-03-24,2016-04-04,Registered Voters,1400,Live Phone,Nonpartisan,NA,McMullin,NA
California,24205,SurveyUSA,2016-03-30,2016-04-03,Likely Voters,1507,IVR/Online,Nonpartisan,NA,Trump,26
California,24205,SurveyUSA,2016-03-30,2016-04-03,Likely Voters,1507,IVR/Online,Nonpartisan,NA,Clinton,60
California,24205,SurveyUSA,2016-03-30,2016-04-03,Likely Voters,1507,IVR/Online,Nonpartisan,NA,Other,NA
California,24205,SurveyUSA,2016-03-30,2016-04-03,Likely Voters,1507,IVR/Online,Nonpartisan,NA,Undecided,14
California,24205,SurveyUSA,2016-03-30,2016-04-03,Likely Voters,1507,IVR/Online,Nonpartisan,NA,Johnson,NA
California,24205,SurveyUSA,2016-03-30,2016-04-03,Likely Voters,1507,IVR/Online,Nonpartisan,NA,McMullin,NA
California,24155,USC/LA Times,2016-03-16,2016-03-23,Likely Voters,1202,Live Phone,Nonpartisan,NA,Trump,30
California,24155,USC/LA Times,2016-03-16,2016-03-23,Likely Voters,1202,Live Phone,Nonpartisan,NA,Clinton,57
California,24155,USC/LA Times,2016-03-16,2016-03-23,Likely Voters,1202,Live Phone,Nonpartisan,NA,Other,5
California,24155,USC/LA Times,2016-03-16,2016-03-23,Likely Voters,1202,Live Phone,Nonpartisan,NA,Undecided,8
California,24155,USC/LA Times,2016-03-16,2016-03-23,Likely Voters,1202,Live Phone,Nonpartisan,NA,Johnson,NA
California,24155,USC/LA Times,2016-03-16,2016-03-23,Likely Voters,1202,Live Phone,Nonpartisan,NA,McMullin,NA
Florida,26807,SurveyMonkey,2016-11-01,2016-11-07,Likely Voters,4092,Internet,Nonpartisan,NA,Trump,45
Florida,26807,SurveyMonkey,2016-11-01,2016-11-07,Likely Voters,4092,Internet,Nonpartisan,NA,Clinton,47
Florida,26807,SurveyMonkey,2016-11-01,2016-11-07,Likely Voters,4092,Internet,Nonpartisan,NA,Other,2
Florida,26807,SurveyMonkey,2016-11-01,2016-11-07,Likely Voters,4092,Internet,Nonpartisan,NA,Undecided,2
Florida,26807,SurveyMonkey,2016-11-01,2016-11-07,Likely Voters,4092,Internet,Nonpartisan,NA,Johnson,4
Florida,26807,SurveyMonkey,2016-11-01,2016-11-07,Likely Voters,4092,Internet,Nonpartisan,NA,McMullin,NA
Florida,26791,Opinion Savvy,2016-11-05,2016-11-06,Likely Voters,853,IVR/Online,Nonpartisan,NA,Trump,46
Florida,26791,Opinion Savvy,2016-11-05,2016-11-06,Likely Voters,853,IVR/Online,Nonpartisan,NA,Clinton,48
Florida,26791,Opinion Savvy,2016-11-05,2016-11-06,Likely Voters,853,IVR/Online,Nonpartisan,NA,Other,1
Florida,26791,Opinion Savvy,2016-11-05,2016-11-06,Likely Voters,853,IVR/Online,Nonpartisan,NA,Undecided,1
Florida,26791,Opinion Savvy,2016-11-05,2016-11-06,Likely Voters,853,IVR/Online,Nonpartisan,NA,Johnson,3
Florida,26791,Opinion Savvy,2016-11-05,2016-11-06,Likely Voters,853,IVR/Online,Nonpartisan,NA,McMullin,NA
Florida,26776,Quinnipiac,2016-11-03,2016-11-06,Likely Voters,884,Live Phone,Nonpartisan,NA,Trump,45
Florida,26776,Quinnipiac,2016-11-03,2016-11-06,Likely Voters,884,Live Phone,Nonpartisan,NA,Clinton,46
Florida,26776,Quinnipiac,2016-11-03,2016-11-06,Likely Voters,884,Live Phone,Nonpartisan,NA,Other,2
Florida,26776,Quinnipiac,2016-11-03,2016-11-06,Likely Voters,884,Live Phone,Nonpartisan,NA,Undecided,5
Florida,26776,Quinnipiac,2016-11-03,2016-11-06,Likely Voters,884,Live Phone,Nonpartisan,NA,Johnson,2
Florida,26776,Quinnipiac,2016-11-03,2016-11-06,Likely Voters,884,Live Phone,Nonpartisan,NA,McMullin,NA
Florida,26793,UPI/CVOTER,2016-10-30,2016-11-06,Likely Voters,438,Internet,Nonpartisan,NA,Trump,47
Florida,26793,UPI/CVOTER,2016-10-30,2016-11-06,Likely Voters,438,Internet,Nonpartisan,NA,Clinton,47
Florida,26793,UPI/CVOTER,2016-10-30,2016-11-06,Likely Voters,438,Internet,Nonpartisan,NA,Other,5
Florida,26793,UPI/CVOTER,2016-10-30,2016-11-06,Likely Voters,438,Internet,Nonpartisan,NA,Undecided,NA
Florida,26793,UPI/CVOTER,2016-10-30,2016-11-06,Likely Voters,438,Internet,Nonpartisan,NA,Johnson,NA
Florida,26793,UPI/CVOTER,2016-10-30,2016-11-06,Likely Voters,438,Internet,Nonpartisan,NA,McMullin,NA
Florida,26806,Ipsos/Reuters,2016-10-17,2016-11-06,Likely Voters,1274,Internet,Nonpartisan,NA,Trump,47
Florida,26806,Ipsos/Reuters,2016-10-17,2016-11-06,Likely Voters,1274,Internet,Nonpartisan,NA,Clinton,48
Florida,26806,Ipsos/Reuters,2016-10-17,2016-11-06,Likely Voters,1274,Internet,Nonpartisan,NA,Other,NA
Florida,26806,Ipsos/Reuters,2016-10-17,2016-11-06,Likely Voters,1274,Internet,Nonpartisan,NA,Undecided,5
Florida,26806,Ipsos/Reuters,2016-10-17,2016-11-06,Likely Voters,1274,Internet,Nonpartisan,NA,Johnson,NA
Florida,26806,Ipsos/Reuters,2016-10-17,2016-11-06,Likely Voters,1274,Internet,Nonpartisan,NA,McMullin,NA
Florida,26755,CBS/YouGov,2016-11-02,2016-11-04,Likely Voters,1188,Internet,Nonpartisan,NA,Trump,45
Florida,26755,CBS/YouGov,2016-11-02,2016-11-04,Likely Voters,1188,Internet,Nonpartisan,NA,Clinton,45
Florida,26755,CBS/YouGov,2016-11-02,2016-11-04,Likely Voters,1188,Internet,Nonpartisan,NA,Other,4
Florida,26755,CBS/YouGov,2016-11-02,2016-11-04,Likely Voters,1188,Internet,Nonpartisan,NA,Undecided,2
Florida,26755,CBS/YouGov,2016-11-02,2016-11-04,Likely Voters,1188,Internet,Nonpartisan,NA,Johnson,4
Florida,26755,CBS/YouGov,2016-11-02,2016-11-04,Likely Voters,1188,Internet,Nonpartisan,NA,McMullin,NA
Florida,26761,Remington Research Group (R)/Axiom Strategies,2016-11-01,2016-11-02,Likely Voters,2352,IVR/Live Phone,Sponsor,Rep,Trump,48
Florida,26761,Remington Research Group (R)/Axiom Strategies,2016-11-01,2016-11-02,Likely Voters,2352,IVR/Live Phone,Sponsor,Rep,Clinton,45
Florida,26761,Remington Research Group (R)/Axiom Strategies,2016-11-01,2016-11-02,Likely Voters,2352,IVR/Live Phone,Sponsor,Rep,Other,2
Florida,26761,Remington Research Group (R)/Axiom Strategies,2016-11-01,2016-11-02,Likely Voters,2352,IVR/Live Phone,Sponsor,Rep,Undecided,3
Florida,26761,Remington Research Group (R)/Axiom Strategies,2016-11-01,2016-11-02,Likely Voters,2352,IVR/Live Phone,Sponsor,Rep,Johnson,2
Florida,26761,Remington Research Group (R)/Axiom Strategies,2016-11-01,2016-11-02,Likely Voters,2352,IVR/Live Phone,Sponsor,Rep,McMullin,NA
Florida,26664,Opinion Savvy/Fox 13/Fox 35,2016-11-01,2016-11-02,Likely Voters,603,IVR/Online,Nonpartisan,NA,Trump,45
Florida,26664,Opinion Savvy/Fox 13/Fox 35,2016-11-01,2016-11-02,Likely Voters,603,IVR/Online,Nonpartisan,NA,Clinton,49
Florida,26664,Opinion Savvy/Fox 13/Fox 35,2016-11-01,2016-11-02,Likely Voters,603,IVR/Online,Nonpartisan,NA,Other,1
Florida,26664,Opinion Savvy/Fox 13/Fox 35,2016-11-01,2016-11-02,Likely Voters,603,IVR/Online,Nonpartisan,NA,Undecided,2
Florida,26664,Opinion Savvy/Fox 13/Fox 35,2016-11-01,2016-11-02,Likely Voters,603,IVR/Online,Nonpartisan,NA,Johnson,3
Florida,26664,Opinion Savvy/Fox 13/Fox 35,2016-11-01,2016-11-02,Likely Voters,603,IVR/Online,Nonpartisan,NA,McMullin,NA
Florida,26628,Quinnipiac,2016-10-27,2016-11-01,Likely Voters,626,Live Phone,Nonpartisan,NA,Trump,45
Florida,26628,Quinnipiac,2016-10-27,2016-11-01,Likely Voters,626,Live Phone,Nonpartisan,NA,Clinton,46
Florida,26628,Quinnipiac,2016-10-27,2016-11-01,Likely Voters,626,Live Phone,Nonpartisan,NA,Other,3
Florida,26628,Quinnipiac,2016-10-27,2016-11-01,Likely Voters,626,Live Phone,Nonpartisan,NA,Undecided,4
Florida,26628,Quinnipiac,2016-10-27,2016-11-01,Likely Voters,626,Live Phone,Nonpartisan,NA,Johnson,2
Florida,26628,Quinnipiac,2016-10-27,2016-11-01,Likely Voters,626,Live Phone,Nonpartisan,NA,McMullin,NA
Florida,26622,CNN,2016-10-27,2016-11-01,Likely Voters,773,Live Phone,Nonpartisan,NA,Trump,47
Florida,26622,CNN,2016-10-27,2016-11-01,Likely Voters,773,Live Phone,Nonpartisan,NA,Clinton,49
Florida,26622,CNN,2016-10-27,2016-11-01,Likely Voters,773,Live Phone,Nonpartisan,NA,Other,2
Florida,26622,CNN,2016-10-27,2016-11-01,Likely Voters,773,Live Phone,Nonpartisan,NA,Undecided,0
Florida,26622,CNN,2016-10-27,2016-11-01,Likely Voters,773,Live Phone,Nonpartisan,NA,Johnson,3
Florida,26622,CNN,2016-10-27,2016-11-01,Likely Voters,773,Live Phone,Nonpartisan,NA,McMullin,NA
Florida,26689,Gravis Marketing/One America News,2016-10-31,2016-10-31,Registered Voters,1995,IVR/Online,Sponsor,Rep,Trump,49
Florida,26689,Gravis Marketing/One America News,2016-10-31,2016-10-31,Registered Voters,1995,IVR/Online,Sponsor,Rep,Clinton,51
Florida,26689,Gravis Marketing/One America News,2016-10-31,2016-10-31,Registered Voters,1995,IVR/Online,Sponsor,Rep,Other,NA
Florida,26689,Gravis Marketing/One America News,2016-10-31,2016-10-31,Registered Voters,1995,IVR/Online,Sponsor,Rep,Undecided,NA
Florida,26689,Gravis Marketing/One America News,2016-10-31,2016-10-31,Registered Voters,1995,IVR/Online,Sponsor,Rep,Johnson,NA
Florida,26689,Gravis Marketing/One America News,2016-10-31,2016-10-31,Registered Voters,1995,IVR/Online,Sponsor,Rep,McMullin,NA
Florida,26596,SurveyMonkey,2016-10-25,2016-10-31,Likely Voters,2809,Internet,Nonpartisan,NA,Trump,45
Florida,26596,SurveyMonkey,2016-10-25,2016-10-31,Likely Voters,2809,Internet,Nonpartisan,NA,Clinton,46
Florida,26596,SurveyMonkey,2016-10-25,2016-10-31,Likely Voters,2809,Internet,Nonpartisan,NA,Other,2
Florida,26596,SurveyMonkey,2016-10-25,2016-10-31,Likely Voters,2809,Internet,Nonpartisan,NA,Undecided,2
Florida,26596,SurveyMonkey,2016-10-25,2016-10-31,Likely Voters,2809,Internet,Nonpartisan,NA,Johnson,5
Florida,26596,SurveyMonkey,2016-10-25,2016-10-31,Likely Voters,2809,Internet,Nonpartisan,NA,McMullin,NA
Florida,26566,Remington Research Group (R)/Axiom Strategies,2016-10-30,2016-10-30,Likely Voters,989,IVR/Live Phone,Sponsor,Rep,Trump,48
Florida,26566,Remington Research Group (R)/Axiom Strategies,2016-10-30,2016-10-30,Likely Voters,989,IVR/Live Phone,Sponsor,Rep,Clinton,44
Florida,26566,Remington Research Group (R)/Axiom Strategies,2016-10-30,2016-10-30,Likely Voters,989,IVR/Live Phone,Sponsor,Rep,Other,2
Florida,26566,Remington Research Group (R)/Axiom Strategies,2016-10-30,2016-10-30,Likely Voters,989,IVR/Live Phone,Sponsor,Rep,Undecided,4
Florida,26566,Remington Research Group (R)/Axiom Strategies,2016-10-30,2016-10-30,Likely Voters,989,IVR/Live Phone,Sponsor,Rep,Johnson,2
Florida,26566,Remington Research Group (R)/Axiom Strategies,2016-10-30,2016-10-30,Likely Voters,989,IVR/Live Phone,Sponsor,Rep,McMullin,NA
Florida,26609,TargetSmart/William & Mary,2016-10-25,2016-10-30,Likely Voters,718,Live Phone/Online,Nonpartisan,NA,Trump,40
Florida,26609,TargetSmart/William & Mary,2016-10-25,2016-10-30,Likely Voters,718,Live Phone/Online,Nonpartisan,NA,Clinton,48
Florida,26609,TargetSmart/William & Mary,2016-10-25,2016-10-30,Likely Voters,718,Live Phone/Online,Nonpartisan,NA,Other,7
Florida,26609,TargetSmart/William & Mary,2016-10-25,2016-10-30,Likely Voters,718,Live Phone/Online,Nonpartisan,NA,Undecided,0
Florida,26609,TargetSmart/William & Mary,2016-10-25,2016-10-30,Likely Voters,718,Live Phone/Online,Nonpartisan,NA,Johnson,3
Florida,26609,TargetSmart/William & Mary,2016-10-25,2016-10-30,Likely Voters,718,Live Phone/Online,Nonpartisan,NA,McMullin,NA
Florida,26592,UPI/CVOTER,2016-10-23,2016-10-29,Likely Voters,408,Internet,Nonpartisan,NA,Trump,47
Florida,26592,UPI/CVOTER,2016-10-23,2016-10-29,Likely Voters,408,Internet,Nonpartisan,NA,Clinton,48
Florida,26592,UPI/CVOTER,2016-10-23,2016-10-29,Likely Voters,408,Internet,Nonpartisan,NA,Other,5
Florida,26592,UPI/CVOTER,2016-10-23,2016-10-29,Likely Voters,408,Internet,Nonpartisan,NA,Undecided,NA
Florida,26592,UPI/CVOTER,2016-10-23,2016-10-29,Likely Voters,408,Internet,Nonpartisan,NA,Johnson,NA
Florida,26592,UPI/CVOTER,2016-10-23,2016-10-29,Likely Voters,408,Internet,Nonpartisan,NA,McMullin,NA
Florida,26543,NYT Upshot/Siena,2016-10-25,2016-10-27,Likely Voters,814,Live Phone,Nonpartisan,NA,Trump,46
Florida,26543,NYT Upshot/Siena,2016-10-25,2016-10-27,Likely Voters,814,Live Phone,Nonpartisan,NA,Clinton,42
Florida,26543,NYT Upshot/Siena,2016-10-25,2016-10-27,Likely Voters,814,Live Phone,Nonpartisan,NA,Other,3
Florida,26543,NYT Upshot/Siena,2016-10-25,2016-10-27,Likely Voters,814,Live Phone,Nonpartisan,NA,Undecided,6
Florida,26543,NYT Upshot/Siena,2016-10-25,2016-10-27,Likely Voters,814,Live Phone,Nonpartisan,NA,Johnson,4
Florida,26543,NYT Upshot/Siena,2016-10-25,2016-10-27,Likely Voters,814,Live Phone,Nonpartisan,NA,McMullin,NA
Florida,26654,Dixie Strategies (R),2016-10-25,2016-10-26,Likely Voters,698,IVR/Live Phone,Pollster,Rep,Trump,46
Florida,26654,Dixie Strategies (R),2016-10-25,2016-10-26,Likely Voters,698,IVR/Live Phone,Pollster,Rep,Clinton,42
Florida,26654,Dixie Strategies (R),2016-10-25,2016-10-26,Likely Voters,698,IVR/Live Phone,Pollster,Rep,Other,3
Florida,26654,Dixie Strategies (R),2016-10-25,2016-10-26,Likely Voters,698,IVR/Live Phone,Pollster,Rep,Undecided,6
Florida,26654,Dixie Strategies (R),2016-10-25,2016-10-26,Likely Voters,698,IVR/Live Phone,Pollster,Rep,Johnson,2
Florida,26654,Dixie Strategies (R),2016-10-25,2016-10-26,Likely Voters,698,IVR/Live Phone,Pollster,Rep,McMullin,NA
Florida,26544,NBC/WSJ/Marist,2016-10-25,2016-10-26,Likely Voters,779,Live Phone,Nonpartisan,NA,Trump,46
Florida,26544,NBC/WSJ/Marist,2016-10-25,2016-10-26,Likely Voters,779,Live Phone,Nonpartisan,NA,Clinton,46
Florida,26544,NBC/WSJ/Marist,2016-10-25,2016-10-26,Likely Voters,779,Live Phone,Nonpartisan,NA,Other,7
Florida,26544,NBC/WSJ/Marist,2016-10-25,2016-10-26,Likely Voters,779,Live Phone,Nonpartisan,NA,Undecided,1
Florida,26544,NBC/WSJ/Marist,2016-10-25,2016-10-26,Likely Voters,779,Live Phone,Nonpartisan,NA,Johnson,NA
Florida,26544,NBC/WSJ/Marist,2016-10-25,2016-10-26,Likely Voters,779,Live Phone,Nonpartisan,NA,McMullin,NA
Florida,26528,Saint Leo University,2016-10-22,2016-10-26,Likely Voters,1028,Internet,Nonpartisan,NA,Trump,37
Florida,26528,Saint Leo University,2016-10-22,2016-10-26,Likely Voters,1028,Internet,Nonpartisan,NA,Clinton,50
Florida,26528,Saint Leo University,2016-10-22,2016-10-26,Likely Voters,1028,Internet,Nonpartisan,NA,Other,1
Florida,26528,Saint Leo University,2016-10-22,2016-10-26,Likely Voters,1028,Internet,Nonpartisan,NA,Undecided,7
Florida,26528,Saint Leo University,2016-10-22,2016-10-26,Likely Voters,1028,Internet,Nonpartisan,NA,Johnson,5
Florida,26528,Saint Leo University,2016-10-22,2016-10-26,Likely Voters,1028,Internet,Nonpartisan,NA,McMullin,NA
Florida,26492,UNF,2016-10-20,2016-10-25,Likely Voters,786,Live Phone,Nonpartisan,NA,Trump,44
Florida,26492,UNF,2016-10-20,2016-10-25,Likely Voters,786,Live Phone,Nonpartisan,NA,Clinton,46
Florida,26492,UNF,2016-10-20,2016-10-25,Likely Voters,786,Live Phone,Nonpartisan,NA,Other,3
Florida,26492,UNF,2016-10-20,2016-10-25,Likely Voters,786,Live Phone,Nonpartisan,NA,Undecided,6
Florida,26492,UNF,2016-10-20,2016-10-25,Likely Voters,786,Live Phone,Nonpartisan,NA,Johnson,NA
Florida,26492,UNF,2016-10-20,2016-10-25,Likely Voters,786,Live Phone,Nonpartisan,NA,McMullin,NA
Florida,26435,Bloomberg/Selzer,2016-10-21,2016-10-24,Likely Voters,953,Live Phone,Nonpartisan,NA,Trump,46
Florida,26435,Bloomberg/Selzer,2016-10-21,2016-10-24,Likely Voters,953,Live Phone,Nonpartisan,NA,Clinton,45
Florida,26435,Bloomberg/Selzer,2016-10-21,2016-10-24,Likely Voters,953,Live Phone,Nonpartisan,NA,Other,4
Florida,26435,Bloomberg/Selzer,2016-10-21,2016-10-24,Likely Voters,953,Live Phone,Nonpartisan,NA,Undecided,5
Florida,26435,Bloomberg/Selzer,2016-10-21,2016-10-24,Likely Voters,953,Live Phone,Nonpartisan,NA,Johnson,NA
Florida,26435,Bloomberg/Selzer,2016-10-21,2016-10-24,Likely Voters,953,Live Phone,Nonpartisan,NA,McMullin,NA
Florida,26439,SurveyUSA/Bay News 9/News 13,2016-10-20,2016-10-24,Likely Voters,1251,IVR/Online,Nonpartisan,NA,Trump,45
Florida,26439,SurveyUSA/Bay News 9/News 13,2016-10-20,2016-10-24,Likely Voters,1251,IVR/Online,Nonpartisan,NA,Clinton,48
Florida,26439,SurveyUSA/Bay News 9/News 13,2016-10-20,2016-10-24,Likely Voters,1251,IVR/Online,Nonpartisan,NA,Other,4
Florida,26439,SurveyUSA/Bay News 9/News 13,2016-10-20,2016-10-24,Likely Voters,1251,IVR/Online,Nonpartisan,NA,Undecided,0
Florida,26439,SurveyUSA/Bay News 9/News 13,2016-10-20,2016-10-24,Likely Voters,1251,IVR/Online,Nonpartisan,NA,Johnson,2
Florida,26439,SurveyUSA/Bay News 9/News 13,2016-10-20,2016-10-24,Likely Voters,1251,IVR/Online,Nonpartisan,NA,McMullin,NA
Florida,26441,SurveyMonkey,2016-10-18,2016-10-24,Likely Voters,2765,Internet,Nonpartisan,NA,Trump,44
Florida,26441,SurveyMonkey,2016-10-18,2016-10-24,Likely Voters,2765,Internet,Nonpartisan,NA,Clinton,47
Florida,26441,SurveyMonkey,2016-10-18,2016-10-24,Likely Voters,2765,Internet,Nonpartisan,NA,Other,2
Florida,26441,SurveyMonkey,2016-10-18,2016-10-24,Likely Voters,2765,Internet,Nonpartisan,NA,Undecided,3
Florida,26441,SurveyMonkey,2016-10-18,2016-10-24,Likely Voters,2765,Internet,Nonpartisan,NA,Johnson,5
Florida,26441,SurveyMonkey,2016-10-18,2016-10-24,Likely Voters,2765,Internet,Nonpartisan,NA,McMullin,NA
Florida,26420,Remington Research Group (R)/Axiom Strategies,2016-10-20,2016-10-22,Likely Voters,1646,IVR/Live Phone,Sponsor,Rep,Trump,46
Florida,26420,Remington Research Group (R)/Axiom Strategies,2016-10-20,2016-10-22,Likely Voters,1646,IVR/Live Phone,Sponsor,Rep,Clinton,46
Florida,26420,Remington Research Group (R)/Axiom Strategies,2016-10-20,2016-10-22,Likely Voters,1646,IVR/Live Phone,Sponsor,Rep,Other,2
Florida,26420,Remington Research Group (R)/Axiom Strategies,2016-10-20,2016-10-22,Likely Voters,1646,IVR/Live Phone,Sponsor,Rep,Undecided,5
Florida,26420,Remington Research Group (R)/Axiom Strategies,2016-10-20,2016-10-22,Likely Voters,1646,IVR/Live Phone,Sponsor,Rep,Johnson,2
Florida,26420,Remington Research Group (R)/Axiom Strategies,2016-10-20,2016-10-22,Likely Voters,1646,IVR/Live Phone,Sponsor,Rep,McMullin,NA
Florida,26380,CBS/YouGov,2016-10-20,2016-10-21,Likely Voters,1042,Internet,Nonpartisan,NA,Trump,43
Florida,26380,CBS/YouGov,2016-10-20,2016-10-21,Likely Voters,1042,Internet,Nonpartisan,NA,Clinton,46
Florida,26380,CBS/YouGov,2016-10-20,2016-10-21,Likely Voters,1042,Internet,Nonpartisan,NA,Other,4
Florida,26380,CBS/YouGov,2016-10-20,2016-10-21,Likely Voters,1042,Internet,Nonpartisan,NA,Undecided,3
Florida,26380,CBS/YouGov,2016-10-20,2016-10-21,Likely Voters,1042,Internet,Nonpartisan,NA,Johnson,3
Florida,26380,CBS/YouGov,2016-10-20,2016-10-21,Likely Voters,1042,Internet,Nonpartisan,NA,McMullin,NA
Florida,26361,Opinion Savvy/Fox 13/Fox 35,2016-10-20,2016-10-20,Likely Voters,538,IVR/Online,Nonpartisan,NA,Trump,45
Florida,26361,Opinion Savvy/Fox 13/Fox 35,2016-10-20,2016-10-20,Likely Voters,538,IVR/Online,Nonpartisan,NA,Clinton,49
Florida,26361,Opinion Savvy/Fox 13/Fox 35,2016-10-20,2016-10-20,Likely Voters,538,IVR/Online,Nonpartisan,NA,Other,2
Florida,26361,Opinion Savvy/Fox 13/Fox 35,2016-10-20,2016-10-20,Likely Voters,538,IVR/Online,Nonpartisan,NA,Undecided,2
Florida,26361,Opinion Savvy/Fox 13/Fox 35,2016-10-20,2016-10-20,Likely Voters,538,IVR/Online,Nonpartisan,NA,Johnson,3
Florida,26361,Opinion Savvy/Fox 13/Fox 35,2016-10-20,2016-10-20,Likely Voters,538,IVR/Online,Nonpartisan,NA,McMullin,NA
Florida,26403,Lucid/The Times-Picayune,2016-10-17,2016-10-18,Likely Voters,892,Internet,Nonpartisan,NA,Trump,39
Florida,26403,Lucid/The Times-Picayune,2016-10-17,2016-10-18,Likely Voters,892,Internet,Nonpartisan,NA,Clinton,45
Florida,26403,Lucid/The Times-Picayune,2016-10-17,2016-10-18,Likely Voters,892,Internet,Nonpartisan,NA,Other,2
Florida,26403,Lucid/The Times-Picayune,2016-10-17,2016-10-18,Likely Voters,892,Internet,Nonpartisan,NA,Undecided,8
Florida,26403,Lucid/The Times-Picayune,2016-10-17,2016-10-18,Likely Voters,892,Internet,Nonpartisan,NA,Johnson,6
Florida,26403,Lucid/The Times-Picayune,2016-10-17,2016-10-18,Likely Voters,892,Internet,Nonpartisan,NA,McMullin,NA
Florida,26215,Quinnipiac,2016-10-10,2016-10-16,Likely Voters,660,Live Phone,Nonpartisan,NA,Trump,44
Florida,26215,Quinnipiac,2016-10-10,2016-10-16,Likely Voters,660,Live Phone,Nonpartisan,NA,Clinton,48
Florida,26215,Quinnipiac,2016-10-10,2016-10-16,Likely Voters,660,Live Phone,Nonpartisan,NA,Other,2
Florida,26215,Quinnipiac,2016-10-10,2016-10-16,Likely Voters,660,Live Phone,Nonpartisan,NA,Undecided,4
Florida,26215,Quinnipiac,2016-10-10,2016-10-16,Likely Voters,660,Live Phone,Nonpartisan,NA,Johnson,4
Florida,26215,Quinnipiac,2016-10-10,2016-10-16,Likely Voters,660,Live Phone,Nonpartisan,NA,McMullin,NA
Florida,26240,WashPost/SurveyMonkey,2016-10-08,2016-10-16,Likely Voters,1702,Internet,Nonpartisan,NA,Trump,47
Florida,26240,WashPost/SurveyMonkey,2016-10-08,2016-10-16,Likely Voters,1702,Internet,Nonpartisan,NA,Clinton,47
Florida,26240,WashPost/SurveyMonkey,2016-10-08,2016-10-16,Likely Voters,1702,Internet,Nonpartisan,NA,Other,NA
Florida,26240,WashPost/SurveyMonkey,2016-10-08,2016-10-16,Likely Voters,1702,Internet,Nonpartisan,NA,Undecided,6
Florida,26240,WashPost/SurveyMonkey,2016-10-08,2016-10-16,Likely Voters,1702,Internet,Nonpartisan,NA,Johnson,NA
Florida,26240,WashPost/SurveyMonkey,2016-10-08,2016-10-16,Likely Voters,1702,Internet,Nonpartisan,NA,McMullin,NA
Florida,26182,PPP (D),2016-10-12,2016-10-13,Likely Voters,985,IVR/Online,Pollster,Dem,Trump,42
Florida,26182,PPP (D),2016-10-12,2016-10-13,Likely Voters,985,IVR/Online,Pollster,Dem,Clinton,46
Florida,26182,PPP (D),2016-10-12,2016-10-13,Likely Voters,985,IVR/Online,Pollster,Dem,Other,1
Florida,26182,PPP (D),2016-10-12,2016-10-13,Likely Voters,985,IVR/Online,Pollster,Dem,Undecided,6
Florida,26182,PPP (D),2016-10-12,2016-10-13,Likely Voters,985,IVR/Online,Pollster,Dem,Johnson,5
Florida,26182,PPP (D),2016-10-12,2016-10-13,Likely Voters,985,IVR/Online,Pollster,Dem,McMullin,NA
Florida,26192,Gravis Marketing/Breitbart,2016-10-11,2016-10-13,Registered Voters,1799,IVR/Online,Nonpartisan,NA,Trump,42
Florida,26192,Gravis Marketing/Breitbart,2016-10-11,2016-10-13,Registered Voters,1799,IVR/Online,Nonpartisan,NA,Clinton,46
Florida,26192,Gravis Marketing/Breitbart,2016-10-11,2016-10-13,Registered Voters,1799,IVR/Online,Nonpartisan,NA,Other,1
Florida,26192,Gravis Marketing/Breitbart,2016-10-11,2016-10-13,Registered Voters,1799,IVR/Online,Nonpartisan,NA,Undecided,10
Florida,26192,Gravis Marketing/Breitbart,2016-10-11,2016-10-13,Registered Voters,1799,IVR/Online,Nonpartisan,NA,Johnson,2
Florida,26192,Gravis Marketing/Breitbart,2016-10-11,2016-10-13,Registered Voters,1799,IVR/Online,Nonpartisan,NA,McMullin,NA
Florida,26344,Ipsos/Reuters,2016-09-23,2016-10-13,Likely Voters,1799,Internet,Nonpartisan,NA,Trump,42
Florida,26344,Ipsos/Reuters,2016-09-23,2016-10-13,Likely Voters,1799,Internet,Nonpartisan,NA,Clinton,48
Florida,26344,Ipsos/Reuters,2016-09-23,2016-10-13,Likely Voters,1799,Internet,Nonpartisan,NA,Other,NA
Florida,26344,Ipsos/Reuters,2016-09-23,2016-10-13,Likely Voters,1799,Internet,Nonpartisan,NA,Undecided,10
Florida,26344,Ipsos/Reuters,2016-09-23,2016-10-13,Likely Voters,1799,Internet,Nonpartisan,NA,Johnson,NA
Florida,26344,Ipsos/Reuters,2016-09-23,2016-10-13,Likely Voters,1799,Internet,Nonpartisan,NA,McMullin,NA
Florida,26442,Ipsos/Reuters,2016-10-05,2016-10-12,Likely Voters,1532,Internet,Nonpartisan,NA,Trump,40
Florida,26442,Ipsos/Reuters,2016-10-05,2016-10-12,Likely Voters,1532,Internet,Nonpartisan,NA,Clinton,42
Florida,26442,Ipsos/Reuters,2016-10-05,2016-10-12,Likely Voters,1532,Internet,Nonpartisan,NA,Other,7
Florida,26442,Ipsos/Reuters,2016-10-05,2016-10-12,Likely Voters,1532,Internet,Nonpartisan,NA,Undecided,11
Florida,26442,Ipsos/Reuters,2016-10-05,2016-10-12,Likely Voters,1532,Internet,Nonpartisan,NA,Johnson,NA
Florida,26442,Ipsos/Reuters,2016-10-05,2016-10-12,Likely Voters,1532,Internet,Nonpartisan,NA,McMullin,NA
Florida,26149,Opinion Savvy,2016-10-10,2016-10-11,Likely Voters,533,IVR/Online,Nonpartisan,NA,Trump,44
Florida,26149,Opinion Savvy,2016-10-10,2016-10-11,Likely Voters,533,IVR/Online,Nonpartisan,NA,Clinton,47
Florida,26149,Opinion Savvy,2016-10-10,2016-10-11,Likely Voters,533,IVR/Online,Nonpartisan,NA,Other,1
Florida,26149,Opinion Savvy,2016-10-10,2016-10-11,Likely Voters,533,IVR/Online,Nonpartisan,NA,Undecided,3
Florida,26149,Opinion Savvy,2016-10-10,2016-10-11,Likely Voters,533,IVR/Online,Nonpartisan,NA,Johnson,5
Florida,26149,Opinion Savvy,2016-10-10,2016-10-11,Likely Voters,533,IVR/Online,Nonpartisan,NA,McMullin,NA
Florida,26157,Florida Atlantic University,2016-10-05,2016-10-09,Likely Voters,500,IVR/Online,Nonpartisan,NA,Trump,43
Florida,26157,Florida Atlantic University,2016-10-05,2016-10-09,Likely Voters,500,IVR/Online,Nonpartisan,NA,Clinton,49
Florida,26157,Florida Atlantic University,2016-10-05,2016-10-09,Likely Voters,500,IVR/Online,Nonpartisan,NA,Other,0
Florida,26157,Florida Atlantic University,2016-10-05,2016-10-09,Likely Voters,500,IVR/Online,Nonpartisan,NA,Undecided,7
Florida,26157,Florida Atlantic University,2016-10-05,2016-10-09,Likely Voters,500,IVR/Online,Nonpartisan,NA,Johnson,1
Florida,26157,Florida Atlantic University,2016-10-05,2016-10-09,Likely Voters,500,IVR/Online,Nonpartisan,NA,McMullin,NA
Florida,26103,Ipsos/Reuters,2016-09-16,2016-10-06,Likely Voters,1360,Internet,Nonpartisan,NA,Trump,44
Florida,26103,Ipsos/Reuters,2016-09-16,2016-10-06,Likely Voters,1360,Internet,Nonpartisan,NA,Clinton,49
Florida,26103,Ipsos/Reuters,2016-09-16,2016-10-06,Likely Voters,1360,Internet,Nonpartisan,NA,Other,NA
Florida,26103,Ipsos/Reuters,2016-09-16,2016-10-06,Likely Voters,1360,Internet,Nonpartisan,NA,Undecided,7
Florida,26103,Ipsos/Reuters,2016-09-16,2016-10-06,Likely Voters,1360,Internet,Nonpartisan,NA,Johnson,NA
Florida,26103,Ipsos/Reuters,2016-09-16,2016-10-06,Likely Voters,1360,Internet,Nonpartisan,NA,McMullin,NA
Florida,26011,NBC/WSJ/Marist,2016-10-03,2016-10-05,Likely Voters,700,Live Phone,Nonpartisan,NA,Trump,44
Florida,26011,NBC/WSJ/Marist,2016-10-03,2016-10-05,Likely Voters,700,Live Phone,Nonpartisan,NA,Clinton,46
Florida,26011,NBC/WSJ/Marist,2016-10-03,2016-10-05,Likely Voters,700,Live Phone,Nonpartisan,NA,Other,7
Florida,26011,NBC/WSJ/Marist,2016-10-03,2016-10-05,Likely Voters,700,Live Phone,Nonpartisan,NA,Undecided,3
Florida,26011,NBC/WSJ/Marist,2016-10-03,2016-10-05,Likely Voters,700,Live Phone,Nonpartisan,NA,Johnson,NA
Florida,26011,NBC/WSJ/Marist,2016-10-03,2016-10-05,Likely Voters,700,Live Phone,Nonpartisan,NA,McMullin,NA
Florida,25974,UNF,2016-09-27,2016-10-04,Likely Voters,661,Live Phone,Nonpartisan,NA,Trump,40
Florida,25974,UNF,2016-09-27,2016-10-04,Likely Voters,661,Live Phone,Nonpartisan,NA,Clinton,47
Florida,25974,UNF,2016-09-27,2016-10-04,Likely Voters,661,Live Phone,Nonpartisan,NA,Other,4
Florida,25974,UNF,2016-09-27,2016-10-04,Likely Voters,661,Live Phone,Nonpartisan,NA,Undecided,9
Florida,25974,UNF,2016-09-27,2016-10-04,Likely Voters,661,Live Phone,Nonpartisan,NA,Johnson,NA
Florida,25974,UNF,2016-09-27,2016-10-04,Likely Voters,661,Live Phone,Nonpartisan,NA,McMullin,NA
Florida,25842,Quinnipiac,2016-09-27,2016-10-02,Likely Voters,545,Live Phone,Nonpartisan,NA,Trump,41
Florida,25842,Quinnipiac,2016-09-27,2016-10-02,Likely Voters,545,Live Phone,Nonpartisan,NA,Clinton,46
Florida,25842,Quinnipiac,2016-09-27,2016-10-02,Likely Voters,545,Live Phone,Nonpartisan,NA,Other,2
Florida,25842,Quinnipiac,2016-09-27,2016-10-02,Likely Voters,545,Live Phone,Nonpartisan,NA,Undecided,5
Florida,25842,Quinnipiac,2016-09-27,2016-10-02,Likely Voters,545,Live Phone,Nonpartisan,NA,Johnson,5
Florida,25842,Quinnipiac,2016-09-27,2016-10-02,Likely Voters,545,Live Phone,Nonpartisan,NA,McMullin,NA
Florida,25814,Opinion Savvy/Fox 13/Fox 35,2016-09-28,2016-09-29,Likely Voters,619,IVR/Online,Nonpartisan,NA,Trump,46
Florida,25814,Opinion Savvy/Fox 13/Fox 35,2016-09-28,2016-09-29,Likely Voters,619,IVR/Online,Nonpartisan,NA,Clinton,47
Florida,25814,Opinion Savvy/Fox 13/Fox 35,2016-09-28,2016-09-29,Likely Voters,619,IVR/Online,Nonpartisan,NA,Other,2
Florida,25814,Opinion Savvy/Fox 13/Fox 35,2016-09-28,2016-09-29,Likely Voters,619,IVR/Online,Nonpartisan,NA,Undecided,1
Florida,25814,Opinion Savvy/Fox 13/Fox 35,2016-09-28,2016-09-29,Likely Voters,619,IVR/Online,Nonpartisan,NA,Johnson,4
Florida,25814,Opinion Savvy/Fox 13/Fox 35,2016-09-28,2016-09-29,Likely Voters,619,IVR/Online,Nonpartisan,NA,McMullin,NA
Florida,25811,Mason-Dixon,2016-09-27,2016-09-29,Likely Voters,820,Live Phone,Nonpartisan,NA,Trump,42
Florida,25811,Mason-Dixon,2016-09-27,2016-09-29,Likely Voters,820,Live Phone,Nonpartisan,NA,Clinton,46
Florida,25811,Mason-Dixon,2016-09-27,2016-09-29,Likely Voters,820,Live Phone,Nonpartisan,NA,Other,1
Florida,25811,Mason-Dixon,2016-09-27,2016-09-29,Likely Voters,820,Live Phone,Nonpartisan,NA,Undecided,4
Florida,25811,Mason-Dixon,2016-09-27,2016-09-29,Likely Voters,820,Live Phone,Nonpartisan,NA,Johnson,7
Florida,25811,Mason-Dixon,2016-09-27,2016-09-29,Likely Voters,820,Live Phone,Nonpartisan,NA,McMullin,NA
Florida,25796,PPP (D-Vote Vets Action Fund),2016-09-27,2016-09-28,Likely Voters,826,IVR/Online,Pollster,Dem,Trump,43
Florida,25796,PPP (D-Vote Vets Action Fund),2016-09-27,2016-09-28,Likely Voters,826,IVR/Online,Pollster,Dem,Clinton,45
Florida,25796,PPP (D-Vote Vets Action Fund),2016-09-27,2016-09-28,Likely Voters,826,IVR/Online,Pollster,Dem,Other,1
Florida,25796,PPP (D-Vote Vets Action Fund),2016-09-27,2016-09-28,Likely Voters,826,IVR/Online,Pollster,Dem,Undecided,8
Florida,25796,PPP (D-Vote Vets Action Fund),2016-09-27,2016-09-28,Likely Voters,826,IVR/Online,Pollster,Dem,Johnson,3
Florida,25796,PPP (D-Vote Vets Action Fund),2016-09-27,2016-09-28,Likely Voters,826,IVR/Online,Pollster,Dem,McMullin,NA
Florida,25618,Suffolk,2016-09-19,2016-09-21,Likely Voters,500,Live Phone,Nonpartisan,NA,Trump,45
Florida,25618,Suffolk,2016-09-19,2016-09-21,Likely Voters,500,Live Phone,Nonpartisan,NA,Clinton,44
Florida,25618,Suffolk,2016-09-19,2016-09-21,Likely Voters,500,Live Phone,Nonpartisan,NA,Other,1
Florida,25618,Suffolk,2016-09-19,2016-09-21,Likely Voters,500,Live Phone,Nonpartisan,NA,Undecided,8
Florida,25618,Suffolk,2016-09-19,2016-09-21,Likely Voters,500,Live Phone,Nonpartisan,NA,Johnson,3
Florida,25618,Suffolk,2016-09-19,2016-09-21,Likely Voters,500,Live Phone,Nonpartisan,NA,McMullin,NA
Florida,25725,Cherry (R-Florida Chamber of Commerce),2016-09-15,2016-09-20,Likely Voters,617,Live Phone,Pollster,Rep,Trump,41
Florida,25725,Cherry (R-Florida Chamber of Commerce),2016-09-15,2016-09-20,Likely Voters,617,Live Phone,Pollster,Rep,Clinton,43
Florida,25725,Cherry (R-Florida Chamber of Commerce),2016-09-15,2016-09-20,Likely Voters,617,Live Phone,Pollster,Rep,Other,2
Florida,25725,Cherry (R-Florida Chamber of Commerce),2016-09-15,2016-09-20,Likely Voters,617,Live Phone,Pollster,Rep,Undecided,6
Florida,25725,Cherry (R-Florida Chamber of Commerce),2016-09-15,2016-09-20,Likely Voters,617,Live Phone,Pollster,Rep,Johnson,8
Florida,25725,Cherry (R-Florida Chamber of Commerce),2016-09-15,2016-09-20,Likely Voters,617,Live Phone,Pollster,Rep,McMullin,NA
Florida,25584,Monmouth University,2016-09-16,2016-09-19,Likely Voters,400,Live Phone,Nonpartisan,NA,Trump,41
Florida,25584,Monmouth University,2016-09-16,2016-09-19,Likely Voters,400,Live Phone,Nonpartisan,NA,Clinton,46
Florida,25584,Monmouth University,2016-09-16,2016-09-19,Likely Voters,400,Live Phone,Nonpartisan,NA,Other,2
Florida,25584,Monmouth University,2016-09-16,2016-09-19,Likely Voters,400,Live Phone,Nonpartisan,NA,Undecided,5
Florida,25584,Monmouth University,2016-09-16,2016-09-19,Likely Voters,400,Live Phone,Nonpartisan,NA,Johnson,6
Florida,25584,Monmouth University,2016-09-16,2016-09-19,Likely Voters,400,Live Phone,Nonpartisan,NA,McMullin,NA
Florida,25599,Saint Leo University,2016-09-10,2016-09-16,Likely Voters,475,Internet,Nonpartisan,NA,Trump,44
Florida,25599,Saint Leo University,2016-09-10,2016-09-16,Likely Voters,475,Internet,Nonpartisan,NA,Clinton,49
Florida,25599,Saint Leo University,2016-09-10,2016-09-16,Likely Voters,475,Internet,Nonpartisan,NA,Other,2
Florida,25599,Saint Leo University,2016-09-10,2016-09-16,Likely Voters,475,Internet,Nonpartisan,NA,Undecided,NA
Florida,25599,Saint Leo University,2016-09-10,2016-09-16,Likely Voters,475,Internet,Nonpartisan,NA,Johnson,6
Florida,25599,Saint Leo University,2016-09-10,2016-09-16,Likely Voters,475,Internet,Nonpartisan,NA,McMullin,NA
Florida,25543,Ipsos/Reuters,2016-08-26,2016-09-15,Likely Voters,1065,Internet,Nonpartisan,NA,Trump,50
Florida,25543,Ipsos/Reuters,2016-08-26,2016-09-15,Likely Voters,1065,Internet,Nonpartisan,NA,Clinton,46
Florida,25543,Ipsos/Reuters,2016-08-26,2016-09-15,Likely Voters,1065,Internet,Nonpartisan,NA,Other,NA
Florida,25543,Ipsos/Reuters,2016-08-26,2016-09-15,Likely Voters,1065,Internet,Nonpartisan,NA,Undecided,4
Florida,25543,Ipsos/Reuters,2016-08-26,2016-09-15,Likely Voters,1065,Internet,Nonpartisan,NA,Johnson,NA
Florida,25543,Ipsos/Reuters,2016-08-26,2016-09-15,Likely Voters,1065,Internet,Nonpartisan,NA,McMullin,NA
Florida,25524,NYT Upshot/Siena,2016-09-10,2016-09-14,Likely Voters,867,Live Phone,Nonpartisan,NA,Trump,43
Florida,25524,NYT Upshot/Siena,2016-09-10,2016-09-14,Likely Voters,867,Live Phone,Nonpartisan,NA,Clinton,43
Florida,25524,NYT Upshot/Siena,2016-09-10,2016-09-14,Likely Voters,867,Live Phone,Nonpartisan,NA,Other,3
Florida,25524,NYT Upshot/Siena,2016-09-10,2016-09-14,Likely Voters,867,Live Phone,Nonpartisan,NA,Undecided,10
Florida,25524,NYT Upshot/Siena,2016-09-10,2016-09-14,Likely Voters,867,Live Phone,Nonpartisan,NA,Johnson,NA
Florida,25524,NYT Upshot/Siena,2016-09-10,2016-09-14,Likely Voters,867,Live Phone,Nonpartisan,NA,McMullin,NA
Florida,25493,CNN,2016-09-07,2016-09-12,Likely Voters,788,Live Phone,Nonpartisan,NA,Trump,47
Florida,25493,CNN,2016-09-07,2016-09-12,Likely Voters,788,Live Phone,Nonpartisan,NA,Clinton,44
Florida,25493,CNN,2016-09-07,2016-09-12,Likely Voters,788,Live Phone,Nonpartisan,NA,Other,1
Florida,25493,CNN,2016-09-07,2016-09-12,Likely Voters,788,Live Phone,Nonpartisan,NA,Undecided,1
Florida,25493,CNN,2016-09-07,2016-09-12,Likely Voters,788,Live Phone,Nonpartisan,NA,Johnson,6
Florida,25493,CNN,2016-09-07,2016-09-12,Likely Voters,788,Live Phone,Nonpartisan,NA,McMullin,NA
Florida,25448,CBS/YouGov,2016-09-07,2016-09-09,Likely Voters,1193,Internet,Nonpartisan,NA,Trump,42
Florida,25448,CBS/YouGov,2016-09-07,2016-09-09,Likely Voters,1193,Internet,Nonpartisan,NA,Clinton,44
Florida,25448,CBS/YouGov,2016-09-07,2016-09-09,Likely Voters,1193,Internet,Nonpartisan,NA,Other,4
Florida,25448,CBS/YouGov,2016-09-07,2016-09-09,Likely Voters,1193,Internet,Nonpartisan,NA,Undecided,6
Florida,25448,CBS/YouGov,2016-09-07,2016-09-09,Likely Voters,1193,Internet,Nonpartisan,NA,Johnson,5
Florida,25448,CBS/YouGov,2016-09-07,2016-09-09,Likely Voters,1193,Internet,Nonpartisan,NA,McMullin,NA
Florida,25428,Quinnipiac,2016-08-29,2016-09-07,Likely Voters,761,Live Phone,Nonpartisan,NA,Trump,47
Florida,25428,Quinnipiac,2016-08-29,2016-09-07,Likely Voters,761,Live Phone,Nonpartisan,NA,Clinton,47
Florida,25428,Quinnipiac,2016-08-29,2016-09-07,Likely Voters,761,Live Phone,Nonpartisan,NA,Other,2
Florida,25428,Quinnipiac,2016-08-29,2016-09-07,Likely Voters,761,Live Phone,Nonpartisan,NA,Undecided,5
Florida,25428,Quinnipiac,2016-08-29,2016-09-07,Likely Voters,761,Live Phone,Nonpartisan,NA,Johnson,NA
Florida,25428,Quinnipiac,2016-08-29,2016-09-07,Likely Voters,761,Live Phone,Nonpartisan,NA,McMullin,NA
Florida,25412,PPP (D),2016-09-04,2016-09-06,Likely Voters,744,IVR/Online,Pollster,Dem,Trump,44
Florida,25412,PPP (D),2016-09-04,2016-09-06,Likely Voters,744,IVR/Online,Pollster,Dem,Clinton,43
Florida,25412,PPP (D),2016-09-04,2016-09-06,Likely Voters,744,IVR/Online,Pollster,Dem,Other,2
Florida,25412,PPP (D),2016-09-04,2016-09-06,Likely Voters,744,IVR/Online,Pollster,Dem,Undecided,6
Florida,25412,PPP (D),2016-09-04,2016-09-06,Likely Voters,744,IVR/Online,Pollster,Dem,Johnson,5
Florida,25412,PPP (D),2016-09-04,2016-09-06,Likely Voters,744,IVR/Online,Pollster,Dem,McMullin,NA
Florida,25348,WashPost/SurveyMonkey,2016-08-09,2016-09-01,Registered Voters,3287,Internet,Nonpartisan,NA,Trump,44
Florida,25348,WashPost/SurveyMonkey,2016-08-09,2016-09-01,Registered Voters,3287,Internet,Nonpartisan,NA,Clinton,46
Florida,25348,WashPost/SurveyMonkey,2016-08-09,2016-09-01,Registered Voters,3287,Internet,Nonpartisan,NA,Other,NA
Florida,25348,WashPost/SurveyMonkey,2016-08-09,2016-09-01,Registered Voters,3287,Internet,Nonpartisan,NA,Undecided,10
Florida,25348,WashPost/SurveyMonkey,2016-08-09,2016-09-01,Registered Voters,3287,Internet,Nonpartisan,NA,Johnson,NA
Florida,25348,WashPost/SurveyMonkey,2016-08-09,2016-09-01,Registered Voters,3287,Internet,Nonpartisan,NA,McMullin,NA
Florida,25269,ICITIZEN,2016-08-18,2016-08-24,Registered Voters,600,Internet,Nonpartisan,NA,Trump,37
Florida,25269,ICITIZEN,2016-08-18,2016-08-24,Registered Voters,600,Internet,Nonpartisan,NA,Clinton,42
Florida,25269,ICITIZEN,2016-08-18,2016-08-24,Registered Voters,600,Internet,Nonpartisan,NA,Other,6
Florida,25269,ICITIZEN,2016-08-18,2016-08-24,Registered Voters,600,Internet,Nonpartisan,NA,Undecided,8
Florida,25269,ICITIZEN,2016-08-18,2016-08-24,Registered Voters,600,Internet,Nonpartisan,NA,Johnson,8
Florida,25269,ICITIZEN,2016-08-18,2016-08-24,Registered Voters,600,Internet,Nonpartisan,NA,McMullin,NA
Florida,25255,Cherry (R-Florida Chamber of Commerce),2016-08-17,2016-08-22,Likely Voters,608,Live Phone,Pollster,Rep,Trump,44
Florida,25255,Cherry (R-Florida Chamber of Commerce),2016-08-17,2016-08-22,Likely Voters,608,Live Phone,Pollster,Rep,Clinton,43
Florida,25255,Cherry (R-Florida Chamber of Commerce),2016-08-17,2016-08-22,Likely Voters,608,Live Phone,Pollster,Rep,Other,7
Florida,25255,Cherry (R-Florida Chamber of Commerce),2016-08-17,2016-08-22,Likely Voters,608,Live Phone,Pollster,Rep,Undecided,5
Florida,25255,Cherry (R-Florida Chamber of Commerce),2016-08-17,2016-08-22,Likely Voters,608,Live Phone,Pollster,Rep,Johnson,NA
Florida,25255,Cherry (R-Florida Chamber of Commerce),2016-08-17,2016-08-22,Likely Voters,608,Live Phone,Pollster,Rep,McMullin,NA
Florida,25244,Saint Leo University,2016-08-14,2016-08-18,Likely Voters,1380,Internet,Nonpartisan,NA,Trump,38
Florida,25244,Saint Leo University,2016-08-14,2016-08-18,Likely Voters,1380,Internet,Nonpartisan,NA,Clinton,52
Florida,25244,Saint Leo University,2016-08-14,2016-08-18,Likely Voters,1380,Internet,Nonpartisan,NA,Other,2
Florida,25244,Saint Leo University,2016-08-14,2016-08-18,Likely Voters,1380,Internet,Nonpartisan,NA,Undecided,NA
Florida,25244,Saint Leo University,2016-08-14,2016-08-18,Likely Voters,1380,Internet,Nonpartisan,NA,Johnson,8
Florida,25244,Saint Leo University,2016-08-14,2016-08-18,Likely Voters,1380,Internet,Nonpartisan,NA,McMullin,NA
Florida,25187,Monmouth University,2016-08-12,2016-08-15,Likely Voters,402,Live Phone,Nonpartisan,NA,Trump,39
Florida,25187,Monmouth University,2016-08-12,2016-08-15,Likely Voters,402,Live Phone,Nonpartisan,NA,Clinton,48
Florida,25187,Monmouth University,2016-08-12,2016-08-15,Likely Voters,402,Live Phone,Nonpartisan,NA,Other,2
Florida,25187,Monmouth University,2016-08-12,2016-08-15,Likely Voters,402,Live Phone,Nonpartisan,NA,Undecided,5
Florida,25187,Monmouth University,2016-08-12,2016-08-15,Likely Voters,402,Live Phone,Nonpartisan,NA,Johnson,6
Florida,25187,Monmouth University,2016-08-12,2016-08-15,Likely Voters,402,Live Phone,Nonpartisan,NA,McMullin,NA
Florida,25156,CBS/YouGov,2016-08-10,2016-08-12,Likely Voters,1194,Internet,Nonpartisan,NA,Trump,40
Florida,25156,CBS/YouGov,2016-08-10,2016-08-12,Likely Voters,1194,Internet,Nonpartisan,NA,Clinton,45
Florida,25156,CBS/YouGov,2016-08-10,2016-08-12,Likely Voters,1194,Internet,Nonpartisan,NA,Other,4
Florida,25156,CBS/YouGov,2016-08-10,2016-08-12,Likely Voters,1194,Internet,Nonpartisan,NA,Undecided,4
Florida,25156,CBS/YouGov,2016-08-10,2016-08-12,Likely Voters,1194,Internet,Nonpartisan,NA,Johnson,5
Florida,25156,CBS/YouGov,2016-08-10,2016-08-12,Likely Voters,1194,Internet,Nonpartisan,NA,McMullin,NA
Florida,25136,Opinion Savvy/Fox 13,2016-08-10,2016-08-10,Likely Voters,622,IVR/Online,Nonpartisan,NA,Trump,44
Florida,25136,Opinion Savvy/Fox 13,2016-08-10,2016-08-10,Likely Voters,622,IVR/Online,Nonpartisan,NA,Clinton,45
Florida,25136,Opinion Savvy/Fox 13,2016-08-10,2016-08-10,Likely Voters,622,IVR/Online,Nonpartisan,NA,Other,1
Florida,25136,Opinion Savvy/Fox 13,2016-08-10,2016-08-10,Likely Voters,622,IVR/Online,Nonpartisan,NA,Undecided,3
Florida,25136,Opinion Savvy/Fox 13,2016-08-10,2016-08-10,Likely Voters,622,IVR/Online,Nonpartisan,NA,Johnson,6
Florida,25136,Opinion Savvy/Fox 13,2016-08-10,2016-08-10,Likely Voters,622,IVR/Online,Nonpartisan,NA,McMullin,NA
Florida,25148,NBC/WSJ/Marist,2016-08-04,2016-08-10,Registered Voters,862,Live Phone,Nonpartisan,NA,Trump,39
Florida,25148,NBC/WSJ/Marist,2016-08-04,2016-08-10,Registered Voters,862,Live Phone,Nonpartisan,NA,Clinton,44
Florida,25148,NBC/WSJ/Marist,2016-08-04,2016-08-10,Registered Voters,862,Live Phone,Nonpartisan,NA,Other,11
Florida,25148,NBC/WSJ/Marist,2016-08-04,2016-08-10,Registered Voters,862,Live Phone,Nonpartisan,NA,Undecided,7
Florida,25148,NBC/WSJ/Marist,2016-08-04,2016-08-10,Registered Voters,862,Live Phone,Nonpartisan,NA,Johnson,NA
Florida,25148,NBC/WSJ/Marist,2016-08-04,2016-08-10,Registered Voters,862,Live Phone,Nonpartisan,NA,McMullin,NA
Florida,25101,Quinnipiac,2016-07-30,2016-08-07,Likely Voters,1056,Live Phone,Nonpartisan,NA,Trump,45
Florida,25101,Quinnipiac,2016-07-30,2016-08-07,Likely Voters,1056,Live Phone,Nonpartisan,NA,Clinton,46
Florida,25101,Quinnipiac,2016-07-30,2016-08-07,Likely Voters,1056,Live Phone,Nonpartisan,NA,Other,3
Florida,25101,Quinnipiac,2016-07-30,2016-08-07,Likely Voters,1056,Live Phone,Nonpartisan,NA,Undecided,5
Florida,25101,Quinnipiac,2016-07-30,2016-08-07,Likely Voters,1056,Live Phone,Nonpartisan,NA,Johnson,NA
Florida,25101,Quinnipiac,2016-07-30,2016-08-07,Likely Voters,1056,Live Phone,Nonpartisan,NA,McMullin,NA
Florida,25062,Suffolk,2016-08-01,2016-08-03,Likely Voters,500,Live Phone,Nonpartisan,NA,Trump,42
Florida,25062,Suffolk,2016-08-01,2016-08-03,Likely Voters,500,Live Phone,Nonpartisan,NA,Clinton,48
Florida,25062,Suffolk,2016-08-01,2016-08-03,Likely Voters,500,Live Phone,Nonpartisan,NA,Other,NA
Florida,25062,Suffolk,2016-08-01,2016-08-03,Likely Voters,500,Live Phone,Nonpartisan,NA,Undecided,10
Florida,25062,Suffolk,2016-08-01,2016-08-03,Likely Voters,500,Live Phone,Nonpartisan,NA,Johnson,NA
Florida,25062,Suffolk,2016-08-01,2016-08-03,Likely Voters,500,Live Phone,Nonpartisan,NA,McMullin,NA
Florida,24892,NBC/WSJ/Marist,2016-07-05,2016-07-11,Registered Voters,871,Live Phone,Nonpartisan,NA,Trump,37
Florida,24892,NBC/WSJ/Marist,2016-07-05,2016-07-11,Registered Voters,871,Live Phone,Nonpartisan,NA,Clinton,44
Florida,24892,NBC/WSJ/Marist,2016-07-05,2016-07-11,Registered Voters,871,Live Phone,Nonpartisan,NA,Other,13
Florida,24892,NBC/WSJ/Marist,2016-07-05,2016-07-11,Registered Voters,871,Live Phone,Nonpartisan,NA,Undecided,7
Florida,24892,NBC/WSJ/Marist,2016-07-05,2016-07-11,Registered Voters,871,Live Phone,Nonpartisan,NA,Johnson,NA
Florida,24892,NBC/WSJ/Marist,2016-07-05,2016-07-11,Registered Voters,871,Live Phone,Nonpartisan,NA,McMullin,NA
Florida,24869,Quinnipiac,2016-06-30,2016-07-11,Registered Voters,1015,Live Phone,Nonpartisan,NA,Trump,42
Florida,24869,Quinnipiac,2016-06-30,2016-07-11,Registered Voters,1015,Live Phone,Nonpartisan,NA,Clinton,39
Florida,24869,Quinnipiac,2016-06-30,2016-07-11,Registered Voters,1015,Live Phone,Nonpartisan,NA,Other,6
Florida,24869,Quinnipiac,2016-06-30,2016-07-11,Registered Voters,1015,Live Phone,Nonpartisan,NA,Undecided,13
Florida,24869,Quinnipiac,2016-06-30,2016-07-11,Registered Voters,1015,Live Phone,Nonpartisan,NA,Johnson,NA
Florida,24869,Quinnipiac,2016-06-30,2016-07-11,Registered Voters,1015,Live Phone,Nonpartisan,NA,McMullin,NA
Florida,24864,JMC Analytics (R),2016-07-09,2016-07-10,Likely Voters,700,Automated Phone,Pollster,Rep,Trump,47
Florida,24864,JMC Analytics (R),2016-07-09,2016-07-10,Likely Voters,700,Automated Phone,Pollster,Rep,Clinton,42
Florida,24864,JMC Analytics (R),2016-07-09,2016-07-10,Likely Voters,700,Automated Phone,Pollster,Rep,Other,1
Florida,24864,JMC Analytics (R),2016-07-09,2016-07-10,Likely Voters,700,Automated Phone,Pollster,Rep,Undecided,8
Florida,24864,JMC Analytics (R),2016-07-09,2016-07-10,Likely Voters,700,Automated Phone,Pollster,Rep,Johnson,2
Florida,24864,JMC Analytics (R),2016-07-09,2016-07-10,Likely Voters,700,Automated Phone,Pollster,Rep,McMullin,NA
Florida,24897,GQR (D-Project New America),2016-07-06,2016-07-10,Likely Voters,1100,Live Phone,Pollster,Dem,Trump,40
Florida,24897,GQR (D-Project New America),2016-07-06,2016-07-10,Likely Voters,1100,Live Phone,Pollster,Dem,Clinton,45
Florida,24897,GQR (D-Project New America),2016-07-06,2016-07-10,Likely Voters,1100,Live Phone,Pollster,Dem,Other,2
Florida,24897,GQR (D-Project New America),2016-07-06,2016-07-10,Likely Voters,1100,Live Phone,Pollster,Dem,Undecided,7
Florida,24897,GQR (D-Project New America),2016-07-06,2016-07-10,Likely Voters,1100,Live Phone,Pollster,Dem,Johnson,6
Florida,24897,GQR (D-Project New America),2016-07-06,2016-07-10,Likely Voters,1100,Live Phone,Pollster,Dem,McMullin,NA
Florida,24867,Gravis Marketing/OANN,2016-06-27,2016-06-28,Registered Voters,1619,Automated Phone,Nonpartisan,NA,Trump,49
Florida,24867,Gravis Marketing/OANN,2016-06-27,2016-06-28,Registered Voters,1619,Automated Phone,Nonpartisan,NA,Clinton,45
Florida,24867,Gravis Marketing/OANN,2016-06-27,2016-06-28,Registered Voters,1619,Automated Phone,Nonpartisan,NA,Other,6
Florida,24867,Gravis Marketing/OANN,2016-06-27,2016-06-28,Registered Voters,1619,Automated Phone,Nonpartisan,NA,Undecided,NA
Florida,24867,Gravis Marketing/OANN,2016-06-27,2016-06-28,Registered Voters,1619,Automated Phone,Nonpartisan,NA,Johnson,NA
Florida,24867,Gravis Marketing/OANN,2016-06-27,2016-06-28,Registered Voters,1619,Automated Phone,Nonpartisan,NA,McMullin,NA
Florida,24865,Onmessage (R-Let's Get to Work),2016-06-26,2016-06-28,Likely Voters,800,Live Phone,Sponsor,Rep,Trump,47
Florida,24865,Onmessage (R-Let's Get to Work),2016-06-26,2016-06-28,Likely Voters,800,Live Phone,Sponsor,Rep,Clinton,45
Florida,24865,Onmessage (R-Let's Get to Work),2016-06-26,2016-06-28,Likely Voters,800,Live Phone,Sponsor,Rep,Other,NA
Florida,24865,Onmessage (R-Let's Get to Work),2016-06-26,2016-06-28,Likely Voters,800,Live Phone,Sponsor,Rep,Undecided,8
Florida,24865,Onmessage (R-Let's Get to Work),2016-06-26,2016-06-28,Likely Voters,800,Live Phone,Sponsor,Rep,Johnson,NA
Florida,24865,Onmessage (R-Let's Get to Work),2016-06-26,2016-06-28,Likely Voters,800,Live Phone,Sponsor,Rep,McMullin,NA
Florida,24797,SurveyUSA/Bay News 9/News 13,2016-06-25,2016-06-27,Likely Voters,1678,IVR/Online,Nonpartisan,NA,Trump,42
Florida,24797,SurveyUSA/Bay News 9/News 13,2016-06-25,2016-06-27,Likely Voters,1678,IVR/Online,Nonpartisan,NA,Clinton,46
Florida,24797,SurveyUSA/Bay News 9/News 13,2016-06-25,2016-06-27,Likely Voters,1678,IVR/Online,Nonpartisan,NA,Other,5
Florida,24797,SurveyUSA/Bay News 9/News 13,2016-06-25,2016-06-27,Likely Voters,1678,IVR/Online,Nonpartisan,NA,Undecided,5
Florida,24797,SurveyUSA/Bay News 9/News 13,2016-06-25,2016-06-27,Likely Voters,1678,IVR/Online,Nonpartisan,NA,Johnson,2
Florida,24797,SurveyUSA/Bay News 9/News 13,2016-06-25,2016-06-27,Likely Voters,1678,IVR/Online,Nonpartisan,NA,McMullin,NA
Florida,24766,CBS/YouGov,2016-06-21,2016-06-24,Likely Voters,1192,Internet,Nonpartisan,NA,Trump,41
Florida,24766,CBS/YouGov,2016-06-21,2016-06-24,Likely Voters,1192,Internet,Nonpartisan,NA,Clinton,44
Florida,24766,CBS/YouGov,2016-06-21,2016-06-24,Likely Voters,1192,Internet,Nonpartisan,NA,Other,8
Florida,24766,CBS/YouGov,2016-06-21,2016-06-24,Likely Voters,1192,Internet,Nonpartisan,NA,Undecided,7
Florida,24766,CBS/YouGov,2016-06-21,2016-06-24,Likely Voters,1192,Internet,Nonpartisan,NA,Johnson,NA
Florida,24766,CBS/YouGov,2016-06-21,2016-06-24,Likely Voters,1192,Internet,Nonpartisan,NA,McMullin,NA
Florida,24842,GQR (D-Democracy Corps/Women's Voices Women Vote),2016-06-11,2016-06-20,Likely Voters,300,Live Phone,Sponsor,Dem,Trump,39
Florida,24842,GQR (D-Democracy Corps/Women's Voices Women Vote),2016-06-11,2016-06-20,Likely Voters,300,Live Phone,Sponsor,Dem,Clinton,52
Florida,24842,GQR (D-Democracy Corps/Women's Voices Women Vote),2016-06-11,2016-06-20,Likely Voters,300,Live Phone,Sponsor,Dem,Other,6
Florida,24842,GQR (D-Democracy Corps/Women's Voices Women Vote),2016-06-11,2016-06-20,Likely Voters,300,Live Phone,Sponsor,Dem,Undecided,3
Florida,24842,GQR (D-Democracy Corps/Women's Voices Women Vote),2016-06-11,2016-06-20,Likely Voters,300,Live Phone,Sponsor,Dem,Johnson,NA
Florida,24842,GQR (D-Democracy Corps/Women's Voices Women Vote),2016-06-11,2016-06-20,Likely Voters,300,Live Phone,Sponsor,Dem,McMullin,NA
Florida,24720,Quinnipiac,2016-06-08,2016-06-19,Registered Voters,975,Live Phone,Nonpartisan,NA,Trump,39
Florida,24720,Quinnipiac,2016-06-08,2016-06-19,Registered Voters,975,Live Phone,Nonpartisan,NA,Clinton,47
Florida,24720,Quinnipiac,2016-06-08,2016-06-19,Registered Voters,975,Live Phone,Nonpartisan,NA,Other,2
Florida,24720,Quinnipiac,2016-06-08,2016-06-19,Registered Voters,975,Live Phone,Nonpartisan,NA,Undecided,12
Florida,24720,Quinnipiac,2016-06-08,2016-06-19,Registered Voters,975,Live Phone,Nonpartisan,NA,Johnson,NA
Florida,24720,Quinnipiac,2016-06-08,2016-06-19,Registered Voters,975,Live Phone,Nonpartisan,NA,McMullin,NA
Florida,24635,PPP (D),2016-06-02,2016-06-05,Likely Voters,737,IVR/Online,Pollster,Dem,Trump,41
Florida,24635,PPP (D),2016-06-02,2016-06-05,Likely Voters,737,IVR/Online,Pollster,Dem,Clinton,40
Florida,24635,PPP (D),2016-06-02,2016-06-05,Likely Voters,737,IVR/Online,Pollster,Dem,Other,2
Florida,24635,PPP (D),2016-06-02,2016-06-05,Likely Voters,737,IVR/Online,Pollster,Dem,Undecided,13
Florida,24635,PPP (D),2016-06-02,2016-06-05,Likely Voters,737,IVR/Online,Pollster,Dem,Johnson,4
Florida,24635,PPP (D),2016-06-02,2016-06-05,Likely Voters,737,IVR/Online,Pollster,Dem,McMullin,NA
Florida,24606,Mason-Dixon,2016-05-31,2016-06-02,Registered Voters,625,Live Phone,Nonpartisan,NA,Trump,42
Florida,24606,Mason-Dixon,2016-05-31,2016-06-02,Registered Voters,625,Live Phone,Nonpartisan,NA,Clinton,45
Florida,24606,Mason-Dixon,2016-05-31,2016-06-02,Registered Voters,625,Live Phone,Nonpartisan,NA,Other,NA
Florida,24606,Mason-Dixon,2016-05-31,2016-06-02,Registered Voters,625,Live Phone,Nonpartisan,NA,Undecided,7
Florida,24606,Mason-Dixon,2016-05-31,2016-06-02,Registered Voters,625,Live Phone,Nonpartisan,NA,Johnson,6
Florida,24606,Mason-Dixon,2016-05-31,2016-06-02,Registered Voters,625,Live Phone,Nonpartisan,NA,McMullin,NA
Florida,24529,CBS/YouGov,2016-05-16,2016-05-19,Likely Voters,995,Internet,Nonpartisan,NA,Trump,42
Florida,24529,CBS/YouGov,2016-05-16,2016-05-19,Likely Voters,995,Internet,Nonpartisan,NA,Clinton,43
Florida,24529,CBS/YouGov,2016-05-16,2016-05-19,Likely Voters,995,Internet,Nonpartisan,NA,Other,NA
Florida,24529,CBS/YouGov,2016-05-16,2016-05-19,Likely Voters,995,Internet,Nonpartisan,NA,Undecided,15
Florida,24529,CBS/YouGov,2016-05-16,2016-05-19,Likely Voters,995,Internet,Nonpartisan,NA,Johnson,NA
Florida,24529,CBS/YouGov,2016-05-16,2016-05-19,Likely Voters,995,Internet,Nonpartisan,NA,McMullin,NA
Florida,24554,Gravis Marketing,2016-05-17,2016-05-18,Registered Voters,2542,Automated Phone,Nonpartisan,NA,Trump,42
Florida,24554,Gravis Marketing,2016-05-17,2016-05-18,Registered Voters,2542,Automated Phone,Nonpartisan,NA,Clinton,46
Florida,24554,Gravis Marketing,2016-05-17,2016-05-18,Registered Voters,2542,Automated Phone,Nonpartisan,NA,Other,NA
Florida,24554,Gravis Marketing,2016-05-17,2016-05-18,Registered Voters,2542,Automated Phone,Nonpartisan,NA,Undecided,12
Florida,24554,Gravis Marketing,2016-05-17,2016-05-18,Registered Voters,2542,Automated Phone,Nonpartisan,NA,Johnson,NA
Florida,24554,Gravis Marketing,2016-05-17,2016-05-18,Registered Voters,2542,Automated Phone,Nonpartisan,NA,McMullin,NA
Florida,24463,Quinnipiac,2016-04-27,2016-05-08,Registered Voters,1051,Live Phone,Nonpartisan,NA,Trump,42
Florida,24463,Quinnipiac,2016-04-27,2016-05-08,Registered Voters,1051,Live Phone,Nonpartisan,NA,Clinton,43
Florida,24463,Quinnipiac,2016-04-27,2016-05-08,Registered Voters,1051,Live Phone,Nonpartisan,NA,Other,2
Florida,24463,Quinnipiac,2016-04-27,2016-05-08,Registered Voters,1051,Live Phone,Nonpartisan,NA,Undecided,13
Florida,24463,Quinnipiac,2016-04-27,2016-05-08,Registered Voters,1051,Live Phone,Nonpartisan,NA,Johnson,NA
Florida,24463,Quinnipiac,2016-04-27,2016-05-08,Registered Voters,1051,Live Phone,Nonpartisan,NA,McMullin,NA
Florida,24418,Associated Industries of Florida (R),2016-04-25,2016-04-27,Likely Voters,604,Live Phone,Pollster,Rep,Trump,36
Florida,24418,Associated Industries of Florida (R),2016-04-25,2016-04-27,Likely Voters,604,Live Phone,Pollster,Rep,Clinton,49
Florida,24418,Associated Industries of Florida (R),2016-04-25,2016-04-27,Likely Voters,604,Live Phone,Pollster,Rep,Other,NA
Florida,24418,Associated Industries of Florida (R),2016-04-25,2016-04-27,Likely Voters,604,Live Phone,Pollster,Rep,Undecided,15
Florida,24418,Associated Industries of Florida (R),2016-04-25,2016-04-27,Likely Voters,604,Live Phone,Pollster,Rep,Johnson,NA
Florida,24418,Associated Industries of Florida (R),2016-04-25,2016-04-27,Likely Voters,604,Live Phone,Pollster,Rep,McMullin,NA
Florida,24057,NBC/WSJ/Marist,2016-03-04,2016-03-10,Registered Voters,2422,Live Phone,Nonpartisan,NA,Trump,41
Florida,24057,NBC/WSJ/Marist,2016-03-04,2016-03-10,Registered Voters,2422,Live Phone,Nonpartisan,NA,Clinton,49
Florida,24057,NBC/WSJ/Marist,2016-03-04,2016-03-10,Registered Voters,2422,Live Phone,Nonpartisan,NA,Other,NA
Florida,24057,NBC/WSJ/Marist,2016-03-04,2016-03-10,Registered Voters,2422,Live Phone,Nonpartisan,NA,Undecided,9
Florida,24057,NBC/WSJ/Marist,2016-03-04,2016-03-10,Registered Voters,2422,Live Phone,Nonpartisan,NA,Johnson,NA
Florida,24057,NBC/WSJ/Marist,2016-03-04,2016-03-10,Registered Voters,2422,Live Phone,Nonpartisan,NA,McMullin,NA
Florida,24010,SurveyUSA/Bay News 9/News 13,2016-03-04,2016-03-06,Likely Voters,1961,IVR/Online,Nonpartisan,NA,Trump,45
Florida,24010,SurveyUSA/Bay News 9/News 13,2016-03-04,2016-03-06,Likely Voters,1961,IVR/Online,Nonpartisan,NA,Clinton,44
Florida,24010,SurveyUSA/Bay News 9/News 13,2016-03-04,2016-03-06,Likely Voters,1961,IVR/Online,Nonpartisan,NA,Other,NA
Florida,24010,SurveyUSA/Bay News 9/News 13,2016-03-04,2016-03-06,Likely Voters,1961,IVR/Online,Nonpartisan,NA,Undecided,12
Florida,24010,SurveyUSA/Bay News 9/News 13,2016-03-04,2016-03-06,Likely Voters,1961,IVR/Online,Nonpartisan,NA,Johnson,NA
Florida,24010,SurveyUSA/Bay News 9/News 13,2016-03-04,2016-03-06,Likely Voters,1961,IVR/Online,Nonpartisan,NA,McMullin,NA
Florida,24021,CNN,2016-03-02,2016-03-06,Registered Voters,854,Live Phone,Nonpartisan,NA,Trump,43
Florida,24021,CNN,2016-03-02,2016-03-06,Registered Voters,854,Live Phone,Nonpartisan,NA,Clinton,50
Florida,24021,CNN,2016-03-02,2016-03-06,Registered Voters,854,Live Phone,Nonpartisan,NA,Other,7
Florida,24021,CNN,2016-03-02,2016-03-06,Registered Voters,854,Live Phone,Nonpartisan,NA,Undecided,1
Florida,24021,CNN,2016-03-02,2016-03-06,Registered Voters,854,Live Phone,Nonpartisan,NA,Johnson,NA
Florida,24021,CNN,2016-03-02,2016-03-06,Registered Voters,854,Live Phone,Nonpartisan,NA,McMullin,NA
Florida,23886,PPP (D),2016-02-24,2016-02-25,Likely Voters,1012,IVR/Online,Pollster,Dem,Trump,46
Florida,23886,PPP (D),2016-02-24,2016-02-25,Likely Voters,1012,IVR/Online,Pollster,Dem,Clinton,44
Florida,23886,PPP (D),2016-02-24,2016-02-25,Likely Voters,1012,IVR/Online,Pollster,Dem,Other,NA
Florida,23886,PPP (D),2016-02-24,2016-02-25,Likely Voters,1012,IVR/Online,Pollster,Dem,Undecided,10
Florida,23886,PPP (D),2016-02-24,2016-02-25,Likely Voters,1012,IVR/Online,Pollster,Dem,Johnson,NA
Florida,23886,PPP (D),2016-02-24,2016-02-25,Likely Voters,1012,IVR/Online,Pollster,Dem,McMullin,NA
Florida,23730,Florida Southern College Center,2016-01-30,2016-02-06,Registered Voters,608,Live Phone,Nonpartisan,NA,Trump,38
Florida,23730,Florida Southern College Center,2016-01-30,2016-02-06,Registered Voters,608,Live Phone,Nonpartisan,NA,Clinton,45
Florida,23730,Florida Southern College Center,2016-01-30,2016-02-06,Registered Voters,608,Live Phone,Nonpartisan,NA,Other,3
Florida,23730,Florida Southern College Center,2016-01-30,2016-02-06,Registered Voters,608,Live Phone,Nonpartisan,NA,Undecided,14.5
Florida,23730,Florida Southern College Center,2016-01-30,2016-02-06,Registered Voters,608,Live Phone,Nonpartisan,NA,Johnson,NA
Florida,23730,Florida Southern College Center,2016-01-30,2016-02-06,Registered Voters,608,Live Phone,Nonpartisan,NA,McMullin,NA
Florida,23532,Florida Atlantic University,2016-01-15,2016-01-18,Registered Voters,1008,Automated Phone,Nonpartisan,NA,Trump,47
Florida,23532,Florida Atlantic University,2016-01-15,2016-01-18,Registered Voters,1008,Automated Phone,Nonpartisan,NA,Clinton,44
Florida,23532,Florida Atlantic University,2016-01-15,2016-01-18,Registered Voters,1008,Automated Phone,Nonpartisan,NA,Other,NA
Florida,23532,Florida Atlantic University,2016-01-15,2016-01-18,Registered Voters,1008,Automated Phone,Nonpartisan,NA,Undecided,9
Florida,23532,Florida Atlantic University,2016-01-15,2016-01-18,Registered Voters,1008,Automated Phone,Nonpartisan,NA,Johnson,NA
Florida,23532,Florida Atlantic University,2016-01-15,2016-01-18,Registered Voters,1008,Automated Phone,Nonpartisan,NA,McMullin,NA
Florida,23292,Saint Leo University,2015-11-29,2015-12-03,Likely Voters,404,Internet,Nonpartisan,NA,Trump,41
Florida,23292,Saint Leo University,2015-11-29,2015-12-03,Likely Voters,404,Internet,Nonpartisan,NA,Clinton,49
Florida,23292,Saint Leo University,2015-11-29,2015-12-03,Likely Voters,404,Internet,Nonpartisan,NA,Other,NA
Florida,23292,Saint Leo University,2015-11-29,2015-12-03,Likely Voters,404,Internet,Nonpartisan,NA,Undecided,NA
Florida,23292,Saint Leo University,2015-11-29,2015-12-03,Likely Voters,404,Internet,Nonpartisan,NA,Johnson,NA
Florida,23292,Saint Leo University,2015-11-29,2015-12-03,Likely Voters,404,Internet,Nonpartisan,NA,McMullin,NA
Florida,23188,Florida Atlantic University,2015-11-15,2015-11-16,Registered Voters,829,Automated Phone,Nonpartisan,NA,Trump,49
Florida,23188,Florida Atlantic University,2015-11-15,2015-11-16,Registered Voters,829,Automated Phone,Nonpartisan,NA,Clinton,41
Florida,23188,Florida Atlantic University,2015-11-15,2015-11-16,Registered Voters,829,Automated Phone,Nonpartisan,NA,Other,NA
Florida,23188,Florida Atlantic University,2015-11-15,2015-11-16,Registered Voters,829,Automated Phone,Nonpartisan,NA,Undecided,10
Florida,23188,Florida Atlantic University,2015-11-15,2015-11-16,Registered Voters,829,Automated Phone,Nonpartisan,NA,Johnson,NA
Florida,23188,Florida Atlantic University,2015-11-15,2015-11-16,Registered Voters,829,Automated Phone,Nonpartisan,NA,McMullin,NA
Florida,23054,SurveyUSA/Bay News 9/News 13,2015-10-28,2015-11-01,Likely Voters,2400,IVR/Online,Nonpartisan,NA,Trump,47
Florida,23054,SurveyUSA/Bay News 9/News 13,2015-10-28,2015-11-01,Likely Voters,2400,IVR/Online,Nonpartisan,NA,Clinton,43
Florida,23054,SurveyUSA/Bay News 9/News 13,2015-10-28,2015-11-01,Likely Voters,2400,IVR/Online,Nonpartisan,NA,Other,NA
Florida,23054,SurveyUSA/Bay News 9/News 13,2015-10-28,2015-11-01,Likely Voters,2400,IVR/Online,Nonpartisan,NA,Undecided,9
Florida,23054,SurveyUSA/Bay News 9/News 13,2015-10-28,2015-11-01,Likely Voters,2400,IVR/Online,Nonpartisan,NA,Johnson,NA
Florida,23054,SurveyUSA/Bay News 9/News 13,2015-10-28,2015-11-01,Likely Voters,2400,IVR/Online,Nonpartisan,NA,McMullin,NA
Florida,22860,Quinnipiac,2015-09-25,2015-10-05,Registered Voters,1173,Live Phone,Nonpartisan,NA,Trump,41
Florida,22860,Quinnipiac,2015-09-25,2015-10-05,Registered Voters,1173,Live Phone,Nonpartisan,NA,Clinton,46
Florida,22860,Quinnipiac,2015-09-25,2015-10-05,Registered Voters,1173,Live Phone,Nonpartisan,NA,Other,3
Florida,22860,Quinnipiac,2015-09-25,2015-10-05,Registered Voters,1173,Live Phone,Nonpartisan,NA,Undecided,10
Florida,22860,Quinnipiac,2015-09-25,2015-10-05,Registered Voters,1173,Live Phone,Nonpartisan,NA,Johnson,NA
Florida,22860,Quinnipiac,2015-09-25,2015-10-05,Registered Voters,1173,Live Phone,Nonpartisan,NA,McMullin,NA
Florida,23190,Florida Atlantic University,2015-09-17,2015-09-20,Registered Voters,801,Automated Phone,Nonpartisan,NA,Trump,46
Florida,23190,Florida Atlantic University,2015-09-17,2015-09-20,Registered Voters,801,Automated Phone,Nonpartisan,NA,Clinton,45
Florida,23190,Florida Atlantic University,2015-09-17,2015-09-20,Registered Voters,801,Automated Phone,Nonpartisan,NA,Other,NA
Florida,23190,Florida Atlantic University,2015-09-17,2015-09-20,Registered Voters,801,Automated Phone,Nonpartisan,NA,Undecided,10
Florida,23190,Florida Atlantic University,2015-09-17,2015-09-20,Registered Voters,801,Automated Phone,Nonpartisan,NA,Johnson,NA
Florida,23190,Florida Atlantic University,2015-09-17,2015-09-20,Registered Voters,801,Automated Phone,Nonpartisan,NA,McMullin,NA
Florida,22910,Cherry (R-Florida Chamber of Commerce),2015-09-16,2015-09-20,Likely Voters,605,Live Phone,Pollster,Rep,Trump,41
Florida,22910,Cherry (R-Florida Chamber of Commerce),2015-09-16,2015-09-20,Likely Voters,605,Live Phone,Pollster,Rep,Clinton,42
Florida,22910,Cherry (R-Florida Chamber of Commerce),2015-09-16,2015-09-20,Likely Voters,605,Live Phone,Pollster,Rep,Other,NA
Florida,22910,Cherry (R-Florida Chamber of Commerce),2015-09-16,2015-09-20,Likely Voters,605,Live Phone,Pollster,Rep,Undecided,NA
Florida,22910,Cherry (R-Florida Chamber of Commerce),2015-09-16,2015-09-20,Likely Voters,605,Live Phone,Pollster,Rep,Johnson,NA
Florida,22910,Cherry (R-Florida Chamber of Commerce),2015-09-16,2015-09-20,Likely Voters,605,Live Phone,Pollster,Rep,McMullin,NA
Florida,22737,PPP (D),2015-09-11,2015-09-13,Likely Voters,814,IVR/Online,Pollster,Dem,Trump,48
Florida,22737,PPP (D),2015-09-11,2015-09-13,Likely Voters,814,IVR/Online,Pollster,Dem,Clinton,42
Florida,22737,PPP (D),2015-09-11,2015-09-13,Likely Voters,814,IVR/Online,Pollster,Dem,Other,NA
Florida,22737,PPP (D),2015-09-11,2015-09-13,Likely Voters,814,IVR/Online,Pollster,Dem,Undecided,9
Florida,22737,PPP (D),2015-09-11,2015-09-13,Likely Voters,814,IVR/Online,Pollster,Dem,Johnson,NA
Florida,22737,PPP (D),2015-09-11,2015-09-13,Likely Voters,814,IVR/Online,Pollster,Dem,McMullin,NA
Florida,22582,Quinnipiac,2015-08-07,2015-08-18,Registered Voters,1093,Live Phone,Nonpartisan,NA,Trump,43
Florida,22582,Quinnipiac,2015-08-07,2015-08-18,Registered Voters,1093,Live Phone,Nonpartisan,NA,Clinton,41
Florida,22582,Quinnipiac,2015-08-07,2015-08-18,Registered Voters,1093,Live Phone,Nonpartisan,NA,Other,3
Florida,22582,Quinnipiac,2015-08-07,2015-08-18,Registered Voters,1093,Live Phone,Nonpartisan,NA,Undecided,13
Florida,22582,Quinnipiac,2015-08-07,2015-08-18,Registered Voters,1093,Live Phone,Nonpartisan,NA,Johnson,NA
Florida,22582,Quinnipiac,2015-08-07,2015-08-18,Registered Voters,1093,Live Phone,Nonpartisan,NA,McMullin,NA
